site,region,waterbody_type,date,year,month,sensor,n_granules,n_tiles,n_datatakes,water_km2,water_km2_m01,water_km2_p01,valid_km2,total_km2_ls30,valid_frac
Alghadir Saveh,Central plateau,reservoir,2025-09-01,2025,9,Sentinel-2C,1,1,1,1.4606887442626952,1.585052266768871,1.3899952006225589,7.856598587295734,9.260891387207032,0.8484743494345375
Alghadir Saveh,Central plateau,reservoir,2025-09-03,2025,9,Sentinel-2B,1,1,1,1.7537096102571377,1.9490832662833424,1.6672241914672852,9.259349892943876,9.260891387207032,0.9999646525541124
Alghadir Saveh,Central plateau,reservoir,2025-09-06,2025,9,Sentinel-2B,1,1,1,1.7400419370380478,1.914549338313204,1.6711508935546877,9.22146499398076,9.260891387207032,0.9958732681408752
Alghadir Saveh,Central plateau,reservoir,2025-09-08,2025,9,Sentinel-2C,1,1,1,1.6698421997070312,1.85009607734016,1.5847472135009766,9.256159218193403,9.260891387207032,0.9996200752344132
Alghadir Saveh,Central plateau,reservoir,2025-09-13,2025,9,Sentinel-2A+Sentinel-2B,2,1,2,1.6980700491227694,1.9730540175598144,1.6060209846496585,9.259104765648235,9.260891387207032,0.9999381800010878
Alghadir Saveh,Central plateau,reservoir,2025-09-16,2025,9,Sentinel-2B,1,1,1,1.5942378847351075,1.8559881893748569,1.1140982456665038,9.14277266345576,9.260891387207032,0.9873748800399924
Alghadir Saveh,Central plateau,reservoir,2025-09-18,2025,9,Sentinel-2C,1,1,1,1.6771232495558794,1.9048156912730496,1.596529362487793,9.24494896063187,9.260891387207032,0.9984094220636
Alghadir Saveh,Central plateau,reservoir,2025-09-20,2025,9,Sentinel-2A,1,1,1,1.6417759360182815,1.9802639125590007,1.5418720997924804,9.20272712356522,9.260891387207032,0.9938496694761398
Alghadir Saveh,Central plateau,reservoir,2025-09-21,2025,9,Sentinel-2C,1,1,1,1.5086516746894387,1.6911060379492668,1.4564494884643555,8.911458052550215,9.260891387207032,0.962394029634812
Alghadir Saveh,Central plateau,reservoir,2025-09-23,2025,9,Sentinel-2B,1,1,1,1.636949297858384,1.8703762463082108,1.5428539141540527,9.253050496957838,9.260891387207032,0.9992843484948308
Alghadir Saveh,Central plateau,reservoir,2025-09-26,2025,9,Sentinel-2B,1,1,1,1.648973166262997,1.8871248989993827,1.568054545501709,8.941732553287663,9.260891387207032,0.9656635281375356
Alghadir Saveh,Central plateau,reservoir,2025-09-28,2025,9,Sentinel-2C,1,1,1,1.6394854669325885,1.8878786690045528,1.546781382293701,9.242331057189489,9.260891387207032,0.9981267012531272
Alghadir Saveh,Central plateau,reservoir,2025-10-01,2025,10,Sentinel-2C,1,1,1,1.432707396574372,1.6125230807915183,1.3657792070617676,7.984482713290367,9.260891387207032,0.86228521165445
Alghadir Saveh,Central plateau,reservoir,2025-10-03,2025,10,Sentinel-2A+Sentinel-2B,2,1,2,1.622548136908677,1.8917943082919253,1.5192887687072754,9.258368006011503,9.260891387207032,0.9998586135517497
Alghadir Saveh,Central plateau,reservoir,2025-10-06,2025,10,Sentinel-2B,1,1,1,1.664678538471895,1.9166503975090476,1.5529995134277343,9.216242337875808,9.260891387207032,0.9953092467400448
Alghadir Saveh,Central plateau,reservoir,2025-10-08,2025,10,Sentinel-2C,1,1,1,1.5916886195223938,1.7957181338438746,1.4921227667541503,9.095376075896764,9.260891387207032,0.9822562796243413
Alghadir Saveh,Central plateau,reservoir,2025-10-10,2025,10,Sentinel-2A,1,1,1,1.673343704581706,1.9241008276186475,1.5457990352172852,9.249531066710972,9.260891387207032,0.9989042671840817
Alghadir Saveh,Central plateau,reservoir,2025-10-11,2025,10,Sentinel-2C,1,1,1,1.631953694942938,1.902252257222733,1.545143292907715,8.855404885033483,9.260891387207032,0.9563405607813305
Alghadir Saveh,Central plateau,reservoir,2025-10-13,2025,10,Sentinel-2B,1,1,1,1.6271302865446202,1.8929277957962336,1.5349992131652832,9.258287185434398,9.260891387207032,0.9998498853233924
Alghadir Saveh,Central plateau,reservoir,2025-10-16,2025,10,Sentinel-2B,1,1,1,1.7150543454093186,1.9568872227433745,1.594063978164015,8.927004282467852,9.260891387207032,0.9640729466838334
Alghadir Saveh,Central plateau,reservoir,2025-10-18,2025,10,Sentinel-2C,1,1,1,1.5301698013136915,1.7742319181516164,1.432229155456543,9.169671297576452,9.260891387207032,0.9902798014041992
Alghadir Saveh,Central plateau,reservoir,2025-10-21,2025,10,Sentinel-2C,1,1,1,1.598816611883904,1.8010595558681115,1.5241972621154785,8.939524501883733,9.260891387207032,0.9654250693493396
Alghadir Saveh,Central plateau,reservoir,2025-10-23,2025,10,Sentinel-2A+Sentinel-2B,2,1,2,1.6658967554707846,2.008347769825296,1.5276346277228858,9.2596771988826,9.260891387207032,1.0
Alghadir Saveh,Central plateau,reservoir,2025-10-26,2025,10,Sentinel-2B,1,1,1,1.6368505270763922,1.910499494124828,1.5063604826728372,8.836506400068117,9.260891387207032,0.95429961652815
Alghadir Saveh,Central plateau,reservoir,2025-10-28,2025,10,Sentinel-2C,1,1,1,1.5802398237064137,1.9123078887449976,1.4778864023560767,9.256731517028353,9.260891387207032,0.9996818807188436
Alghadir Saveh,Central plateau,reservoir,2025-10-30,2025,10,Sentinel-2A,1,1,1,1.6773393433226342,1.9772478538620888,1.4829605602416993,9.257058749206085,9.260891387207032,0.9997172201989036
Alghadir Saveh,Central plateau,reservoir,2025-10-31,2025,10,Sentinel-2C,1,1,1,1.3555211963481828,1.6202464288310927,1.1914930847901588,7.756614103986813,9.260891387207032,0.8376765126243098
Alghadir Saveh,Central plateau,reservoir,2025-11-02,2025,11,Sentinel-2B,1,1,1,1.7202082505381864,2.009958831814396,1.5653466315940707,9.217783561828158,9.260891387207032,0.9954756914140056
Alghadir Saveh,Central plateau,reservoir,2025-11-05,2025,11,Sentinel-2B,1,1,1,0.7615401391595579,1.0465727486326928,0.6906005202026367,5.519054437845388,9.260891387207032,0.5960309759514504
Alghadir Saveh,Central plateau,reservoir,2025-11-07,2025,11,Sentinel-2C,1,1,1,1.5375293471629423,1.8976465172351316,1.4206104824647194,9.214265599632617,9.260891387207032,0.9950957686456432
Alghadir Saveh,Central plateau,reservoir,2025-11-09,2025,11,Sentinel-2A,1,1,1,1.7686135874825273,2.10974891342929,1.6124467104718376,9.256404243407744,9.260891387207032,0.9996465367631552
Alghadir Saveh,Central plateau,reservoir,2025-11-10,2025,11,Sentinel-2C,1,1,1,1.568377861579446,1.8585354200419104,1.389646872810274,7.935474361561395,9.260891387207032,0.8569925485651918
Alghadir Saveh,Central plateau,reservoir,2025-11-12,2025,11,Sentinel-2A+Sentinel-2B,2,1,2,1.699418847544831,2.373318319612271,1.4619265058594946,9.258122907585491,9.260891387207032,0.999832144116504
Alghadir Saveh,Central plateau,reservoir,2025-11-15,2025,11,Sentinel-2B,1,1,1,0.0,0.0,0.0,0.0,9.260891387207032,0.0
Alghadir Saveh,Central plateau,reservoir,2025-11-17,2025,11,Sentinel-2C,1,1,1,0.096956136793907,0.2015193691282982,0.0535925799933938,4.270715689899284,9.260891387207032,0.4612164763599585
Alghadir Saveh,Central plateau,reservoir,2025-11-19,2025,11,Sentinel-2A,1,1,1,1.7913507773976045,2.2164109615429446,1.617187618277995,9.21254700259354,9.260891387207032,0.9949101685429436
Alghadir Saveh,Central plateau,reservoir,2025-11-20,2025,11,Sentinel-2C,1,1,1,1.5720423046456131,1.8544999158420932,1.3920908926097195,7.824197102165215,9.260891387207032,0.8449751469856196
Alghadir Saveh,Central plateau,reservoir,2025-11-22,2025,11,Sentinel-2B,1,1,1,1.8044209579218844,2.1312246444261733,1.659878873376824,9.065312768574454,9.260891387207032,0.9790095889809636
Alghadir Saveh,Central plateau,reservoir,2025-11-25,2025,11,Sentinel-2B,1,1,1,1.8272174706918751,2.1590870795846966,1.697894038072414,8.946010175630237,9.260891387207032,0.966125490498717
Alghadir Saveh,Central plateau,reservoir,2025-11-27,2025,11,Sentinel-2C,1,1,1,0.5587101623203652,0.8991891282961373,0.380794199549776,2.329333898377543,9.260891387207032,0.251556706389142
Alghadir Saveh,Central plateau,reservoir,2025-11-30,2025,11,Sentinel-2C,1,1,1,1.4815479529110174,1.8364125359047083,1.3107449008982934,7.324938664846046,9.260891387207032,0.7910576694541765
Alghadir Saveh,Central plateau,reservoir,2025-12-02,2025,12,Sentinel-2A+Sentinel-2B,2,1,2,0.0,0.0,0.0,0.0,9.260891387207032,0.0
Alghadir Saveh,Central plateau,reservoir,2025-12-05,2025,12,Sentinel-2B,1,1,1,1.744994030330643,2.4448008462983983,0.9943163501916024,3.7513518574363607,9.260891387207032,0.4051277141593068
Alghadir Saveh,Central plateau,reservoir,2025-12-07,2025,12,Sentinel-2C,1,1,1,0.0,0.0,0.0,0.0,9.260891387207032,0.0
Alghadir Saveh,Central plateau,reservoir,2025-12-09,2025,12,Sentinel-2A,1,1,1,0.0,0.0,0.0,0.0,9.260891387207032,0.0
Alghadir Saveh,Central plateau,reservoir,2025-12-10,2025,12,Sentinel-2C,1,1,1,0.0106324414346133,0.0106324414346133,0.0106324414346133,0.0106324414346133,9.260891387207032,0.0011482518457443
Alghadir Saveh,Central plateau,reservoir,2025-12-12,2025,12,Sentinel-2B,1,1,1,0.0,0.0,0.0,0.0,9.260891387207032,0.0
Alghadir Saveh,Central plateau,reservoir,2025-12-15,2025,12,Sentinel-2B,1,1,1,0.0,0.0,0.0,0.0,9.260891387207032,0.0
Alghadir Saveh,Central plateau,reservoir,2025-12-17,2025,12,Sentinel-2C,1,1,1,0.0,0.0,0.0,0.0,9.260891387207032,0.0
Alghadir Saveh,Central plateau,reservoir,2025-12-20,2025,12,Sentinel-2C,1,1,1,1.7937677636206526,2.132040079728309,1.636705657406556,7.66709995366692,9.260891387207032,0.8280094207379215
Alghadir Saveh,Central plateau,reservoir,2025-12-22,2025,12,Sentinel-2A+Sentinel-2B,2,1,2,0.0,0.0,0.0,0.0,9.260891387207032,0.0
Alghadir Saveh,Central plateau,reservoir,2025-12-25,2025,12,Sentinel-2B,1,1,1,2.176296951960065,2.5382145992925893,1.9869988419142772,8.909000592145395,9.260891387207032,0.9621286358902964
Alghadir Saveh,Central plateau,reservoir,2025-12-27,2025,12,Sentinel-2C,1,1,1,0.5853799969010895,0.7449272984407311,0.5469222528381348,2.1016493147849897,9.260891387207032,0.226967881238733
Alghadir Saveh,Central plateau,reservoir,2025-12-29,2025,12,Sentinel-2A,1,1,1,2.023090390501972,2.4331921454474945,1.8218614641453164,9.258040728942412,9.260891387207032,0.9998232692236416
Alghadir Saveh,Central plateau,reservoir,2025-12-30,2025,12,Sentinel-2C,1,1,1,2.34452135481304,3.197730988045968,1.7625617460175154,6.702806110267801,9.260891387207032,0.7238703862243334
Amir Kabir,Central plateau,reservoir,2025-09-03,2025,9,Sentinel-2B,2,2,1,1.277536065263217,1.396890658408131,1.221809281284706,5.080294721160305,5.081598074951172,1.0
Amir Kabir,Central plateau,reservoir,2025-09-08,2025,9,Sentinel-2C,2,2,1,1.2171246816877777,1.297235189397954,1.1573609750073002,5.080294721160305,5.081598074951172,1.0
Amir Kabir,Central plateau,reservoir,2025-09-13,2025,9,Sentinel-2B,2,2,1,1.2032355294355803,1.3359058330902698,1.1486403226534976,5.080294721160305,5.081598074951172,1.0
Amir Kabir,Central plateau,reservoir,2025-09-18,2025,9,Sentinel-2C,2,2,1,1.1626157563099582,1.2588700114056757,1.1119774474548338,5.078356341094387,5.081598074951172,0.9996184512568052
Amir Kabir,Central plateau,reservoir,2025-09-20,2025,9,Sentinel-2A,2,2,1,1.1299068858277566,1.2483745364256615,1.0598042930939318,5.0780332383417015,5.081598074951172,0.9995548520425036
Amir Kabir,Central plateau,reservoir,2025-09-23,2025,9,Sentinel-2B,1,1,1,0.0308501359993728,0.1049772410645728,0.0113071402282714,0.4731158481310081,5.081598074951172,0.0931276380798143
Amir Kabir,Central plateau,reservoir,2025-09-28,2025,9,Sentinel-2C,2,2,1,1.0637649383663403,1.1655084087590235,1.022495425735294,5.080294721160305,5.081598074951172,1.0
Amir Kabir,Central plateau,reservoir,2025-10-03,2025,10,Sentinel-2B,2,2,1,1.0303298838894712,1.1189930855080998,0.9871215981740914,5.078356077483547,5.081598074951172,0.999618399367918
Amir Kabir,Central plateau,reservoir,2025-10-08,2025,10,Sentinel-2C,2,2,1,0.997862241406968,1.1235826792578605,0.954815240292538,5.078679188140285,5.081598074951172,0.9996820001380448
Amir Kabir,Central plateau,reservoir,2025-10-10,2025,10,Sentinel-2A,2,2,1,1.019986907497152,1.213767305811624,0.950296738833678,5.080294721160305,5.081598074951172,1.0
Amir Kabir,Central plateau,reservoir,2025-10-13,2025,10,Sentinel-2B,2,2,1,0.9951770410588284,1.2247099250971776,0.886728839590514,4.876347739892112,5.081598074951172,0.9598552854780809
Amir Kabir,Central plateau,reservoir,2025-10-18,2025,10,Sentinel-2C,2,2,1,0.8886691786842497,0.963282511519608,0.8569301789541207,5.080294721160305,5.081598074951172,1.0
Amir Kabir,Central plateau,reservoir,2025-10-23,2025,10,Sentinel-2B,2,2,1,0.8898001974049289,1.0225491202789905,0.8400522071640912,5.079648509246242,5.081598074951172,0.9998728003099168
Amir Kabir,Central plateau,reservoir,2025-10-28,2025,10,Sentinel-2C,2,2,1,0.8133166437902113,0.913196110290647,0.7712404909511192,5.079648509246242,5.081598074951172,0.9998728003099168
Amir Kabir,Central plateau,reservoir,2025-10-30,2025,10,Sentinel-2A,2,2,1,0.8484499051319795,1.138294672476016,0.7747990380009668,5.080294721160305,5.081598074951172,1.0
Amir Kabir,Central plateau,reservoir,2025-11-02,2025,11,Sentinel-2B,2,2,1,0.7706743227285349,0.8997107758366604,0.7138178778807397,5.079648616851222,5.081598074951172,0.9998728214907706
Amir Kabir,Central plateau,reservoir,2025-11-07,2025,11,Sentinel-2C,2,2,1,0.6982299008614334,0.816129678370457,0.6422603229025449,5.080294721160305,5.081598074951172,1.0
Amir Kabir,Central plateau,reservoir,2025-11-09,2025,11,Sentinel-2A,2,2,1,0.7855206286153158,1.0530331733001106,0.6781253271942737,5.080294721160305,5.081598074951172,1.0
Amir Kabir,Central plateau,reservoir,2025-11-12,2025,11,Sentinel-2B,2,2,1,0.000969307373046875,0.0067838856506347,0.00032310269165039063,0.1313402882413975,5.081598074951172,0.0258528875685779
Amir Kabir,Central plateau,reservoir,2025-11-17,2025,11,Sentinel-2C,2,2,1,0.1622471405768898,0.2581081679072361,0.1112887209877163,0.5467507531047751,5.081598074951172,0.1076218572177444
Amir Kabir,Central plateau,reservoir,2025-11-19,2025,11,Sentinel-2A,2,2,1,0.6935378552278407,0.8925833754454368,0.604703526057464,5.080294721160305,5.081598074951172,1.0
Amir Kabir,Central plateau,reservoir,2025-11-22,2025,11,Sentinel-2B,2,2,1,0.6044516126609651,0.7613507994354847,0.5472760556188246,5.080294721160305,5.081598074951172,1.0
Amir Kabir,Central plateau,reservoir,2025-11-27,2025,11,Sentinel-2C,2,2,1,0.4585901555427102,0.5288420378816492,0.4280628332519531,4.906692307035209,5.081598074951172,0.9658282789378316
Amir Kabir,Central plateau,reservoir,2025-12-02,2025,12,Sentinel-2B,2,2,1,0.0,0.0,0.0,0.0,5.081598074951172,0.0
Amir Kabir,Central plateau,reservoir,2025-12-07,2025,12,Sentinel-2C,2,2,1,0.5151297630471622,0.7732168262405694,0.4066606728989544,5.0570382456757335,5.081598074951172,0.9954222192291908
Amir Kabir,Central plateau,reservoir,2025-12-09,2025,12,Sentinel-2A,2,2,1,0.0,0.0,0.0,0.0,5.081598074951172,0.0
Amir Kabir,Central plateau,reservoir,2025-12-12,2025,12,Sentinel-2B,2,2,1,2.3804316131692307,2.8412870474277856,1.984454182710175,4.154941092935976,5.081598074951172,0.8178543413298305
Amir Kabir,Central plateau,reservoir,2025-12-17,2025,12,Sentinel-2C,2,2,1,1.7024660907550886,2.941936804589608,0.5763643031132717,4.356086113512237,5.081598074951172,0.8574475207842541
Amir Kabir,Central plateau,reservoir,2025-12-22,2025,12,Sentinel-2B,2,2,1,0.0147004845036525,0.0147004845036525,0.0147004845036525,0.0147004845036525,5.081598074951172,0.0028936282854658
Amir Kabir,Central plateau,reservoir,2025-12-27,2025,12,Sentinel-2C,2,2,1,0.0,0.0,0.0,0.0,5.081598074951172,0.0
Amir Kabir,Central plateau,reservoir,2025-12-29,2025,12,Sentinel-2A,2,2,1,2.110794739497164,2.42053052924996,1.8367323604519712,5.076500059799269,5.081598074951172,0.9992530627514128
Lar,Central plateau,reservoir,2025-09-03,2025,9,Sentinel-2B,1,1,1,2.3028843570251465,2.400208918762207,2.234334216217041,12.611246563721428,12.647370494472131,0.9972642026384918
Lar,Central plateau,reservoir,2025-09-08,2025,9,Sentinel-2C,1,1,1,2.112759711730957,2.1977986283569337,2.0558503926391603,12.63517303228832,12.647370494472131,0.9991562448308914
Lar,Central plateau,reservoir,2025-09-13,2025,9,Sentinel-2B,1,1,1,1.9271638448486328,2.019314974304199,1.868960914672852,12.636466588043936,12.647370494472131,0.999258535817169
Lar,Central plateau,reservoir,2025-09-18,2025,9,Sentinel-2C,1,1,1,1.733482819885254,1.818036290368772,1.6801305494995118,12.645358689692005,12.647370494472131,0.9999616998236004
Lar,Central plateau,reservoir,2025-09-20,2025,9,Sentinel-2A,1,1,1,1.6558816463317871,1.7591878633057838,1.608025921936035,12.639052591919668,12.647370494472131,0.9994630302008226
Lar,Central plateau,reservoir,2025-09-23,2025,9,Sentinel-2B,1,1,1,0.011962690460205,0.054473682371491,0.0022634122314453,1.2699481222360625,12.647370494472131,0.100424156733026
Lar,Central plateau,reservoir,2025-09-28,2025,9,Sentinel-2C,1,1,1,1.497443864074707,1.5742373523499733,1.4563783304748534,12.645843027710686,12.647370494472131,1.0
Lar,Central plateau,reservoir,2025-10-03,2025,10,Sentinel-2B,1,1,1,1.457672398681641,1.5284843280639648,1.4198400242919922,12.645843027710685,12.647370494472131,0.9999999999999996
Lar,Central plateau,reservoir,2025-10-08,2025,10,Sentinel-2C,1,1,1,1.4185479883117675,1.4911375102479223,1.3845959940490722,12.645196325196038,12.647370494472131,0.9999488604663817
Lar,Central plateau,reservoir,2025-10-10,2025,10,Sentinel-2A,1,1,1,1.3991468736877442,1.4811132010743384,1.3639013706054688,12.643579610382805,12.647370494472131,0.999821014911942
Lar,Central plateau,reservoir,2025-10-13,2025,10,Sentinel-2B,1,1,1,1.3729564562683103,1.4461930412842994,1.3354476900634766,12.645843027710685,12.647370494472131,0.9999999999999996
Lar,Central plateau,reservoir,2025-10-18,2025,10,Sentinel-2C,1,1,1,1.3179871601867676,1.3896065660340553,1.2869455234985352,12.645843027710686,12.647370494472131,1.0
Lar,Central plateau,reservoir,2025-10-23,2025,10,Sentinel-2B,1,1,1,1.2693231088502177,1.3478115872473624,1.2371501175231934,12.645843027710686,12.647370494472131,1.0
Lar,Central plateau,reservoir,2025-10-28,2025,10,Sentinel-2C,1,1,1,1.2348875709228515,1.3097391638689826,1.2048156504211425,12.645196332398186,12.647370494472131,0.9999488610359084
Lar,Central plateau,reservoir,2025-10-30,2025,10,Sentinel-2A,1,1,1,1.2074029485473632,1.3164451507695216,1.167953488067627,12.641316118164788,12.647370494472131,0.9996420239017692
Lar,Central plateau,reservoir,2025-11-02,2025,11,Sentinel-2B,1,1,1,1.1812118612365723,1.29276483475629,1.1320619109191894,12.642370740340176,12.647370494472131,0.99972542064907
Lar,Central plateau,reservoir,2025-11-07,2025,11,Sentinel-2C,1,1,1,1.1362656226196288,1.2198488253419166,1.0977861794433594,12.645843027710686,12.647370494472131,1.0
Lar,Central plateau,reservoir,2025-11-09,2025,11,Sentinel-2A,1,1,1,1.145074500391822,1.2662337176694385,1.0968950707077925,12.642609519531977,12.647370494472131,0.999744302679416
Lar,Central plateau,reservoir,2025-11-12,2025,11,Sentinel-2B,1,1,1,1.1149215904996983,1.3397588509507123,1.0369950106506347,11.208895785315905,12.647370494472131,0.8863699921590029
Lar,Central plateau,reservoir,2025-11-17,2025,11,Sentinel-2C,1,1,1,0.0743720237731933,0.1084062033881692,0.0436520411987304,0.121658825690535,12.647370494472131,0.0096204598953146
Lar,Central plateau,reservoir,2025-11-19,2025,11,Sentinel-2A,1,1,1,1.117096164978506,1.2577302275298472,1.0368341048319498,12.64293289849926,12.647370494472131,0.999769874637456
Lar,Central plateau,reservoir,2025-11-22,2025,11,Sentinel-2B,1,1,1,0.9881705200500488,1.1093366821980792,0.936432897125244,12.644872980774648,12.647370494472131,0.99992329124014
Lar,Central plateau,reservoir,2025-11-27,2025,11,Sentinel-2C,1,1,1,0.5268886191719803,1.2366575668926163,0.4717614238891601,6.712241182171407,12.647370494472131,0.5307863752114392
Lar,Central plateau,reservoir,2025-12-02,2025,12,Sentinel-2B,1,1,1,2.095672982493322,2.767718901998482,1.6009866300647213,9.737173867137493,12.647370494472131,0.7699900944366095
Lar,Central plateau,reservoir,2025-12-07,2025,12,Sentinel-2C,1,1,1,0.896544715245864,0.9711530148572736,0.8661545487229291,12.639544293843834,12.647370494472131,0.999501912695496
Lar,Central plateau,reservoir,2025-12-09,2025,12,Sentinel-2A,1,1,1,0.0,0.0,0.0,0.0,12.647370494472131,0.0
Lar,Central plateau,reservoir,2025-12-12,2025,12,Sentinel-2B,1,1,1,0.2473577841796875,0.2473577841796875,0.2473577841796875,0.2473577841796875,12.647370494472131,0.0195604028642183
Lar,Central plateau,reservoir,2025-12-17,2025,12,Sentinel-2C,1,1,1,0.0,0.0,0.0,0.0,12.647370494472131,0.0
Lar,Central plateau,reservoir,2025-12-22,2025,12,Sentinel-2B,1,1,1,0.0,0.0,0.0,0.0,12.647370494472131,0.0
Lar,Central plateau,reservoir,2025-12-27,2025,12,Sentinel-2C,1,1,1,0.114465420715332,0.114465420715332,0.114465420715332,0.114465420715332,12.647370494472131,0.0090516243531178
Lar,Central plateau,reservoir,2025-12-29,2025,12,Sentinel-2A,1,1,1,0.5631309099350872,0.5631309099350872,0.5623231558638029,0.5631309099350872,12.647370494472131,0.0445309109642674
Latyan,Central plateau,reservoir,2025-09-03,2025,9,Sentinel-2B,1,1,1,1.285638506463025,1.3862405105601592,1.2104493021747662,4.35798524415031,4.358842198974609,1.0
Latyan,Central plateau,reservoir,2025-09-08,2025,9,Sentinel-2C,1,1,1,1.2305238718609977,1.3150178939534505,1.1686871396381453,4.356366444864421,4.358842198974609,0.9996285441103636
Latyan,Central plateau,reservoir,2025-09-13,2025,9,Sentinel-2B,1,1,1,1.1949108811667049,1.2898464550383923,1.121744026601036,4.35798524415031,4.358842198974609,1.0
Latyan,Central plateau,reservoir,2025-09-18,2025,9,Sentinel-2C,1,1,1,1.1252244176991182,1.202114623814362,1.0663823892108992,4.357337733041911,4.358842198974609,0.9998514196189012
Latyan,Central plateau,reservoir,2025-09-20,2025,9,Sentinel-2A,1,1,1,1.1080651812184052,1.2195097802054613,1.0375681433612898,4.35571898053947,4.358842198974609,0.9994799744643738
Latyan,Central plateau,reservoir,2025-09-23,2025,9,Sentinel-2B,1,1,1,0.1289396851690554,0.1557294316421808,0.1087860308532714,1.2755294376158453,4.358842198974609,0.2926878743630393
Latyan,Central plateau,reservoir,2025-09-28,2025,9,Sentinel-2C,1,1,1,1.0216258269922591,1.0936539231452491,0.971766426052318,4.35798524415031,4.358842198974609,1.0
Latyan,Central plateau,reservoir,2025-10-03,2025,10,Sentinel-2B,1,1,1,0.9504801187746534,1.0272085909936044,0.900945896124866,4.340181082071692,4.358842198974609,0.9959145887190608
Latyan,Central plateau,reservoir,2025-10-08,2025,10,Sentinel-2C,1,1,1,0.9164863403292788,0.9823642171714632,0.8777987528396906,4.341800071176916,4.358842198974609,0.9962860881653696
Latyan,Central plateau,reservoir,2025-10-10,2025,10,Sentinel-2A,1,1,1,0.8803085812515559,0.9457820164581896,0.8472046536321902,4.3432563740750085,4.358842198974609,0.9966202570109498
Latyan,Central plateau,reservoir,2025-10-13,2025,10,Sentinel-2B,1,1,1,0.8284262945529115,0.8992449758576038,0.7916807880569757,4.339209798197179,4.358842198974609,0.9956917141979008
Latyan,Central plateau,reservoir,2025-10-18,2025,10,Sentinel-2C,1,1,1,0.7630304208716299,0.8199258011686438,0.7342164216070437,4.35798524415031,4.358842198974609,1.0
Latyan,Central plateau,reservoir,2025-10-23,2025,10,Sentinel-2B,1,1,1,0.7132532903855269,0.772895754060633,0.684196948121673,4.35798524415031,4.358842198974609,1.0
Latyan,Central plateau,reservoir,2025-10-28,2025,10,Sentinel-2C,1,1,1,0.685812465787162,0.7466622943936218,0.6534384914841596,4.346007894373267,4.358842198974609,0.9972516314062514
Latyan,Central plateau,reservoir,2025-10-30,2025,10,Sentinel-2A,1,1,1,0.688239516897164,0.7668070368128159,0.6493925801660875,4.35798524415031,4.358842198974609,1.0
Latyan,Central plateau,reservoir,2025-11-02,2025,11,Sentinel-2B,1,1,1,0.5641559847206264,0.6197565432793113,0.5397127964172364,3.9309567772924017,4.358842198974609,0.902012411026149
Latyan,Central plateau,reservoir,2025-11-07,2025,11,Sentinel-2C,1,1,1,0.6348142860313265,0.7201024680735868,0.5941908414215686,4.35766149149528,4.358842198974609,0.9999257104747052
Latyan,Central plateau,reservoir,2025-11-09,2025,11,Sentinel-2A,1,1,1,0.6388539664735082,0.7416973869202856,0.5940230646693809,4.347626794336646,4.358842198974609,0.9976231103977308
Latyan,Central plateau,reservoir,2025-11-12,2025,11,Sentinel-2B,1,1,1,0.2251751630714566,0.3250151420462815,0.1872230950638116,0.901802371766094,4.358842198974609,0.2069310291898249
Latyan,Central plateau,reservoir,2025-11-17,2025,11,Sentinel-2C,1,1,1,0.005180005279541,0.0258996401977539,0.0009712644653320312,0.2060946267886893,4.358842198974609,0.04729126310497
Latyan,Central plateau,reservoir,2025-11-19,2025,11,Sentinel-2A,1,1,1,0.6700069789555568,0.7859636407792635,0.621778261130419,4.349245716648466,4.358842198974609,0.9979945945173688
Latyan,Central plateau,reservoir,2025-11-22,2025,11,Sentinel-2B,1,1,1,0.6388483770640654,0.7465534903878006,0.5964451120228487,4.349407132167433,4.358842198974609,0.9980316335411206
Latyan,Central plateau,reservoir,2025-11-27,2025,11,Sentinel-2C,1,1,1,1.4561934718643488,2.2137333541047988,0.8016884736853506,2.313979430268776,4.358842198974609,0.5309745904658151
Latyan,Central plateau,reservoir,2025-12-02,2025,12,Sentinel-2B,1,1,1,0.6025193248291015,0.859477907207893,0.5257905419006348,1.5306026134511916,4.358842198974609,0.3512179430863626
Latyan,Central plateau,reservoir,2025-12-07,2025,12,Sentinel-2C,1,1,1,0.5510464687478458,0.6546260865008184,0.5004612565679812,4.165443063338567,4.358842198974609,0.9558185331007738
Latyan,Central plateau,reservoir,2025-12-09,2025,12,Sentinel-2A,1,1,1,0.0,0.0,0.0,0.0,4.358842198974609,0.0
Latyan,Central plateau,reservoir,2025-12-12,2025,12,Sentinel-2B,1,1,1,0.0,0.0,0.0,0.0,4.358842198974609,0.0
Latyan,Central plateau,reservoir,2025-12-17,2025,12,Sentinel-2C,1,1,1,1.6379495960111714,2.1871972087052884,0.5304021002074,2.858809443633068,4.358842198974609,0.6559933738808377
Latyan,Central plateau,reservoir,2025-12-22,2025,12,Sentinel-2B,1,1,1,0.0,0.0,0.0,0.0,4.358842198974609,0.0
Latyan,Central plateau,reservoir,2025-12-27,2025,12,Sentinel-2C,1,1,1,0.0,0.0,0.0,0.0,4.358842198974609,0.0
Latyan,Central plateau,reservoir,2025-12-29,2025,12,Sentinel-2A,1,1,1,0.8142209550898536,1.0136863235631617,0.7113893023158655,4.349893285221464,4.358842198974609,0.9981431880845152
Taleghan,Central plateau,reservoir,2025-09-03,2025,9,Sentinel-2B,1,1,1,8.368985188522997,8.726230297797109,8.146252395442827,13.234184889521435,13.23563932763672,1.0
Taleghan,Central plateau,reservoir,2025-09-08,2025,9,Sentinel-2C,1,1,1,8.014860289284261,8.346405252001833,7.776826158776257,13.223229614588575,13.23563932763672,0.9991721987395284
Taleghan,Central plateau,reservoir,2025-09-13,2025,9,Sentinel-2B,1,1,1,8.018161628845574,8.377899955866194,7.804453723548919,13.233540471705275,13.23563932763672,0.9999513065729744
Taleghan,Central plateau,reservoir,2025-09-18,2025,9,Sentinel-2C,1,1,1,7.785920141827273,8.144286952415554,7.501813191601801,13.233218244288285,13.23563932763672,0.9999269584608932
Taleghan,Central plateau,reservoir,2025-09-20,2025,9,Sentinel-2A,1,1,1,3.623177527076033,6.88416192079707,0.5603724685974121,12.823235265235796,13.23563932763672,0.968947870404091
Taleghan,Central plateau,reservoir,2025-09-23,2025,9,Sentinel-2B,1,1,1,0.314506143951416,0.3551060789236031,0.2684260649108886,0.9752023322089708,13.23563932763672,0.0736881296694831
Taleghan,Central plateau,reservoir,2025-09-28,2025,9,Sentinel-2C,1,1,1,7.594923754865101,7.97914773997264,7.21778027708848,13.232413442459144,13.23563932763672,0.9998661461149984
Taleghan,Central plateau,reservoir,2025-10-03,2025,10,Sentinel-2B,1,1,1,7.649135265770886,8.000982900064384,7.415611302421062,13.231607308253126,13.23563932763672,0.9998052330921906
Taleghan,Central plateau,reservoir,2025-10-08,2025,10,Sentinel-2C,1,1,1,7.540220778948976,7.910273439970726,7.305247386778587,13.23225162084468,13.23563932763672,0.999853918568246
Taleghan,Central plateau,reservoir,2025-10-10,2025,10,Sentinel-2A,1,1,1,7.539011822007722,7.895941122338628,7.317570199825272,13.228385255579786,13.23563932763672,0.9995617687080794
Taleghan,Central plateau,reservoir,2025-10-13,2025,10,Sentinel-2B,1,1,1,7.477309327022777,7.864848387798354,7.173459224180931,13.224196521265824,13.23563932763672,0.9992452600338444
Taleghan,Central plateau,reservoir,2025-10-18,2025,10,Sentinel-2C,1,1,1,7.42438239643076,7.787906908131077,7.173456186827416,13.23402443293766,13.23563932763672,0.999987875597544
Taleghan,Central plateau,reservoir,2025-10-23,2025,10,Sentinel-2B,1,1,1,7.321993964461981,7.656282591632318,7.1272167705272,13.233540536310988,13.23563932763672,0.999951311454704
Taleghan,Central plateau,reservoir,2025-10-28,2025,10,Sentinel-2C,1,1,1,7.2287909646521475,7.55663182163385,7.023298248198265,13.23386267952998,13.23563932763672,0.9999756532046252
Taleghan,Central plateau,reservoir,2025-10-30,2025,10,Sentinel-2A,1,1,1,7.208973830622893,7.551961924364038,6.976333892037186,13.22588978460679,13.23563932763672,0.9993732062092306
Taleghan,Central plateau,reservoir,2025-11-02,2025,11,Sentinel-2B,1,1,1,7.220817354697075,7.58015753793347,7.0244268922842,13.230318598231156,13.23563932763672,0.9997078557294948
Taleghan,Central plateau,reservoir,2025-11-07,2025,11,Sentinel-2C,1,1,1,7.023691334866034,7.378283514104506,6.798139833779129,13.226773823633986,13.23563932763672,0.999440005867432
Taleghan,Central plateau,reservoir,2025-11-09,2025,11,Sentinel-2A,1,1,1,6.975356696194519,7.326808723295564,6.7736497615135045,13.225325061386146,13.23563932763672,0.9993305346563274
Taleghan,Central plateau,reservoir,2025-11-12,2025,11,Sentinel-2B,1,1,1,5.052227000634646,5.0994021138755645,4.933412784576416,5.132638803772929,13.23563932763672,0.3878318798339329
Taleghan,Central plateau,reservoir,2025-11-17,2025,11,Sentinel-2C,1,1,1,0.0415651030196844,0.1068145569471172,0.0178022245203354,1.8124443503900247,13.23563932763672,0.136951717504346
Taleghan,Central plateau,reservoir,2025-11-19,2025,11,Sentinel-2A,1,1,1,6.910186895249311,7.263170212683824,6.691802813027176,13.227021105783358,13.23563932763672,0.9994586909735748
Taleghan,Central plateau,reservoir,2025-11-22,2025,11,Sentinel-2B,1,1,1,7.063787053341136,7.490033520550651,6.8138394191967535,13.215497241144972,13.23563932763672,0.9985879260013012
Taleghan,Central plateau,reservoir,2025-11-27,2025,11,Sentinel-2C,1,1,1,6.36498263427495,6.606875913715556,6.205566714538574,13.229351719202835,13.23563932763672,0.9996347965243836
Taleghan,Central plateau,reservoir,2025-12-02,2025,12,Sentinel-2B,1,1,1,0.927436498897058,0.929692061030847,0.9219587721209348,0.929692061030847,13.23563932763672,0.0702492876434693
Taleghan,Central plateau,reservoir,2025-12-07,2025,12,Sentinel-2C,1,1,1,6.111872230846092,6.350622159461167,5.965829439147949,13.232896152643995,13.23563932763672,0.9999026206080542
Taleghan,Central plateau,reservoir,2025-12-09,2025,12,Sentinel-2A,1,1,1,0.0,0.0,0.0,0.0,13.23563932763672,0.0
Taleghan,Central plateau,reservoir,2025-12-12,2025,12,Sentinel-2B,1,1,1,0.7556170541086231,0.8831910010836732,0.588664593636905,0.9093679813275504,13.23563932763672,0.0687135618036869
Taleghan,Central plateau,reservoir,2025-12-17,2025,12,Sentinel-2C,1,1,1,6.3568589854945765,8.392936780843447,5.584384539677639,10.957404083136934,13.23563932763672,0.8279621430869375
Taleghan,Central plateau,reservoir,2025-12-22,2025,12,Sentinel-2B,1,1,1,0.000965476216873468,0.000965476216873468,0.0,0.000965476216873468,13.23563932763672,7.295320602917623e-05
Taleghan,Central plateau,reservoir,2025-12-27,2025,12,Sentinel-2C,1,1,1,0.0,0.0,0.0,0.0,13.23563932763672,0.0
Taleghan,Central plateau,reservoir,2025-12-29,2025,12,Sentinel-2A,1,1,1,5.174531983369834,5.174531983369834,5.173887627992637,5.174531983369834,13.23563932763672,0.3909974075900153
Zayandeh Rud,Central plateau,reservoir,2025-09-03,2025,9,Sentinel-2B,1,1,1,11.549785691109932,14.095360064524217,9.934948122833251,49.871467790746976,49.88648067777483,0.9997847324542892
Zayandeh Rud,Central plateau,reservoir,2025-09-08,2025,9,Sentinel-2C,1,1,1,12.969743070789413,14.1892896008156,11.482881972851564,49.86878317389517,49.88648067777483,0.9997309133256408
Zayandeh Rud,Central plateau,reservoir,2025-09-13,2025,9,Sentinel-2B,1,1,1,13.276827030282174,14.245691333199296,12.673506958727428,49.879185721105856,49.88648067777483,0.9999394555711488
Zayandeh Rud,Central plateau,reservoir,2025-09-18,2025,9,Sentinel-2C,1,1,1,13.040498409546377,13.88404543374969,12.506968646784046,49.8765016230834,49.88648067777483,0.999885646843591
Zayandeh Rud,Central plateau,reservoir,2025-09-20,2025,9,Sentinel-2A,1,1,1,13.14515537240804,14.022193311289112,12.653164374798584,49.79999260358267,49.88648067777483,0.9983518530135632
Zayandeh Rud,Central plateau,reservoir,2025-09-23,2025,9,Sentinel-2B,1,1,1,12.701975501260796,13.71113004034532,12.212923358532716,49.87985696671133,49.88648067777483,0.999952912185478
Zayandeh Rud,Central plateau,reservoir,2025-09-28,2025,9,Sentinel-2C,1,1,1,12.510961053812302,13.419277719331031,11.95152464857178,49.88019236194449,49.88648067777483,0.999959635930503
Zayandeh Rud,Central plateau,reservoir,2025-10-03,2025,10,Sentinel-2B,1,1,1,12.179413538212437,13.141011097695383,11.657059420092176,49.87650144858389,49.88648067777483,0.9998856433453596
Zayandeh Rud,Central plateau,reservoir,2025-10-08,2025,10,Sentinel-2C,1,1,1,11.996685698686903,12.84402769303182,11.536737009014894,49.87616608920889,49.88648067777483,0.999878920319191
Zayandeh Rud,Central plateau,reservoir,2025-10-10,2025,10,Sentinel-2A,1,1,1,11.963961246411731,12.878235782710416,11.507181200784242,49.87952114090567,49.88648067777483,0.9999461798086672
Zayandeh Rud,Central plateau,reservoir,2025-10-13,2025,10,Sentinel-2B,1,1,1,11.596455409386609,12.51944265437287,11.1223159355896,49.88019248468619,49.88648067777483,0.999959638391134
Zayandeh Rud,Central plateau,reservoir,2025-10-18,2025,10,Sentinel-2C,1,1,1,11.180350144146608,12.006111700283755,10.71426297630005,49.878850319921774,49.88648067777483,0.9999327317068244
Zayandeh Rud,Central plateau,reservoir,2025-10-23,2025,10,Sentinel-2B,1,1,1,10.945614470321951,11.891498116644406,10.46795242982178,49.87817916995841,49.88648067777483,0.9999192770098546
Zayandeh Rud,Central plateau,reservoir,2025-10-28,2025,10,Sentinel-2C,1,1,1,10.678422038479194,11.536578890429809,10.25956332734375,49.87683716965322,49.88648067777483,0.9998923736224968
Zayandeh Rud,Central plateau,reservoir,2025-10-30,2025,10,Sentinel-2A,1,1,1,10.7487002900168,11.711714106666236,10.268619677664962,49.87650177905874,49.88648067777483,0.9998856499704644
Zayandeh Rud,Central plateau,reservoir,2025-11-02,2025,11,Sentinel-2B,1,1,1,10.654751768223065,11.62640394869744,10.143362362568574,49.875830437902735,49.88648067777483,0.999872191440612
Zayandeh Rud,Central plateau,reservoir,2025-11-07,2025,11,Sentinel-2C,1,1,1,10.328012396322933,11.170979793236109,9.915526250854493,49.867776956182766,49.88648067777483,0.9997107414487948
Zayandeh Rud,Central plateau,reservoir,2025-11-09,2025,11,Sentinel-2A,1,1,1,10.437279975247373,11.437954377383964,9.932464992201382,49.86643501901845,49.88648067777483,0.9996838393272368
Zayandeh Rud,Central plateau,reservoir,2025-11-12,2025,11,Sentinel-2B,1,1,1,9.894882340369968,11.341471810852417,9.188287927446911,45.045237897138655,49.88648067777483,0.9030321968523726
Zayandeh Rud,Central plateau,reservoir,2025-11-17,2025,11,Sentinel-2C,1,1,1,9.713516337364766,10.500863112102673,9.34482169859308,49.82448734607535,49.88648067777483,0.9988429047241794
Zayandeh Rud,Central plateau,reservoir,2025-11-19,2025,11,Sentinel-2A,1,1,1,10.206086684710096,11.186693770252663,9.707198024473064,49.88086364935904,49.88648067777483,0.999973093382988
Zayandeh Rud,Central plateau,reservoir,2025-11-22,2025,11,Sentinel-2B,1,1,1,10.13931470258765,11.103058714925014,9.631536434305826,49.87012616785269,49.88648067777483,0.999757836632974
Zayandeh Rud,Central plateau,reservoir,2025-11-27,2025,11,Sentinel-2C,1,1,1,9.766934631402108,10.587511640271831,9.37997101844674,49.87515941052848,49.88648067777483,0.9998587392012144
Zayandeh Rud,Central plateau,reservoir,2025-12-02,2025,12,Sentinel-2B,1,1,1,0.8723189073486328,2.839837908907423,0.3623064954705929,10.125477580154351,49.88648067777483,0.2029877671923017
Zayandeh Rud,Central plateau,reservoir,2025-12-07,2025,12,Sentinel-2C,1,1,1,9.414682490023026,10.196255168488388,9.03837383487118,49.87885046845083,49.88648067777483,0.9999327346844205
Zayandeh Rud,Central plateau,reservoir,2025-12-09,2025,12,Sentinel-2A,1,1,1,0.0,0.0,0.0,0.0,49.88648067777483,0.0
Zayandeh Rud,Central plateau,reservoir,2025-12-12,2025,12,Sentinel-2B,1,1,1,11.207282659892725,14.695338229209275,9.197716388920805,18.45472595660906,49.88648067777483,0.3699661163064649
Zayandeh Rud,Central plateau,reservoir,2025-12-17,2025,12,Sentinel-2C,1,1,1,0.0,0.0,0.0,0.0,49.88648067777483,0.0
Zayandeh Rud,Central plateau,reservoir,2025-12-22,2025,12,Sentinel-2B,1,1,1,2.3601034519518085,2.3603547851740814,2.339891281882013,2.3603547851740814,49.88648067777483,0.0473185727617647
Zayandeh Rud,Central plateau,reservoir,2025-12-27,2025,12,Sentinel-2C,1,1,1,10.106644863742604,11.286852240204452,9.443536707744402,15.129546630574309,49.88648067777483,0.3033054850856008
Zayandeh Rud,Central plateau,reservoir,2025-12-29,2025,12,Sentinel-2A,1,1,1,7.01155494851864,7.01155494851864,7.01155494851864,7.01155494851864,49.88648067777483,0.1405622472894989
Doosti,East/Khorasan,reservoir,2025-09-01,2025,9,Sentinel-2B,1,1,1,7.314464747741699,7.565683605503576,7.172881304046631,45.17542704988864,45.31783526763916,0.9969607487311378
Doosti,East/Khorasan,reservoir,2025-09-06,2025,9,Sentinel-2C,1,1,1,6.872922440551758,7.086628563446045,6.716148591400146,44.86160493813325,45.31783526763916,0.9900351179638064
Doosti,East/Khorasan,reservoir,2025-09-11,2025,9,Sentinel-2B,1,1,1,7.055531561706543,7.303098145056272,6.893907118164062,45.29504218614964,45.31783526763916,0.999600493468352
Doosti,East/Khorasan,reservoir,2025-09-16,2025,9,Sentinel-2C,1,1,1,5.897031879302978,6.182469182495117,5.603896179595948,44.26485924504847,45.31783526763916,0.9768657453240552
Doosti,East/Khorasan,reservoir,2025-09-18,2025,9,Sentinel-2A,1,1,1,4.78911431944604,4.9668539529440485,4.635567100860595,27.162505402748245,45.31783526763916,0.5994398612730817
Doosti,East/Khorasan,reservoir,2025-09-21,2025,9,Sentinel-2B,1,1,1,0.0006469818725585938,0.033944174255371,0.0,16.111360709740026,45.31783526763916,0.3555560021274762
Doosti,East/Khorasan,reservoir,2025-09-26,2025,9,Sentinel-2C,1,1,1,6.774595024414063,7.044888700085688,6.620401002380371,45.31249866237644,45.31783526763916,0.9999857343558384
Doosti,East/Khorasan,reservoir,2025-10-01,2025,10,Sentinel-2B,1,1,1,5.363436238647461,5.603491643182851,5.1724110100708005,43.79535161721033,45.31783526763916,0.966504345183497
Doosti,East/Khorasan,reservoir,2025-10-06,2025,10,Sentinel-2C,1,1,1,6.663061474365234,6.990850134149529,6.483317557159424,45.31282191085055,45.31783526763916,0.99999286801371
Doosti,East/Khorasan,reservoir,2025-10-08,2025,10,Sentinel-2A,1,1,1,6.497550708374024,6.829353842110429,6.31328815600586,45.21130824288181,45.31783526763916,0.9977525982689924
Doosti,East/Khorasan,reservoir,2025-10-11,2025,10,Sentinel-2B,1,1,1,0.0,0.0362005625610351,0.0,27.91360245732949,45.31783526763916,0.6160155602936604
Doosti,East/Khorasan,reservoir,2025-10-16,2025,10,Sentinel-2C,1,1,1,6.277735584228515,6.564306355238253,5.955501021759034,45.310882500053445,45.31783526763916,0.9999500678330222
Doosti,East/Khorasan,reservoir,2025-10-21,2025,10,Sentinel-2B,1,1,1,0.0258621705677705,0.0818975295193541,0.0064634339955049,23.018014619555075,45.31783526763916,0.5079765391940544
Doosti,East/Khorasan,reservoir,2025-10-26,2025,10,Sentinel-2C,1,1,1,6.151333096099854,6.434540176553643,5.969340901916504,45.30797334874729,45.31783526763916,0.9998858667871492
Doosti,East/Khorasan,reservoir,2025-10-28,2025,10,Sentinel-2A,1,1,1,5.667129820526123,6.092672187952139,4.480343040161133,45.069410877372775,45.31783526763916,0.99462111478341
Doosti,East/Khorasan,reservoir,2025-10-31,2025,10,Sentinel-2B,1,1,1,0.0,0.0,0.0,0.0,45.31783526763916,0.0
Doosti,East/Khorasan,reservoir,2025-11-05,2025,11,Sentinel-2C,1,1,1,6.112724244714834,6.39951596243729,5.951566211334229,45.313145083580046,45.31783526763916,1.0
Doosti,East/Khorasan,reservoir,2025-11-10,2025,11,Sentinel-2B,1,1,1,6.111132494686711,6.504943672301168,5.890476334320068,45.31185202761081,45.31783526763916,0.9999714639986508
Doosti,East/Khorasan,reservoir,2025-11-15,2025,11,Sentinel-2C,1,1,1,5.956800469360352,6.340586261712648,5.703656651184082,45.231055222587614,45.31783526763916,0.9981883874791516
Doosti,East/Khorasan,reservoir,2025-11-17,2025,11,Sentinel-2A,1,1,1,5.900844504108624,6.291827449344411,5.663552327484131,45.26990881063299,45.31783526763916,0.99904583376706
Doosti,East/Khorasan,reservoir,2025-11-20,2025,11,Sentinel-2B,2,1,1,5.880167620483398,6.257779952919634,5.623805207061768,45.313145083580046,45.31783526763916,1.0
Doosti,East/Khorasan,reservoir,2025-11-25,2025,11,Sentinel-2C,1,1,1,5.710694538416005,6.1044179407535335,5.448011278747559,45.02453532033542,45.31783526763916,0.9936307717614328
Doosti,East/Khorasan,reservoir,2025-11-30,2025,11,Sentinel-2B,1,1,1,5.939837411780504,6.33542513554125,5.683127215589816,45.31120559484103,45.31783526763916,0.9999571980992392
Doosti,East/Khorasan,reservoir,2025-12-05,2025,12,Sentinel-2C,1,1,1,5.601180844684795,5.828921086272118,5.442778856536865,45.303449097343474,45.31783526763916,0.9997860226603408
Doosti,East/Khorasan,reservoir,2025-12-07,2025,12,Sentinel-2A,1,1,1,5.864829579881497,6.236082689706121,5.58581267912131,45.31314508358005,45.31783526763916,1.0000000000000002
Doosti,East/Khorasan,reservoir,2025-12-10,2025,12,Sentinel-2B,1,1,1,5.314202858734131,5.57346552656609,5.1024593519592285,28.40474157915856,45.31783526763916,0.6268543383330829
Doosti,East/Khorasan,reservoir,2025-12-15,2025,12,Sentinel-2C,1,1,1,0.0,0.07212686176315,0.0,0.14408921555463,45.31783526763916,0.0031798546600298
Doosti,East/Khorasan,reservoir,2025-12-20,2025,12,Sentinel-2B,1,1,1,0.0,0.0,0.0,0.0,45.31783526763916,0.0
Doosti,East/Khorasan,reservoir,2025-12-25,2025,12,Sentinel-2C,1,1,1,9.435601523461916,11.200524559332278,8.191875263979565,42.16510780674601,45.31783526763916,0.9305270629300286
Doosti,East/Khorasan,reservoir,2025-12-27,2025,12,Sentinel-2A,1,1,1,4.76660192687378,5.528720552043961,4.406692609841261,43.23410339185621,45.31783526763916,0.9541183537825714
Doosti,East/Khorasan,reservoir,2025-12-30,2025,12,Sentinel-2B,1,1,1,5.8833454682546575,6.279485186721743,5.6413221222229,45.31314508358004,45.31783526763916,1.0
Sefid Rud,North/Caspian,reservoir,2025-09-01,2025,9,Sentinel-2C,1,1,1,7.8255126168469,9.373591526037238,7.596038819044046,56.11402720435317,56.46360894524596,0.9938952196901072
Sefid Rud,North/Caspian,reservoir,2025-09-06,2025,9,Sentinel-2B,1,1,1,7.600436991107897,9.932624268251786,7.326148239644488,56.07164767708363,56.46360894524596,0.99314459080702
Sefid Rud,North/Caspian,reservoir,2025-09-13,2025,9,Sentinel-2A,1,1,1,7.515700758150229,10.86487509840375,7.132948682202388,52.35713306950824,56.46360894524596,0.9273528717686856
Sefid Rud,North/Caspian,reservoir,2025-09-16,2025,9,Sentinel-2B,1,1,1,7.06139472844765,9.661870307756974,6.872907790914019,53.03664105911286,56.46360894524596,0.9393883605093132
Sefid Rud,North/Caspian,reservoir,2025-09-21,2025,9,Sentinel-2C,1,1,1,7.113383204549514,9.766133247555006,6.9352777075399965,52.95239077394896,56.46360894524596,0.9378961140986788
Sefid Rud,North/Caspian,reservoir,2025-09-26,2025,9,Sentinel-2B,1,1,1,7.232647834994327,9.200985735983222,6.981586401814899,53.67467985826457,56.46360894524596,0.9506893443104636
Sefid Rud,North/Caspian,reservoir,2025-10-01,2025,10,Sentinel-2C,1,1,1,6.015501436594406,7.587681210835178,5.430428042442531,23.19063354968813,56.46360894524596,0.4107539767673628
Sefid Rud,North/Caspian,reservoir,2025-10-03,2025,10,Sentinel-2A,1,1,1,7.37573193254598,10.343084497154685,7.105110235355153,55.53371442427373,56.46360894524596,0.9836166828111628
Sefid Rud,North/Caspian,reservoir,2025-10-06,2025,10,Sentinel-2B,1,1,1,7.422460410611739,9.313811813550886,7.149225624227008,56.18648368545416,56.46360894524596,0.995178573492884
Sefid Rud,North/Caspian,reservoir,2025-10-11,2025,10,Sentinel-2C,1,1,1,7.555104795162306,9.488510536506922,7.296773761742685,56.33778266351203,56.46360894524596,0.9978583906175414
Sefid Rud,North/Caspian,reservoir,2025-10-16,2025,10,Sentinel-2B,1,1,1,7.533461217536478,9.790419958347456,7.254363681118595,55.23155441717616,56.46360894524596,0.9782648055427192
Sefid Rud,North/Caspian,reservoir,2025-10-21,2025,10,Sentinel-2C,1,1,1,7.607859188942943,9.10231418037349,7.350852900384761,56.37457193368416,56.46360894524596,0.9985100045112798
Sefid Rud,North/Caspian,reservoir,2025-10-23,2025,10,Sentinel-2A,1,1,1,7.411134705994013,9.212210866390336,7.186094761617144,55.20407140169912,56.46360894524596,0.9777780246241828
Sefid Rud,North/Caspian,reservoir,2025-10-26,2025,10,Sentinel-2B,1,1,1,0.2498882820129394,0.5797756346841252,0.1772560582885742,4.04708625576639,56.46360894524596,0.0716822492285441
Sefid Rud,North/Caspian,reservoir,2025-10-31,2025,10,Sentinel-2C,1,1,1,7.799586785073792,10.495102811593089,7.444095932241163,56.10114627011029,56.46360894524596,0.9936670717633412
Sefid Rud,North/Caspian,reservoir,2025-11-05,2025,11,Sentinel-2B,1,1,1,7.709539031733136,9.585319224899594,7.445323295228368,56.28946259225348,56.46360894524596,0.9970025424413972
Sefid Rud,North/Caspian,reservoir,2025-11-10,2025,11,Sentinel-2C,1,1,1,7.896919285183296,10.079009343307916,7.572967320839916,56.34799881249884,56.46360894524596,0.998039339698324
Sefid Rud,North/Caspian,reservoir,2025-11-12,2025,11,Sentinel-2A,1,1,1,0.6347711172467402,2.6171525019232065,0.3098222158882889,27.42004096768199,56.46360894524596,0.4856655100201371
Sefid Rud,North/Caspian,reservoir,2025-11-15,2025,11,Sentinel-2B,1,1,1,0.0,0.0,0.0,0.0,56.46360894524596,0.0
Sefid Rud,North/Caspian,reservoir,2025-11-20,2025,11,Sentinel-2C,1,1,1,8.58539765746089,10.96276137889452,8.049800841879929,56.30705976794318,56.46360894524596,0.9973142247367052
Sefid Rud,North/Caspian,reservoir,2025-11-25,2025,11,Sentinel-2B,1,1,1,9.13670402581416,11.984092877081777,8.487993124072862,54.67837398432346,56.46360894524596,0.9684668385239528
Sefid Rud,North/Caspian,reservoir,2025-11-30,2025,11,Sentinel-2C,1,1,1,9.161347818250466,11.857681025302906,8.535172127711274,56.204767346289096,56.46360894524596,0.9955024148567572
Sefid Rud,North/Caspian,reservoir,2025-12-02,2025,12,Sentinel-2A,1,1,1,9.436084089444384,11.106489456173286,8.52403927914656,52.12804493814576,56.46360894524596,0.923295248211928
Sefid Rud,North/Caspian,reservoir,2025-12-05,2025,12,Sentinel-2B,1,1,1,0.2752901472823792,0.584278286729281,0.0794442766451966,1.5724136713696035,56.46360894524596,0.0278506909806748
Sefid Rud,North/Caspian,reservoir,2025-12-10,2025,12,Sentinel-2C,1,1,1,0.0,0.0,0.0,0.0,56.46360894524596,0.0
Sefid Rud,North/Caspian,reservoir,2025-12-15,2025,12,Sentinel-2B,1,1,1,11.213184490359794,13.882381254812795,10.446957181942087,56.265802449284486,56.46360894524596,0.996583472483926
Sefid Rud,North/Caspian,reservoir,2025-12-20,2025,12,Sentinel-2C,1,1,1,11.11594326365093,13.965365559958782,10.38200749660812,56.3184240323604,56.46360894524596,0.9975155093110316
Sefid Rud,North/Caspian,reservoir,2025-12-22,2025,12,Sentinel-2A,1,1,1,0.0172152584424785,0.0172152584424785,0.0146587095795276,0.0172152584424785,56.46360894524596,0.00030491775272871224
Sefid Rud,North/Caspian,reservoir,2025-12-25,2025,12,Sentinel-2B,1,1,1,10.927786455492685,13.152724745002056,10.292593351102582,56.31472861950567,56.46360894524596,0.997450055923455
Sefid Rud,North/Caspian,reservoir,2025-12-30,2025,12,Sentinel-2C,1,1,1,8.749323500029801,11.369711440414244,8.322754718634991,46.15187429418902,56.46360894524596,0.8174449335758016
Shahid Rajaei,North/Caspian,reservoir,2025-09-05,2025,9,Sentinel-2C,1,1,1,1.7882016049837002,1.952946099915149,1.5225174110412598,4.581388654030603,4.5897947099609375,0.99838687137973
Shahid Rajaei,North/Caspian,reservoir,2025-09-10,2025,9,Sentinel-2B,2,2,1,1.9101346465682685,2.011695363666729,1.822895112759579,4.50647549358689,4.5897947099609375,0.9820616212146374
Shahid Rajaei,North/Caspian,reservoir,2025-09-15,2025,9,Sentinel-2C,2,2,1,0.0774284890766218,0.2696246414124731,0.0238243011169433,0.6242372773242432,4.5897947099609375,0.1360352393936384
Shahid Rajaei,North/Caspian,reservoir,2025-09-17,2025,9,Sentinel-2A,2,2,1,1.4602919254868452,1.9389873526132624,0.7817843705663344,4.420695988053513,4.5897947099609375,0.9633683518534748
Shahid Rajaei,North/Caspian,reservoir,2025-09-20,2025,9,Sentinel-2B,2,2,1,0.0077262854309082,0.0077262854309082,0.0077262854309082,0.0077262854309082,4.5897947099609375,0.0016837300917408
Shahid Rajaei,North/Caspian,reservoir,2025-09-25,2025,9,Sentinel-2C,2,2,1,1.981284229424929,2.1080370100196992,1.8916302376400216,4.300527242732993,4.5897947099609375,0.9371808993716536
Shahid Rajaei,North/Caspian,reservoir,2025-09-30,2025,9,Sentinel-2B,2,2,1,2.003737753980689,2.100070280862128,1.928410188676064,4.588790964067176,4.5897947099609375,1.0
Shahid Rajaei,North/Caspian,reservoir,2025-10-05,2025,10,Sentinel-2C,2,2,1,1.943620164641736,2.0401955976223816,1.8560560399003567,4.583639894517615,4.5897947099609375,0.9988774669428404
Shahid Rajaei,North/Caspian,reservoir,2025-10-07,2025,10,Sentinel-2A,2,2,1,1.933236720765357,2.047034820132865,1.829576547865804,4.588469014909461,4.5897947099609375,0.9999298400907264
Shahid Rajaei,North/Caspian,reservoir,2025-10-10,2025,10,Sentinel-2B,2,2,1,1.9442669004460356,2.049375943222345,1.8094567241586723,4.588790964067176,4.5897947099609375,1.0
Shahid Rajaei,North/Caspian,reservoir,2025-10-15,2025,10,Sentinel-2C,2,2,1,1.6564444192585068,1.8393021684840785,1.4763181074216356,4.369770054857808,4.5897947099609375,0.9522704540423772
Shahid Rajaei,North/Caspian,reservoir,2025-10-20,2025,10,Sentinel-2B,2,2,1,2.015722836480833,2.1206612300798007,1.926315294634651,4.588790964067176,4.5897947099609375,1.0
Shahid Rajaei,North/Caspian,reservoir,2025-10-25,2025,10,Sentinel-2C,2,2,1,1.9651954631184896,2.0510679750968186,1.873602011839025,4.588790964067176,4.5897947099609375,1.0
Shahid Rajaei,North/Caspian,reservoir,2025-10-27,2025,10,Sentinel-2A,2,2,1,0.8100784619619332,0.9851675215192012,0.6704540290614708,1.5023164537698208,4.5897947099609375,0.3273882958569712
Shahid Rajaei,North/Caspian,reservoir,2025-10-30,2025,10,Sentinel-2B,2,2,1,0.0,0.0,0.0,0.0,4.5897947099609375,0.0
Shahid Rajaei,North/Caspian,reservoir,2025-11-04,2025,11,Sentinel-2C,2,2,1,2.0667704566500795,2.131635427108346,2.013732322553807,4.588790964067176,4.5897947099609375,1.0
Shahid Rajaei,North/Caspian,reservoir,2025-11-09,2025,11,Sentinel-2B,2,2,1,2.0695004632410385,2.1535893709571994,1.9996446617519008,4.588790964067176,4.5897947099609375,1.0
Shahid Rajaei,North/Caspian,reservoir,2025-11-14,2025,11,Sentinel-2C,2,2,1,0.0779125035095214,0.0907909678955078,0.0669661808776855,0.5019910585014778,4.5897947099609375,0.1093950590541934
Shahid Rajaei,North/Caspian,reservoir,2025-11-16,2025,11,Sentinel-2A,2,2,1,2.0337673818019497,2.1111012215713805,1.980650866981656,4.588790964067176,4.5897947099609375,1.0
Shahid Rajaei,North/Caspian,reservoir,2025-11-19,2025,11,Sentinel-2B,2,2,1,2.073932363312486,2.139118983706964,2.031358409939635,4.588790964067176,4.5897947099609375,1.0
Shahid Rajaei,North/Caspian,reservoir,2025-11-24,2025,11,Sentinel-2C,2,2,1,1.8497002391120465,1.8998391810737163,1.8220938222890817,4.370268950794303,4.5897947099609375,0.9523791746052448
Shahid Rajaei,North/Caspian,reservoir,2025-11-29,2025,11,Sentinel-2B,2,2,1,2.115601709879198,2.212721466118427,2.0323981470076022,4.588790964067176,4.5897947099609375,1.0
Shahid Rajaei,North/Caspian,reservoir,2025-12-04,2025,12,Sentinel-2C,2,2,1,1.742410475342754,2.003502479924699,1.5674815840040022,4.081521107470949,4.5897947099609375,0.8894545729869946
Shahid Rajaei,North/Caspian,reservoir,2025-12-06,2025,12,Sentinel-2A,2,2,1,2.0859852205986478,2.2093420857138244,1.9675288703604903,4.588790964067176,4.5897947099609375,1.0
Shahid Rajaei,North/Caspian,reservoir,2025-12-09,2025,12,Sentinel-2B,2,2,1,0.0,0.0,0.0,0.0,4.5897947099609375,0.0
Shahid Rajaei,North/Caspian,reservoir,2025-12-14,2025,12,Sentinel-2C,2,2,1,0.0,0.0,0.0,0.0,4.5897947099609375,0.0
Shahid Rajaei,North/Caspian,reservoir,2025-12-19,2025,12,Sentinel-2B,2,2,1,0.0,0.0,0.0,0.0,4.5897947099609375,0.0
Shahid Rajaei,North/Caspian,reservoir,2025-12-24,2025,12,Sentinel-2C,2,2,1,0.0,0.0,0.0,0.0,4.5897947099609375,0.0
Shahid Rajaei,North/Caspian,reservoir,2025-12-26,2025,12,Sentinel-2A,2,2,1,2.1036172574618472,2.217807081278005,2.0071231167377546,4.588790964067176,4.5897947099609375,1.0
Shahid Rajaei,North/Caspian,reservoir,2025-12-29,2025,12,Sentinel-2B,2,2,1,2.117309033543127,2.209532504189525,2.0233081339920345,4.588790964067176,4.5897947099609375,1.0
Aras,Northwest,reservoir,2025-09-02,2025,9,Sentinel-2B,1,1,1,66.12957809048163,68.36962777637221,64.78477543322359,125.2150750732296,125.22289566721528,0.9999653998280524
Aras,Northwest,reservoir,2025-09-07,2025,9,Sentinel-2C,1,1,1,63.35975638751316,65.3187589290057,61.993338118605074,125.11839350859336,125.22289566721528,0.9991933025435926
Aras,Northwest,reservoir,2025-09-09,2025,9,Sentinel-2A,1,1,1,62.69057884260876,64.79090943895574,61.2749845365348,125.20608405104332,125.22289566721528,0.999893597682104
Aras,Northwest,reservoir,2025-09-12,2025,9,Sentinel-2B,1,1,1,63.79900804041748,65.7705488201489,62.20522386081973,125.21475754674036,125.22289566721528,0.999962864067062
Aras,Northwest,reservoir,2025-09-17,2025,9,Sentinel-2C,1,1,1,59.75965147511512,61.797204193618,58.30550205827589,125.17105975075036,125.22289566721528,0.999613894232454
Aras,Northwest,reservoir,2025-09-19,2025,9,Sentinel-2A,1,1,1,57.22732422357932,59.307641375953466,55.87366297727278,125.09602337655264,125.22289566721528,0.9990146550603146
Aras,Northwest,reservoir,2025-09-22,2025,9,Sentinel-2B,1,1,1,59.11703162146691,60.85651787627935,57.81232108800048,121.28306485270926,125.22289566721528,0.9685644349682612
Aras,Northwest,reservoir,2025-09-27,2025,9,Sentinel-2C,1,1,1,14.40950310739734,16.268356576190545,13.522980794723452,34.96497702372809,125.22289566721528,0.2792296950591855
Aras,Northwest,reservoir,2025-09-29,2025,9,Sentinel-2A,1,1,1,56.72484329314958,58.78109041667229,55.30272763263156,125.17321932264976,125.22289566721528,0.999631140535877
Aras,Northwest,reservoir,2025-10-02,2025,10,Sentinel-2B,1,1,1,41.695487790619495,43.14693495814676,40.63249616838498,87.85800725812813,125.22289566721528,0.7016325095408021
Aras,Northwest,reservoir,2025-10-07,2025,10,Sentinel-2C,1,1,1,55.83212616571547,57.72402097404462,54.48373059718365,125.21290621318322,125.22289566721528,0.99994807934965
Aras,Northwest,reservoir,2025-10-09,2025,10,Sentinel-2A,1,1,1,54.98022873616621,57.09029450423547,53.52641274521928,125.15556556776691,125.22289566721528,0.9994901579581038
Aras,Northwest,reservoir,2025-10-12,2025,10,Sentinel-2B,1,1,1,55.37663931004639,57.287996416971005,54.13818188843324,125.20516071928672,125.22289566721528,0.9998862239708424
Aras,Northwest,reservoir,2025-10-17,2025,10,Sentinel-2C,1,1,1,55.4995527309794,57.37681325263074,54.14977215099918,125.13982471702845,125.22289566721528,0.9993644517993754
Aras,Northwest,reservoir,2025-10-19,2025,10,Sentinel-2A,1,1,1,56.42608470500621,58.32980702189941,55.13965531599276,125.0794249425228,125.22289566721528,0.9988821002564184
Aras,Northwest,reservoir,2025-10-22,2025,10,Sentinel-2B,1,1,1,48.48949320267418,50.30162170939749,47.57485811037897,108.67304169242168,125.22289566721528,0.8678610105288037
Aras,Northwest,reservoir,2025-10-27,2025,10,Sentinel-2C,1,1,1,57.731091189466525,59.301492533378216,56.47358765212773,125.14192849952964,125.22289566721528,0.9993812525696398
Aras,Northwest,reservoir,2025-10-29,2025,10,Sentinel-2A,1,1,1,26.976538645250383,28.223318020673684,26.418308122558592,48.19902013664053,125.22289566721528,0.3849165319277156
Aras,Northwest,reservoir,2025-11-01,2025,11,Sentinel-2B,1,1,1,59.20114719940796,61.082789271654086,58.03330310812569,125.20020542940028,125.22289566721528,0.9998466511124652
Aras,Northwest,reservoir,2025-11-06,2025,11,Sentinel-2C,1,1,1,60.61783530099128,62.34857254182752,59.37840415637865,125.1896827704342,125.22289566721528,0.9997626173419778
Aras,Northwest,reservoir,2025-11-08,2025,11,Sentinel-2A,1,1,1,61.0739570605014,63.304269038576855,59.66590718110184,124.69570697097646,125.22289566721528,0.9958177352459424
Aras,Northwest,reservoir,2025-11-11,2025,11,Sentinel-2B,1,1,1,60.11356990514598,62.149237538179285,58.80750541457101,120.8212577370682,125.22289566721528,0.9648764514186337
Aras,Northwest,reservoir,2025-11-18,2025,11,Sentinel-2A,1,1,1,64.50989156040684,66.20855006483657,63.31176764800882,125.04618131074793,125.22289566721528,0.9986166171944144
Aras,Northwest,reservoir,2025-11-21,2025,11,Sentinel-2B,1,1,1,65.6852475623662,68.02868189487579,64.37356409483236,125.08438752434044,125.22289566721528,0.9989217313480306
Aras,Northwest,reservoir,2025-11-26,2025,11,Sentinel-2C,1,1,1,0.0,0.0,0.0,0.0,125.22289566721528,0.0
Aras,Northwest,reservoir,2025-11-28,2025,11,Sentinel-2A,1,1,1,67.98570041610382,70.87440909981152,66.63546529500935,124.77118763537403,125.22289566721528,0.9964205225118484
Aras,Northwest,reservoir,2025-12-01,2025,12,Sentinel-2B,1,1,1,0.7165346175833908,0.7540243673589968,0.6904316332092285,0.7704412471110026,125.22289566721528,0.0061527303262871
Aras,Northwest,reservoir,2025-12-06,2025,12,Sentinel-2C,1,1,1,50.47907052192394,52.505436846203736,49.34532903119028,82.46257289066732,125.22289566721528,0.6585446650352691
Aras,Northwest,reservoir,2025-12-08,2025,12,Sentinel-2A,1,1,1,5.769675404613541,6.558987761907122,4.497581024927117,6.623844770809877,125.22289566721528,0.0528979085047719
Aras,Northwest,reservoir,2025-12-11,2025,12,Sentinel-2B,1,1,1,51.43131751300277,56.85439088759946,44.629228250964594,78.14966443905044,125.22289566721528,0.6241018535629235
Aras,Northwest,reservoir,2025-12-16,2025,12,Sentinel-2C,1,1,1,0.0,0.0,0.0,0.0,125.22289566721528,0.0
Aras,Northwest,reservoir,2025-12-18,2025,12,Sentinel-2A,1,1,1,75.98157191841611,77.44575265140787,74.89548498735961,124.6309858247264,125.22289566721528,0.9953008733038046
Aras,Northwest,reservoir,2025-12-21,2025,12,Sentinel-2B,1,1,1,35.222196848631135,66.0167790200152,23.137700376797422,94.60463145035882,125.22289566721528,0.7555109323579277
Aras,Northwest,reservoir,2025-12-26,2025,12,Sentinel-2C,1,1,1,2.9811670491196587,2.9811670491196587,2.9811670491196587,2.9811670491196587,125.22289566721528,0.0238075479209171
Aras,Northwest,reservoir,2025-12-28,2025,12,Sentinel-2A,1,1,1,0.7837060786743164,0.7837060786743164,0.7837060786743164,0.7837060786743164,125.22289566721528,0.0062586630391821
Aras,Northwest,reservoir,2025-12-31,2025,12,Sentinel-2B,1,1,1,76.92262117700818,77.64554019412614,76.10263943600212,79.39683562310336,125.22289566721528,0.634061740828783
Mahabad,Northwest,reservoir,2025-09-02,2025,9,Sentinel-2B,1,1,1,4.5860088996887205,4.818218653580131,4.2645679257507325,12.297284848332588,12.299407725830076,1.0
Mahabad,Northwest,reservoir,2025-09-04,2025,9,Sentinel-2C,1,1,1,2.6484492877502444,3.964577058059992,1.310514309753418,12.222757654607015,12.299407725830076,0.9939395407486492
Mahabad,Northwest,reservoir,2025-09-06,2025,9,Sentinel-2A,1,1,1,4.46413879574585,4.731772031911214,4.169563557373047,12.283531523106769,12.299407725830076,0.9988815965966924
Mahabad,Northwest,reservoir,2025-09-07,2025,9,Sentinel-2C,1,1,1,4.185563452850341,4.5423437427213775,3.6485582470703126,12.149827354588703,12.299407725830076,0.9880089389192382
Mahabad,Northwest,reservoir,2025-09-09,2025,9,Sentinel-2A+Sentinel-2B,2,1,2,4.564489066613411,4.788704029380768,4.376737132928108,12.297284848332588,12.299407725830076,1.0
Mahabad,Northwest,reservoir,2025-09-12,2025,9,Sentinel-2B,1,1,1,4.403046399230957,4.616708320975509,4.119025714263916,12.079494788246244,12.299407725830076,0.9822895815806142
Mahabad,Northwest,reservoir,2025-09-14,2025,9,Sentinel-2C,1,1,1,4.449021853295539,4.706258257468071,4.074571347991943,12.266260068944172,12.299407725830076,0.9974771032979184
Mahabad,Northwest,reservoir,2025-09-16,2025,9,Sentinel-2A,1,1,1,4.535699857690071,4.736486989670579,4.377053841943001,12.284490974950032,12.299407725830076,0.998959618034359
Mahabad,Northwest,reservoir,2025-09-17,2025,9,Sentinel-2C,1,1,1,4.500192626000618,4.7120121661637855,4.167240321374153,12.297284848332588,12.299407725830076,1.0
Mahabad,Northwest,reservoir,2025-09-19,2025,9,Sentinel-2A+Sentinel-2B,2,1,2,4.541772850884651,4.770785882913627,3.943999142266487,12.28800897382088,12.299407725830076,0.9992456973530248
Mahabad,Northwest,reservoir,2025-09-22,2025,9,Sentinel-2B,1,1,1,0.8188031428527832,1.0858744805045333,0.6032316216430664,2.399386516259289,12.299407725830076,0.195115144997607
Mahabad,Northwest,reservoir,2025-09-24,2025,9,Sentinel-2C,1,1,1,4.461169149956916,4.679946329293046,4.278216150536751,12.285450543034749,12.299407725830076,0.999037648924637
Mahabad,Northwest,reservoir,2025-09-26,2025,9,Sentinel-2A,1,1,1,0.5433930830383301,0.5760157929992675,0.3988326539916992,1.4257758630689448,12.299407725830076,0.1159423304130641
Mahabad,Northwest,reservoir,2025-09-27,2025,9,Sentinel-2C,1,1,1,4.27723688567469,4.524153951701804,3.587040716729377,12.10192329000561,12.299407725830076,0.984113439613992
Mahabad,Northwest,reservoir,2025-09-29,2025,9,Sentinel-2A+Sentinel-2B,2,1,2,4.427099420969167,4.632041898449588,4.288282500650563,12.277452122502522,12.299407725830076,0.9983872272558804
Mahabad,Northwest,reservoir,2025-10-02,2025,10,Sentinel-2B,1,1,1,4.35058132687378,4.532497468465529,4.231274982818603,12.123719980606674,12.299407725830076,0.9858859195451224
Mahabad,Northwest,reservoir,2025-10-04,2025,10,Sentinel-2C,1,1,1,4.357851792321418,4.5857461149227365,4.189931099480842,12.285449797978586,12.299407725830076,0.9990375883375908
Mahabad,Northwest,reservoir,2025-10-06,2025,10,Sentinel-2A,1,1,1,4.415104623528694,4.621490228951129,4.29196099907801,12.296645164799871,12.299407725830076,0.9999479817259984
Mahabad,Northwest,reservoir,2025-10-07,2025,10,Sentinel-2C,1,1,1,4.424696326501106,4.589739110805617,4.318184390496468,12.232031529423908,12.299407725830076,0.9946936807829144
Mahabad,Northwest,reservoir,2025-10-09,2025,10,Sentinel-2A+Sentinel-2B,2,1,2,4.460200942834113,4.66434472401135,4.303793299187873,12.296964957219306,12.299407725830076,0.9999739868501684
Mahabad,Northwest,reservoir,2025-10-12,2025,10,Sentinel-2B,1,1,1,4.37831579192469,4.5710244094986265,4.268286919152473,12.294085553105536,12.299407725830076,0.9997398372676156
Mahabad,Northwest,reservoir,2025-10-14,2025,10,Sentinel-2C,1,1,1,4.057152626610969,4.344632028437955,3.705299689446663,12.038284828729063,12.299407725830076,0.9789384386230068
Mahabad,Northwest,reservoir,2025-10-16,2025,10,Sentinel-2A,1,1,1,4.322024404534553,4.539438445480167,4.205599592522835,12.293766582890694,12.299407725830076,0.9997138990041065
Mahabad,Northwest,reservoir,2025-10-17,2025,10,Sentinel-2C,1,1,1,4.336418075860236,4.512254655756453,4.233426228722785,12.222847389322974,12.299407725830076,0.9939468378648066
Mahabad,Northwest,reservoir,2025-10-19,2025,10,Sentinel-2A+Sentinel-2B,2,1,2,4.383433462853645,4.591817919562008,4.253573549096321,12.296005366398996,12.299407725830076,0.99989595411106
Mahabad,Northwest,reservoir,2025-10-22,2025,10,Sentinel-2B,1,1,1,2.7909469751586915,2.995958606019742,2.6105560520019533,4.9091001283186575,12.299407725830076,0.3992019530217104
Mahabad,Northwest,reservoir,2025-10-24,2025,10,Sentinel-2C,1,1,1,4.2964352951595535,4.48666417952079,4.156341355767464,12.296325329625311,12.299407725830076,0.9999219731250346
Mahabad,Northwest,reservoir,2025-10-26,2025,10,Sentinel-2A,1,1,1,0.0,0.0,0.0,0.0,12.299407725830076,0.0
Mahabad,Northwest,reservoir,2025-10-27,2025,10,Sentinel-2C,1,1,1,4.265725577294563,4.424132118316771,4.153457111565803,12.14348901374745,12.299407725830076,0.987493512878496
Mahabad,Northwest,reservoir,2025-10-29,2025,10,Sentinel-2A,1,1,1,4.274359784295295,4.468347752328792,4.141941686547493,12.296645178776924,12.299407725830076,0.999947982862595
Mahabad,Northwest,reservoir,2025-11-01,2025,11,Sentinel-2B,1,1,1,4.098361595607982,4.223022339785827,4.039269181390022,11.882514181451231,12.299407725830076,0.9662713621749116
Mahabad,Northwest,reservoir,2025-11-03,2025,11,Sentinel-2C,1,1,1,4.097476312157844,4.2384473485540655,4.034144712334846,11.921529146081358,12.299407725830076,0.9694440108621069
Mahabad,Northwest,reservoir,2025-11-05,2025,11,Sentinel-2A,1,1,1,4.289553506570973,4.494012899046536,4.1784059937069165,12.286090005559164,12.299407725830076,0.9990896492265168
Mahabad,Northwest,reservoir,2025-11-06,2025,11,Sentinel-2C,1,1,1,4.225751447421085,4.402626218680707,4.122518317932129,12.005592292395564,12.299407725830076,0.9762799219880984
Mahabad,Northwest,reservoir,2025-11-08,2025,11,Sentinel-2A+Sentinel-2B,2,1,2,4.258129264955169,4.495530693367753,4.1067610772640455,12.296964999180975,12.299407725830076,0.9999739902624396
Mahabad,Northwest,reservoir,2025-11-11,2025,11,Sentinel-2B,1,1,1,4.269323824250824,4.475219923606364,4.151219432854866,12.254424741551595,12.299407725830076,0.996514669107075
Mahabad,Northwest,reservoir,2025-11-13,2025,11,Sentinel-2C,1,1,1,0.0035183243103027,0.0942667879844515,0.0003198410339355469,0.828460703205782,12.299407725830076,0.067369400109335
Mahabad,Northwest,reservoir,2025-11-15,2025,11,Sentinel-2A,1,1,1,0.0,0.0,0.0,0.0,12.299407725830076,0.0
Mahabad,Northwest,reservoir,2025-11-18,2025,11,Sentinel-2A+Sentinel-2B,2,1,2,4.346642912404617,4.568197703260235,4.231977632971431,12.297284848332588,12.299407725830076,1.0
Mahabad,Northwest,reservoir,2025-11-21,2025,11,Sentinel-2B,1,1,1,4.292180957796822,4.47264347952821,4.1866356909240725,11.886310980465934,12.299407725830076,0.9665801131765784
Mahabad,Northwest,reservoir,2025-11-23,2025,11,Sentinel-2C,1,1,1,3.99527575949408,4.151020183212102,3.911004005344645,11.653008310060322,12.299407725830076,0.9476082284651944
Mahabad,Northwest,reservoir,2025-11-25,2025,11,Sentinel-2A,1,1,1,4.328647581894102,4.516213305629358,4.215425783881214,12.035870163850609,12.299407725830076,0.9787420810604852
Mahabad,Northwest,reservoir,2025-11-26,2025,11,Sentinel-2C,1,1,1,0.0,0.0,0.0,0.0,12.299407725830076,0.0
Mahabad,Northwest,reservoir,2025-11-28,2025,11,Sentinel-2A+Sentinel-2B,2,1,2,4.4497786400412185,4.712353034552483,4.300573757807833,12.296645186864083,12.299407725830076,0.9999479835202328
Mahabad,Northwest,reservoir,2025-12-01,2025,12,Sentinel-2B,1,1,1,3.9091642148132326,4.025749036688831,3.8403968865356446,11.338300878310076,12.299407725830076,0.9220166092068248
Mahabad,Northwest,reservoir,2025-12-03,2025,12,Sentinel-2C,1,1,1,4.221817216323912,4.399951225371479,4.118667877378576,12.045225170842365,12.299407725830076,0.9795028186629018
Mahabad,Northwest,reservoir,2025-12-05,2025,12,Sentinel-2A,1,1,1,4.419869805369299,4.692601879243741,4.253239891567215,12.277616214977716,12.299407725830076,0.998400571053086
Mahabad,Northwest,reservoir,2025-12-06,2025,12,Sentinel-2C,1,1,1,0.0,0.0006398734741210937,0.0,0.2560762371266084,12.299407725830076,0.0208238030008169
Mahabad,Northwest,reservoir,2025-12-08,2025,12,Sentinel-2A+Sentinel-2B,2,1,2,0.00415932913208,0.0063989672851562,0.0,0.0063989672851562,12.299407725830076,0.0005203561082041536
Mahabad,Northwest,reservoir,2025-12-11,2025,12,Sentinel-2B,1,1,1,4.225453220790852,4.702422414009848,3.881844689353316,10.740781308785946,12.299407725830076,0.8734270565621898
Mahabad,Northwest,reservoir,2025-12-13,2025,12,Sentinel-2C,1,1,1,2.9369957119715075,3.091964322486907,2.809538129821777,6.996187385979754,12.299407725830076,0.5689213084243048
Mahabad,Northwest,reservoir,2025-12-16,2025,12,Sentinel-2C,1,1,1,4.306217805631151,4.543998487898763,4.180346952770757,11.705223139050965,12.299407725830076,0.9518542738024074
Mahabad,Northwest,reservoir,2025-12-18,2025,12,Sentinel-2A+Sentinel-2B,2,1,2,2.8754286126825077,4.68235192199516,2.118689898284912,7.248624882956546,12.299407725830076,0.58944921357493
Mahabad,Northwest,reservoir,2025-12-21,2025,12,Sentinel-2B,1,1,1,4.405657738779465,4.622760676415178,4.279646533254467,11.875809635224163,12.299407725830076,0.9657261567649568
Mahabad,Northwest,reservoir,2025-12-23,2025,12,Sentinel-2C,1,1,1,0.0,0.0,0.0,0.0,12.299407725830076,0.0
Mahabad,Northwest,reservoir,2025-12-25,2025,12,Sentinel-2A,1,1,1,0.6843158421952783,5.7035791255056445,0.0,5.877829602494074,12.299407725830076,0.4779778361636521
Mahabad,Northwest,reservoir,2025-12-26,2025,12,Sentinel-2C,1,1,1,1.348405442349422,1.8159701459732356,0.7376298990522795,3.2150322933001347,12.299407725830076,0.2614424511550667
Mahabad,Northwest,reservoir,2025-12-28,2025,12,Sentinel-2A+Sentinel-2B,2,1,2,0.0255870918751436,0.0255870918751436,0.0255870918751436,0.0255870918751436,12.299407725830076,0.0020807106764395
Mahabad,Northwest,reservoir,2025-12-31,2025,12,Sentinel-2B,1,1,1,0.0043940539718328,0.0043940539718328,0.0043940539718328,0.0043940539718328,12.299407725830076,0.00035731903635855623
Zarrineh Rud,Northwest,reservoir,2025-09-04,2025,9,Sentinel-2C,1,1,1,6.576962087646485,10.302394311176617,3.3902360530090334,52.10512951595086,52.116735656604725,0.9998766485111998
Zarrineh Rud,Northwest,reservoir,2025-09-09,2025,9,Sentinel-2B,1,1,1,14.814268819122317,15.443957262775376,14.149306759857176,52.10384288658685,52.116735656604725,0.9998519586069944
Zarrineh Rud,Northwest,reservoir,2025-09-14,2025,9,Sentinel-2C,1,1,1,13.511300353363035,14.70746949432373,10.58196622555542,52.105932562468496,52.116735656604725,0.9998920586535048
Zarrineh Rud,Northwest,reservoir,2025-09-16,2025,9,Sentinel-2A,1,1,1,13.908683379486083,14.663677750720932,13.04065170184326,52.10320149107903,52.116735656604725,0.9998396504830788
Zarrineh Rud,Northwest,reservoir,2025-09-19,2025,9,Sentinel-2B,1,1,1,6.298939977600098,8.169716675125182,4.562230466522217,52.0916276427514,52.116735656604725,0.99961755295096
Zarrineh Rud,Northwest,reservoir,2025-09-24,2025,9,Sentinel-2C,1,1,1,13.490836070739746,14.033677075420902,12.92259920513916,52.09355473015373,52.116735656604725,0.9996545329894156
Zarrineh Rud,Northwest,reservoir,2025-09-26,2025,9,Sentinel-2A,1,1,1,12.825913061706544,13.71829523433706,11.482264922546388,52.00283264278191,52.116735656604725,0.9979136123255584
Zarrineh Rud,Northwest,reservoir,2025-09-29,2025,9,Sentinel-2B,1,1,1,12.362716524383544,12.53242285771556,12.229975419921876,50.12186888850946,52.116735656604725,0.9618186682756212
Zarrineh Rud,Northwest,reservoir,2025-10-04,2025,10,Sentinel-2C,1,1,1,12.374759556511131,13.04500578123109,11.509063851135254,51.94597730562372,52.116735656604725,0.9968225810874478
Zarrineh Rud,Northwest,reservoir,2025-10-06,2025,10,Sentinel-2A,1,1,1,12.33497312689209,12.986206593917908,11.819019566375731,51.926036300862975,52.116735656604725,0.996439921161384
Zarrineh Rud,Northwest,reservoir,2025-10-09,2025,10,Sentinel-2B,1,1,1,11.788488898376464,12.54878890382798,10.946788428222655,52.10962955553215,52.116735656604725,0.9999630024755124
Zarrineh Rud,Northwest,reservoir,2025-10-14,2025,10,Sentinel-2C,1,1,1,11.486502265045166,11.873755241348324,10.927911667022704,51.13735580721063,52.116735656604725,0.9813054571255952
Zarrineh Rud,Northwest,reservoir,2025-10-16,2025,10,Sentinel-2A,1,1,1,11.49339427141592,12.072760151626646,11.09494565319824,52.00191419508904,52.116735656604725,0.9978959876807392
Zarrineh Rud,Northwest,reservoir,2025-10-19,2025,10,Sentinel-2B,1,1,1,11.249254207977296,11.895023610275327,10.686731569458008,52.101596110616384,52.116735656604725,0.9998088438724534
Zarrineh Rud,Northwest,reservoir,2025-10-24,2025,10,Sentinel-2C,1,1,1,10.238104585357666,11.23917098210928,8.613093552062988,52.10866553944939,52.116735656604725,0.99994450339147
Zarrineh Rud,Northwest,reservoir,2025-10-26,2025,10,Sentinel-2A,1,1,1,0.0019275861206054,0.0102803941955566,0.0,0.0994559826523724,52.116735656604725,0.0019085206299775
Zarrineh Rud,Northwest,reservoir,2025-10-29,2025,10,Sentinel-2B,1,1,1,10.453739343620509,10.845604188286035,10.115091854125977,50.95892338121576,52.116735656604725,0.9778814100548582
Zarrineh Rud,Northwest,reservoir,2025-11-03,2025,11,Sentinel-2C,1,1,1,10.229798631866457,10.495777645590508,9.921845116149902,50.70749863588494,52.116735656604725,0.9730566694957312
Zarrineh Rud,Northwest,reservoir,2025-11-05,2025,11,Sentinel-2A,1,1,1,10.152341505249025,10.778221087543445,9.643820405395507,51.0006625034061,52.116735656604725,0.9786823671582217
Zarrineh Rud,Northwest,reservoir,2025-11-08,2025,11,Sentinel-2B,1,1,1,10.171923767089844,10.756028667153751,9.682325398406984,52.10223748705071,52.116735656604725,0.9998211516303565
Zarrineh Rud,Northwest,reservoir,2025-11-13,2025,11,Sentinel-2C,1,1,1,6.469092647033691,7.720329076988429,4.254950766479492,43.22468438639357,52.116735656604725,0.8294644492533297
Zarrineh Rud,Northwest,reservoir,2025-11-15,2025,11,Sentinel-2A,1,1,1,0.0,0.0,0.0,0.0,52.116735656604725,0.0
Zarrineh Rud,Northwest,reservoir,2025-11-18,2025,11,Sentinel-2B,1,1,1,10.26823249069214,11.181002043722954,9.766693744995116,52.09162781194085,52.116735656604725,0.9996175561976384
Zarrineh Rud,Northwest,reservoir,2025-11-23,2025,11,Sentinel-2C,1,1,1,10.106390580328968,10.88942311472168,9.413416499206544,50.91255114456209,52.116735656604725,0.976991545333285
Zarrineh Rud,Northwest,reservoir,2025-11-25,2025,11,Sentinel-2A,1,1,1,10.117494316314698,10.782179449901983,9.447137190612793,49.62008228780707,52.116735656604725,0.9521895835916548
Zarrineh Rud,Northwest,reservoir,2025-11-28,2025,11,Sentinel-2B,1,1,1,10.009840451649266,10.858991317088886,9.378247694000244,52.06365747542351,52.116735656604725,0.9990808165983992
Zarrineh Rud,Northwest,reservoir,2025-12-03,2025,12,Sentinel-2C,1,1,1,10.155566417422186,11.04893881738329,9.369229465497543,52.09806057622307,52.116735656604725,0.9997409983779172
Zarrineh Rud,Northwest,reservoir,2025-12-05,2025,12,Sentinel-2A,1,1,1,0.4558938954215255,0.745655324729291,0.2968763238830566,20.83216322501365,52.116735656604725,0.3997609014730189
Zarrineh Rud,Northwest,reservoir,2025-12-08,2025,12,Sentinel-2B,1,1,1,0.0,0.0,0.0,0.0,52.116735656604725,0.0
Zarrineh Rud,Northwest,reservoir,2025-12-13,2025,12,Sentinel-2C,1,1,1,0.0199450812988281,0.0305517798461914,0.0144761944885253,0.0363380718383789,52.116735656604725,0.0006973131018126493
Zarrineh Rud,Northwest,reservoir,2025-12-18,2025,12,Sentinel-2B,1,1,1,12.236124653352624,13.408082936161527,11.496587759887095,49.0517104648964,52.116735656604725,0.9412827550571216
Zarrineh Rud,Northwest,reservoir,2025-12-23,2025,12,Sentinel-2C,1,1,1,0.0,0.001445287919108,0.0,0.0301059329170975,52.116735656604725,0.0005777208421722726
Zarrineh Rud,Northwest,reservoir,2025-12-25,2025,12,Sentinel-2A,1,1,1,0.056616497917624,0.0588656906666475,0.0305988361307779,0.0588656906666475,52.116735656604725,0.0011296091199244
Zarrineh Rud,Northwest,reservoir,2025-12-28,2025,12,Sentinel-2B,1,1,1,0.004097911171109,0.004097911171109,0.004097911171109,0.004097911171109,52.116735656604725,7.863728054664577e-05
Esteghlal Minab,South coast,reservoir,2025-09-04,2025,9,Sentinel-2B,1,1,1,0.8048944879386154,1.1419256549450445,0.6685896589660645,21.001310253753022,21.00316920198089,1.0
Esteghlal Minab,South coast,reservoir,2025-09-14,2025,9,Sentinel-2B,1,1,1,0.0,0.0,0.0,0.0033612856768439,21.00316920198089,0.00016005123662431032
Esteghlal Minab,South coast,reservoir,2025-09-19,2025,9,Sentinel-2C,1,1,1,1.14263016428833,1.2461406182935528,1.0778478445059982,21.001310253753022,21.00316920198089,1.0
Esteghlal Minab,South coast,reservoir,2025-09-21,2025,9,Sentinel-2A,1,1,1,1.0216622510375977,1.247446707351744,0.8819918412780762,16.067889140418316,21.00316920198089,0.7650898418372213
Esteghlal Minab,South coast,reservoir,2025-09-24,2025,9,Sentinel-2B,1,1,1,1.8068280529952725,2.287740869808184,0.9990422834049,10.54374658808533,21.00316920198089,0.5020518463223559
Esteghlal Minab,South coast,reservoir,2025-09-29,2025,9,Sentinel-2C,1,1,1,1.039209030510637,1.1266792396313237,0.9509404507987228,21.00095576089414,21.00316920198089,0.999983120440839
Esteghlal Minab,South coast,reservoir,2025-10-04,2025,10,Sentinel-2B,1,1,1,1.055515933739397,1.1513150545143278,0.9991509632193772,21.001310253753022,21.00316920198089,1.0
Esteghlal Minab,South coast,reservoir,2025-10-09,2025,10,Sentinel-2C,1,1,1,0.9927713599478928,1.1124877429178874,0.8275791199271407,20.66964697458969,21.00316920198089,0.9842074958583086
Esteghlal Minab,South coast,reservoir,2025-10-11,2025,10,Sentinel-2A,1,1,1,1.0371972916647518,1.4758090658310827,0.8211954668814865,18.90011508953677,21.00316920198089,0.8999493298833219
Esteghlal Minab,South coast,reservoir,2025-10-14,2025,10,Sentinel-2B,1,1,1,1.1792625275090236,1.7029250276661592,0.9156683122863768,19.00144959904843,21.00316920198089,0.9047744816613426
Esteghlal Minab,South coast,reservoir,2025-10-19,2025,10,Sentinel-2C,1,1,1,1.0168738811358282,1.1046097426388013,0.9339243507621016,21.000955758086523,21.00316920198089,0.9999831203071512
Esteghlal Minab,South coast,reservoir,2025-10-24,2025,10,Sentinel-2B,1,1,1,1.0125326139953612,1.1047869776191264,0.9615755450064865,21.001310253753022,21.00316920198089,1.0
Esteghlal Minab,South coast,reservoir,2025-10-29,2025,10,Sentinel-2C,1,1,1,1.027863371980555,1.1268502387116075,0.974691414910051,21.001310253753022,21.00316920198089,1.0
Esteghlal Minab,South coast,reservoir,2025-10-31,2025,10,Sentinel-2A,1,1,1,1.0297251725601495,1.144042236173742,0.9636123382385252,21.001310253753022,21.00316920198089,1.0
Esteghlal Minab,South coast,reservoir,2025-11-03,2025,11,Sentinel-2B,1,1,1,1.0753600664280314,1.2198843257533656,1.009694944135479,21.001310253753022,21.00316920198089,1.0
Esteghlal Minab,South coast,reservoir,2025-11-08,2025,11,Sentinel-2C,1,1,1,0.9652061123788872,1.0504620481030034,0.9224025567321776,21.00060131545957,21.00316920198089,0.999966243139838
Esteghlal Minab,South coast,reservoir,2025-11-13,2025,11,Sentinel-2B,1,1,1,0.9799194663787244,1.0774882498077991,0.9250611696707932,21.000601351775487,21.00316920198089,0.9999662448690594
Esteghlal Minab,South coast,reservoir,2025-11-18,2025,11,Sentinel-2C,1,1,1,0.0017724152221679,0.0035448343811035,0.0010634484558105,0.3856499359777114,21.00316920198089,0.0183631369337441
Esteghlal Minab,South coast,reservoir,2025-11-20,2025,11,Sentinel-2A,1,1,1,0.9668014625976562,1.0894494543918984,0.9130082232291428,21.001310253753022,21.00316920198089,1.0
Esteghlal Minab,South coast,reservoir,2025-11-23,2025,11,Sentinel-2B,1,1,1,0.9699915799987792,1.0860761971862791,0.9080447866141524,20.875480582671475,21.00316920198089,0.9940084847297056
Esteghlal Minab,South coast,reservoir,2025-11-28,2025,11,Sentinel-2C,1,1,1,0.9645830531880696,1.0528454593922336,0.9048522041917988,21.001310253753022,21.00316920198089,1.0
Esteghlal Minab,South coast,reservoir,2025-12-03,2025,12,Sentinel-2B,1,1,1,0.9457949045073863,1.0403494034340055,0.892179448255352,21.001310253753022,21.00316920198089,1.0
Esteghlal Minab,South coast,reservoir,2025-12-08,2025,12,Sentinel-2C,2,1,1,0.9544788338271196,1.0438008595390769,0.8998892793871113,21.001310253753022,21.00316920198089,1.0
Esteghlal Minab,South coast,reservoir,2025-12-10,2025,12,Sentinel-2A,1,1,1,0.0,0.0,0.0,0.0,21.00316920198089,0.0
Esteghlal Minab,South coast,reservoir,2025-12-13,2025,12,Sentinel-2B,1,1,1,0.2998743318629844,0.5245310188867909,0.2339691798095703,3.4200945042347626,21.00316920198089,0.1628514822604259
Esteghlal Minab,South coast,reservoir,2025-12-18,2025,12,Sentinel-2C,1,1,1,0.0,0.0,0.0,0.0,21.00316920198089,0.0
Esteghlal Minab,South coast,reservoir,2025-12-23,2025,12,Sentinel-2B,1,1,1,16.291908690194163,16.749040553863885,15.977058037439562,20.99918341824277,21.00316920198089,0.9998987284371996
Esteghlal Minab,South coast,reservoir,2025-12-28,2025,12,Sentinel-2C,1,1,1,7.705679321518356,8.25663189775893,7.136223658078781,8.534091732282445,21.00316920198089,0.4063599665529138
Esteghlal Minab,South coast,reservoir,2025-12-30,2025,12,Sentinel-2A,1,1,1,16.83190809294769,17.366901209393554,16.448631496325447,21.00095576199277,21.00316920198089,0.9999831204931516
Doroudzan,South/Fars,reservoir,2025-09-05,2025,9,Sentinel-2C,1,1,1,32.14749177454188,33.04802894895403,31.65223636690315,61.094985574136125,61.15372953393555,0.9991155409007996
Doroudzan,South/Fars,reservoir,2025-09-10,2025,9,Sentinel-2B,1,1,1,32.184873757776835,32.92278224951555,31.7868131265418,61.12391818906532,61.15372953393555,0.9995886898007134
Doroudzan,South/Fars,reservoir,2025-09-15,2025,9,Sentinel-2C,1,1,1,31.83432643717233,32.45435635268351,31.512948475110225,61.02412533392808,61.15372953393555,0.9979567294769404
Doroudzan,South/Fars,reservoir,2025-09-17,2025,9,Sentinel-2A,1,1,1,31.702201301945703,32.30088193895371,31.391293117357083,61.06135710865389,61.15372953393555,0.9985655985092234
Doroudzan,South/Fars,reservoir,2025-09-20,2025,9,Sentinel-2B,1,1,1,31.62901377884557,32.19283488187663,31.307589498521637,60.97131671438881,61.15372953393555,0.9970931248458994
Doroudzan,South/Fars,reservoir,2025-09-25,2025,9,Sentinel-2C,1,1,1,31.46555763487178,32.05380407969492,31.151371483806297,61.02146624401863,61.15372953393555,0.9979132441069344
Doroudzan,South/Fars,reservoir,2025-09-30,2025,9,Sentinel-2B,1,1,1,31.62231124276745,32.32166907101788,31.197747930492685,61.07078278785504,61.15372953393555,0.9987197411525992
Doroudzan,South/Fars,reservoir,2025-10-05,2025,10,Sentinel-2C,1,1,1,31.382603315026856,31.937657680134738,30.99737734681265,61.12177028504131,61.15372953393555,0.9995535640981604
Doroudzan,South/Fars,reservoir,2025-10-07,2025,10,Sentinel-2A,1,1,1,31.44177942786136,32.03070722671281,31.04677783734502,61.100151951730126,61.15372953393555,0.9992000291463702
Doroudzan,South/Fars,reservoir,2025-10-10,2025,10,Sentinel-2B,1,1,1,31.464155382743805,32.03457853828281,31.092577076663865,61.1194469632435,61.15372953393555,0.9995155697047924
Doroudzan,South/Fars,reservoir,2025-10-15,2025,10,Sentinel-2C,1,1,1,31.34655325197706,31.877392367319743,30.96358754272856,61.12529839927039,61.15372953393555,0.9996112610388048
Doroudzan,South/Fars,reservoir,2025-10-20,2025,10,Sentinel-2B,1,1,1,31.39456862156839,31.919021298190124,31.02386289472393,61.12874342472206,61.15372953393555,0.9996675991889036
Doroudzan,South/Fars,reservoir,2025-10-25,2025,10,Sentinel-2C,1,1,1,31.29367159344028,31.82647397473324,30.904434791424084,61.13907774921547,61.15372953393555,0.9998366013436476
Doroudzan,South/Fars,reservoir,2025-10-27,2025,10,Sentinel-2A,1,1,1,31.249231259662345,31.789684121484143,30.878598133713307,61.09119366114173,61.15372953393555,0.999053529932684
Doroudzan,South/Fars,reservoir,2025-10-30,2025,10,Sentinel-2B,1,1,1,31.28612229573628,31.84505734158241,30.91361630867693,61.103944438271874,61.15372953393555,0.99926204949398
Doroudzan,South/Fars,reservoir,2025-11-04,2025,11,Sentinel-2C,1,1,1,31.19256009742755,31.763304157143388,30.80668809624717,61.13632146344887,61.15372953393555,0.9997915264832692
Doroudzan,South/Fars,reservoir,2025-11-09,2025,11,Sentinel-2B,1,1,1,31.216995099476417,31.82421419942747,30.80253380625204,61.04729035433058,61.15372953393555,0.9983355581430234
Doroudzan,South/Fars,reservoir,2025-11-14,2025,11,Sentinel-2C,1,1,1,31.195076948614023,31.77440858506374,30.78512626362544,61.11531179496131,61.15372953393555,0.999447945318664
Doroudzan,South/Fars,reservoir,2025-11-16,2025,11,Sentinel-2A,1,1,1,31.03520290622032,31.578669358943568,30.639091594699035,60.95570225563289,61.15372953393555,0.9968377741283374
Doroudzan,South/Fars,reservoir,2025-11-19,2025,11,Sentinel-2B,1,1,1,31.1999617273112,31.79417738790822,30.785279358903832,61.12185317383705,61.15372953393555,0.99955491961831
Doroudzan,South/Fars,reservoir,2025-11-24,2025,11,Sentinel-2C,1,1,1,31.16525695180856,31.71075702307261,30.77511059374593,60.93741169101976,61.15372953393555,0.9965386597708316
Doroudzan,South/Fars,reservoir,2025-12-04,2025,12,Sentinel-2C,1,1,1,31.25502477718697,31.82505981670209,30.829245563946177,61.13873384989295,61.15372953393555,0.9998309773934264
Doroudzan,South/Fars,reservoir,2025-12-06,2025,12,Sentinel-2A,1,1,1,31.248567593823843,31.822062299296423,30.80246402959846,61.08551186823044,61.15372953393555,0.9989606128537372
Doroudzan,South/Fars,reservoir,2025-12-09,2025,12,Sentinel-2B,1,1,1,6.7215451124662495,8.146337597102143,6.242447100386914,11.72060286991098,61.15372953393555,0.1916726285473086
Doroudzan,South/Fars,reservoir,2025-12-14,2025,12,Sentinel-2C,1,1,1,29.434985150472123,30.037844763262346,28.86932845784134,53.57217716295716,61.15372953393555,0.8760914543215886
Doroudzan,South/Fars,reservoir,2025-12-16,2025,12,Sentinel-2A,1,1,1,0.000688978271484375,0.000688978271484375,0.000688978271484375,0.000688978271484375,61.15372953393555,1.1267191438284298e-05
Doroudzan,South/Fars,reservoir,2025-12-19,2025,12,Sentinel-2B,1,1,1,0.1330193436169194,0.1330193436169194,0.1330193436169194,0.1330193436169194,61.15372953393555,0.0021753289930286
Doroudzan,South/Fars,reservoir,2025-12-24,2025,12,Sentinel-2C,1,1,1,32.23925348032814,32.955392140391034,31.75197953084334,60.86556583182656,61.15372953393555,0.9953637300479627
Doroudzan,South/Fars,reservoir,2025-12-26,2025,12,Sentinel-2A,1,1,1,2.4315648876864566,3.040859938914699,1.740945851409912,6.046433341806209,61.15372953393555,0.0988802184344366
Doroudzan,South/Fars,reservoir,2025-12-29,2025,12,Sentinel-2B,1,1,1,30.850493498106594,32.28121526888248,30.068383504865334,49.52576261979248,61.15372953393555,0.8099185005675192
Jiroft,Southeast,reservoir,2025-09-01,2025,9,Sentinel-2A,2,2,1,4.1909813811340335,4.552641138276583,3.984705018188477,11.014400821372124,11.041644844337853,0.997660668780715
Jiroft,Southeast,reservoir,2025-09-04,2025,9,Sentinel-2B,2,2,1,3.247512608551025,3.965273033861826,2.3159604555664064,11.036737726584526,11.041644844337853,0.999683897475049
Jiroft,Southeast,reservoir,2025-09-14,2025,9,Sentinel-2B,2,2,1,4.057308193267822,4.417141521405987,3.567604668914795,11.026965428031058,11.041644844337853,0.9987987437505303
Jiroft,Southeast,reservoir,2025-09-19,2025,9,Sentinel-2C,2,2,1,4.237053525641109,4.502036707237094,4.0800011705932615,11.03150194905767,11.041644844337853,0.9992096520400278
Jiroft,Southeast,reservoir,2025-09-21,2025,9,Sentinel-2A,2,2,1,4.168303749786377,4.505267494476678,3.9909992735595705,11.034643337912652,11.041644844337853,0.9994941922666628
Jiroft,Southeast,reservoir,2025-09-24,2025,9,Sentinel-2B,2,2,1,4.163419282318115,4.44227390158488,4.025556250518799,11.019984996634577,11.041644844337853,0.9981664713311466
Jiroft,Southeast,reservoir,2025-09-29,2025,9,Sentinel-2C,1,1,1,4.062202213439941,4.374303517174934,3.9201489519958495,11.038482610312553,11.041644844337853,0.9998419452794896
Jiroft,Southeast,reservoir,2025-10-04,2025,10,Sentinel-2B,2,2,1,4.171001621277454,4.458843239586086,4.0081083518676754,11.039529464713189,11.041644844337853,0.9999367670930766
Jiroft,Southeast,reservoir,2025-10-09,2025,10,Sentinel-2C,2,2,1,4.147179974975825,4.463982206483729,3.9686695114135744,11.039878527915093,11.041644844337853,0.9999683844849896
Jiroft,Southeast,reservoir,2025-10-11,2025,10,Sentinel-2A,2,2,1,4.1085323159588985,4.456916918077416,3.949823046325684,11.029058955435843,11.041644844337853,0.9989883709472016
Jiroft,Southeast,reservoir,2025-10-14,2025,10,Sentinel-2B,2,2,1,4.051475476026946,4.364000581771911,3.948429044555664,11.036388052298635,11.041644844337853,0.9996522247324664
Jiroft,Southeast,reservoir,2025-10-19,2025,10,Sentinel-2C,2,2,1,4.08584318098336,4.377860120855832,3.935427999299173,11.038133342032523,11.041644844337853,0.9998103093120424
Jiroft,Southeast,reservoir,2025-10-24,2025,10,Sentinel-2B,2,2,1,4.070488346642827,4.378555241820452,3.9131804756469726,11.03534150566778,11.041644844337853,0.9995574307960025
Jiroft,Southeast,reservoir,2025-10-29,2025,10,Sentinel-2C,2,2,1,3.997815554033467,4.336929157562735,3.877232180786133,11.03534112685308,11.041644844337853,0.999557396483784
Jiroft,Southeast,reservoir,2025-10-31,2025,10,Sentinel-2A,2,2,1,4.067765915411855,4.409864338642794,3.863621262939453,11.023474520316215,11.041644844337853,0.9984825448594674
Jiroft,Southeast,reservoir,2025-11-03,2025,11,Sentinel-2B,2,2,1,4.05441973790379,4.376577292251887,3.8657152554626464,10.955418609793757,11.041644844337853,0.9923181872782024
Jiroft,Southeast,reservoir,2025-11-08,2025,11,Sentinel-2C,2,2,1,3.837093708068848,4.10399584022169,3.70970027532959,10.8053292032691,11.041644844337853,0.9787234125720068
Jiroft,Southeast,reservoir,2025-11-13,2025,11,Sentinel-2B,2,2,1,3.794866637664795,4.019144777627264,3.718431029327393,10.522989557395078,11.041644844337853,0.9531496964439882
Jiroft,Southeast,reservoir,2025-11-18,2025,11,Sentinel-2C,2,2,1,3.418271341217041,3.6035041709415214,3.353353836578369,10.143002757747048,11.041644844337853,0.9187313117480994
Jiroft,Southeast,reservoir,2025-11-20,2025,11,Sentinel-2A,2,2,1,4.0632890193842846,4.433211329974244,3.830720986834596,11.037086143607231,11.041644844337853,0.9997154563374442
Jiroft,Southeast,reservoir,2025-11-23,2025,11,Sentinel-2B,2,2,1,3.9240275048126807,4.15884140271738,3.7555061807724894,9.779288829208689,11.041644844337853,0.8857868886173969
Jiroft,Southeast,reservoir,2025-11-28,2025,11,Sentinel-2C,2,2,1,3.960462110873353,4.325013432591576,3.8229668404701385,10.566972387045956,11.041644844337853,0.9571335662845716
Jiroft,Southeast,reservoir,2025-12-03,2025,12,Sentinel-2B,2,2,1,3.9477278875467934,4.295343241382554,3.820348661346436,10.999391936759086,11.041644844337853,0.996301196386026
Jiroft,Southeast,reservoir,2025-12-08,2025,12,Sentinel-2C,2,2,1,3.996148768112243,4.437438398375987,3.8371015762329104,11.030804596518609,11.041644844337853,0.9991464873512008
Jiroft,Southeast,reservoir,2025-12-10,2025,12,Sentinel-2A,2,2,1,0.0,0.0,0.0,0.0,11.041644844337853,0.0
Jiroft,Southeast,reservoir,2025-12-13,2025,12,Sentinel-2B,2,2,1,4.453735943049172,4.844273914084877,4.240687702462709,11.03813351998052,11.041644844337853,0.999810325430188
Jiroft,Southeast,reservoir,2025-12-18,2025,12,Sentinel-2C,2,2,1,0.0,0.0,0.0,0.0,11.041644844337853,0.0
Jiroft,Southeast,reservoir,2025-12-23,2025,12,Sentinel-2B,2,2,1,5.371220319504204,5.753368646068977,5.102202600958731,11.031502187735647,11.041644844337853,0.9992096736589644
Jiroft,Southeast,reservoir,2025-12-28,2025,12,Sentinel-2C,2,2,1,2.174412737183096,2.834230266905182,1.8209002714939493,6.689762110717906,11.041644844337853,0.6059442224412606
Jiroft,Southeast,reservoir,2025-12-30,2025,12,Sentinel-2A,2,2,1,5.448081474094167,5.962452710651951,5.1364836036269255,11.020681515921684,11.041644844337853,0.9982295605458088
Chah Nimeh,Southeast/Sistan,reservoir,2025-09-01,2025,9,Sentinel-2B,1,1,1,0.0,0.0,0.0,1.0527515472896791,151.55051634721846,0.0069471228620809
Chah Nimeh,Southeast/Sistan,reservoir,2025-09-03,2025,9,Sentinel-2C,2,2,1,21.418390193721635,21.75116324426425,21.08778907449221,147.88955621599123,151.55051634721846,0.9759253450599952
Chah Nimeh,Southeast/Sistan,reservoir,2025-09-06,2025,9,Sentinel-2C,1,1,1,0.0,0.0,0.0,0.9619839639101532,151.55051634721846,0.0063481462514503
Chah Nimeh,Southeast/Sistan,reservoir,2025-09-08,2025,9,Sentinel-2B,2,2,1,20.743581375424853,21.15117504407624,20.34826522769165,145.95983375433963,151.55051634721846,0.963191078304154
Chah Nimeh,Southeast/Sistan,reservoir,2025-09-11,2025,9,Sentinel-2B,1,1,1,0.0,0.0005123394582711014,0.0,1.080355336350146,151.55051634721846,0.0071292806699281
Chah Nimeh,Southeast/Sistan,reservoir,2025-09-13,2025,9,Sentinel-2C,2,2,1,17.820865260009764,18.21939915929709,17.483550490417482,145.80277152012883,151.55051634721846,0.962154622322812
Chah Nimeh,Southeast/Sistan,reservoir,2025-09-15,2025,9,Sentinel-2A,2,2,1,3.522259060791016,3.820745659920008,3.3551631857299804,123.93711629476276,151.55051634721846,0.8178628436010441
Chah Nimeh,Southeast/Sistan,reservoir,2025-09-16,2025,9,Sentinel-2C,1,1,1,0.0,0.0,0.0,1.0358242919488638,151.55051634721846,0.006835419656445
Chah Nimeh,Southeast/Sistan,reservoir,2025-09-18,2025,9,Sentinel-2A+Sentinel-2B,3,2,2,20.79687006596632,21.205907206169694,20.380755534454345,150.26121343472633,151.55051634721846,0.9915759457432352
Chah Nimeh,Southeast/Sistan,reservoir,2025-09-21,2025,9,Sentinel-2B,1,1,1,0.0,0.00068405029296875,0.0,1.1695973433346003,151.55051634721846,0.0077181899796089
Chah Nimeh,Southeast/Sistan,reservoir,2025-09-23,2025,9,Sentinel-2C,2,2,1,2.69963213861084,2.97460480625742,2.5814565177307127,108.15817173219514,151.55051634721846,0.71373735759028
Chah Nimeh,Southeast/Sistan,reservoir,2025-09-26,2025,9,Sentinel-2C,1,1,1,0.0,0.0,0.0,0.952583403191542,151.55051634721846,0.0062861118137401
Chah Nimeh,Southeast/Sistan,reservoir,2025-09-28,2025,9,Sentinel-2B,2,2,1,21.08280119196825,21.43107034324736,20.814595236633306,148.31114443044615,151.55051634721846,0.9787074118549228
Chah Nimeh,Southeast/Sistan,reservoir,2025-10-01,2025,10,Sentinel-2B,1,1,1,0.0,0.0015383455923043,0.0,0.9845450287462424,151.55051634721846,0.0064970270483669
Chah Nimeh,Southeast/Sistan,reservoir,2025-10-03,2025,10,Sentinel-2C,2,2,1,20.667457506025844,21.05971372962216,20.34234345666504,147.53902927985797,151.55051634721846,0.973612212680322
Chah Nimeh,Southeast/Sistan,reservoir,2025-10-06,2025,10,Sentinel-2C,1,1,1,0.0,0.0008543872793160233,0.0,0.947794615868544,151.55051634721846,0.0062545105361368
Chah Nimeh,Southeast/Sistan,reservoir,2025-10-08,2025,10,Sentinel-2A+Sentinel-2B,3,2,2,20.660264254835656,20.953921379746262,20.499815238952635,147.7411435078106,151.55051634721846,0.9749459674274668
Chah Nimeh,Southeast/Sistan,reservoir,2025-10-11,2025,10,Sentinel-2B,1,1,1,0.0,0.0008543671377144608,0.0,1.1320738589934696,151.55051634721846,0.0074705719574817
Chah Nimeh,Southeast/Sistan,reservoir,2025-10-13,2025,10,Sentinel-2C,2,2,1,20.48486548197799,20.76430892186925,20.305934103302,148.43816436577168,151.55051634721846,0.9795456182664092
Chah Nimeh,Southeast/Sistan,reservoir,2025-10-15,2025,10,Sentinel-2A,2,2,1,12.552200808868408,13.390777553797465,11.665011243286132,139.89871107866486,151.55051634721846,0.923193641094526
Chah Nimeh,Southeast/Sistan,reservoir,2025-10-16,2025,10,Sentinel-2C,1,1,1,0.0,0.00034206735229492185,0.0,1.2570262427487828,151.55051634721846,0.008295134565908
Chah Nimeh,Southeast/Sistan,reservoir,2025-10-18,2025,10,Sentinel-2B,2,2,1,20.722945121595917,21.1297631215058,20.38068936706543,147.8605638955428,151.55051634721846,0.9757340243132048
Chah Nimeh,Southeast/Sistan,reservoir,2025-10-21,2025,10,Sentinel-2B,1,1,1,0.0,0.0008543664968453202,0.0,0.9941159423647414,151.55051634721846,0.0065601856473557
Chah Nimeh,Southeast/Sistan,reservoir,2025-10-23,2025,10,Sentinel-2C,2,2,1,20.510006529321053,20.896287350956463,20.154990942504885,148.47129574597716,151.55051634721846,0.9797642527290896
Chah Nimeh,Southeast/Sistan,reservoir,2025-10-26,2025,10,Sentinel-2C,1,1,1,0.0,0.0010260905456542,0.0,0.9336119578468492,151.55051634721846,0.0061609189683625
Chah Nimeh,Southeast/Sistan,reservoir,2025-10-28,2025,10,Sentinel-2A+Sentinel-2B,3,2,2,20.719156382246545,21.081640535153976,20.46351180963135,151.1184912987551,151.55051634721846,0.9972331349097416
Chah Nimeh,Southeast/Sistan,reservoir,2025-10-31,2025,10,Sentinel-2B,1,1,1,0.0,0.0,0.0,1.0652293934448234,151.55051634721846,0.0070294643514068
Chah Nimeh,Southeast/Sistan,reservoir,2025-11-04,2025,11,Sentinel-2A,2,2,1,13.905414178771972,14.156247981668988,13.662646948120118,131.05958215405172,151.55051634721846,0.8648641000065524
Chah Nimeh,Southeast/Sistan,reservoir,2025-11-05,2025,11,Sentinel-2C,1,1,1,0.0,0.0075218817253561,0.0,0.8579698775458852,151.55051634721846,0.00566175577383
Chah Nimeh,Southeast/Sistan,reservoir,2025-11-07,2025,11,Sentinel-2B,2,2,1,20.476315763166955,20.804970769897224,20.296692637176516,148.01652031962354,151.55051634721846,0.9767631830373208
Chah Nimeh,Southeast/Sistan,reservoir,2025-11-10,2025,11,Sentinel-2B,1,1,1,0.0,0.0037596990309771,0.0,1.2465080945456095,151.55051634721846,0.0082257251520372
Chah Nimeh,Southeast/Sistan,reservoir,2025-11-12,2025,11,Sentinel-2C,2,2,1,20.395331097787057,20.761583500890996,20.19395615740967,147.77482955720853,151.55051634721846,0.975168262160263
Chah Nimeh,Southeast/Sistan,reservoir,2025-11-15,2025,11,Sentinel-2C,1,1,1,0.0,0.0043564984474331,0.0,0.9486517636359738,151.55051634721846,0.0062601668667939
Chah Nimeh,Southeast/Sistan,reservoir,2025-11-17,2025,11,Sentinel-2A+Sentinel-2B,3,2,2,1.8720305183410644,1.9650594076553645,1.8367518619689944,20.09127179387436,151.55051634721846,0.1325825964985269
Chah Nimeh,Southeast/Sistan,reservoir,2025-11-20,2025,11,Sentinel-2B,1,1,1,0.0,0.0034163161455939,0.0,1.3041295905449355,151.55051634721846,0.0086059702471261
Chah Nimeh,Southeast/Sistan,reservoir,2025-11-22,2025,11,Sentinel-2C,2,2,1,20.045716983050895,20.42102627089401,19.848383821777343,146.95272457511493,151.55051634721846,0.969743179356218
Chah Nimeh,Southeast/Sistan,reservoir,2025-11-24,2025,11,Sentinel-2A,2,2,1,20.021827231337124,20.399029232006235,19.811730771759034,148.37986109282943,151.55051634721846,0.9791608741152994
Chah Nimeh,Southeast/Sistan,reservoir,2025-11-25,2025,11,Sentinel-2C,1,1,1,0.0,0.0055526687473671,0.0,0.7963434974288648,151.55051634721846,0.0052550823898578
Chah Nimeh,Southeast/Sistan,reservoir,2025-11-27,2025,11,Sentinel-2B,2,2,1,20.11497203999191,20.504152515193084,19.930216778564454,147.35149632172082,151.55051634721846,0.9723746799460103
Chah Nimeh,Southeast/Sistan,reservoir,2025-11-30,2025,11,Sentinel-2B,1,1,1,0.0,0.0017103499755859,0.0,0.6318915043077645,151.55051634721846,0.0041698612813563
Chah Nimeh,Southeast/Sistan,reservoir,2025-12-02,2025,12,Sentinel-2C,2,2,1,20.227079419823983,20.69279876005213,19.980942187591552,147.97662525948826,151.55051634721846,0.9764999149518324
Chah Nimeh,Southeast/Sistan,reservoir,2025-12-05,2025,12,Sentinel-2C,1,1,1,0.0,0.0038440913539512,0.0,0.9350646860630428,151.55051634721846,0.0061705055431143
Chah Nimeh,Southeast/Sistan,reservoir,2025-12-07,2025,12,Sentinel-2A+Sentinel-2B,3,2,2,20.26541725274216,20.694745052452536,20.038449200866697,149.77292149519673,151.55051634721846,0.988353700090679
Chah Nimeh,Southeast/Sistan,reservoir,2025-12-10,2025,12,Sentinel-2B,1,1,1,0.0,0.0035877995409198,0.0,1.0689022174854956,151.55051634721846,0.0070537013709838
Chah Nimeh,Southeast/Sistan,reservoir,2025-12-12,2025,12,Sentinel-2C,2,2,1,11.655410200635004,12.193245541650988,11.52523204336548,99.95842705033768,151.55051634721846,0.6596271224742973
Chah Nimeh,Southeast/Sistan,reservoir,2025-12-15,2025,12,Sentinel-2C,1,1,1,0.0,0.0029038045163622,0.0,0.8050610048700078,151.55051634721846,0.0053126093489971
Chah Nimeh,Southeast/Sistan,reservoir,2025-12-17,2025,12,Sentinel-2B,2,2,1,0.0,0.0,0.0,0.0,151.55051634721846,0.0
Chah Nimeh,Southeast/Sistan,reservoir,2025-12-20,2025,12,Sentinel-2B,1,1,1,0.0,0.0,0.0,0.0,151.55051634721846,0.0
Chah Nimeh,Southeast/Sistan,reservoir,2025-12-22,2025,12,Sentinel-2C,2,2,1,20.28574027141436,21.28868101905518,19.94975213845825,148.94597188096952,151.55051634721846,0.9828966474883084
Chah Nimeh,Southeast/Sistan,reservoir,2025-12-25,2025,12,Sentinel-2C,1,1,1,0.0,0.0,0.0,0.233614307970593,151.55051634721846,0.0015416242360222
Chah Nimeh,Southeast/Sistan,reservoir,2025-12-27,2025,12,Sentinel-2A+Sentinel-2B,3,2,2,19.966197182959345,21.88930683109204,19.504913033833702,151.2207216466777,151.55051634721846,0.99790775447129
Chah Nimeh,Southeast/Sistan,reservoir,2025-12-30,2025,12,Sentinel-2B,1,1,1,0.0,0.0019649938785328,0.0,1.0136011720403932,151.55051634721846,0.0066887689630498
Kowsar,Zagros/south,reservoir,2025-09-03,2025,9,Sentinel-2B,2,2,1,11.31988877876742,12.520360965230427,9.888320290295292,18.999003062471537,19.01026299145508,0.999566724248466
Kowsar,Zagros/south,reservoir,2025-09-05,2025,9,Sentinel-2C,1,1,1,0.0,0.0,0.0,0.040621069878552,19.01026299145508,0.0021371368603111
Kowsar,Zagros/south,reservoir,2025-09-08,2025,9,Sentinel-2C,2,2,1,11.97135108465875,12.5829901692767,11.51511148747678,19.00638118695873,19.01026299145508,0.9999548987069103
Kowsar,Zagros/south,reservoir,2025-09-13,2025,9,Sentinel-2B,2,2,1,12.11030622305848,12.793545322952692,11.681013348757752,19.002950233324743,19.01026299145508,0.9997743909679676
Kowsar,Zagros/south,reservoir,2025-09-18,2025,9,Sentinel-2C,2,2,1,11.965265178783936,12.497046789482686,11.548484150544288,18.91863412126934,19.01026299145508,0.9953383908446212
Kowsar,Zagros/south,reservoir,2025-09-20,2025,9,Sentinel-2A,2,2,1,11.821933985525328,12.49095127539003,11.335851503873576,18.96143188747525,19.01026299145508,0.9975900470410504
Kowsar,Zagros/south,reservoir,2025-09-23,2025,9,Sentinel-2B,2,2,1,11.98096649303696,12.639766649463729,11.53562389336787,18.999174797395263,19.01026299145508,0.9995757594865036
Kowsar,Zagros/south,reservoir,2025-09-25,2025,9,Sentinel-2C,1,1,1,0.0,0.0,0.0,0.0267394413129021,19.01026299145508,0.0014068030661128
Kowsar,Zagros/south,reservoir,2025-09-28,2025,9,Sentinel-2C,2,2,1,11.809755325177,12.405613439830828,11.38636216499167,19.003121756654892,19.01026299145508,0.9997834150737426
Kowsar,Zagros/south,reservoir,2025-09-30,2025,9,Sentinel-2B,1,1,1,0.0,0.0,0.0,0.0,19.01026299145508,0.0
Kowsar,Zagros/south,reservoir,2025-10-03,2025,10,Sentinel-2B,2,2,1,11.735203138497385,12.3680385400545,11.317654670991066,18.8560326595677,19.01026299145508,0.9920448318194176
Kowsar,Zagros/south,reservoir,2025-10-05,2025,10,Sentinel-2C,1,1,1,0.0,0.00034304193115234375,0.0,0.0608511149940639,19.01026299145508,0.0032014705972456
Kowsar,Zagros/south,reservoir,2025-10-07,2025,10,Sentinel-2A,1,1,1,0.0,0.0,0.0,0.0110525191874186,19.01026299145508,0.0005814900056879181
Kowsar,Zagros/south,reservoir,2025-10-08,2025,10,Sentinel-2C,2,2,1,11.698759848120474,12.259796305733712,11.29055100753042,19.003806859392142,19.01026299145508,0.9998194593807302
Kowsar,Zagros/south,reservoir,2025-10-10,2025,10,Sentinel-2A,2,2,1,11.711872263960414,12.306698822806563,11.304783880370492,18.99316982280168,19.01026299145508,0.9992598285524452
Kowsar,Zagros/south,reservoir,2025-10-13,2025,10,Sentinel-2B,2,2,1,11.729461567373477,12.317928124200202,11.323832904071285,19.00312080877892,19.01026299145508,0.9997833652045318
Kowsar,Zagros/south,reservoir,2025-10-18,2025,10,Sentinel-2C,2,2,1,11.65415887964537,12.207217892448154,11.230254704527011,19.00380675662437,19.01026299145508,0.9998194539739602
Kowsar,Zagros/south,reservoir,2025-10-23,2025,10,Sentinel-2B,2,2,1,11.767803529169417,12.380277673603612,11.34571587908744,19.00071838299767,19.01026299145508,0.999656969895235
Kowsar,Zagros/south,reservoir,2025-10-25,2025,10,Sentinel-2C,1,1,1,0.000343038818359375,0.0006860763854980469,0.0,0.0510777569814644,19.01026299145508,0.0026872792251279
Kowsar,Zagros/south,reservoir,2025-10-27,2025,10,Sentinel-2A,1,1,1,0.0,0.0,0.0,0.0275963616382075,19.01026299145508,0.0014518869602356
Kowsar,Zagros/south,reservoir,2025-10-28,2025,10,Sentinel-2C,2,2,1,11.497622654706646,12.056776853498986,11.12347109378554,18.97360963977257,19.01026299145508,0.9982307372884556
Kowsar,Zagros/south,reservoir,2025-10-30,2025,10,Sentinel-2A,2,2,1,11.50954100573802,12.115847049729526,11.090189992517448,18.974302096948502,19.01026299145508,0.9982671685237552
Kowsar,Zagros/south,reservoir,2025-11-02,2025,11,Sentinel-2B,2,2,1,11.544088150194831,12.15699462887118,11.14790938494442,18.844109049243183,19.01026299145508,0.9914175123714388
Kowsar,Zagros/south,reservoir,2025-11-04,2025,11,Sentinel-2C,1,1,1,0.000343038818359375,0.0017152083740234,0.0,0.2174092383413272,19.01026299145508,0.0114382338628837
Kowsar,Zagros/south,reservoir,2025-11-07,2025,11,Sentinel-2C,2,2,1,0.9968846926157034,1.1338180453431372,0.9118171010131836,2.8022361405074765,19.01026299145508,0.1474299462096799
Kowsar,Zagros/south,reservoir,2025-11-09,2025,11,Sentinel-2A,2,2,1,11.35796624157128,11.996266976978015,10.896073855334352,18.973707014983788,19.01026299145508,0.998235860347838
Kowsar,Zagros/south,reservoir,2025-11-12,2025,11,Sentinel-2B,2,2,1,0.5625983407413258,0.9066469812051212,0.3657444244384765,3.963606934436996,19.01026299145508,0.2085314469731076
Kowsar,Zagros/south,reservoir,2025-11-14,2025,11,Sentinel-2C,1,1,1,0.0,0.0,0.0,0.0245103651196049,19.01026299145508,0.0012895279448178
Kowsar,Zagros/south,reservoir,2025-11-17,2025,11,Sentinel-2C,2,2,1,4.485423897087425,5.206780733861467,3.607421323192282,9.479777424751797,19.01026299145508,0.4987456465955767
Kowsar,Zagros/south,reservoir,2025-11-19,2025,11,Sentinel-2A,2,2,1,11.270740295472145,11.876445696213183,10.83903120128054,18.888024759628497,19.01026299145508,0.9937279853277596
Kowsar,Zagros/south,reservoir,2025-11-22,2025,11,Sentinel-2B,2,2,1,11.403077274084948,12.041367740580238,10.978334737030984,18.96657596085303,19.01026299145508,0.997860684640224
Kowsar,Zagros/south,reservoir,2025-11-24,2025,11,Sentinel-2C,1,1,1,0.000343038818359375,0.0072039317016601,0.0,0.3329843484993742,19.01026299145508,0.0175188178748696
Kowsar,Zagros/south,reservoir,2025-11-27,2025,11,Sentinel-2C,2,2,1,11.102713043614044,11.69584325884698,10.710290708920825,19.001578306308303,19.01026299145508,0.9997022117810273
Kowsar,Zagros/south,reservoir,2025-12-02,2025,12,Sentinel-2B,2,2,1,0.0,0.0,0.0,0.0,19.01026299145508,0.0
Kowsar,Zagros/south,reservoir,2025-12-04,2025,12,Sentinel-2C,1,1,1,0.000343038818359375,0.0034304074096679,0.0,0.2180953377981143,19.01026299145508,0.0114743306088169
Kowsar,Zagros/south,reservoir,2025-12-07,2025,12,Sentinel-2C,2,2,1,11.152623597889974,11.769201665361948,10.713977139376649,19.006208911501087,19.01026299145508,0.9999458350305532
Kowsar,Zagros/south,reservoir,2025-12-09,2025,12,Sentinel-2A,2,2,1,0.0,0.0,0.0,0.0,19.01026299145508,0.0
Kowsar,Zagros/south,reservoir,2025-12-12,2025,12,Sentinel-2B,2,2,1,0.0051457318115234,0.00857679397583,0.00274422366333,0.0169783983428356,19.01026299145508,0.0008932596072925788
Kowsar,Zagros/south,reservoir,2025-12-14,2025,12,Sentinel-2C,1,1,1,0.008919138885498,0.0233257570251464,0.0041164969177246,0.3400148093824213,19.01026299145508,0.0178887012172595
Kowsar,Zagros/south,reservoir,2025-12-17,2025,12,Sentinel-2C,2,2,1,0.0,0.0,0.0,0.0,19.01026299145508,0.0
Kowsar,Zagros/south,reservoir,2025-12-19,2025,12,Sentinel-2A,2,2,1,0.0,0.0,0.0,0.0,19.01026299145508,0.0
Kowsar,Zagros/south,reservoir,2025-12-22,2025,12,Sentinel-2B,2,2,1,11.332772934531055,12.077805485006293,10.864121505906644,18.774319023434888,19.01026299145508,0.9877457519504824
Kowsar,Zagros/south,reservoir,2025-12-24,2025,12,Sentinel-2C,1,1,1,0.0017152127685546,0.0108052168425915,0.0006860769958496094,0.3238956292019725,19.01026299145508,0.017040646396827
Kowsar,Zagros/south,reservoir,2025-12-27,2025,12,Sentinel-2C,2,2,1,0.0005138183131797641,0.0005138183131797641,0.0005138183131797641,0.0005138183131797641,19.01026299145508,2.703277042880568e-05
Kowsar,Zagros/south,reservoir,2025-12-29,2025,12,Sentinel-2A,2,2,1,5.897493244901888,6.45214377821679,5.439019816088626,11.667594364927073,19.01026299145508,0.6138500552298379
Marun,Zagros/south,reservoir,2025-09-03,2025,9,Sentinel-2B,2,2,1,8.573175355166805,9.207827716108136,7.706238068247357,20.38507447403849,20.38903181505917,0.9999327386744618
Marun,Zagros/south,reservoir,2025-09-08,2025,9,Sentinel-2C,2,2,1,8.838142681718058,9.301372963545615,8.543991717980838,20.37813575222464,20.38903181505917,0.999592379108199
Marun,Zagros/south,reservoir,2025-09-13,2025,9,Sentinel-2B,2,2,1,8.825500741112085,9.329240550093948,8.548278412578988,20.356460185698232,20.38903181505917,0.9985291448959976
Marun,Zagros/south,reservoir,2025-09-18,2025,9,Sentinel-2C,2,2,1,8.701539439598413,9.154464415209722,8.439309317211555,20.371665665775524,20.38903181505917,0.9992750071373108
Marun,Zagros/south,reservoir,2025-09-20,2025,9,Sentinel-2A,2,2,1,8.575704768565819,9.050282149608655,8.23644403998078,20.37907921978397,20.38903181505917,0.9996386582670834
Marun,Zagros/south,reservoir,2025-09-23,2025,9,Sentinel-2B,2,2,1,8.600027091545435,9.069102104656984,8.303949596874642,20.34112083099051,20.38903181505917,0.9977767158096124
Marun,Zagros/south,reservoir,2025-09-28,2025,9,Sentinel-2C,2,2,1,8.344119493656653,8.796280761607811,8.051675008385512,20.37899225959984,20.38903181505917,0.999634392678788
Marun,Zagros/south,reservoir,2025-10-03,2025,10,Sentinel-2B,2,2,1,8.032589741604914,8.469121550532082,7.748428173572615,20.377191029000645,20.38903181505917,0.9995460383562011
Marun,Zagros/south,reservoir,2025-10-08,2025,10,Sentinel-2C,2,2,1,7.89139419648976,8.279775703554998,7.615974612310192,20.300068267464997,20.38903181505917,0.9957629972760866
Marun,Zagros/south,reservoir,2025-10-10,2025,10,Sentinel-2A,2,2,1,7.887981279857321,8.322272930096794,7.5998793636575135,20.383017945321445,20.38903181505917,0.999831861417682
Marun,Zagros/south,reservoir,2025-10-13,2025,10,Sentinel-2B,2,2,1,7.930307136808149,8.341634435884483,7.646919588850073,20.385417825204257,20.38903181505917,0.9999495808043228
Marun,Zagros/south,reservoir,2025-10-18,2025,10,Sentinel-2C,2,2,1,7.769931642545214,8.190510942983352,7.367609853658639,20.38027597538126,20.38903181505917,0.9996973617613208
Marun,Zagros/south,reservoir,2025-10-23,2025,10,Sentinel-2B,2,2,1,7.838452414628571,8.287311329382803,7.565635753144388,20.378905069802645,20.38903181505917,0.999630115827467
Marun,Zagros/south,reservoir,2025-10-28,2025,10,Sentinel-2C,2,2,1,7.709360074264826,8.142629955617629,7.427878244904522,20.386102937234288,20.38903181505917,0.9999831870562575
Marun,Zagros/south,reservoir,2025-10-30,2025,10,Sentinel-2A,2,2,1,7.653947197558593,8.140724618487429,7.346829331969018,20.30315346375406,20.38903181505917,0.9959143329397656
Marun,Zagros/south,reservoir,2025-11-02,2025,11,Sentinel-2B,2,2,1,7.597368495539168,8.05626045924132,7.317269343852204,20.22663330121157,20.38903181505917,0.9921608506656454
Marun,Zagros/south,reservoir,2025-11-07,2025,11,Sentinel-2C,2,2,1,3.2836071247027228,3.548092695273127,2.529715003967285,6.685818203929717,20.38903181505917,0.3279540879504363
Marun,Zagros/south,reservoir,2025-11-09,2025,11,Sentinel-2A,2,2,1,7.586619978173709,8.148677561367498,7.213881052412085,20.384389091836336,20.38903181505917,0.9998991191699902
Marun,Zagros/south,reservoir,2025-11-12,2025,11,Sentinel-2B,2,2,1,2.510472219486371,3.431764412537818,1.4933785788173302,8.219613231136549,20.38903181505917,0.4031901075231605
Marun,Zagros/south,reservoir,2025-11-17,2025,11,Sentinel-2C,2,2,1,6.976003132506726,7.895220471990847,3.943388089917232,20.36588614902676,20.38903181505917,0.998991509129091
Marun,Zagros/south,reservoir,2025-11-19,2025,11,Sentinel-2A,2,2,1,7.504804312740073,8.113872995465089,7.164952670631199,20.384731893777257,20.38903181505917,0.999915934359164
Marun,Zagros/south,reservoir,2025-11-22,2025,11,Sentinel-2B,2,2,1,7.568363071264409,8.169776750840013,7.210961081006099,20.365624039508265,20.38903181505917,0.9989786520807148
Marun,Zagros/south,reservoir,2025-11-27,2025,11,Sentinel-2C,2,2,1,7.208273767078833,7.933049304048546,6.1968572538616105,20.38198996274698,20.38903181505917,0.9997814366114198
Marun,Zagros/south,reservoir,2025-12-02,2025,12,Sentinel-2B,2,2,1,0.0,0.0,0.0,0.0,20.38903181505917,0.0
Marun,Zagros/south,reservoir,2025-12-07,2025,12,Sentinel-2C,2,2,1,7.61299182147528,8.246693679972092,7.185656578861849,20.37941963125416,20.38903181505917,0.9996553561984102
Marun,Zagros/south,reservoir,2025-12-09,2025,12,Sentinel-2A,2,2,1,0.0,0.0,0.0,0.0,20.38903181505917,0.0
Marun,Zagros/south,reservoir,2025-12-12,2025,12,Sentinel-2B,2,2,1,1.357196023458563,1.6341715796166512,1.1365938484786688,3.562788019438862,20.38903181505917,0.1747625884875311
Marun,Zagros/south,reservoir,2025-12-17,2025,12,Sentinel-2C,2,2,1,0.0,0.0,0.0,0.0,20.38903181505917,0.0
Marun,Zagros/south,reservoir,2025-12-19,2025,12,Sentinel-2A,2,2,1,0.0,0.0,0.0,0.0,20.38903181505917,0.0
Marun,Zagros/south,reservoir,2025-12-22,2025,12,Sentinel-2B,2,2,1,8.561830205208455,9.42516751782107,8.111178020427987,20.38644569339884,20.38903181505917,1.0000000000000002
Marun,Zagros/south,reservoir,2025-12-27,2025,12,Sentinel-2C,2,2,1,0.0520963151855468,0.1398413621520996,0.0205641908569335,0.3386391958618164,20.38903181505917,0.0166109973731943
Marun,Zagros/south,reservoir,2025-12-29,2025,12,Sentinel-2A,2,2,1,9.719052646544217,10.743531717961451,9.204191458052929,20.17639438035493,20.38903181505917,0.9896965211001976
Dez,Zagros/southwest,reservoir,2025-09-01,2025,9,Sentinel-2C,1,1,1,26.501884831614536,38.20314292380754,14.621394364866727,62.77762329484744,62.84220351562093,0.9990902673881122
Dez,Zagros/southwest,reservoir,2025-09-06,2025,9,Sentinel-2B,1,1,1,37.71424568941854,41.46079740063285,32.27939326138605,62.79297971206091,62.84220351562093,0.9993346609502558
Dez,Zagros/southwest,reservoir,2025-09-13,2025,9,Sentinel-2A,1,1,1,38.84062501875562,40.79749661677473,36.71301945309125,62.57391461679676,62.84220351562093,0.9958482944216136
Dez,Zagros/southwest,reservoir,2025-09-16,2025,9,Sentinel-2B,1,1,1,39.14219403276583,40.596973862720205,37.93341721934755,62.42107434137812,62.84220351562093,0.9934158794364446
Dez,Zagros/southwest,reservoir,2025-09-21,2025,9,Sentinel-2C,1,1,1,13.907244446276856,15.18903432895173,12.344780009749948,24.33785135390204,62.84220351562093,0.3873308535848611
Dez,Zagros/southwest,reservoir,2025-09-26,2025,9,Sentinel-2B,1,1,1,36.202573638667324,37.92574217052289,34.24720905955212,62.7182734705624,62.84220351562093,0.9981457296897688
Dez,Zagros/southwest,reservoir,2025-10-01,2025,10,Sentinel-2C,1,1,1,36.006369224414414,37.57777567027468,34.2450825722655,62.462572367523926,62.84220351562093,0.9940763102055956
Dez,Zagros/southwest,reservoir,2025-10-03,2025,10,Sentinel-2A,1,1,1,35.52044819342472,37.25952460461929,33.895489401983035,62.72256002059997,62.84220351562093,0.9982139490679236
Dez,Zagros/southwest,reservoir,2025-10-06,2025,10,Sentinel-2B,1,1,1,35.68483797006931,37.14323262620717,34.397236469334736,62.43435083497889,62.84220351562093,0.9936271715313886
Dez,Zagros/southwest,reservoir,2025-10-11,2025,10,Sentinel-2C,1,1,1,33.398512103592935,35.30694202972066,30.47385705993629,62.78006362315017,62.84220351562093,0.9991291046063522
Dez,Zagros/southwest,reservoir,2025-10-16,2025,10,Sentinel-2B,1,1,1,33.783860563015324,35.14645844217565,32.68485193341555,62.19288242668733,62.84220351562093,0.9897842618456758
Dez,Zagros/southwest,reservoir,2025-10-21,2025,10,Sentinel-2C,1,1,1,31.45836492429116,33.17004890367036,29.34675964346098,62.806914883343154,62.84220351562093,0.9995564357367444
Dez,Zagros/southwest,reservoir,2025-10-23,2025,10,Sentinel-2A,1,1,1,18.925990855017087,25.74028191057632,10.15191651191155,62.6267791197262,62.84220351562093,0.9966896198429194
Dez,Zagros/southwest,reservoir,2025-10-26,2025,10,Sentinel-2B,1,1,1,31.146010545896164,33.0480601701355,29.56824130125481,62.75888909016078,62.84220351562093,0.9987921171780956
Dez,Zagros/southwest,reservoir,2025-10-31,2025,10,Sentinel-2C,1,1,1,29.81969717949613,31.543192427862078,28.498449132091448,62.02801745759207,62.84220351562093,0.9871604768501416
Dez,Zagros/southwest,reservoir,2025-11-05,2025,11,Sentinel-2B,1,1,1,29.543077918529672,30.94650690923355,28.57554685155113,61.66980369038338,62.84220351562093,0.9814595938017068
Dez,Zagros/southwest,reservoir,2025-11-10,2025,11,Sentinel-2C,1,1,1,29.15208903613856,30.949450005133063,27.734128234793868,62.17710108394968,62.84220351562093,0.9895331056994572
Dez,Zagros/southwest,reservoir,2025-11-12,2025,11,Sentinel-2A,1,1,1,27.88107575199537,29.660162797762048,26.689019035766965,62.26111867351088,62.84220351562093,0.990870224749437
Dez,Zagros/southwest,reservoir,2025-11-15,2025,11,Sentinel-2B,1,1,1,0.0,0.0,0.0,0.0,62.84220351562093,0.0
Dez,Zagros/southwest,reservoir,2025-11-20,2025,11,Sentinel-2C,1,1,1,27.824691867044372,29.209477118303248,26.937399622488105,61.37010717643409,62.84220351562093,0.97668999829073
Dez,Zagros/southwest,reservoir,2025-11-25,2025,11,Sentinel-2B,1,1,1,27.48352532008117,28.787503673977724,26.59644357891236,60.16386469548042,62.84220351562093,0.957492949094224
Dez,Zagros/southwest,reservoir,2025-11-30,2025,11,Sentinel-2C,1,1,1,26.102018969272397,27.455829839751125,24.98487343741874,62.13838929590703,62.84220351562093,0.988917017217022
Dez,Zagros/southwest,reservoir,2025-12-02,2025,12,Sentinel-2A,1,1,1,0.0052049454053691,0.0052049454053691,0.0041969813245586,0.0052049454053691,62.84220351562093,8.283541210802152e-05
Dez,Zagros/southwest,reservoir,2025-12-05,2025,12,Sentinel-2B,1,1,1,1.3571565696503285,2.562596826443781,0.5433924606933593,13.93397481843886,62.84220351562093,0.2217557450645939
Dez,Zagros/southwest,reservoir,2025-12-10,2025,12,Sentinel-2C,1,1,1,0.0252562906622194,0.0291932395943435,0.0188761965069939,0.0291932395943435,62.84220351562093,0.00046460315031760473
Dez,Zagros/southwest,reservoir,2025-12-15,2025,12,Sentinel-2B,1,1,1,0.0,0.0,0.0,0.0,62.84220351562093,0.0
Dez,Zagros/southwest,reservoir,2025-12-20,2025,12,Sentinel-2C,1,1,1,29.882073399327776,31.455699310412005,28.716151618601124,62.82236050373498,62.84220351562093,0.9998022489452943
Dez,Zagros/southwest,reservoir,2025-12-22,2025,12,Sentinel-2A,1,1,1,2.8211574545288087,3.198069393289723,2.3636794442138678,5.437914407160742,62.84220351562093,0.0865430558523519
Dez,Zagros/southwest,reservoir,2025-12-25,2025,12,Sentinel-2B,1,1,1,26.88613020958898,28.035662074935857,26.1246032115451,61.02132291029641,62.84220351562093,0.9711391834075412
Dez,Zagros/southwest,reservoir,2025-12-30,2025,12,Sentinel-2C,1,1,1,20.827702290913297,22.22789489869492,19.384396065370687,34.58619000243938,62.84220351562093,0.5504306153034841
Karkheh,Zagros/southwest,reservoir,2025-09-01,2025,9,Sentinel-2C,4,4,1,37.71233521827585,52.01274731362412,19.9021678862325,155.9626110167252,155.99872045278175,0.9998663011545152
Karkheh,Zagros/southwest,reservoir,2025-09-06,2025,9,Sentinel-2B,4,4,1,54.08585332680544,60.25232165420305,47.144854806840605,155.9740465787979,155.99872045278175,0.99993961380988
Karkheh,Zagros/southwest,reservoir,2025-09-13,2025,9,Sentinel-2A,4,4,1,57.67222962528675,61.4568746773124,54.33565629188927,155.98043844790806,155.99872045278175,0.9999805916729908
Karkheh,Zagros/southwest,reservoir,2025-09-16,2025,9,Sentinel-2B,4,4,1,57.4835347813704,60.72746980703591,54.97079709714738,155.9817839908768,155.99872045278175,0.9999892178627066
Karkheh,Zagros/southwest,reservoir,2025-09-21,2025,9,Sentinel-2C,4,4,1,55.25327010337609,59.31074915239569,48.85790653239781,155.56169716058506,155.99872045278175,0.9972960681236164
Karkheh,Zagros/southwest,reservoir,2025-09-26,2025,9,Sentinel-2B,4,4,1,54.88256432848379,58.89466118819484,49.75645513392035,155.96799293280185,155.99872045278175,0.9999008042734718
Karkheh,Zagros/southwest,reservoir,2025-10-01,2025,10,Sentinel-2C,4,4,1,55.265698726109775,58.6173973533421,51.55553637673759,155.97539242959752,155.99872045278175,0.99994824197308
Karkheh,Zagros/southwest,reservoir,2025-10-03,2025,10,Sentinel-2A,4,4,1,55.48049667544879,58.850551358032114,52.688407120783545,155.9457924711319,155.99872045278175,0.9997584785368792
Karkheh,Zagros/southwest,reservoir,2025-10-06,2025,10,Sentinel-2B,4,4,1,55.88960021186608,59.07945112923069,53.46897047895328,155.97001232513583,155.99872045278175,0.9999137504682708
Karkheh,Zagros/southwest,reservoir,2025-10-11,2025,10,Sentinel-2C,4,4,1,51.926448746642826,56.95351221231007,45.21062345565425,155.97472014660798,155.99872045278175,0.9999439320099308
Karkheh,Zagros/southwest,reservoir,2025-10-16,2025,10,Sentinel-2B,4,4,1,55.31983010779801,58.53134928866924,52.85573665562374,155.97606542389073,155.99872045278175,0.999952556496351
Karkheh,Zagros/southwest,reservoir,2025-10-21,2025,10,Sentinel-2C,4,4,1,52.66558493994789,56.58933792011503,48.59655212037761,155.97673828967444,155.99872045278175,0.999956870195756
Karkheh,Zagros/southwest,reservoir,2025-10-23,2025,10,Sentinel-2A,4,4,1,45.0538694733098,52.795297786634016,33.39379777253382,155.95117374585118,155.99872045278175,0.9997929775441348
Karkheh,Zagros/southwest,reservoir,2025-10-26,2025,10,Sentinel-2B,4,4,1,54.34448604196419,57.78452522087534,51.6957366033239,155.9767397644974,155.99872045278175,0.9999568796507512
Karkheh,Zagros/southwest,reservoir,2025-10-31,2025,10,Sentinel-2C,4,4,1,53.97890151313562,57.21346380842285,51.3263639438801,155.97438400164953,155.99872045278175,0.9999417770061512
Karkheh,Zagros/southwest,reservoir,2025-11-05,2025,11,Sentinel-2B,4,4,1,53.53906225876188,56.5751055244185,51.3826423915586,155.74609006408218,155.99872045278175,0.9984781992073222
Karkheh,Zagros/southwest,reservoir,2025-11-10,2025,11,Sentinel-2C,4,4,1,53.83965579314754,57.33797090654296,51.25381779813543,155.97202996866,155.99872045278175,0.9999266854515618
Karkheh,Zagros/southwest,reservoir,2025-11-12,2025,11,Sentinel-2A,4,4,1,53.0871533881812,56.46538106699757,50.60870894196083,155.9521811827713,155.99872045278175,0.9997994361576474
Karkheh,Zagros/southwest,reservoir,2025-11-15,2025,11,Sentinel-2B,4,4,1,0.0,0.0,0.0,0.0,155.99872045278175,0.0
Karkheh,Zagros/southwest,reservoir,2025-11-20,2025,11,Sentinel-2C,4,4,1,51.339150139290005,54.619509364744665,49.04321554987494,155.9784203568436,155.99872045278175,0.9999676538205474
Karkheh,Zagros/southwest,reservoir,2025-11-25,2025,11,Sentinel-2B,4,4,1,50.008110515102125,53.4535183772309,47.78286105299348,155.834176703859,155.99872045278175,0.9990429170080865
Karkheh,Zagros/southwest,reservoir,2025-11-30,2025,11,Sentinel-2C,4,4,1,3.5710538607876647,6.809138997017176,1.1707398728392358,27.6118285375835,155.99872045278175,0.1770176626821517
Karkheh,Zagros/southwest,reservoir,2025-12-02,2025,12,Sentinel-2A,4,4,1,0.0023531833801269,0.0053787127685546,0.0,0.0053787127685546,155.99872045278175,3.448258275369992e-05
Karkheh,Zagros/southwest,reservoir,2025-12-05,2025,12,Sentinel-2B,4,4,1,18.759227374948047,36.6060253690244,5.898156473250324,48.190039051689,155.99872045278175,0.3089432511099521
Karkheh,Zagros/southwest,reservoir,2025-12-10,2025,12,Sentinel-2C,4,4,1,0.2443230804275812,0.2557739291806689,0.2240728933736165,0.2557739291806689,155.99872045278175,0.001639750263441
Karkheh,Zagros/southwest,reservoir,2025-12-15,2025,12,Sentinel-2B,4,4,1,0.0,0.0,0.0,0.0,155.99872045278175,0.0
Karkheh,Zagros/southwest,reservoir,2025-12-20,2025,12,Sentinel-2C,4,4,1,49.63751043610409,53.41453942177616,47.28685997175533,155.86576283978428,155.99872045278175,0.9992454137006556
Karkheh,Zagros/southwest,reservoir,2025-12-22,2025,12,Sentinel-2A,4,4,1,1.2317079757746676,2.594775276788689,0.6012459133447984,8.240916937887878,155.99872045278175,0.0528319902000353
Karkheh,Zagros/southwest,reservoir,2025-12-25,2025,12,Sentinel-2B,4,4,1,36.95013103223566,40.464482108890905,34.09645146195057,133.2225941939488,155.99872045278175,0.8540815110656739
Karkheh,Zagros/southwest,reservoir,2025-12-30,2025,12,Sentinel-2C,4,4,1,7.7731502192215265,10.234390854038612,6.515868513623764,67.4498475983112,155.99872045278175,0.4324166490411405
Karun-3,Zagros/southwest,reservoir,2025-09-03,2025,9,Sentinel-2B,2,2,1,21.628847552756152,26.26541655391115,15.443349618341069,61.74740058128089,73.38767860091457,0.8415114360123888
Karun-3,Zagros/southwest,reservoir,2025-09-08,2025,9,Sentinel-2C,2,2,1,36.35479237160274,39.509131906465655,30.82668545718132,72.96633725021532,73.38767860091457,0.9944063500967416
Karun-3,Zagros/southwest,reservoir,2025-09-13,2025,9,Sentinel-2B,2,2,1,38.89707156479934,40.75202541886536,37.58290264752652,73.2025123440752,73.38767860091457,0.9976250125912504
Karun-3,Zagros/southwest,reservoir,2025-09-18,2025,9,Sentinel-2C,2,2,1,38.42992961872714,41.00847002655662,34.29476189141546,73.34530094403067,73.38767860091457,0.9995709769340984
Karun-3,Zagros/southwest,reservoir,2025-09-20,2025,9,Sentinel-2A,2,2,1,39.35907461217962,41.21521224535236,37.25878294638971,73.31479216352639,73.38767860091457,0.9991551944484964
Karun-3,Zagros/southwest,reservoir,2025-09-23,2025,9,Sentinel-2B,2,2,1,37.50268951953363,39.30293256836057,36.37891169172615,71.07031377666512,73.38767860091457,0.968566793760436
Karun-3,Zagros/southwest,reservoir,2025-09-28,2025,9,Sentinel-2C,2,2,1,34.804858214214015,39.90249130729562,28.789891035641297,73.36431234416352,73.38767860091457,0.9998300697942966
Karun-3,Zagros/southwest,reservoir,2025-10-03,2025,10,Sentinel-2B,2,2,1,38.59239063632765,40.974390337972494,35.61275131401355,73.34224897068437,73.38767860091457,0.9995293837585292
Karun-3,Zagros/southwest,reservoir,2025-10-08,2025,10,Sentinel-2C,2,2,1,39.161201110742894,41.16159265383048,35.49410526233412,73.36193478172359,73.38767860091457,0.9997976676856376
Karun-3,Zagros/southwest,reservoir,2025-10-10,2025,10,Sentinel-2A,2,2,1,39.65701868722809,41.34038865041419,38.418534630841776,73.32061713540475,73.38767860091457,0.9992345788501708
Karun-3,Zagros/southwest,reservoir,2025-10-13,2025,10,Sentinel-2B,2,2,1,38.18804444981306,39.92931409041006,36.76438084827941,71.91179071510494,73.38767860091457,0.9800346848809
Karun-3,Zagros/southwest,reservoir,2025-10-18,2025,10,Sentinel-2C,2,2,1,36.50256215504772,40.406476497521616,29.347418037683106,73.36295053861998,73.38767860091457,0.999811510714437
Karun-3,Zagros/southwest,reservoir,2025-10-23,2025,10,Sentinel-2B,2,2,1,39.96145216559376,41.76383509253563,38.62480359902954,73.29160705928874,73.38767860091457,0.9988392211414836
Karun-3,Zagros/southwest,reservoir,2025-10-28,2025,10,Sentinel-2C,2,2,1,39.61170470883776,41.47040796644036,37.49708243309984,73.3526275694134,73.38767860091457,0.9996708263040948
Karun-3,Zagros/southwest,reservoir,2025-10-30,2025,10,Sentinel-2A,2,2,1,40.30941658448846,42.15792198420517,38.97629839042575,73.3645600144889,73.38767860091457,0.9998334451171312
Karun-3,Zagros/southwest,reservoir,2025-11-02,2025,11,Sentinel-2B,2,2,1,40.28016701241144,42.12045129331235,38.97931055790633,73.1719658941342,73.38767860091457,0.9972087167356688
Karun-3,Zagros/southwest,reservoir,2025-11-07,2025,11,Sentinel-2C,3,2,1,37.07453775325138,39.263788293621225,34.76666528737015,70.5846169525209,73.38767860091457,0.9619475769496127
Karun-3,Zagros/southwest,reservoir,2025-11-09,2025,11,Sentinel-2A,2,2,1,40.0569675201124,42.09096657057638,38.15934172598398,73.34998098725495,73.38767860091457,0.999634757916896
Karun-3,Zagros/southwest,reservoir,2025-11-12,2025,11,Sentinel-2B,2,2,1,13.90814541957888,14.432995702245858,13.284304279989444,23.607458896244648,73.38767860091457,0.3217292784694933
Karun-3,Zagros/southwest,reservoir,2025-11-17,2025,11,Sentinel-2C,2,2,1,10.29716256593293,15.650411841399666,4.884800966064453,36.3785614897018,73.38767860091457,0.4957775587486747
Karun-3,Zagros/southwest,reservoir,2025-11-19,2025,11,Sentinel-2A,2,2,1,39.84565838239483,41.86745967446373,37.93937405152074,73.15374231495306,73.38767860091457,0.9969603605272837
Karun-3,Zagros/southwest,reservoir,2025-11-22,2025,11,Sentinel-2B,2,2,1,39.417470300525146,41.275827055716114,38.19775916260485,71.39900011402231,73.38767860091457,0.9730462262408854
Karun-3,Zagros/southwest,reservoir,2025-11-27,2025,11,Sentinel-2C,2,2,1,36.71590250665557,40.83369959517546,31.54601361882372,73.37050656497854,73.38767860091457,0.9999144864272876
Karun-3,Zagros/southwest,reservoir,2025-12-02,2025,12,Sentinel-2B,2,2,1,1.045106872305119,1.4592179363250126,0.4588868581252154,1.8518585995750252,73.38767860091457,0.0252376646587564
Karun-3,Zagros/southwest,reservoir,2025-12-07,2025,12,Sentinel-2C,2,2,1,40.93210309118293,43.20670375208263,38.25074465993222,73.37338750568001,73.38767860091457,0.9999537487205008
Karun-3,Zagros/southwest,reservoir,2025-12-09,2025,12,Sentinel-2A,2,2,1,0.0,0.0,0.0,0.0,73.38767860091457,0.0
Karun-3,Zagros/southwest,reservoir,2025-12-12,2025,12,Sentinel-2B,2,2,1,7.578170408195347,9.461689433170694,6.102545258588604,13.931853242509794,73.38767860091457,0.1898673258801508
Karun-3,Zagros/southwest,reservoir,2025-12-17,2025,12,Sentinel-2C,2,2,1,0.0005927979791379443,0.0011005335528205,0.0,0.0014381365361232,73.38767860091457,1.9599340705879545e-05
Karun-3,Zagros/southwest,reservoir,2025-12-19,2025,12,Sentinel-2A,2,2,1,0.2142372181372549,0.4095679809231627,0.0581526150877709,0.688672025163598,73.38767860091457,0.0093854215623882
Karun-3,Zagros/southwest,reservoir,2025-12-22,2025,12,Sentinel-2B,2,2,1,37.064857781198896,39.21064406307062,35.55392467377248,61.4030491256648,73.38767860091457,0.8368185147690562
Karun-3,Zagros/southwest,reservoir,2025-12-27,2025,12,Sentinel-2C,2,2,1,0.1153493097158394,0.1767733225065343,0.0572484108878341,0.4794023232409907,73.38767860091457,0.0065334335317833
Karun-3,Zagros/southwest,reservoir,2025-12-29,2025,12,Sentinel-2A,2,2,1,19.43791230000503,20.916958954015044,18.086507404374423,32.06695445031078,73.38767860091457,0.4370177308517416
Upper Gotvand,Zagros/southwest,reservoir,2025-09-01,2025,9,Sentinel-2C,2,2,1,63.271385493391584,75.2776284754466,38.73567916201926,123.00150192200466,123.94836072509766,0.9925383429090892
Upper Gotvand,Zagros/southwest,reservoir,2025-09-03,2025,9,Sentinel-2B,2,2,1,44.798973070653936,59.98035896430867,26.0416263811618,123.41444031037388,123.94836072509766,0.9958704744466004
Upper Gotvand,Zagros/southwest,reservoir,2025-09-06,2025,9,Sentinel-2B,2,2,1,75.14658315871296,79.41424546859166,70.92434382544448,122.70895941308504,123.94836072509766,0.9901777241158516
Upper Gotvand,Zagros/southwest,reservoir,2025-09-08,2025,9,Sentinel-2C,2,2,1,66.92872909945334,72.4618033659231,61.44368619267089,122.32356919911946,123.94836072509766,0.98706788758243
Upper Gotvand,Zagros/southwest,reservoir,2025-09-13,2025,9,Sentinel-2A+Sentinel-2B,4,2,2,69.16491595112507,74.78194520152874,64.14190191701242,123.924679341362,123.94836072509766,0.9999877558975668
Upper Gotvand,Zagros/southwest,reservoir,2025-09-16,2025,9,Sentinel-2B,2,2,1,75.49663112162428,78.95737336065434,72.63079558958715,123.0854973798531,123.94836072509766,0.9932161290437468
Upper Gotvand,Zagros/southwest,reservoir,2025-09-18,2025,9,Sentinel-2C,2,2,1,71.87956665817956,76.0256820761198,68.23717738503466,123.86674296502356,123.94836072509766,0.9995202488015836
Upper Gotvand,Zagros/southwest,reservoir,2025-09-20,2025,9,Sentinel-2A,2,2,1,59.57536148822953,63.28934477798175,56.5817141793347,105.27203046484418,123.94836072509766,0.8494735839771013
Upper Gotvand,Zagros/southwest,reservoir,2025-09-21,2025,9,Sentinel-2C,2,2,1,20.313929722198367,25.565533793950223,16.369422114257688,62.52575119619826,123.94836072509766,0.5045402252142613
Upper Gotvand,Zagros/southwest,reservoir,2025-09-23,2025,9,Sentinel-2B,2,2,1,72.23759575848149,75.73613661927283,69.45315405195873,122.5934264680411,123.94836072509766,0.9892454519400368
Upper Gotvand,Zagros/southwest,reservoir,2025-09-26,2025,9,Sentinel-2B,2,2,1,68.94207656383584,73.222448408082,65.1934329701878,122.62655545754797,123.94836072509766,0.989512780320858
Upper Gotvand,Zagros/southwest,reservoir,2025-09-28,2025,9,Sentinel-2C,2,2,1,66.38741499492646,71.49793426880075,61.12074464850056,123.62700246014742,123.94836072509766,0.9975857062169832
Upper Gotvand,Zagros/southwest,reservoir,2025-10-01,2025,10,Sentinel-2C,2,2,1,70.02643880967685,73.92444258647808,66.51175639997498,122.41168313003404,123.94836072509766,0.9877789069895964
Upper Gotvand,Zagros/southwest,reservoir,2025-10-03,2025,10,Sentinel-2A+Sentinel-2B,4,2,2,70.28301895297602,74.7795817587169,65.97955661514679,123.91945155806268,123.94836072509766,0.9999455712470388
Upper Gotvand,Zagros/southwest,reservoir,2025-10-06,2025,10,Sentinel-2B,2,2,1,69.77373862105341,73.43620343849118,66.67068021814647,122.46584114281656,123.94836072509766,0.988215925265166
Upper Gotvand,Zagros/southwest,reservoir,2025-10-08,2025,10,Sentinel-2C,2,2,1,67.5706981155642,71.94692521403246,63.86173792802181,123.74267218405028,123.94836072509766,0.998519082105028
Upper Gotvand,Zagros/southwest,reservoir,2025-10-10,2025,10,Sentinel-2A,2,2,1,68.93996897465509,72.7656386723396,65.36956735518955,123.90292253952424,123.94836072509766,0.99981219332552
Upper Gotvand,Zagros/southwest,reservoir,2025-10-11,2025,10,Sentinel-2C,2,2,1,65.10225500145417,70.06621626760193,60.24575135834855,123.21161702700344,123.94836072509766,0.9942338286948474
Upper Gotvand,Zagros/southwest,reservoir,2025-10-13,2025,10,Sentinel-2B,2,2,1,64.45811893326669,69.02297169766857,60.24746081538003,123.7870714792012,123.94836072509766,0.9988773541760744
Upper Gotvand,Zagros/southwest,reservoir,2025-10-16,2025,10,Sentinel-2B,2,2,1,66.65779931377156,70.0509158064871,63.994431038607125,122.02942295636892,123.94836072509766,0.9846943277494964
Upper Gotvand,Zagros/southwest,reservoir,2025-10-18,2025,10,Sentinel-2C,2,2,1,65.52473018665532,69.30963448787361,62.0840978176394,123.72055772717312,123.94836072509766,0.9983406335004158
Upper Gotvand,Zagros/southwest,reservoir,2025-10-21,2025,10,Sentinel-2C,2,2,1,63.660127260159726,67.37664677172013,59.82966787217419,123.26576421953048,123.94836072509766,0.9946707596583249
Upper Gotvand,Zagros/southwest,reservoir,2025-10-23,2025,10,Sentinel-2A+Sentinel-2B,4,2,2,60.244320364561794,65.18239535109515,55.92956402225928,123.90165423217708,123.94836072509766,0.9998019589490856
Upper Gotvand,Zagros/southwest,reservoir,2025-10-26,2025,10,Sentinel-2B,2,2,1,60.14739522629216,64.80528632350536,56.14488524227487,122.19977701123912,123.94836072509766,0.9860689689423816
Upper Gotvand,Zagros/southwest,reservoir,2025-10-28,2025,10,Sentinel-2C,2,2,1,61.51174775434234,65.44010280748674,58.31225064912624,123.5139414306918,123.94836072509766,0.9966733807163184
Upper Gotvand,Zagros/southwest,reservoir,2025-10-30,2025,10,Sentinel-2A,1,1,1,8.972320095940445,10.470174774674115,7.768394041375135,37.49119459799831,123.94836072509766,0.3025284047635064
Upper Gotvand,Zagros/southwest,reservoir,2025-10-31,2025,10,Sentinel-2C,2,2,1,59.85233878342308,63.61090530480324,56.5342389148568,122.91821438857292,123.94836072509766,0.9918662692423
Upper Gotvand,Zagros/southwest,reservoir,2025-11-02,2025,11,Sentinel-2B,2,2,1,64.9199880948497,68.41862624040226,62.19063861976044,123.87652339807347,123.94836072509766,0.999599170234742
Upper Gotvand,Zagros/southwest,reservoir,2025-11-05,2025,11,Sentinel-2B,2,2,1,57.9906087235829,61.17000256556612,55.434476321415325,117.16681705607158,123.94836072509766,0.9454564101055196
Upper Gotvand,Zagros/southwest,reservoir,2025-11-07,2025,11,Sentinel-2C,4,2,1,61.84167292446326,65.47373071277478,58.67483038398127,123.8552586571104,123.94836072509766,0.999427578258806
Upper Gotvand,Zagros/southwest,reservoir,2025-11-09,2025,11,Sentinel-2A,2,2,1,63.27810003474839,67.29250179186461,60.061182522715605,123.58987267423434,123.94836072509766,0.9972860941341476
Upper Gotvand,Zagros/southwest,reservoir,2025-11-10,2025,11,Sentinel-2C,2,2,1,61.658838921695015,65.772642272563,58.000989664475256,121.72049765321806,123.94836072509766,0.9822015109653042
Upper Gotvand,Zagros/southwest,reservoir,2025-11-12,2025,11,Sentinel-2A+Sentinel-2B,4,2,2,55.90933130289952,59.97994845143803,52.13018337148713,123.92197882028816,123.94836072509766,0.999965964531854
Upper Gotvand,Zagros/southwest,reservoir,2025-11-15,2025,11,Sentinel-2B,2,2,1,0.0,0.0,0.0,0.0,123.94836072509766,0.0
Upper Gotvand,Zagros/southwest,reservoir,2025-11-17,2025,11,Sentinel-2C,2,2,1,46.57349384226542,52.61369068572806,35.90332651014775,120.81460889968446,123.94836072509766,0.9748916057345344
Upper Gotvand,Zagros/southwest,reservoir,2025-11-19,2025,11,Sentinel-2A,2,2,1,61.44538887577394,65.21797083539356,58.35608466689741,123.48780947567178,123.94836072509766,0.9964625136380532
Upper Gotvand,Zagros/southwest,reservoir,2025-11-20,2025,11,Sentinel-2C,2,2,1,59.62603411338416,63.01176619690924,57.02793768907746,123.01365197753924,123.94836072509766,0.9926363855817242
Upper Gotvand,Zagros/southwest,reservoir,2025-11-22,2025,11,Sentinel-2B,2,2,1,60.9752379703794,64.5060009792557,58.199229502983655,122.99314260221146,123.94836072509766,0.9924708888919778
Upper Gotvand,Zagros/southwest,reservoir,2025-11-25,2025,11,Sentinel-2B,2,2,1,58.57829876428365,61.80324601449669,56.05514155805726,119.91344218981736,123.94836072509766,0.96761980417992
Upper Gotvand,Zagros/southwest,reservoir,2025-11-27,2025,11,Sentinel-2C,2,2,1,51.52800152025864,55.764639265188194,47.88060738941291,118.36433802703316,123.94836072509766,0.9551195886971988
Upper Gotvand,Zagros/southwest,reservoir,2025-11-30,2025,11,Sentinel-2C,2,2,1,7.39678866098202,8.848477698857208,5.966699089827594,32.50645721580273,123.94836072509766,0.2623049692456326
Upper Gotvand,Zagros/southwest,reservoir,2025-12-02,2025,12,Sentinel-2A+Sentinel-2B,4,2,2,0.0,0.0,0.0,0.0,123.94836072509766,0.0
Upper Gotvand,Zagros/southwest,reservoir,2025-12-05,2025,12,Sentinel-2B,2,2,1,1.7440278371395337,2.68078869143234,0.99569751453271,19.168804326122327,123.94836072509766,0.154679194839932
Upper Gotvand,Zagros/southwest,reservoir,2025-12-07,2025,12,Sentinel-2C,2,2,1,57.77000534629384,61.4920264846414,54.61823930423044,122.62157550058552,123.94836072509766,0.9894725954600716
Upper Gotvand,Zagros/southwest,reservoir,2025-12-09,2025,12,Sentinel-2A,2,2,1,0.0,0.0,0.0,0.0,123.94836072509766,0.0
Upper Gotvand,Zagros/southwest,reservoir,2025-12-10,2025,12,Sentinel-2C,2,2,1,0.2408734466900994,0.2445831569256951,0.2378381121869255,0.2449204158673455,123.94836072509766,0.0019763409382084
Upper Gotvand,Zagros/southwest,reservoir,2025-12-12,2025,12,Sentinel-2B,2,2,1,0.0954557118410596,0.1222936909901338,0.0719985998563878,0.3190348880503934,123.94836072509766,0.0025743942485882
Upper Gotvand,Zagros/southwest,reservoir,2025-12-15,2025,12,Sentinel-2B,2,2,1,0.0,0.0,0.0,0.0,123.94836072509766,0.0
Upper Gotvand,Zagros/southwest,reservoir,2025-12-17,2025,12,Sentinel-2C,2,2,1,0.0,0.0003358792855057062,0.0,0.0070730403507008,123.94836072509766,5.707461810885266e-05
Upper Gotvand,Zagros/southwest,reservoir,2025-12-19,2025,12,Sentinel-2A,2,2,1,0.0,0.0,0.0,0.0,123.94836072509766,0.0
Upper Gotvand,Zagros/southwest,reservoir,2025-12-20,2025,12,Sentinel-2C,2,2,1,61.91845069947353,65.52057229257619,59.295186871986544,121.06490783556464,123.94836072509766,0.9769113476658804
Upper Gotvand,Zagros/southwest,reservoir,2025-12-22,2025,12,Sentinel-2A+Sentinel-2B,4,2,2,0.5357688987534468,0.6811232285551183,0.4124912369603773,2.892087093006342,123.94836072509766,0.0233371730099805
Upper Gotvand,Zagros/southwest,reservoir,2025-12-25,2025,12,Sentinel-2B,2,2,1,33.87803931588577,35.6841229736735,32.549065343697336,76.44484067163934,123.94836072509766,0.6168577968445482
Upper Gotvand,Zagros/southwest,reservoir,2025-12-27,2025,12,Sentinel-2C,2,2,1,3.228511000490077,4.357923978825947,1.8014768204642504,19.99069715246104,123.94836072509766,0.1613113101487383
Upper Gotvand,Zagros/southwest,reservoir,2025-12-29,2025,12,Sentinel-2A,2,2,1,0.3887598902086445,0.68321746172988,0.1596086695557837,2.2458390043008243,123.94836072509766,0.0181223911004176
Upper Gotvand,Zagros/southwest,reservoir,2025-12-30,2025,12,Sentinel-2C,2,2,1,4.2909493960184735,4.779013358737124,3.818553701251939,9.772344376627602,123.94836072509766,0.0788561630740519
Seymareh,Zagros/west,reservoir,2025-09-01,2025,9,Sentinel-2C,4,4,1,13.47730996944353,18.989110378749583,8.6647551663062,39.38674025931197,40.24419010091098,0.9787955762160688
Seymareh,Zagros/west,reservoir,2025-09-04,2025,9,Sentinel-2C,2,2,1,6.845962621892473,10.946937398602891,1.7564443947284774,19.353004142865025,40.24419010091098,0.4809393901809136
Seymareh,Zagros/west,reservoir,2025-09-06,2025,9,Sentinel-2A+Sentinel-2B,6,4,2,29.00628578763727,31.461830255854466,26.252881012927723,40.12574703643515,40.24419010091098,0.9971605528422024
Seymareh,Zagros/west,reservoir,2025-09-09,2025,9,Sentinel-2B,4,4,1,15.55214829105631,16.248997582472732,14.595326846654077,20.762394279985987,40.24419010091098,0.515963990396475
Seymareh,Zagros/west,reservoir,2025-09-13,2025,9,Sentinel-2A,4,4,1,29.127476398682354,31.35243595633424,26.852011551067637,40.094698705329954,40.24419010091098,0.996388974160276
Seymareh,Zagros/west,reservoir,2025-09-14,2025,9,Sentinel-2C,2,2,1,6.508178177002191,10.256212481489232,3.6631720179434977,20.995339508748987,40.24419010091098,0.5217528868096519
Seymareh,Zagros/west,reservoir,2025-09-16,2025,9,Sentinel-2A+Sentinel-2B,8,4,2,32.0300336592382,33.29023390524818,29.983581993578383,40.20351072927608,40.24419010091098,0.9990930498714516
Seymareh,Zagros/west,reservoir,2025-09-19,2025,9,Sentinel-2B,3,3,1,6.862729475897575,9.221910707232784,5.041450904823812,20.879820129255823,40.24419010091098,0.5188821273390608
Seymareh,Zagros/west,reservoir,2025-09-21,2025,9,Sentinel-2C,4,4,1,27.4871637373808,30.65992514287396,23.32891731860304,39.21956157725297,40.24419010091098,0.974641037065084
Seymareh,Zagros/west,reservoir,2025-09-24,2025,9,Sentinel-2C,2,2,1,14.00414811099243,15.271176079418586,11.738730601766308,20.24281960284832,40.24419010091098,0.5030520968975961
Seymareh,Zagros/west,reservoir,2025-09-26,2025,9,Sentinel-2A+Sentinel-2B,6,4,2,20.495632263452983,22.578474074870385,18.684388607758407,40.018392656137536,40.24419010091098,0.9944927008739788
Seymareh,Zagros/west,reservoir,2025-09-29,2025,9,Sentinel-2B,2,2,1,14.692949930559704,15.310673319129252,14.067615765737017,19.72181105096104,40.24419010091098,0.4901045703340733
Seymareh,Zagros/west,reservoir,2025-10-01,2025,10,Sentinel-2C,4,4,1,31.257856001336783,32.60160511656494,29.676009157144826,39.977702254050136,40.24419010091098,0.9934815081401962
Seymareh,Zagros/west,reservoir,2025-10-03,2025,10,Sentinel-2A,4,4,1,31.67182171476787,32.80592877222648,30.41571402209329,40.092099307249214,40.24419010091098,0.9963243768027517
Seymareh,Zagros/west,reservoir,2025-10-04,2025,10,Sentinel-2C,2,2,1,14.30602052631357,14.966245598067578,13.366339111158304,19.43564876386435,40.24419010091098,0.482993182622218
Seymareh,Zagros/west,reservoir,2025-10-06,2025,10,Sentinel-2A+Sentinel-2B,6,4,2,32.56159477790515,33.46404713713199,31.74725322032363,40.16785677090779,40.24419010091098,0.9982070172499218
Seymareh,Zagros/west,reservoir,2025-10-09,2025,10,Sentinel-2B,4,4,1,16.85045226358427,17.41661425072644,16.303208591334325,22.21350957616136,40.24419010091098,0.5520254979780809
Seymareh,Zagros/west,reservoir,2025-10-11,2025,10,Sentinel-2C,4,4,1,30.907646642332548,32.32101270857604,29.16542515703053,39.88357837425168,40.24419010091098,0.991142445893448
Seymareh,Zagros/west,reservoir,2025-10-14,2025,10,Sentinel-2C,4,4,1,15.612477149634742,16.295256672307033,14.570882148502124,21.06739494925408,40.24419010091098,0.5235435286841597
Seymareh,Zagros/west,reservoir,2025-10-16,2025,10,Sentinel-2A+Sentinel-2B,8,4,2,32.30807207099119,33.26907522995294,31.481610074192183,40.22967255318881,40.24419010091098,0.9997431944973572
Seymareh,Zagros/west,reservoir,2025-10-19,2025,10,Sentinel-2B,2,2,1,13.314727292414885,14.035928524091531,12.449762384137442,18.70871729833339,40.24419010091098,0.4649282882443252
Seymareh,Zagros/west,reservoir,2025-10-21,2025,10,Sentinel-2C,5,4,1,30.00083561579541,31.40712340862414,28.33438204875117,39.55128907601704,40.24419010091098,0.982884760870654
Seymareh,Zagros/west,reservoir,2025-10-23,2025,10,Sentinel-2A,4,4,1,22.312984364273845,26.65031231632917,18.840987747752944,40.13668723722083,40.24419010091098,0.9974324265758864
Seymareh,Zagros/west,reservoir,2025-10-24,2025,10,Sentinel-2C,2,2,1,14.44758444114918,15.104712075375426,13.59971997743195,19.883973853364505,40.24419010091098,0.4941344604081012
Seymareh,Zagros/west,reservoir,2025-10-26,2025,10,Sentinel-2A+Sentinel-2B,6,4,2,31.473129502846387,32.518968651984,30.522485705836875,40.20276104551323,40.24419010091098,0.9990744195622204
Seymareh,Zagros/west,reservoir,2025-10-29,2025,10,Sentinel-2B,2,2,1,14.661765288121838,15.133398836992452,14.257235301515944,19.8425652076434,40.24419010091098,0.4931054186802995
Seymareh,Zagros/west,reservoir,2025-10-31,2025,10,Sentinel-2C,4,4,1,31.84342293011654,32.89407507805546,30.879001599977737,40.14661426686212,40.24419010091098,0.9976791221042264
Seymareh,Zagros/west,reservoir,2025-11-03,2025,11,Sentinel-2C,2,2,1,13.69170157630747,14.12059352197086,13.305802061359,18.71306692089704,40.24419010091098,0.4650363802391306
Seymareh,Zagros/west,reservoir,2025-11-05,2025,11,Sentinel-2A+Sentinel-2B,8,4,2,31.52884264184953,32.601838403762514,30.604582097427187,40.19126318075947,40.24419010091098,0.9987886873822326
Seymareh,Zagros/west,reservoir,2025-11-08,2025,11,Sentinel-2B,4,4,1,16.152324284493954,16.764344320650466,15.674340555823232,21.274206532947137,40.24419010091098,0.5286829807407727
Seymareh,Zagros/west,reservoir,2025-11-10,2025,11,Sentinel-2C,4,4,1,31.554922981089867,32.86926402917647,30.33390369462005,40.05922129220895,40.24419010091098,0.9955073288453856
Seymareh,Zagros/west,reservoir,2025-11-12,2025,11,Sentinel-2A,4,4,1,31.092783544675694,32.22319603248374,30.008489305193013,40.09911841342525,40.24419010091098,0.9964988078429664
Seymareh,Zagros/west,reservoir,2025-11-13,2025,11,Sentinel-2C,2,2,1,2.148109229074396,2.4467388591670023,1.567710336142267,4.262554852629299,40.24419010091098,0.1059282846375054
Seymareh,Zagros/west,reservoir,2025-11-15,2025,11,Sentinel-2A+Sentinel-2B,7,4,2,0.000666239501953125,0.000666239501953125,0.000666239501953125,0.000666239501953125,40.24419010091098,1.6556645026188497e-05
Seymareh,Zagros/west,reservoir,2025-11-18,2025,11,Sentinel-2B,4,4,1,16.062201414977785,16.56644718873554,15.64200516858305,21.036859194860025,40.24419010091098,0.5227846879900443
Seymareh,Zagros/west,reservoir,2025-11-20,2025,11,Sentinel-2C,6,3,1,31.200579003351304,32.24789122295759,30.38625875853367,39.59744946208225,40.24419010091098,0.9840318875782617
Seymareh,Zagros/west,reservoir,2025-11-23,2025,11,Sentinel-2C,2,2,1,13.574644596421544,14.04573274520898,13.146801303601311,18.316089307401207,40.24419010091098,0.4551711329658514
Seymareh,Zagros/west,reservoir,2025-11-25,2025,11,Sentinel-2A+Sentinel-2B,8,4,2,32.39613947173246,33.3382032076641,31.651496112457988,40.19342817649144,40.24419010091098,0.9988424894544788
Seymareh,Zagros/west,reservoir,2025-11-28,2025,11,Sentinel-2B,4,4,1,18.331267965021468,18.883083918378645,17.87186544782954,23.49611855933449,40.24419010091098,0.5838994735972753
Seymareh,Zagros/west,reservoir,2025-11-30,2025,11,Sentinel-2C,4,4,1,8.867228833287736,11.832275449617034,4.410773180651377,19.133935225318247,40.24419010091098,0.4754953324607388
Seymareh,Zagros/west,reservoir,2025-12-02,2025,12,Sentinel-2A,4,4,1,0.0823048178405761,0.0879694255981445,0.0686430812988281,0.0913028370971679,40.24419010091098,0.0022689568229895
Seymareh,Zagros/west,reservoir,2025-12-03,2025,12,Sentinel-2C,2,2,1,0.0584699913379145,0.0731272432288076,0.0353177734375,0.0819400816401463,40.24419010091098,0.0020362840107134
Seymareh,Zagros/west,reservoir,2025-12-05,2025,12,Sentinel-2A+Sentinel-2B,8,4,2,0.0244207750034706,0.0244207750034706,0.0244207750034706,0.0244207750034706,40.24419010091098,0.0006068780098021382
Seymareh,Zagros/west,reservoir,2025-12-08,2025,12,Sentinel-2B,4,4,1,0.0507341292011335,0.0546467140330595,0.0387380465859805,0.0546467140330595,40.24419010091098,0.0013580195161659
Seymareh,Zagros/west,reservoir,2025-12-10,2025,12,Sentinel-2C,4,4,1,0.5696765447701249,0.6142170628567564,0.5371287244704301,0.6142170628567564,40.24419010091098,0.0152638410795745
Seymareh,Zagros/west,reservoir,2025-12-13,2025,12,Sentinel-2C,2,2,1,11.065060649741255,11.54555835795312,10.67913999981809,14.568860919145289,40.24419010091098,0.3620491699562567
Seymareh,Zagros/west,reservoir,2025-12-15,2025,12,Sentinel-2B,4,4,1,0.35287352814726,0.4815893702368644,0.2248734194248573,0.8554227594296944,40.24419010091098,0.021258017475218
Seymareh,Zagros/west,reservoir,2025-12-18,2025,12,Sentinel-2B,4,4,1,0.0,0.0,0.0,0.0,40.24419010091098,0.0
Seymareh,Zagros/west,reservoir,2025-12-20,2025,12,Sentinel-2C,4,4,1,32.163119919990685,33.30283316543052,31.19784045964809,40.19668526304527,40.24419010091098,0.998923430956346
Seymareh,Zagros/west,reservoir,2025-12-22,2025,12,Sentinel-2A,4,4,1,0.0126632266845703,0.0209103586823108,0.0049997548522949,0.0347388505876129,40.24419010091098,0.000863291378116716
Seymareh,Zagros/west,reservoir,2025-12-23,2025,12,Sentinel-2C,2,2,1,5.8041684639410285,8.359325482326613,3.4870684865574253,13.348412482125235,40.24419010091098,0.3317199392737908
Seymareh,Zagros/west,reservoir,2025-12-25,2025,12,Sentinel-2A+Sentinel-2B,8,4,2,28.887019156435496,30.47207869154017,27.41034237498288,39.606126721132085,40.24419010091098,0.9842475251942648
Seymareh,Zagros/west,reservoir,2025-12-28,2025,12,Sentinel-2B,2,2,1,0.008075610725313,0.0203987285046147,0.0046601672979616,0.3692288982472141,40.24419010091098,0.009175666984273
Seymareh,Zagros/west,reservoir,2025-12-30,2025,12,Sentinel-2C,4,4,1,31.74739878767472,32.82422426624505,30.75105846256642,39.41911462818295,40.24419010091098,0.9796001081175432
Gavkhouni,Central plateau,terminal_lake,2025-09-05,2025,9,Sentinel-2C,1,1,1,151.42086982032447,172.92287797120017,127.5912347551352,264.65985364503507,487.3282855256348,0.5430935016974995
Gavkhouni,Central plateau,terminal_lake,2025-09-10,2025,9,Sentinel-2B,2,1,1,208.11972596126927,234.59188133919068,175.42630809970177,334.9376201288171,487.3282855256348,0.6873065274567705
Gavkhouni,Central plateau,terminal_lake,2025-09-15,2025,9,Sentinel-2C,1,1,1,192.4478694411565,217.01132263083585,162.04381043586548,322.625444470102,487.3282855256348,0.66204140885297
Gavkhouni,Central plateau,terminal_lake,2025-09-17,2025,9,Sentinel-2A,1,1,1,250.66716443812925,277.1900122948201,217.15025959941116,388.63856605617,487.3282855256348,0.7975031982645391
Gavkhouni,Central plateau,terminal_lake,2025-09-20,2025,9,Sentinel-2B,1,1,1,264.7144893439676,291.6982202321041,229.6603983188336,402.3083775026935,487.3282855256348,0.8255542444046693
Gavkhouni,Central plateau,terminal_lake,2025-09-25,2025,9,Sentinel-2C,1,1,1,208.28788369955777,235.36263618886647,176.2791351483522,346.64072061667,487.3282855256348,0.7113217973858106
Gavkhouni,Central plateau,terminal_lake,2025-09-30,2025,9,Sentinel-2B,1,1,1,253.239509811492,282.4037158216057,216.0978716514188,395.3901811814184,487.3282855256348,0.8113578054139969
Gavkhouni,Central plateau,terminal_lake,2025-10-05,2025,10,Sentinel-2C,1,1,1,210.87226986089777,240.70294604477292,178.85640765561706,355.9981336295685,487.3282855256348,0.7305236148508075
Gavkhouni,Central plateau,terminal_lake,2025-10-07,2025,10,Sentinel-2A,1,1,1,206.3278876739625,235.80202976305492,172.65505189225968,350.38906201371395,487.3282855256348,0.7190135565507975
Gavkhouni,Central plateau,terminal_lake,2025-10-10,2025,10,Sentinel-2B,1,1,1,215.68316588167863,245.0262071095786,181.0647597157179,360.856100825109,487.3282855256348,0.7404923742943771
Gavkhouni,Central plateau,terminal_lake,2025-10-15,2025,10,Sentinel-2C,1,1,1,195.84964487617628,225.13168798971893,161.34076421272886,340.5364263423566,487.3282855256348,0.6987955207058754
Gavkhouni,Central plateau,terminal_lake,2025-10-20,2025,10,Sentinel-2B,1,1,1,210.05156520883708,240.13650747494785,175.58882628725866,354.9891128134672,487.3282855256348,0.7284530603607522
Gavkhouni,Central plateau,terminal_lake,2025-10-25,2025,10,Sentinel-2C,1,1,1,221.333519277162,254.73830696949764,183.23580766497017,373.9414967577558,487.3282855256348,0.767344174445717
Gavkhouni,Central plateau,terminal_lake,2025-10-27,2025,10,Sentinel-2A,1,1,1,208.2600209280397,239.7978135654132,172.74633582323648,355.9791881069088,487.3282855256348,0.7304847378163762
Gavkhouni,Central plateau,terminal_lake,2025-10-30,2025,10,Sentinel-2B,1,1,1,207.0838851755754,239.4669188793268,169.86362706237102,355.8570646737171,487.3282855256348,0.730234135233257
Gavkhouni,Central plateau,terminal_lake,2025-11-04,2025,11,Sentinel-2C,1,1,1,257.1325034471497,282.7319176319846,224.23599327796447,399.85757194537945,487.3282855256348,0.8205250850751756
Gavkhouni,Central plateau,terminal_lake,2025-11-09,2025,11,Sentinel-2B,1,1,1,233.48088176505107,259.9813581412247,200.6224419392472,380.8640852547384,487.3282855256348,0.7815496263714917
Gavkhouni,Central plateau,terminal_lake,2025-11-14,2025,11,Sentinel-2C,1,1,1,238.08560786371928,265.829870830686,205.63177180938447,389.369950699525,487.3282855256348,0.7990040312831359
Gavkhouni,Central plateau,terminal_lake,2025-11-16,2025,11,Sentinel-2A,1,1,1,1.421024483673335,2.4397393159630867,0.7999762103600596,14.202709845610272,487.3282855256348,0.0291445767743502
Gavkhouni,Central plateau,terminal_lake,2025-11-19,2025,11,Sentinel-2B,1,1,1,243.6212615205923,270.695724935584,209.7521654395458,391.7530972628823,487.3282855256348,0.8038943514217086
Gavkhouni,Central plateau,terminal_lake,2025-11-24,2025,11,Sentinel-2C,1,1,1,244.2772742324944,273.49701125651546,207.75667013515,293.9569525960925,487.3282855256348,0.6032124197720482
Gavkhouni,Central plateau,terminal_lake,2025-11-29,2025,11,Sentinel-2B,1,1,1,218.28286655767548,246.57663750612937,183.40842441875648,371.4899909789801,487.3282855256348,0.7623135782314056
Gavkhouni,Central plateau,terminal_lake,2025-12-04,2025,12,Sentinel-2C,1,1,1,239.3551917632248,266.921177517379,203.88977167000365,384.62512532593433,487.3282855256348,0.7892674437667585
Gavkhouni,Central plateau,terminal_lake,2025-12-06,2025,12,Sentinel-2A,1,1,1,205.3968033952819,235.1798518521876,162.2761353042916,344.1783946225262,487.3282855256348,0.7062689976201388
Gavkhouni,Central plateau,terminal_lake,2025-12-09,2025,12,Sentinel-2B,1,1,1,0.4811092418575511,1.0399914185854444,0.1767865362243652,6.442330872793399,487.3282855256348,0.0132199424454148
Gavkhouni,Central plateau,terminal_lake,2025-12-14,2025,12,Sentinel-2C,1,1,1,235.75535227404987,302.2343243848003,184.4874655716553,424.4381966723655,487.3282855256348,0.8709655934221485
Gavkhouni,Central plateau,terminal_lake,2025-12-19,2025,12,Sentinel-2B,1,1,1,0.0,0.0,0.0,0.0,487.3282855256348,0.0
Gavkhouni,Central plateau,terminal_lake,2025-12-24,2025,12,Sentinel-2C,1,1,1,231.75290735757972,331.0621150697384,102.34758930867058,430.6437499209942,487.3282855256348,0.8836996579104036
Gavkhouni,Central plateau,terminal_lake,2025-12-26,2025,12,Sentinel-2A,1,1,1,43.028872140133245,53.82073466186761,26.95276440134888,63.195026406897945,487.3282855256348,0.1296789358435134
Gavkhouni,Central plateau,terminal_lake,2025-12-29,2025,12,Sentinel-2B,1,1,1,322.4192880843145,386.0211806342364,295.08654401643946,463.5053933852247,487.3282855256348,0.951133175970382
Lake Urmia,Northwest,terminal_lake,2025-09-02,2025,9,Sentinel-2B,5,5,1,2600.772911771348,2866.8569787997867,2490.53370324366,5452.024152945867,5866.837078882508,0.9293042532071656
Lake Urmia,Northwest,terminal_lake,2025-09-04,2025,9,Sentinel-2C,3,3,1,2141.816287641569,2321.2645714630203,2058.960183691947,4931.772138586366,5866.837078882508,0.84062665455371
Lake Urmia,Northwest,terminal_lake,2025-09-06,2025,9,Sentinel-2A,3,3,1,2243.952481096513,2436.046939943328,2160.686903937595,5082.52108618853,5866.837078882508,0.8663219989328247
Lake Urmia,Northwest,terminal_lake,2025-09-07,2025,9,Sentinel-2C,5,5,1,2471.5672907915314,2700.829838314287,2367.583492272342,5332.908410795505,5866.837078882508,0.9090008277822345
Lake Urmia,Northwest,terminal_lake,2025-09-09,2025,9,Sentinel-2A+Sentinel-2B,8,5,2,2614.776550655148,2855.1526731710883,2506.9275264139933,5758.444676431879,5866.837078882508,0.9815340100382418
Lake Urmia,Northwest,terminal_lake,2025-09-12,2025,9,Sentinel-2B,5,5,1,2581.008899602428,2810.870835634291,2477.9953534504134,5578.494756243749,5866.837078882508,0.9508613238021104
Lake Urmia,Northwest,terminal_lake,2025-09-14,2025,9,Sentinel-2C,5,3,1,2153.13173331938,2318.212279881116,2077.7870169466937,4970.128379693406,5866.837078882508,0.8471645232420855
Lake Urmia,Northwest,terminal_lake,2025-09-16,2025,9,Sentinel-2A,3,3,1,2202.196190235375,2379.71608321366,2121.5755165105284,5074.2389210613765,5866.837078882508,0.864910293653737
Lake Urmia,Northwest,terminal_lake,2025-09-17,2025,9,Sentinel-2C,5,5,1,2382.4740726113314,2592.289810243895,2279.9033014066545,5362.162643716932,5866.837078882508,0.9139872479292372
Lake Urmia,Northwest,terminal_lake,2025-09-19,2025,9,Sentinel-2A+Sentinel-2B,8,5,2,2219.345266773278,2459.7359612992773,2102.182078374689,5279.025138536535,5866.837078882508,0.8998163574493353
Lake Urmia,Northwest,terminal_lake,2025-09-22,2025,9,Sentinel-2B,5,5,1,873.0897738044179,962.9525262809216,831.8063796815661,2255.941132686092,5866.837078882508,0.3845279534312788
Lake Urmia,Northwest,terminal_lake,2025-09-24,2025,9,Sentinel-2C,3,3,1,2138.55808509395,2290.805856973139,2058.2959043360124,4925.647491500624,5866.837078882508,0.8395827008905374
Lake Urmia,Northwest,terminal_lake,2025-09-26,2025,9,Sentinel-2A,3,3,1,1716.6926688136691,1869.9113199504,1646.6733557011205,3468.371802146351,5866.837078882508,0.5911882590793079
Lake Urmia,Northwest,terminal_lake,2025-09-27,2025,9,Sentinel-2C,5,5,1,1746.2261648599256,1955.705593742697,1649.7311956549345,4623.372963257613,5866.837078882508,0.788059634071283
Lake Urmia,Northwest,terminal_lake,2025-09-29,2025,9,Sentinel-2A+Sentinel-2B,8,5,2,2501.665115544088,2746.2270692480565,2386.7889787780928,5615.231877084907,5866.837078882508,0.9571232114406356
Lake Urmia,Northwest,terminal_lake,2025-10-02,2025,10,Sentinel-2B,4,4,1,1747.2664498877978,1911.706231926502,1663.2581839805111,4351.120601039044,5866.837078882508,0.7416538825452724
Lake Urmia,Northwest,terminal_lake,2025-10-04,2025,10,Sentinel-2C,4,3,1,2062.5756199755165,2216.644046413077,1978.6869294406151,4927.702113609348,5866.837078882508,0.8399329137675914
Lake Urmia,Northwest,terminal_lake,2025-10-06,2025,10,Sentinel-2A,3,3,1,2091.006256112744,2272.659100405775,1999.580045430229,4887.955808242351,5866.837078882508,0.8331581069085896
Lake Urmia,Northwest,terminal_lake,2025-10-07,2025,10,Sentinel-2C,5,5,1,2204.165631055125,2447.307266512304,2088.125539851525,5117.12018879269,5866.837078882508,0.8722194587211904
Lake Urmia,Northwest,terminal_lake,2025-10-09,2025,10,Sentinel-2A+Sentinel-2B,8,5,2,2356.065581016568,2615.021823321861,2231.3858449630675,5532.710151397583,5866.837078882508,0.9430572813361646
Lake Urmia,Northwest,terminal_lake,2025-10-12,2025,10,Sentinel-2B,5,5,1,2416.5015538136104,2657.1800416586225,2297.922762428945,5338.0948575399225,5866.837078882508,0.9098848640380196
Lake Urmia,Northwest,terminal_lake,2025-10-14,2025,10,Sentinel-2C,3,3,1,1964.8701383226976,2116.8799981658344,1880.4338033345712,4748.949381796542,5866.837078882508,0.8094642897692396
Lake Urmia,Northwest,terminal_lake,2025-10-16,2025,10,Sentinel-2A,3,3,1,1964.4290003980143,2135.5973476291256,1872.1772782913324,4804.726281996713,5866.837078882508,0.8189715313244192
Lake Urmia,Northwest,terminal_lake,2025-10-17,2025,10,Sentinel-2C,5,5,1,2153.0374979647645,2370.650861001881,2042.7076386364763,5095.898835306819,5866.837078882508,0.8686022527991336
Lake Urmia,Northwest,terminal_lake,2025-10-19,2025,10,Sentinel-2A+Sentinel-2B,8,5,2,2373.8832876512547,2627.34451606115,2249.2352834166445,5585.340569648563,5866.837078882508,0.9520282011554176
Lake Urmia,Northwest,terminal_lake,2025-10-22,2025,10,Sentinel-2B,5,5,1,561.2932907333238,594.2167749020333,530.6510143625642,614.079568500652,5866.837078882508,0.1046706211869826
Lake Urmia,Northwest,terminal_lake,2025-10-24,2025,10,Sentinel-2C,3,3,1,258.90970616389654,348.4994157686142,219.4707814349558,945.89033722143,5866.837078882508,0.1612281766896572
Lake Urmia,Northwest,terminal_lake,2025-10-26,2025,10,Sentinel-2A,3,3,1,46.96925213649149,56.53672288004749,42.21831294322965,65.81837513313971,5866.837078882508,0.0112188233644127
Lake Urmia,Northwest,terminal_lake,2025-10-27,2025,10,Sentinel-2C,5,5,1,2587.957077911838,2876.375697538317,2466.062407323447,5545.148565891315,5866.837078882508,0.9451774244551076
Lake Urmia,Northwest,terminal_lake,2025-10-29,2025,10,Sentinel-2A+Sentinel-2B,7,5,2,2267.346743578497,2664.7194144183773,2134.939239238108,5254.3562367465465,5866.837078882508,0.8956115126591672
Lake Urmia,Northwest,terminal_lake,2025-11-01,2025,11,Sentinel-2B,5,5,1,2616.5154353402686,3085.7541330327635,2466.731359263484,5332.753103025072,5866.837078882508,0.9089743553808712
Lake Urmia,Northwest,terminal_lake,2025-11-03,2025,11,Sentinel-2C,3,3,1,2273.937335029639,2638.2072027373133,2164.4302636730768,5032.925622363476,5866.837078882508,0.8578683908453584
Lake Urmia,Northwest,terminal_lake,2025-11-05,2025,11,Sentinel-2A,3,3,1,2159.490658362255,2551.409770018782,2043.426891069225,5019.956107007931,5866.837078882508,0.855657720928309
Lake Urmia,Northwest,terminal_lake,2025-11-06,2025,11,Sentinel-2C,5,5,1,2514.6651765588445,2929.6468608766195,2372.4832232366043,5473.193778802275,5866.837078882508,0.9329126420908675
Lake Urmia,Northwest,terminal_lake,2025-11-08,2025,11,Sentinel-2A+Sentinel-2B,8,5,2,2509.6796490083507,3032.546983822791,2352.83327336564,5556.053203274159,5866.837078882508,0.9470361333704164
Lake Urmia,Northwest,terminal_lake,2025-11-11,2025,11,Sentinel-2B,5,5,1,1939.7915142627971,2454.62779854084,1791.3213881167662,4539.211616845414,5866.837078882508,0.7737142285883967
Lake Urmia,Northwest,terminal_lake,2025-11-13,2025,11,Sentinel-2C,3,3,1,1683.0493565486097,2176.729613078272,1537.6311877684595,3744.394178583896,5866.837078882508,0.6382366141870457
Lake Urmia,Northwest,terminal_lake,2025-11-15,2025,11,Sentinel-2A,2,2,1,0.0,0.0,0.0,0.0,5866.837078882508,0.0
Lake Urmia,Northwest,terminal_lake,2025-11-18,2025,11,Sentinel-2A+Sentinel-2B,8,5,2,3366.2541314762198,3986.428292021868,3170.9037623431896,5848.658351530245,5866.837078882508,0.996911042423739
Lake Urmia,Northwest,terminal_lake,2025-11-21,2025,11,Sentinel-2B,5,5,1,3059.2730388951263,4358.060895425164,2627.317270120768,5070.9766876872845,5866.837078882508,0.8643542419444171
Lake Urmia,Northwest,terminal_lake,2025-11-23,2025,11,Sentinel-2C,3,3,1,2055.1857926082885,3576.074705120338,1431.8365489857997,4176.384022371222,5866.837078882508,0.7118698168127068
Lake Urmia,Northwest,terminal_lake,2025-11-25,2025,11,Sentinel-2A,3,3,1,2179.5495714698905,3648.3063800617465,1603.4029715915815,4031.43310339806,5866.837078882508,0.6871627535772544
Lake Urmia,Northwest,terminal_lake,2025-11-26,2025,11,Sentinel-2C,5,5,1,117.81186024100516,120.122798961681,94.74793496097315,120.67807764397084,5866.837078882508,0.0205697274401858
Lake Urmia,Northwest,terminal_lake,2025-11-28,2025,11,Sentinel-2A+Sentinel-2B,8,5,2,2665.219462625358,3600.810093195765,2435.89522963396,5521.608373600368,5866.837078882508,0.9411649695936464
Lake Urmia,Northwest,terminal_lake,2025-12-01,2025,12,Sentinel-2B,5,5,1,1960.4014491434068,2438.681331296927,1746.4357816889174,3450.7505752219986,5866.837078882508,0.5881846991778572
Lake Urmia,Northwest,terminal_lake,2025-12-03,2025,12,Sentinel-2C,3,3,1,2245.844074438989,2598.637319907565,2143.649426980809,5010.649131174865,5866.837078882508,0.8540713353981769
Lake Urmia,Northwest,terminal_lake,2025-12-05,2025,12,Sentinel-2A,3,3,1,838.1174657724881,1220.11677987315,604.7816380955761,1608.8472712007974,5866.837078882508,0.2742300052137146
Lake Urmia,Northwest,terminal_lake,2025-12-06,2025,12,Sentinel-2C,5,5,1,1614.3731458566197,1853.5383975980697,1517.6832017715242,3464.1341230330577,5866.837078882508,0.5904659414385134
Lake Urmia,Northwest,terminal_lake,2025-12-08,2025,12,Sentinel-2A+Sentinel-2B,8,5,2,672.2119636895494,726.8874622655474,587.9723752096198,763.9265829923733,5866.837078882508,0.1302122299530242
Lake Urmia,Northwest,terminal_lake,2025-12-11,2025,12,Sentinel-2B,5,5,1,1212.3693877461428,1302.4720859146728,1122.2622357207797,1345.0870253634023,5866.837078882508,0.2292717454174484
Lake Urmia,Northwest,terminal_lake,2025-12-13,2025,12,Sentinel-2C,3,3,1,38.69332205929913,52.71324392063706,28.421943584196203,174.30714687452175,5866.837078882508,0.0297108685528061
Lake Urmia,Northwest,terminal_lake,2025-12-16,2025,12,Sentinel-2C,5,5,1,1742.3198445335638,2377.650265468888,1565.4796981285122,3210.209398599485,5866.837078882508,0.547184158417968
Lake Urmia,Northwest,terminal_lake,2025-12-18,2025,12,Sentinel-2A+Sentinel-2B,8,5,2,1822.247521463457,2670.5703216316715,1601.463735098071,4147.351587770802,5866.837078882508,0.7069212024635662
Lake Urmia,Northwest,terminal_lake,2025-12-21,2025,12,Sentinel-2B,6,5,1,2756.67744234749,3529.742650704051,2544.162964302002,5314.138711389126,5866.837078882508,0.9058015093272084
Lake Urmia,Northwest,terminal_lake,2025-12-23,2025,12,Sentinel-2C,3,3,1,680.611904213431,1081.5366653102842,568.7530730179773,1648.2441997345409,5866.837078882508,0.2809452603598101
Lake Urmia,Northwest,terminal_lake,2025-12-25,2025,12,Sentinel-2A,3,3,1,0.0867362966163785,0.1182797372407801,0.0061833111063639,0.1210471354192995,5866.837078882508,2.0632633793986004e-05
Lake Urmia,Northwest,terminal_lake,2025-12-26,2025,12,Sentinel-2C,5,5,1,251.79170560240115,291.0789186834846,207.55297012185835,386.9617789358639,5866.837078882508,0.0659581133365679
Lake Urmia,Northwest,terminal_lake,2025-12-28,2025,12,Sentinel-2A+Sentinel-2B,8,5,2,1301.1759605761276,1415.9704626790833,1170.448422066151,1494.8677106289035,5866.837078882508,0.2548020482849265
Lake Urmia,Northwest,terminal_lake,2025-12-31,2025,12,Sentinel-2B,5,5,1,2988.772097025146,3793.924643742659,2616.957074254108,4269.872867513517,5866.837078882508,0.7278051059788814
Bakhtegan Tashk,South/Fars,terminal_lake,2025-09-02,2025,9,Sentinel-2C,3,3,1,193.49002609939944,346.40634711632487,138.1661462416815,1228.745947426663,1393.5000670459594,0.8817891429688108
Bakhtegan Tashk,South/Fars,terminal_lake,2025-09-05,2025,9,Sentinel-2C,2,2,1,128.0326688669381,154.14815209040788,111.53907941149184,419.8675517309754,1393.5000670459594,0.3013109824505581
Bakhtegan Tashk,South/Fars,terminal_lake,2025-09-07,2025,9,Sentinel-2B,3,3,1,201.33466123465195,342.605382371454,148.3898011920172,1287.628308282572,1393.5000670459594,0.9240450923160708
Bakhtegan Tashk,South/Fars,terminal_lake,2025-09-10,2025,9,Sentinel-2B,2,2,1,128.1878497016818,156.8123586937884,110.71765464060536,458.4562332994745,1393.5000670459594,0.3290035095509285
Bakhtegan Tashk,South/Fars,terminal_lake,2025-09-12,2025,9,Sentinel-2C,3,3,1,187.6429371164376,304.58495009672936,136.04238759050517,1259.380288676475,1393.5000670459594,0.90377336971044
Bakhtegan Tashk,South/Fars,terminal_lake,2025-09-14,2025,9,Sentinel-2A,3,3,1,186.4882000969011,301.28776170547167,133.51888432473527,1259.551869927058,1393.5000670459594,0.9038965021482056
Bakhtegan Tashk,South/Fars,terminal_lake,2025-09-15,2025,9,Sentinel-2C,2,2,1,122.5257908176077,150.40255414022155,106.84858991597336,439.513051376454,1393.5000670459594,0.3154092493314054
Bakhtegan Tashk,South/Fars,terminal_lake,2025-09-17,2025,9,Sentinel-2A+Sentinel-2B,5,3,2,200.10524976356703,327.582783148926,144.34197841174066,1308.2764552020478,1393.5000670459594,0.938862892378118
Bakhtegan Tashk,South/Fars,terminal_lake,2025-09-20,2025,9,Sentinel-2B,2,2,1,123.75056156866432,151.56273923623348,106.79816802205248,456.270502777502,1393.5000670459594,0.3274349563054286
Bakhtegan Tashk,South/Fars,terminal_lake,2025-09-22,2025,9,Sentinel-2C,3,3,1,120.36231361577974,209.4641417332327,94.0742729978074,1013.4375971087538,1393.5000670459594,0.7272766775576571
Bakhtegan Tashk,South/Fars,terminal_lake,2025-09-25,2025,9,Sentinel-2C,2,2,1,118.64674857221776,146.09747513094229,101.6381219955632,435.5199183493949,1393.5000670459594,0.3125436436648597
Bakhtegan Tashk,South/Fars,terminal_lake,2025-09-27,2025,9,Sentinel-2B,3,3,1,166.58640093672977,297.81524088870754,118.22698134471422,1255.62034733858,1393.5000670459594,0.9010751101907252
Bakhtegan Tashk,South/Fars,terminal_lake,2025-09-30,2025,9,Sentinel-2B,2,2,1,114.57182859016125,142.9505106607477,96.81134627831251,443.1499540485716,1393.5000670459594,0.3180192121939677
Bakhtegan Tashk,South/Fars,terminal_lake,2025-10-02,2025,10,Sentinel-2C,3,3,1,154.31926648445446,262.53525795437787,108.15843350754396,1234.7213573939728,1393.5000670459594,0.886077296793445
Bakhtegan Tashk,South/Fars,terminal_lake,2025-10-04,2025,10,Sentinel-2A,3,3,1,154.73347428258305,261.10586890359906,110.02574212532647,1249.6085448345775,1393.5000670459594,0.8967608398659241
Bakhtegan Tashk,South/Fars,terminal_lake,2025-10-05,2025,10,Sentinel-2C,2,2,1,103.92648591336298,126.26683819433892,86.99940187712845,409.3250739050018,1393.5000670459594,0.2937453481496663
Bakhtegan Tashk,South/Fars,terminal_lake,2025-10-07,2025,10,Sentinel-2A+Sentinel-2B,5,3,2,166.06127355771028,278.45246839739366,118.860312494284,1281.7761177396674,1393.5000670459594,0.91984536486702
Bakhtegan Tashk,South/Fars,terminal_lake,2025-10-10,2025,10,Sentinel-2B,2,2,1,105.17785481766224,127.93293742933623,89.16341051644119,447.0178517801081,1393.5000670459594,0.3207949448284684
Bakhtegan Tashk,South/Fars,terminal_lake,2025-10-12,2025,10,Sentinel-2C,3,3,1,142.8944493684015,230.81080388752216,101.5560873110422,1233.737654923975,1393.5000670459594,0.8853713590365212
Bakhtegan Tashk,South/Fars,terminal_lake,2025-10-15,2025,10,Sentinel-2C,2,2,1,99.93275840543896,124.670984201509,85.9625440681685,424.8332122619216,1393.5000670459594,0.3048745063450028
Bakhtegan Tashk,South/Fars,terminal_lake,2025-10-17,2025,10,Sentinel-2B,3,3,1,148.63065836520323,246.47327922769875,105.58708642661314,1267.4776760158584,1393.5000670459594,0.9095843253902818
Bakhtegan Tashk,South/Fars,terminal_lake,2025-10-20,2025,10,Sentinel-2B,2,2,1,106.23887796258616,129.8252327875973,90.8594347209827,437.0840235604156,1393.5000670459594,0.31366609781938
Bakhtegan Tashk,South/Fars,terminal_lake,2025-10-22,2025,10,Sentinel-2C,3,3,1,152.48223651425445,249.8923346430684,107.25808220111874,1287.424766784539,1393.5000670459594,0.9238990241369778
Bakhtegan Tashk,South/Fars,terminal_lake,2025-10-24,2025,10,Sentinel-2A,3,3,1,147.80022275176103,241.15618994575723,107.16345309548028,1270.0024787693596,1393.5000670459594,0.9113962081971694
Bakhtegan Tashk,South/Fars,terminal_lake,2025-10-25,2025,10,Sentinel-2C,2,2,1,105.3963642324147,128.7608242373978,89.50367159973636,426.497810387076,1393.5000670459594,0.3060690775720668
Bakhtegan Tashk,South/Fars,terminal_lake,2025-10-27,2025,10,Sentinel-2A+Sentinel-2B,3,3,2,107.61724567777851,170.40385330885476,86.50030646923493,778.6369569715736,1393.5000670459594,0.55877589375552
Bakhtegan Tashk,South/Fars,terminal_lake,2025-10-30,2025,10,Sentinel-2B,2,2,1,108.64709180383024,134.12052831543676,91.13122406859104,441.93280517226657,1393.5000670459594,0.3171457454966816
Bakhtegan Tashk,South/Fars,terminal_lake,2025-11-01,2025,11,Sentinel-2C,3,3,1,150.70761515344478,246.09444949308852,106.41094526736092,1273.9694310674136,1393.5000670459594,0.9142430256979106
Bakhtegan Tashk,South/Fars,terminal_lake,2025-11-04,2025,11,Sentinel-2C,2,2,1,107.9821498390126,130.19377132451615,91.55935144940678,421.0491562319549,1393.5000670459594,0.3021589413166108
Bakhtegan Tashk,South/Fars,terminal_lake,2025-11-06,2025,11,Sentinel-2B,3,3,1,146.84380282666004,242.56207700499135,104.54924275467924,1253.4106632200924,1393.5000670459594,0.8994893670441017
Bakhtegan Tashk,South/Fars,terminal_lake,2025-11-09,2025,11,Sentinel-2B,2,2,1,104.007481703707,129.19398994058838,86.29561656785002,439.0660286553596,1393.5000670459594,0.3150884508921943
Bakhtegan Tashk,South/Fars,terminal_lake,2025-11-11,2025,11,Sentinel-2C,5,3,1,148.45815220568943,239.35970111102287,104.87490439580498,1284.5067048825747,1393.5000670459594,0.9218049254267828
Bakhtegan Tashk,South/Fars,terminal_lake,2025-11-13,2025,11,Sentinel-2A,3,3,1,141.76486170307163,233.13997957990492,101.771267646316,1244.8350000909763,1393.5000670459594,0.8933351846788623
Bakhtegan Tashk,South/Fars,terminal_lake,2025-11-14,2025,11,Sentinel-2C,4,2,1,109.8816638340077,137.49628656252213,91.46334403256716,434.09665232109256,1393.5000670459594,0.3115222604131454
Bakhtegan Tashk,South/Fars,terminal_lake,2025-11-16,2025,11,Sentinel-2A+Sentinel-2B,5,3,2,157.3987055702078,251.83138517988544,113.21185300673638,1280.4612340315743,1393.5000670459594,0.918901760389226
Bakhtegan Tashk,South/Fars,terminal_lake,2025-11-19,2025,11,Sentinel-2B,2,2,1,112.97947406983378,138.30499738083245,98.64166268860352,449.41335127227984,1393.5000670459594,0.3225140352951414
Bakhtegan Tashk,South/Fars,terminal_lake,2025-11-21,2025,11,Sentinel-2C,3,3,1,155.34692489701442,238.8947411010013,117.51106046349211,1296.940169891787,1393.5000670459594,0.9307275953062376
Bakhtegan Tashk,South/Fars,terminal_lake,2025-11-24,2025,11,Sentinel-2C,2,2,1,82.13884910522461,83.26928130796233,79.85623252099609,257.540155063756,1393.5000670459594,0.1848194194164601
Bakhtegan Tashk,South/Fars,terminal_lake,2025-11-26,2025,11,Sentinel-2B,3,3,1,121.57804601739404,153.00229752336747,102.14787840998666,642.6812544893004,1393.5000670459594,0.461209539518798
Bakhtegan Tashk,South/Fars,terminal_lake,2025-11-29,2025,11,Sentinel-2B,2,2,1,107.1719772243054,131.28270327035307,90.48217510047056,453.3067062579804,1393.5000670459594,0.3253080369057299
Bakhtegan Tashk,South/Fars,terminal_lake,2025-12-01,2025,12,Sentinel-2C,1,1,1,64.48121782609397,74.91280073805423,55.90608553345672,232.9618619533979,1393.5000670459594,0.1671812151458312
Bakhtegan Tashk,South/Fars,terminal_lake,2025-12-03,2025,12,Sentinel-2A,3,3,1,10.363755575394096,36.768156007981865,3.92496279297976,38.97482349723837,1393.5000670459594,0.0279696354490249
Bakhtegan Tashk,South/Fars,terminal_lake,2025-12-04,2025,12,Sentinel-2C,2,2,1,110.53922971826674,129.87378298687767,97.2752925284012,418.4180881923043,1393.5000670459594,0.3002707989901723
Bakhtegan Tashk,South/Fars,terminal_lake,2025-12-06,2025,12,Sentinel-2A+Sentinel-2B,5,3,2,168.73011118109065,249.38576884387777,129.94047810455731,1300.6907829286026,1393.5000670459594,0.9334191605254496
Bakhtegan Tashk,South/Fars,terminal_lake,2025-12-09,2025,12,Sentinel-2B,2,2,1,7.028334572916068,12.304009487424242,2.282726326072663,20.070431272791712,1393.5000670459594,0.0144032120131209
Bakhtegan Tashk,South/Fars,terminal_lake,2025-12-11,2025,12,Sentinel-2C,3,3,1,7.502548467958335,8.40146442431329,7.007426095661234,9.78726729818115,1393.5000670459594,0.0070236699953673
Bakhtegan Tashk,South/Fars,terminal_lake,2025-12-14,2025,12,Sentinel-2C,2,2,1,156.51575451077187,178.13639514947872,148.7730843957637,436.9689330882305,1393.5000670459594,0.3135835050514897
Bakhtegan Tashk,South/Fars,terminal_lake,2025-12-16,2025,12,Sentinel-2A+Sentinel-2B,5,3,2,84.95753098884373,84.95753098884373,84.95753098884373,84.95753098884373,1393.5000670459594,0.0609683625783595
Bakhtegan Tashk,South/Fars,terminal_lake,2025-12-19,2025,12,Sentinel-2B,2,2,1,162.17636210839032,166.37236303602606,159.28759041940978,172.4568079176883,1393.5000670459594,0.1237607669602926
Bakhtegan Tashk,South/Fars,terminal_lake,2025-12-21,2025,12,Sentinel-2C,3,3,1,722.3809362378101,865.4912951854612,662.4744778877289,1068.7483017859088,1393.5000670459594,0.7669694871058086
Bakhtegan Tashk,South/Fars,terminal_lake,2025-12-23,2025,12,Sentinel-2A,3,3,1,683.7760583319972,952.6646894990143,590.2862692862105,1224.3121605167894,1393.5000670459594,0.8786073093541799
Bakhtegan Tashk,South/Fars,terminal_lake,2025-12-24,2025,12,Sentinel-2C,2,2,1,211.6897133134459,242.552553257795,209.22854814077064,438.3112339433748,1393.5000670459594,0.3145467849899853
Bakhtegan Tashk,South/Fars,terminal_lake,2025-12-26,2025,12,Sentinel-2A+Sentinel-2B,5,3,2,332.5127676982815,410.7510427079632,297.4814371248829,568.8791307159388,1393.5000670459594,0.4082466698485607
Bakhtegan Tashk,South/Fars,terminal_lake,2025-12-29,2025,12,Sentinel-2B,2,2,1,219.01753354149804,236.18575542483077,212.06531258220423,355.84812046657504,1393.5000670459594,0.255368499754105
Bakhtegan Tashk,South/Fars,terminal_lake,2025-12-31,2025,12,Sentinel-2C,3,3,1,603.6291967819575,898.2320883954063,569.2233433284202,1280.132123874993,1393.5000670459594,0.9186655799456428
Hamoun,Southeast/Sistan,terminal_lake,2025-09-01,2025,9,Sentinel-2B,5,5,1,0.0324119612731933,0.3663670047614602,0.0010236448669433,3180.201004320939,4340.168169681701,0.7327516581223964
Hamoun,Southeast/Sistan,terminal_lake,2025-09-03,2025,9,Sentinel-2C,6,6,1,0.0537349202178356,0.4950872814931831,0.0040933992919921,4076.4303108271206,4340.168169681701,0.9392522879593198
Hamoun,Southeast/Sistan,terminal_lake,2025-09-06,2025,9,Sentinel-2C,9,5,1,0.0494639578857421,0.3718567346216538,0.0027273005676269,3122.685354267131,4340.168169681701,0.719499449256462
Hamoun,Southeast/Sistan,terminal_lake,2025-09-08,2025,9,Sentinel-2B,6,6,1,0.0539004970092773,0.4816506967905082,0.0044333799743652,3871.5896940276702,4340.168169681701,0.8920548619454689
Hamoun,Southeast/Sistan,terminal_lake,2025-09-11,2025,9,Sentinel-2B,5,5,1,0.0525354173583984,0.4125669758076986,0.003409733215332,3256.727310096871,4340.168169681701,0.7503841214072978
Hamoun,Southeast/Sistan,terminal_lake,2025-09-13,2025,9,Sentinel-2C,6,6,1,0.032404395324707,0.3796876805187749,0.0017036518859863,3796.472407497161,4340.168169681701,0.8747470514693072
Hamoun,Southeast/Sistan,terminal_lake,2025-09-15,2025,9,Sentinel-2A,6,6,1,0.0303674895935058,0.5459145042601342,0.0,3247.4274600045446,4340.168169681701,0.7482413384303153
Hamoun,Southeast/Sistan,terminal_lake,2025-09-16,2025,9,Sentinel-2C,5,5,1,0.0445195131199257,0.4536734575215657,0.0020448679199218,2757.0631370904166,4340.168169681701,0.6352562566033515
Hamoun,Southeast/Sistan,terminal_lake,2025-09-18,2025,9,Sentinel-2A+Sentinel-2B,11,6,2,0.0525420581359863,0.5501653731609268,0.0020448698120117,4206.085594214372,4340.168169681701,0.9691262247819464
Hamoun,Southeast/Sistan,terminal_lake,2025-09-21,2025,9,Sentinel-2B,5,5,1,0.0433312726440429,0.4288702475771437,0.00034121475219726563,3285.1181242580456,4340.168169681701,0.7569256626884244
Hamoun,Southeast/Sistan,terminal_lake,2025-09-23,2025,9,Sentinel-2C,6,6,1,0.000340004150390625,0.1017502480584836,0.0,2594.668171447689,4340.168169681701,0.5978387536896177
Hamoun,Southeast/Sistan,terminal_lake,2025-09-26,2025,9,Sentinel-2C,5,5,1,0.0252493289794921,0.3847096978728649,0.0,3095.332122719464,4340.168169681701,0.7131969778892981
Hamoun,Southeast/Sistan,terminal_lake,2025-09-28,2025,9,Sentinel-2B,6,6,1,0.0491273030395507,0.5139130566507975,0.000340004150390625,4144.936881261207,4340.168169681701,0.955036920128686
Hamoun,Southeast/Sistan,terminal_lake,2025-10-01,2025,10,Sentinel-2B,5,5,1,0.0511592196350097,0.5550729484651454,0.0027220048217773,3251.838170835977,4340.168169681701,0.7492576124553971
Hamoun,Southeast/Sistan,terminal_lake,2025-10-03,2025,10,Sentinel-2C,6,6,1,0.0238745363769531,0.4214665811133291,0.0006800076599121094,4148.151142954938,4340.168169681701,0.9557775197267998
Hamoun,Southeast/Sistan,terminal_lake,2025-10-06,2025,10,Sentinel-2C,5,5,1,0.0723249152832031,1.084399899583166,0.0027227148742675,3023.5207316424926,4340.168169681701,0.6966508803903564
Hamoun,Southeast/Sistan,terminal_lake,2025-10-08,2025,10,Sentinel-2A+Sentinel-2B,11,6,2,0.0738559729124779,1.1962688293314616,0.0023825807800292,4256.482780594529,4340.168169681701,0.9807382649751883
Hamoun,Southeast/Sistan,terminal_lake,2025-10-11,2025,10,Sentinel-2B,5,5,1,0.051306626843142,0.4917056120083677,0.000340004150390625,3258.8875729038355,4340.168169681701,0.7508818686099535
Hamoun,Southeast/Sistan,terminal_lake,2025-10-13,2025,10,Sentinel-2C,6,6,1,0.0473792538146972,0.4853311790997673,0.0010218449096679,4134.047762376757,4340.168169681701,0.952527952957356
Hamoun,Southeast/Sistan,terminal_lake,2025-10-15,2025,10,Sentinel-2A,6,6,1,0.018764857055664,0.4205158997042786,0.0,3937.960413962469,4340.168169681701,0.9073473717638492
Hamoun,Southeast/Sistan,terminal_lake,2025-10-16,2025,10,Sentinel-2C,5,5,1,0.0184197394409179,0.335930007086421,0.0,3264.8401458366434,4340.168169681701,0.7522534038307409
Hamoun,Southeast/Sistan,terminal_lake,2025-10-18,2025,10,Sentinel-2B,6,6,1,0.0473902266845703,0.5643054454249962,0.0006824567565917968,4096.404294917372,4340.168169681701,0.9438545033355038
Hamoun,Southeast/Sistan,terminal_lake,2025-10-21,2025,10,Sentinel-2B,5,5,1,0.0696145237867168,0.5170522570326861,0.0184226888427734,3266.7561852236745,4340.168169681701,0.7526948793965832
Hamoun,Southeast/Sistan,terminal_lake,2025-10-23,2025,10,Sentinel-2C,6,6,1,0.0516560323535395,0.4690676651275036,0.0201281735229492,4288.428629903212,4340.168169681701,0.9880989236314373
Hamoun,Southeast/Sistan,terminal_lake,2025-10-26,2025,10,Sentinel-2C,5,5,1,4.016691868353988,13.06847130432679,0.5638824241645368,3004.623838299318,4340.168169681701,0.6922968380163806
Hamoun,Southeast/Sistan,terminal_lake,2025-10-28,2025,10,Sentinel-2A+Sentinel-2B,11,6,2,0.0882535035875507,0.5698650242316752,0.0282961950683593,4308.080376756613,4340.168169681701,0.9926268921693586
Hamoun,Southeast/Sistan,terminal_lake,2025-10-31,2025,10,Sentinel-2B,5,5,1,0.0432529913940429,0.4327292002230775,0.0040922074890136,2960.789524192271,4340.168169681701,0.6821969524113654
Hamoun,Southeast/Sistan,terminal_lake,2025-11-02,2025,11,Sentinel-2C,3,3,1,0.0,0.0703255833119112,0.0,351.2011209706947,4340.168169681701,0.0809204208715325
Hamoun,Southeast/Sistan,terminal_lake,2025-11-04,2025,11,Sentinel-2A,6,6,1,0.0816492763298483,0.7538008337601008,0.0214751463317871,2725.9653511333454,4340.168169681701,0.628091000635877
Hamoun,Southeast/Sistan,terminal_lake,2025-11-05,2025,11,Sentinel-2C,5,5,1,0.1109540569435269,0.951732439614808,0.0347538736572265,3155.867187899153,4340.168169681701,0.7271448916610052
Hamoun,Southeast/Sistan,terminal_lake,2025-11-07,2025,11,Sentinel-2B,6,6,1,0.1103360113627115,0.7224353928775563,0.0379885471545649,4173.771788564543,4340.168169681701,0.9616807851264072
Hamoun,Southeast/Sistan,terminal_lake,2025-11-10,2025,11,Sentinel-2B,5,5,1,0.1291301247577742,0.6968794642580519,0.0475000535937739,3290.4021152388664,4340.168169681701,0.7581431496169045
Hamoun,Southeast/Sistan,terminal_lake,2025-11-12,2025,11,Sentinel-2C,6,6,1,0.1154287771624396,0.65717039767468,0.0408687962036132,4185.989763789033,4340.168169681701,0.9644959347325104
Hamoun,Southeast/Sistan,terminal_lake,2025-11-15,2025,11,Sentinel-2C,5,5,1,0.058690001871266,0.612104169149481,0.0206437480822993,2890.63321366532,4340.168169681701,0.6660322028258749
Hamoun,Southeast/Sistan,terminal_lake,2025-11-17,2025,11,Sentinel-2A+Sentinel-2B,11,6,2,0.153701690582395,4.621684520470236,0.0539744072479846,3430.092014540141,4340.168169681701,0.7903291671663882
Hamoun,Southeast/Sistan,terminal_lake,2025-11-20,2025,11,Sentinel-2B,5,5,1,0.1586156438751819,0.7676011081514248,0.0500449997516706,3284.2361667348277,4340.168169681701,0.7567224504271071
Hamoun,Southeast/Sistan,terminal_lake,2025-11-22,2025,11,Sentinel-2C,6,6,1,0.1640747521625593,0.8958661944594439,0.0560021457052791,4287.162441446697,4340.168169681701,0.9878071805341468
Hamoun,Southeast/Sistan,terminal_lake,2025-11-24,2025,11,Sentinel-2A,6,6,1,0.165429510484284,1.000632478733796,0.0626304464069441,4105.0720319591765,4340.168169681701,0.94585164083748
Hamoun,Southeast/Sistan,terminal_lake,2025-11-25,2025,11,Sentinel-2C,5,5,1,0.163401940562768,0.7335387802921071,0.0607690530539119,3246.519047447711,4340.168169681701,0.7480320306518526
Hamoun,Southeast/Sistan,terminal_lake,2025-11-27,2025,11,Sentinel-2B,6,6,1,0.194797100561284,0.9245766291874902,0.0896061785599054,4134.733541318811,4340.168169681701,0.9526859636164976
Hamoun,Southeast/Sistan,terminal_lake,2025-11-30,2025,11,Sentinel-2B,5,5,1,0.2467714132413976,3.473005285903273,0.1233522076254452,3279.761985379853,4340.168169681701,0.7556915521278664
Hamoun,Southeast/Sistan,terminal_lake,2025-12-02,2025,12,Sentinel-2C,6,6,1,0.215680354782284,0.8613246548813764,0.1066773479512532,4286.232907442638,4340.168169681701,0.9875930061527696
Hamoun,Southeast/Sistan,terminal_lake,2025-12-05,2025,12,Sentinel-2C,5,5,1,0.211352796752451,0.66660031743188,0.0767602860556209,3266.6621032908524,4340.168169681701,0.7526732019327433
Hamoun,Southeast/Sistan,terminal_lake,2025-12-07,2025,12,Sentinel-2A+Sentinel-2B,11,6,2,0.3168394819917566,1.0914144413447362,0.1640832806717218,4303.745257165369,4340.168169681701,0.9916280351586456
Hamoun,Southeast/Sistan,terminal_lake,2025-12-10,2025,12,Sentinel-2B,5,5,1,0.4488611159287396,3.5816116382041785,0.227590053354899,2293.066041499447,4340.168169681701,0.5283464604312516
Hamoun,Southeast/Sistan,terminal_lake,2025-12-12,2025,12,Sentinel-2C,6,6,1,1.024103811125991,19.08111853284793,0.1212316990251129,820.3013934137067,4340.168169681701,0.189006042500874
Hamoun,Southeast/Sistan,terminal_lake,2025-12-15,2025,12,Sentinel-2C,5,5,1,0.0214966294555664,0.6780074424310423,0.0068240979309082,2357.396890456356,4340.168169681701,0.5431689625867913
Hamoun,Southeast/Sistan,terminal_lake,2025-12-17,2025,12,Sentinel-2B,6,6,1,0.0,0.0,0.0,0.0,4340.168169681701,0.0
Hamoun,Southeast/Sistan,terminal_lake,2025-12-20,2025,12,Sentinel-2B,5,5,1,4.965861816006889,10.13606976716524,1.3846128993012077,10.16978554735598,4340.168169681701,0.0023432252277291
Hamoun,Southeast/Sistan,terminal_lake,2025-12-22,2025,12,Sentinel-2C,6,6,1,3.034730409561456,6.652313508424049,2.449689555573467,4260.997265503607,4340.168169681701,0.9817784496359068
Hamoun,Southeast/Sistan,terminal_lake,2025-12-25,2025,12,Sentinel-2C,5,5,1,2.670690989792648,25.285406411110667,2.1236934886427936,1390.8836354497332,4340.168169681701,0.3204741740369082
Hamoun,Southeast/Sistan,terminal_lake,2025-12-27,2025,12,Sentinel-2A+Sentinel-2B,11,6,2,0.5498250086687875,25.45249779382431,0.0826669822998046,3772.370562709562,4340.168169681701,0.8691937337048243
Hamoun,Southeast/Sistan,terminal_lake,2025-12-30,2025,12,Sentinel-2B,5,5,1,2.242590795365517,5.849413054947197,1.3726336864318849,3239.276571475268,4340.168169681701,0.7463632882451592
Alghadir Saveh,Central plateau,reservoir,2026-04-04,2026,4,Sentinel-2B,1,1,1,1.3769035921572217,1.721835033691765,1.2080230682678224,7.493209465600243,9.260891387207032,0.8092300956967865
Alghadir Saveh,Central plateau,reservoir,2026-04-06,2026,4,Sentinel-2C,1,1,1,1.8021501668532425,2.2220470035052133,1.7012638271484375,9.17424978955032,9.260891387207032,0.9907742562417908
Alghadir Saveh,Central plateau,reservoir,2026-04-09,2026,4,Sentinel-2C,1,1,1,1.840770478289316,2.190137452531882,1.7402109502868652,9.23447434323074,9.260891387207032,0.9972782144671464
Alghadir Saveh,Central plateau,reservoir,2026-04-11,2026,4,Sentinel-2A+Sentinel-2B,2,1,2,1.8032107485827875,2.170494147009158,1.7258086004333495,9.211890607635036,9.260891387207032,0.994839281110058
Alghadir Saveh,Central plateau,reservoir,2026-04-14,2026,4,Sentinel-2B,1,1,1,1.7819369247331207,2.062086304131003,1.679005201965332,8.574669633505566,9.260891387207032,0.9260225221175236
Alghadir Saveh,Central plateau,reservoir,2026-04-16,2026,4,Sentinel-2C,1,1,1,1.610849766608384,1.926839410518392,1.555292134185791,8.979600100228362,9.260891387207032,0.9697530386393092
Alghadir Saveh,Central plateau,reservoir,2026-04-18,2026,4,Sentinel-2A,1,1,1,0.0,0.0,0.0,0.0,9.260891387207032,0.0
Alghadir Saveh,Central plateau,reservoir,2026-04-19,2026,4,Sentinel-2C,1,1,1,0.0,0.0,0.0,0.0,9.260891387207032,0.0
Alghadir Saveh,Central plateau,reservoir,2026-04-21,2026,4,Sentinel-2B,1,1,1,0.7792906932983399,0.9249311640638164,0.7125236131896973,3.1234287788026074,9.260891387207032,0.3373150825659002
Alghadir Saveh,Central plateau,reservoir,2026-04-24,2026,4,Sentinel-2B,1,1,1,1.8299685841090785,2.1922715906431907,1.7326821802368164,9.180322431732195,9.260891387207032,0.9914300719955784
Alghadir Saveh,Central plateau,reservoir,2026-04-26,2026,4,Sentinel-2C,1,1,1,0.0,0.0017996948066262,0.0,0.0265819394215303,9.260891387207032,0.0028707198805322
Alghadir Saveh,Central plateau,reservoir,2026-04-29,2026,4,Sentinel-2C,1,1,1,0.0006545584716796875,0.0310929450691971,0.0,0.550211262438247,9.260891387207032,0.0594201342696197
Amir Kabir,Central plateau,reservoir,2026-04-06,2026,4,Sentinel-2C,2,2,1,0.0297223884277343,0.0300454622497558,0.0290762277832031,0.0300454622497558,5.081598074951172,0.0059141179592807
Amir Kabir,Central plateau,reservoir,2026-04-11,2026,4,Sentinel-2B,2,2,1,1.836856860284424,2.073248847181971,1.67499390469863,5.0790024613946665,5.081598074951172,0.9997456328837002
Amir Kabir,Central plateau,reservoir,2026-04-16,2026,4,Sentinel-2C,2,2,1,1.793775507426662,2.0184459153863643,1.6548129802789426,5.08029472131288,5.081598074951172,1.0
Amir Kabir,Central plateau,reservoir,2026-04-18,2026,4,Sentinel-2A,2,2,1,1.80427098910702,2.0349155168103983,1.650773260149907,5.08029472131288,5.081598074951172,1.0
Amir Kabir,Central plateau,reservoir,2026-04-21,2026,4,Sentinel-2B,2,2,1,0.7157520819222244,0.9969855093337112,0.5354249300520355,2.048048431606642,5.081598074951172,0.4031357517536646
Amir Kabir,Central plateau,reservoir,2026-04-26,2026,4,Sentinel-2C,2,2,1,0.0654874370460659,0.1550151106824688,0.0261637498168945,0.2451727425125421,5.081598074951172,0.0482595510618689
Lar,Central plateau,reservoir,2026-04-06,2026,4,Sentinel-2C,1,1,1,0.0,0.0,0.0,0.0,12.64737049447213,0.0
Lar,Central plateau,reservoir,2026-04-11,2026,4,Sentinel-2B,1,1,1,1.1543783890251609,1.7763638298633055,0.9492438330088896,5.625236764074354,12.64737049447213,0.4448289253431214
Lar,Central plateau,reservoir,2026-04-16,2026,4,Sentinel-2C,1,1,1,1.5168763791572122,1.7460308564693676,1.4204422844466864,12.30818901677462,12.64737049447213,0.9732992090605446
Lar,Central plateau,reservoir,2026-04-18,2026,4,Sentinel-2A,1,1,1,1.5246722854427563,1.759611928375603,1.4385111158060708,12.440029083596636,12.64737049447213,0.9837247747213798
Lar,Central plateau,reservoir,2026-04-21,2026,4,Sentinel-2B,1,1,1,1.713161578401214,1.9106994134406596,1.627733437732532,8.21549876644861,12.64737049447213,0.6496600304500126
Lar,Central plateau,reservoir,2026-04-26,2026,4,Sentinel-2C,1,1,1,0.4473870788257075,1.8395021136100025,0.1736291372375488,2.12859499167373,12.64737049447213,0.1683236923793347
Latyan,Central plateau,reservoir,2026-04-06,2026,4,Sentinel-2C,1,1,1,0.0051797628784179,0.0051797628784179,0.0051797628784179,0.0051797628784179,4.358842198974609,0.0011885682461487
Latyan,Central plateau,reservoir,2026-04-11,2026,4,Sentinel-2B,1,1,1,1.3134577368677476,1.4655115835477943,1.1741666741378485,3.008948990841975,4.358842198974609,0.6904449699226929
Latyan,Central plateau,reservoir,2026-04-16,2026,4,Sentinel-2C,1,1,1,2.1502398405338066,2.3324040337579466,2.030385764768354,4.357985244180833,4.358842198974609,1.0
Latyan,Central plateau,reservoir,2026-04-18,2026,4,Sentinel-2A,1,1,1,2.1681265545177983,2.368579029381128,2.04357657216749,4.357985244180833,4.358842198974609,1.0
Latyan,Central plateau,reservoir,2026-04-21,2026,4,Sentinel-2B,1,1,1,2.179849625753964,2.424066961416686,2.041146886943264,3.9219933196195687,4.358842198974609,0.8999556216617669
Latyan,Central plateau,reservoir,2026-04-26,2026,4,Sentinel-2C,1,1,1,2.012157392558857,2.3420981489220702,1.6062876770888384,3.646449310591871,4.358842198974609,0.8367282370817873
Taleghan,Central plateau,reservoir,2026-04-06,2026,4,Sentinel-2C,1,1,1,5.599561903315047,6.077384766633875,5.34944594814836,12.231105780001297,13.23563932763672,0.92420544839793
Taleghan,Central plateau,reservoir,2026-04-11,2026,4,Sentinel-2B,1,1,1,6.145396646613866,6.595591976132621,5.897531680511475,13.186340192379344,13.23563932763672,0.996384764340114
Taleghan,Central plateau,reservoir,2026-04-16,2026,4,Sentinel-2C,1,1,1,6.164885662620994,6.5872943184104775,5.922979942535401,13.232251630976544,13.23563932763672,0.9998539193338268
Taleghan,Central plateau,reservoir,2026-04-18,2026,4,Sentinel-2A,1,1,1,6.22031333414199,6.654973324647551,5.953272467651368,13.231929436945782,13.23563932763672,0.9998295737444722
Taleghan,Central plateau,reservoir,2026-04-21,2026,4,Sentinel-2B,1,1,1,0.0186894271240234,0.0319009653320312,0.0038667885742187,0.1711855610247445,13.23563932763672,0.0129351042360217
Taleghan,Central plateau,reservoir,2026-04-26,2026,4,Sentinel-2C,1,1,1,0.0,0.0,0.0,0.0,13.23563932763672,0.0
Zayandeh Rud,Central plateau,reservoir,2026-04-06,2026,4,Sentinel-2C,1,1,1,16.304272588933845,17.06998864907992,15.85223308593702,48.61344662246581,49.88648067777483,0.9745648940762162
Zayandeh Rud,Central plateau,reservoir,2026-04-11,2026,4,Sentinel-2B,2,1,1,17.03447978509593,17.871457982072656,16.5319045262511,49.88220581098008,49.88648067777483,1.0
Zayandeh Rud,Central plateau,reservoir,2026-04-16,2026,4,Sentinel-2C,1,1,1,0.5600418400878906,0.6325250341616163,0.3526632269897461,4.276845749806728,49.88648067777483,0.085738905893879
Zayandeh Rud,Central plateau,reservoir,2026-04-18,2026,4,Sentinel-2A,1,1,1,16.481112170638497,17.929992410835535,15.440883044219971,47.24271897792632,49.88648067777483,0.9470856031696828
Zayandeh Rud,Central plateau,reservoir,2026-04-21,2026,4,Sentinel-2B,1,1,1,0.0,0.0,0.0,0.0,49.88648067777483,0.0
Zayandeh Rud,Central plateau,reservoir,2026-04-26,2026,4,Sentinel-2C,1,1,1,12.845661712305525,14.636508847938446,11.45372232577754,30.2619266930592,49.88648067777483,0.606667772626806
Doosti,East/Khorasan,reservoir,2026-04-04,2026,4,Sentinel-2C,1,1,1,4.088168393196973,4.871776841000426,3.566806894783409,44.90556574420919,45.31783526763916,0.9910052736467332
Doosti,East/Khorasan,reservoir,2026-04-09,2026,4,Sentinel-2B,1,1,1,10.074464889675962,10.697500869536038,9.476553223487524,40.08828961505775,45.31783526763916,0.8846944863426622
Doosti,East/Khorasan,reservoir,2026-04-14,2026,4,Sentinel-2C,1,1,1,10.369844156882252,10.963836868118468,9.908340020643406,44.8489220103822,45.31783526763916,0.989755222834294
Doosti,East/Khorasan,reservoir,2026-04-16,2026,4,Sentinel-2A,1,1,1,0.0,0.0,0.0,0.0,45.31783526763916,0.0
Doosti,East/Khorasan,reservoir,2026-04-19,2026,4,Sentinel-2B,1,1,1,10.15898389427203,10.7843627642182,9.755826197064088,45.07861780578411,45.31783526763916,0.994824299257346
Doosti,East/Khorasan,reservoir,2026-04-24,2026,4,Sentinel-2C,1,1,1,10.18803881056399,10.683665033484129,9.91584935743468,45.30991242209617,45.31783526763916,0.9999286595016194
Doosti,East/Khorasan,reservoir,2026-04-29,2026,4,Sentinel-2B,1,1,1,10.08143167826191,10.434403192901014,9.869271310327989,45.31120540021505,45.31783526763916,0.9999571937849157
Sefid Rud,North/Caspian,reservoir,2026-04-04,2026,4,Sentinel-2B,1,1,1,3.0926878222694545,4.440964333407175,2.344484306540695,7.464247000489717,56.46360895604918,0.1322072177310669
Sefid Rud,North/Caspian,reservoir,2026-04-09,2026,4,Sentinel-2C,1,1,1,37.82253538139637,39.07047081547744,37.218166571079394,56.25635172551572,56.46360895604918,0.996416080663298
Sefid Rud,North/Caspian,reservoir,2026-04-11,2026,4,Sentinel-2A,1,1,1,38.645671312242094,40.17576888795897,37.957259519766176,56.432303381635386,56.46360895604918,0.9995325475901332
Sefid Rud,North/Caspian,reservoir,2026-04-14,2026,4,Sentinel-2B,1,1,1,39.157127519223685,40.68955834020446,38.39252202320401,55.88488678127958,56.46360895604918,0.9898366699392338
Sefid Rud,North/Caspian,reservoir,2026-04-19,2026,4,Sentinel-2C,1,1,1,0.1603380234906365,0.2270139908947514,0.1178782844270593,0.4015354225542853,56.46360895604918,0.0071120209490505
Sefid Rud,North/Caspian,reservoir,2026-04-24,2026,4,Sentinel-2B,1,1,1,43.23866763737064,44.591592157645074,42.38175295077502,56.45053812926232,56.46360895604918,0.9998555226001544
Sefid Rud,North/Caspian,reservoir,2026-04-29,2026,4,Sentinel-2C,1,1,1,1.6267575201571598,1.6471241900579716,1.5189384952703735,1.6483206140153472,56.46360895604918,0.0291951595778429
Shahid Rajaei,North/Caspian,reservoir,2026-04-03,2026,4,Sentinel-2C,2,2,1,0.0022537262573242,0.0877287658554974,0.0,4.023718152903354,4.5897947099609375,0.8768580186832111
Shahid Rajaei,North/Caspian,reservoir,2026-04-08,2026,4,Sentinel-2B,2,2,1,0.0054728944396972,0.0093361135559082,0.0016096724243164,0.0653237355785893,4.5897947099609375,0.0142355003943546
Shahid Rajaei,North/Caspian,reservoir,2026-04-13,2026,4,Sentinel-2C,2,2,1,3.0980511436573703,3.2014548801908607,3.013155599661673,4.588790964067161,4.5897947099609375,0.9999999999999998
Shahid Rajaei,North/Caspian,reservoir,2026-04-15,2026,4,Sentinel-2A,2,2,1,2.09491620398033,2.277269223779657,1.9568902400619208,3.404746921440215,4.5897947099609375,0.7419703682519679
Shahid Rajaei,North/Caspian,reservoir,2026-04-18,2026,4,Sentinel-2B,2,2,1,3.1114951716630523,3.2345390344207168,3.0001967206258136,4.588790964067161,4.5897947099609375,0.9999999999999998
Shahid Rajaei,North/Caspian,reservoir,2026-04-23,2026,4,Sentinel-2C,2,2,1,3.191575837698544,3.2824258171223963,3.094526773484533,4.58718101902932,4.5897947099609375,0.9996491570327676
Shahid Rajaei,North/Caspian,reservoir,2026-04-28,2026,4,Sentinel-2B,4,2,1,0.0,0.0,0.0,0.0,4.5897947099609375,0.0
Aras,Northwest,reservoir,2026-04-05,2026,4,Sentinel-2C,1,1,1,6.86966832611084,7.077648621673584,6.476968984710694,7.097015423378738,125.22289566721524,0.0566766410615153
Aras,Northwest,reservoir,2026-04-07,2026,4,Sentinel-2A,1,1,1,78.65278665170109,84.39424989717493,70.54829526646404,98.3597432960807,125.22289566721524,0.785499189889143
Aras,Northwest,reservoir,2026-04-10,2026,4,Sentinel-2B,1,1,1,2.47347638571167,2.5896566817321776,2.279881485198975,2.8582278492613558,125.22289566721524,0.0228257576207281
Aras,Northwest,reservoir,2026-04-15,2026,4,Sentinel-2C,1,1,1,107.17155592933923,108.12961367167296,106.24415865543511,114.49422872542398,125.22289566721524,0.9143489083748596
Aras,Northwest,reservoir,2026-04-17,2026,4,Sentinel-2A,1,1,1,102.42362386726494,103.54740963860368,101.29458621672865,109.66439282419422,125.22289566721524,0.8757779233297547
Aras,Northwest,reservoir,2026-04-20,2026,4,Sentinel-2B,1,1,1,0.0,0.0,0.0,0.0,125.22289566721524,0.0
Aras,Northwest,reservoir,2026-04-25,2026,4,Sentinel-2C,1,1,1,20.23040693509342,21.006359158263923,18.76616516797509,26.66941855920781,125.22289566721524,0.2129815102303845
Aras,Northwest,reservoir,2026-04-27,2026,4,Sentinel-2A,1,1,1,0.0,0.0,0.0,0.0,125.22289566721524,0.0
Aras,Northwest,reservoir,2026-04-30,2026,4,Sentinel-2B,1,1,1,118.638600179566,119.53177603691772,117.7587968754787,125.17140823182947,125.22289566721524,0.9996166771950398
Mahabad,Northwest,reservoir,2026-04-02,2026,4,Sentinel-2C,1,1,1,6.0995075372556204,6.243483964913162,5.989487409267172,7.288162433051024,12.299407725402832,0.5926643582659781
Mahabad,Northwest,reservoir,2026-04-04,2026,4,Sentinel-2A,1,1,1,2.844284766968013,2.917943117534443,2.7651174675005743,3.5366632900541406,12.299407725402832,0.2875970861595238
Mahabad,Northwest,reservoir,2026-04-05,2026,4,Sentinel-2C,1,1,1,5.30794170453946,5.431497877371156,5.201491992577647,6.094977743647447,12.299407725402832,0.4956360545290475
Mahabad,Northwest,reservoir,2026-04-07,2026,4,Sentinel-2A+Sentinel-2B,2,1,2,0.3129456867728439,0.3284604938922957,0.3006308887558881,0.4060579802323883,12.299407725402832,0.0330201329188079
Mahabad,Northwest,reservoir,2026-04-10,2026,4,Sentinel-2B,1,1,1,0.1241541755239449,0.1249533179554658,0.121759091959037,0.1249533179554658,12.299407725402832,0.0101610493289018
Mahabad,Northwest,reservoir,2026-04-12,2026,4,Sentinel-2C,1,1,1,0.0,0.0,0.0,0.0,12.299407725402832,0.0
Mahabad,Northwest,reservoir,2026-04-14,2026,4,Sentinel-2A,1,1,1,10.005944886850276,10.203395031636676,9.847487170610734,11.802220311695905,12.299407725402832,0.9597419639584992
Mahabad,Northwest,reservoir,2026-04-15,2026,4,Sentinel-2C,1,1,1,8.4436916634403,8.61274832176885,8.316169770440553,9.96551306042386,12.299407725402832,0.8103832011157347
Mahabad,Northwest,reservoir,2026-04-17,2026,4,Sentinel-2A+Sentinel-2B,2,1,2,10.128847514569928,10.384128101048969,9.926145811909754,12.27338210644892,12.299407725402832,0.9980562585823974
Mahabad,Northwest,reservoir,2026-04-20,2026,4,Sentinel-2B,1,1,1,6.15188337532289,6.2905600074841095,6.011085280229158,7.395460308093991,12.299407725402832,0.6013896888057122
Mahabad,Northwest,reservoir,2026-04-22,2026,4,Sentinel-2C,1,1,1,2.785601112799072,2.836606195599604,2.741071723893348,3.3326751299285307,12.299407725402832,0.2710090211808332
Mahabad,Northwest,reservoir,2026-04-24,2026,4,Sentinel-2A,1,1,1,0.0,0.0,0.0,0.0,12.299407725402832,0.0
Mahabad,Northwest,reservoir,2026-04-25,2026,4,Sentinel-2C,1,1,1,0.0,0.0,0.0,0.0,12.299407725402832,0.0
Mahabad,Northwest,reservoir,2026-04-27,2026,4,Sentinel-2A+Sentinel-2B,2,1,2,4.927445911406753,5.100931733117556,4.710773974887146,5.804036925509231,12.299407725402832,0.4719771069055269
Mahabad,Northwest,reservoir,2026-04-30,2026,4,Sentinel-2B,1,1,1,0.2412958121874042,0.2862965331429273,0.1785221831308402,0.3128966080336623,12.299407725402832,0.0254443653125662
Zarrineh Rud,Northwest,reservoir,2026-04-02,2026,4,Sentinel-2C,1,1,1,10.041952009852867,10.363089757862406,9.68378446663603,12.835681660778718,52.116735656604725,0.2463116103837651
Zarrineh Rud,Northwest,reservoir,2026-04-04,2026,4,Sentinel-2A,1,1,1,21.187481469958737,21.36030180519517,21.01122319861821,22.76078965279361,52.116735656604725,0.4367704732126872
Zarrineh Rud,Northwest,reservoir,2026-04-07,2026,4,Sentinel-2B,1,1,1,19.606814693873503,19.71481041821122,19.49882150416691,20.75574761999153,52.116735656604725,0.398294516497767
Zarrineh Rud,Northwest,reservoir,2026-04-12,2026,4,Sentinel-2C,1,1,1,9.848837711919328,10.088378005178177,9.49887256966445,11.223947322817937,52.116735656604725,0.2153830714260727
Zarrineh Rud,Northwest,reservoir,2026-04-14,2026,4,Sentinel-2A,1,1,1,33.59385222794213,34.069537053216195,33.143149834377866,37.66908263404098,52.116735656604725,0.7228546679854988
Zarrineh Rud,Northwest,reservoir,2026-04-17,2026,4,Sentinel-2B,1,1,1,44.93991605748433,45.660225419412285,44.24335422453063,51.81224246514321,52.116735656604725,0.9942562628504203
Zarrineh Rud,Northwest,reservoir,2026-04-22,2026,4,Sentinel-2C,1,1,1,12.505918569322414,12.598560640327603,12.369080078774129,13.22618434322438,52.116735656604725,0.2538052010721567
Zarrineh Rud,Northwest,reservoir,2026-04-24,2026,4,Sentinel-2A,1,1,1,1.3714248960176354,1.3714248960176354,1.3714248960176354,1.3714248960176354,52.116735656604725,0.0263170966362216
Zarrineh Rud,Northwest,reservoir,2026-04-27,2026,4,Sentinel-2B,1,1,1,43.17752784061961,43.694288008894375,42.70768496340176,49.08163957211208,52.116735656604725,0.94185708268407
Esteghlal Minab,South coast,reservoir,2026-04-02,2026,4,Sentinel-2B,1,1,1,15.455450188024066,16.098037258148196,14.985526108709598,21.00131025375308,21.00316920198089,1.0
Esteghlal Minab,South coast,reservoir,2026-04-07,2026,4,Sentinel-2C,1,1,1,14.87080923810341,15.72693314627985,13.82223954435329,21.00095581280459,21.00316920198089,0.9999831229126088
Esteghlal Minab,South coast,reservoir,2026-04-12,2026,4,Sentinel-2B,1,1,1,0.0056699665527343,0.0056699665527343,0.0056699665527343,0.2150604856981465,21.00316920198089,0.0102403365837478
Esteghlal Minab,South coast,reservoir,2026-04-17,2026,4,Sentinel-2C,1,1,1,10.34724488454494,10.924086664120544,9.59779959425013,14.061453412608188,21.00316920198089,0.6695512443132119
Esteghlal Minab,South coast,reservoir,2026-04-19,2026,4,Sentinel-2A,1,1,1,0.0242086707570992,0.0242086707570992,0.0242086707570992,0.0242086707570992,21.00316920198089,0.0011527219237558
Esteghlal Minab,South coast,reservoir,2026-04-22,2026,4,Sentinel-2B,1,1,1,2.30105749705296,4.023742298587575,0.8267834430236817,13.08511024919362,21.00316920198089,0.6230616133512538
Esteghlal Minab,South coast,reservoir,2026-04-27,2026,4,Sentinel-2C,1,1,1,14.58304895824214,15.244275069765818,13.23116215267358,21.00131025375308,21.00316920198089,1.0
Doroudzan,South/Fars,reservoir,2026-04-03,2026,4,Sentinel-2C,1,1,1,38.98079969428221,39.94061536022602,38.27135802375824,61.1086849157666,61.15372953393555,0.999339572791378
Doroudzan,South/Fars,reservoir,2026-04-05,2026,4,Sentinel-2A,1,1,1,37.70289819632664,38.7360345773501,36.839379211506206,59.623796973914416,61.15372953393555,0.9750564895684436
Doroudzan,South/Fars,reservoir,2026-04-08,2026,4,Sentinel-2B,1,1,1,30.66392381544261,31.704747535819013,29.819284062162037,51.53830460729815,61.15372953393555,0.8428305629493372
Doroudzan,South/Fars,reservoir,2026-04-13,2026,4,Sentinel-2C,1,1,1,39.96525934104208,40.79958272018002,39.26300883372504,60.72637844745258,61.15372953393555,0.993087532132232
Doroudzan,South/Fars,reservoir,2026-04-15,2026,4,Sentinel-2A,1,1,1,39.13566646637263,40.15965333004008,38.34459478123648,61.12082143134444,61.15372953393555,0.9995380470395056
Doroudzan,South/Fars,reservoir,2026-04-18,2026,4,Sentinel-2B,1,1,1,27.849301661187862,28.613072203938803,22.822737549377443,38.19321602721214,61.15372953393555,0.6245919420582277
Doroudzan,South/Fars,reservoir,2026-04-23,2026,4,Sentinel-2C,1,1,1,30.57973424927368,31.31143071644047,29.969502104780016,50.27388837149756,61.15372953393555,0.8221529590595269
Doroudzan,South/Fars,reservoir,2026-04-25,2026,4,Sentinel-2A,1,1,1,0.0,0.0,0.0,0.0,61.15372953393555,0.0
Doroudzan,South/Fars,reservoir,2026-04-28,2026,4,Sentinel-2B,1,1,1,38.15203164692742,39.05317872498672,37.47301150901514,61.1370119498381,61.15372953393555,0.9998028183376776
Jiroft,Southeast,reservoir,2026-04-02,2026,4,Sentinel-2B,2,2,1,6.049510136675306,6.461763331670902,5.81089444833757,11.039529547568408,11.041644844337853,0.999936774589632
Jiroft,Southeast,reservoir,2026-04-07,2026,4,Sentinel-2C,2,2,1,5.883400517595598,6.274532127687581,5.693982149461934,10.643051798010854,11.041644844337853,0.9640246752215516
Jiroft,Southeast,reservoir,2026-04-12,2026,4,Sentinel-2B,2,2,1,0.0,0.0,0.0,0.0,11.041644844337853,0.0
Jiroft,Southeast,reservoir,2026-04-17,2026,4,Sentinel-2C,2,2,1,6.0217056273539225,6.492409311661305,5.759731543447697,11.021031235190478,11.041644844337853,0.998261237354568
Jiroft,Southeast,reservoir,2026-04-19,2026,4,Sentinel-2A,2,2,1,5.966300158868528,6.59534636199604,5.711570359487736,11.040227570487108,11.041644844337853,1.0
Jiroft,Southeast,reservoir,2026-04-22,2026,4,Sentinel-2B,2,2,1,0.0129129773864746,0.021984369551236,0.0097719508361816,0.0321039939009124,11.041644844337853,0.002907910520498
Jiroft,Southeast,reservoir,2026-04-27,2026,4,Sentinel-2C,2,2,1,6.060702519213987,6.550951896488324,5.831275582174503,11.040227570487108,11.041644844337853,1.0
Chah Nimeh,Southeast/Sistan,reservoir,2026-04-01,2026,4,Sentinel-2C,2,2,1,0.0,0.0,0.0,0.414333572344492,151.5505163472185,0.0027341933055108
Chah Nimeh,Southeast/Sistan,reservoir,2026-04-03,2026,4,Sentinel-2A,2,2,1,19.79436568142988,20.823147997838035,19.324566291291,148.74966532005638,151.5505163472185,0.9816012176221072
Chah Nimeh,Southeast/Sistan,reservoir,2026-04-04,2026,4,Sentinel-2C,1,1,1,0.0,0.0023928165950999,0.0,0.9876208608087272,151.5505163472185,0.0065173245091538
Chah Nimeh,Southeast/Sistan,reservoir,2026-04-06,2026,4,Sentinel-2B,2,2,1,18.937283354941336,20.027337180492804,18.289548184764907,145.00600270330543,151.5505163472185,0.9568967332452027
Chah Nimeh,Southeast/Sistan,reservoir,2026-04-09,2026,4,Sentinel-2B,1,1,1,0.0960249593150419,0.1755036644597072,0.0435105953894521,0.9253207764772894,151.5505163472185,0.0061062053412141
Chah Nimeh,Southeast/Sistan,reservoir,2026-04-11,2026,4,Sentinel-2C,4,2,1,23.49442477129277,24.91538807206026,22.686220960078582,144.977145771302,151.5505163472185,0.9567063059287414
Chah Nimeh,Southeast/Sistan,reservoir,2026-04-14,2026,4,Sentinel-2C,1,1,1,0.0921594342177447,0.1901031352069929,0.0371921389628092,1.008643341757381,151.5505163472185,0.0066560521684883
Chah Nimeh,Southeast/Sistan,reservoir,2026-04-16,2026,4,Sentinel-2A+Sentinel-2B,3,2,2,10.74416541438096,12.17241378089336,9.857756183530205,112.18410637098988,151.5505163472185,0.740304559171091
Chah Nimeh,Southeast/Sistan,reservoir,2026-04-19,2026,4,Sentinel-2B,1,1,1,0.1757594893115473,0.251164186134847,0.1126982902214499,1.0093274556795002,151.5505163472185,0.0066605666462688
Chah Nimeh,Southeast/Sistan,reservoir,2026-04-21,2026,4,Sentinel-2C,2,2,1,0.0,0.0,0.0,0.0,151.5505163472185,0.0
Chah Nimeh,Southeast/Sistan,reservoir,2026-04-23,2026,4,Sentinel-2A,2,2,1,4.5818018013916015,4.59105010232544,4.515354328948975,8.07504522177483,151.5505163472185,0.0532873415546367
Chah Nimeh,Southeast/Sistan,reservoir,2026-04-24,2026,4,Sentinel-2C,1,1,1,0.0709548893737792,0.1195283121343874,0.0350532243171243,0.6374706214525407,151.5505163472185,0.004206677957021
Chah Nimeh,Southeast/Sistan,reservoir,2026-04-26,2026,4,Sentinel-2B,2,2,1,6.251655519881065,7.903312020025037,5.287300682163373,127.11869648190378,151.5505163472185,0.8388581378027973
Chah Nimeh,Southeast/Sistan,reservoir,2026-04-29,2026,4,Sentinel-2B,1,1,1,0.0558334397498037,0.1231196699953565,0.0147065853271484,0.8827483474809229,151.5505163472185,0.0058252692594417
Kowsar,Zagros/south,reservoir,2026-04-03,2026,4,Sentinel-2C,1,1,1,0.0,0.0,0.0,0.0,19.01026299145508,0.0
Kowsar,Zagros/south,reservoir,2026-04-05,2026,4,Sentinel-2A,1,1,1,0.0885899977651558,0.104453436183316,0.0788152558016908,0.3245817180691601,19.01026299145508,0.0170767425856251
Kowsar,Zagros/south,reservoir,2026-04-06,2026,4,Sentinel-2C,2,2,1,11.790811910552977,13.082178080467552,6.7738807928549365,17.802543094611316,19.01026299145508,0.9366191281648184
Kowsar,Zagros/south,reservoir,2026-04-08,2026,4,Sentinel-2A+Sentinel-2B,3,2,2,12.929554497324984,14.03764762910826,10.191027763818235,19.001061402559408,19.01026299145508,0.999675016681089
Kowsar,Zagros/south,reservoir,2026-04-11,2026,4,Sentinel-2B,2,2,1,13.426260038756723,14.190284044699988,12.706474104163554,18.99625848153998,19.01026299145508,0.9994223276313304
Kowsar,Zagros/south,reservoir,2026-04-13,2026,4,Sentinel-2C,1,1,1,0.0,0.0,0.0,0.0,19.01026299145508,0.0
Kowsar,Zagros/south,reservoir,2026-04-15,2026,4,Sentinel-2A,1,1,1,0.0652639729714786,0.0829287636862362,0.0544587030673157,0.2849709379151586,19.01026299145508,0.0149927586190311
Kowsar,Zagros/south,reservoir,2026-04-16,2026,4,Sentinel-2C,2,2,1,11.267065491932469,11.840873504747458,10.728768213279096,14.504503087333292,19.01026299145508,0.7631041792132581
Kowsar,Zagros/south,reservoir,2026-04-18,2026,4,Sentinel-2A+Sentinel-2B,3,2,2,1.2627811170717724,1.3550863951714012,1.0113933096005907,1.5533374240715474,19.01026299145508,0.0817234670433158
Kowsar,Zagros/south,reservoir,2026-04-21,2026,4,Sentinel-2B,2,2,1,0.0,0.0,0.0,0.0,19.01026299145508,0.0
Kowsar,Zagros/south,reservoir,2026-04-23,2026,4,Sentinel-2C,1,1,1,0.0378199799905216,0.0486238921189252,0.0314743007846009,0.2121766518813183,19.01026299145508,0.0111629394545414
Kowsar,Zagros/south,reservoir,2026-04-25,2026,4,Sentinel-2A,1,1,1,0.0,0.0,0.0,0.0,19.01026299145508,0.0
Kowsar,Zagros/south,reservoir,2026-04-26,2026,4,Sentinel-2C,2,2,1,13.926706030318917,14.598419029104074,13.06469989624646,18.97567478723348,19.01026299145508,0.9983393878674268
Kowsar,Zagros/south,reservoir,2026-04-28,2026,4,Sentinel-2A+Sentinel-2B,3,2,2,7.380055540472409,7.697797240029725,7.041547383365046,10.113588755928312,19.01026299145508,0.5320914339514987
Marun,Zagros/south,reservoir,2026-04-06,2026,4,Sentinel-2C,2,2,1,13.452267198169784,14.951898251713413,10.531042131733615,19.64616980479306,20.38903181505917,0.9636878394724044
Marun,Zagros/south,reservoir,2026-04-08,2026,4,Sentinel-2A,2,2,1,11.390685661187629,14.242771664814192,7.704096847604908,20.37865486642708,20.38903181505917,0.9996178428015868
Marun,Zagros/south,reservoir,2026-04-11,2026,4,Sentinel-2B,2,2,1,14.572008019673904,15.674045558762492,13.22385058086524,20.37034390053544,20.38903181505917,0.9992101716451416
Marun,Zagros/south,reservoir,2026-04-16,2026,4,Sentinel-2C,2,2,1,3.301701458565507,3.649130110094377,2.8290045977687464,4.730978551374251,20.38903181505917,0.2320649034424937
Marun,Zagros/south,reservoir,2026-04-18,2026,4,Sentinel-2A,2,2,1,3.9837479127273863,4.40745399930073,3.0926417085457607,5.013672834132066,20.38903181505917,0.2459316797805265
Marun,Zagros/south,reservoir,2026-04-21,2026,4,Sentinel-2B,2,2,1,0.0,0.0,0.0,0.0,20.38903181505917,0.0
Marun,Zagros/south,reservoir,2026-04-26,2026,4,Sentinel-2C,2,2,1,13.902778627746104,15.118534887065096,12.203837421151196,20.38541774878828,20.38903181505917,0.9999495770559492
Marun,Zagros/south,reservoir,2026-04-28,2026,4,Sentinel-2A,2,2,1,15.547939641109572,16.750185232521808,13.930533715654802,20.378906706306257,20.38903181505917,0.9996301961015668
Dez,Zagros/southwest,reservoir,2026-04-04,2026,4,Sentinel-2B,1,1,1,15.043203230427704,23.504586036120727,3.3814277398856367,40.249374183577615,62.84220351562093,0.6405587836246349
Dez,Zagros/southwest,reservoir,2026-04-09,2026,4,Sentinel-2C,1,1,1,43.44267043637851,47.6480784661718,36.56770236972957,61.76845798864257,62.84220351562093,0.9830296524639616
Dez,Zagros/southwest,reservoir,2026-04-11,2026,4,Sentinel-2A,1,1,1,49.48694056486865,51.451270699904136,47.25404253635781,62.82865802374936,62.84220351562093,0.9999024724434556
Dez,Zagros/southwest,reservoir,2026-04-14,2026,4,Sentinel-2B,1,1,1,48.3599216395047,50.96370981717242,43.62567363275147,62.17658499792288,62.84220351562093,0.9895248923510856
Dez,Zagros/southwest,reservoir,2026-04-19,2026,4,Sentinel-2C,1,1,1,0.4905549916621189,0.8764923390467029,0.2565676898192162,18.87924376289673,62.84220351562093,0.3004584708660725
Dez,Zagros/southwest,reservoir,2026-04-24,2026,4,Sentinel-2B,1,1,1,52.18178623570413,53.26083059821873,51.03720731501358,61.85689457256791,62.84220351562093,0.9844370987106724
Dez,Zagros/southwest,reservoir,2026-04-29,2026,4,Sentinel-2C,1,1,1,37.71986761632691,41.18570727146548,20.47709899187993,46.82849336896467,62.84220351562093,0.7452638298072546
Karkheh,Zagros/southwest,reservoir,2026-04-04,2026,4,Sentinel-2B,4,4,1,16.729216237168615,21.81470920007947,12.474531736290189,154.6792183915559,155.99872045278175,0.9916385533071844
Karkheh,Zagros/southwest,reservoir,2026-04-09,2026,4,Sentinel-2C,4,4,1,60.10401421871864,64.2764600385207,54.38467460849861,129.48854184141734,155.99872045278175,0.8301427408071886
Karkheh,Zagros/southwest,reservoir,2026-04-11,2026,4,Sentinel-2A,4,4,1,76.19122692969921,80.21230103141995,72.91686781375518,155.97472060986476,155.99872045278175,0.9999439349798408
Karkheh,Zagros/southwest,reservoir,2026-04-14,2026,4,Sentinel-2B,4,4,1,74.5491372350975,79.90209249199482,68.89798820747538,155.5694725352798,155.99872045278175,0.9973459155523398
Karkheh,Zagros/southwest,reservoir,2026-04-19,2026,4,Sentinel-2C,4,4,1,6.007169907905009,12.688006169738408,2.5144489854219323,71.31750151315316,155.99872045278175,0.4572119303509933
Karkheh,Zagros/southwest,reservoir,2026-04-24,2026,4,Sentinel-2B,4,4,1,33.91463344745566,36.88780417070671,30.863953398011567,81.76690453813781,155.99872045278175,0.5242023832791235
Karkheh,Zagros/southwest,reservoir,2026-04-29,2026,4,Sentinel-2C,4,4,1,52.01610067973191,58.30299008926404,44.69645423956527,116.71381332781336,155.99872045278175,0.7482447752378601
Karun-3,Zagros/southwest,reservoir,2026-04-06,2026,4,Sentinel-2C,2,2,1,52.43181792044104,59.208260163692685,33.37118092043901,71.65295842600445,73.38767860030421,0.9765072435486826
Karun-3,Zagros/southwest,reservoir,2026-04-08,2026,4,Sentinel-2A,2,2,1,2.0876121817133884,3.3930265494101133,0.8758216174967447,19.90112467963029,73.38767860030421,0.2712182836734282
Karun-3,Zagros/southwest,reservoir,2026-04-11,2026,4,Sentinel-2B,2,2,1,60.50398324888929,62.368248121782976,57.90718464025161,73.375254985994,73.38767860030421,0.9999791992545396
Karun-3,Zagros/southwest,reservoir,2026-04-16,2026,4,Sentinel-2C,2,2,1,26.122184427463072,28.806987363309617,16.813940412194707,33.63114508382113,73.38767860030421,0.4583349732461186
Karun-3,Zagros/southwest,reservoir,2026-04-18,2026,4,Sentinel-2A,2,2,1,13.09885237342266,15.987570678465836,1.5945288548475076,19.230631846686617,73.38767860030421,0.262080613401333
Karun-3,Zagros/southwest,reservoir,2026-04-21,2026,4,Sentinel-2B,2,2,1,0.0,0.0,0.0,0.0,73.38767860030421,0.0
Karun-3,Zagros/southwest,reservoir,2026-04-26,2026,4,Sentinel-2C,2,2,1,5.040207539917591,6.532199094727282,2.82399670566514,10.569157723674584,73.38767860030421,0.1440395386609894
Karun-3,Zagros/southwest,reservoir,2026-04-28,2026,4,Sentinel-2A,2,2,1,55.32672802911638,58.01237128317884,49.10033559818499,67.92376573105098,73.38767860030421,0.925684726806802
Upper Gotvand,Zagros/southwest,reservoir,2026-04-04,2026,4,Sentinel-2B,2,2,1,3.6895488932268936,8.17783842129277,1.4967260908746456,46.82509926506226,123.9483607249756,0.3778466580072236
Upper Gotvand,Zagros/southwest,reservoir,2026-04-06,2026,4,Sentinel-2C,2,2,1,34.45323609698557,50.10544835089854,6.403615360115082,115.5027202353442,123.9483607249756,0.9320282821958924
Upper Gotvand,Zagros/southwest,reservoir,2026-04-08,2026,4,Sentinel-2A,2,2,1,0.5628571105457979,1.1486614631923302,0.217882998252719,9.792929550673536,123.9483607249756,0.0790222714078267
Upper Gotvand,Zagros/southwest,reservoir,2026-04-09,2026,4,Sentinel-2C,2,2,1,0.0634153387822169,0.0958171677472282,0.0482234359106924,0.480033098139385,123.9483607249756,0.003873540146452
Upper Gotvand,Zagros/southwest,reservoir,2026-04-11,2026,4,Sentinel-2A+Sentinel-2B,4,2,2,57.796815398266,62.05494523795311,53.58868513001303,123.92181007023908,123.9483607249756,0.999964602833896
Upper Gotvand,Zagros/southwest,reservoir,2026-04-14,2026,4,Sentinel-2B,2,2,1,56.27195651889492,61.322024544401295,50.31013137708296,122.9733214267786,123.9483607249756,0.992310945506644
Upper Gotvand,Zagros/southwest,reservoir,2026-04-16,2026,4,Sentinel-2C,2,2,1,14.673281058902871,17.248382549704996,8.822702054783242,35.907723450206056,123.9483607249756,0.2897508711194812
Upper Gotvand,Zagros/southwest,reservoir,2026-04-18,2026,4,Sentinel-2A,2,2,1,0.0013488694458007,0.0013488694458007,0.0013488694458007,0.0013488694458007,123.9483607249756,1.0884457698612065e-05
Upper Gotvand,Zagros/southwest,reservoir,2026-04-19,2026,4,Sentinel-2C,2,2,1,6.535865731970216,15.836934187705603,2.754751851854152,118.79673622985202,123.9483607249756,0.9586087476830372
Upper Gotvand,Zagros/southwest,reservoir,2026-04-21,2026,4,Sentinel-2B,2,2,1,0.0861176828059177,0.0962376811154833,0.0735544032287597,0.4401522913891362,123.9483607249756,0.0035517291992095
Upper Gotvand,Zagros/southwest,reservoir,2026-04-24,2026,4,Sentinel-2B,2,2,1,15.65821169540094,16.90738378937234,14.525239803497914,36.25303752755489,123.9483607249756,0.2925373205266788
Upper Gotvand,Zagros/southwest,reservoir,2026-04-26,2026,4,Sentinel-2C,2,2,1,29.187103193820604,34.699497167698034,24.80266838936013,121.54828102262412,123.9483607249756,0.980811840054949
Upper Gotvand,Zagros/southwest,reservoir,2026-04-28,2026,4,Sentinel-2A,1,1,1,0.0,0.0,0.0,0.0,123.9483607249756,0.0
Upper Gotvand,Zagros/southwest,reservoir,2026-04-29,2026,4,Sentinel-2C,2,2,1,55.02903214702351,60.14733774596151,43.168550395879045,112.12288766102616,123.9483607249756,0.9047553353602436
Seymareh,Zagros/west,reservoir,2026-04-02,2026,4,Sentinel-2C,2,2,1,0.0,0.0,0.0,0.0,40.24419010091098,0.0
Seymareh,Zagros/west,reservoir,2026-04-04,2026,4,Sentinel-2A+Sentinel-2B,6,4,2,0.2489214850376502,0.2826270865366019,0.210145806751685,0.3753148641589593,40.24419010091098,0.0093269086577956
Seymareh,Zagros/west,reservoir,2026-04-07,2026,4,Sentinel-2B,2,2,1,16.671922554245533,16.985147946025535,16.41055089590849,19.13223783960681,40.24419010091098,0.4754531509139913
Seymareh,Zagros/west,reservoir,2026-04-09,2026,4,Sentinel-2C,4,4,1,34.65906290840789,35.377956070445585,33.88544567808838,39.55081551121791,40.24419010091098,0.9828729923636038
Seymareh,Zagros/west,reservoir,2026-04-11,2026,4,Sentinel-2A,4,4,1,32.97510263510873,34.49524376032249,31.044594819488168,40.23442973056103,40.24419010091098,0.9998614145921548
Seymareh,Zagros/west,reservoir,2026-04-12,2026,4,Sentinel-2C,4,4,1,2.303221006519153,2.877178580765071,1.677425751522408,8.095827683914102,40.24419010091098,0.2011885286939745
Seymareh,Zagros/west,reservoir,2026-04-14,2026,4,Sentinel-2A+Sentinel-2B,6,4,2,30.143549051774325,31.607798688616107,27.767001104167026,40.23600634045075,40.24419010091098,0.9999005947521608
Seymareh,Zagros/west,reservoir,2026-04-17,2026,4,Sentinel-2B,2,2,1,17.421065160552022,17.81555900061466,16.367644779889154,20.20068071620807,40.24419010091098,0.5020049080325468
Seymareh,Zagros/west,reservoir,2026-04-19,2026,4,Sentinel-2C,4,4,1,0.1952877712556727,0.3470043156956093,0.1090609775963876,10.1498953908154,40.24419010091098,0.2522339407165636
Seymareh,Zagros/west,reservoir,2026-04-22,2026,4,Sentinel-2C,2,2,1,15.967208139101391,16.255669849874817,15.616656057327566,18.674092685824423,40.24419010091098,0.4640678357842122
Seymareh,Zagros/west,reservoir,2026-04-24,2026,4,Sentinel-2A+Sentinel-2B,6,4,2,35.87164284663648,36.377562110032144,35.17570261130863,40.23900642001008,40.24419010091098,0.9999751494013048
Seymareh,Zagros/west,reservoir,2026-04-27,2026,4,Sentinel-2B,3,3,1,0.0,0.0,0.0,0.0,40.24419010091098,0.0
Seymareh,Zagros/west,reservoir,2026-04-29,2026,4,Sentinel-2C,4,4,1,35.251477834647865,35.85262089253659,34.265104656624224,38.65201960808859,40.24419010091098,0.9605371136360894
Gavkhouni,Central plateau,terminal_lake,2026-04-03,2026,4,Sentinel-2C,1,1,1,236.4169044611316,248.53344287786976,227.0956262492673,276.4806076496365,487.3282855256348,0.5673502017472655
Gavkhouni,Central plateau,terminal_lake,2026-04-08,2026,4,Sentinel-2B,1,1,1,228.4706351227944,240.3532545052874,220.99129030496445,263.31090353200096,487.3282855256348,0.5403253975426942
Gavkhouni,Central plateau,terminal_lake,2026-04-13,2026,4,Sentinel-2C,1,1,1,284.2948273168064,292.8057490095433,273.94981249366384,332.09562525135243,487.3282855256348,0.6814746306710339
Gavkhouni,Central plateau,terminal_lake,2026-04-15,2026,4,Sentinel-2A,1,1,1,229.6043660918068,251.07078314050824,217.9227708532349,270.33164096340056,487.3282855256348,0.5547322553399933
Gavkhouni,Central plateau,terminal_lake,2026-04-18,2026,4,Sentinel-2B,1,1,1,214.34194513238492,226.70621974802444,204.56510295133396,256.455894774771,487.3282855256348,0.5262586221747734
Gavkhouni,Central plateau,terminal_lake,2026-04-23,2026,4,Sentinel-2C,1,1,1,87.53888294874089,96.64426602426326,81.15039619731111,121.41590426116598,487.3282855256348,0.2491507030583226
Gavkhouni,Central plateau,terminal_lake,2026-04-28,2026,4,Sentinel-2B,1,1,1,85.42961181709583,92.50865572711696,80.17803720254926,102.4612406123184,487.3282855256348,0.210254910920695
Lake Urmia,Northwest,terminal_lake,2026-04-02,2026,4,Sentinel-2C,3,3,1,1362.234656832471,1761.716535239089,1269.5636426662902,2739.306637342895,5866.837078819214,0.4669182009289957
Lake Urmia,Northwest,terminal_lake,2026-04-04,2026,4,Sentinel-2A,3,3,1,1926.802045997428,2530.950305377436,1846.482101451558,3165.678027162629,5866.837078819214,0.5395937311337238
Lake Urmia,Northwest,terminal_lake,2026-04-05,2026,4,Sentinel-2C,5,5,1,1378.9464687692896,1659.010659668569,1306.42860205716,2160.3464790398416,5866.837078819214,0.3682337266028052
Lake Urmia,Northwest,terminal_lake,2026-04-07,2026,4,Sentinel-2A+Sentinel-2B,8,5,2,2905.90368616974,3719.424092039385,2771.0629833700223,4761.624286517792,5866.837078819214,0.8116247429376042
Lake Urmia,Northwest,terminal_lake,2026-04-10,2026,4,Sentinel-2B,5,5,1,1887.5791218013624,2453.385552664098,1780.188716551454,3115.76560321527,5866.837078819214,0.5310860968018069
Lake Urmia,Northwest,terminal_lake,2026-04-12,2026,4,Sentinel-2C,3,3,1,167.66613282815015,168.66635217385482,162.75426316203385,168.86948202251122,5866.837078819214,0.0287840118601123
Lake Urmia,Northwest,terminal_lake,2026-04-14,2026,4,Sentinel-2A,3,3,1,2838.935898762669,3380.762772915072,2727.136796430585,4420.220937087168,5866.837078819214,0.7534321202008141
Lake Urmia,Northwest,terminal_lake,2026-04-15,2026,4,Sentinel-2C,5,5,1,3369.118784289148,4285.646689469538,3238.6315006681198,5185.749246871224,5866.837078819214,0.8839173664641895
Lake Urmia,Northwest,terminal_lake,2026-04-17,2026,4,Sentinel-2A+Sentinel-2B,8,5,2,3285.1078510509165,4555.153136815926,3147.927573660924,5432.991181391706,5866.837078819214,0.9260600596869116
Lake Urmia,Northwest,terminal_lake,2026-04-20,2026,4,Sentinel-2B,5,5,1,4.605602195370424,5.102538669229306,4.084579045151056,6.398796036347273,5866.837078819214,0.0010906826905296
Lake Urmia,Northwest,terminal_lake,2026-04-22,2026,4,Sentinel-2C,3,3,1,3304.0677492237105,3753.470359794404,3183.224695875181,4984.471850914828,5866.837078819214,0.8496093856319328
Lake Urmia,Northwest,terminal_lake,2026-04-24,2026,4,Sentinel-2A,3,3,1,1326.415988311098,1672.3437231126293,1274.6987657425595,1839.8859362440555,5866.837078819214,0.3136108311331411
Lake Urmia,Northwest,terminal_lake,2026-04-25,2026,4,Sentinel-2C,5,5,1,146.42595205759096,203.5049813028476,132.47066262960814,227.79167334150983,5866.837078819214,0.0388273721726866
Lake Urmia,Northwest,terminal_lake,2026-04-27,2026,4,Sentinel-2A+Sentinel-2B,8,5,2,2203.771107746324,2466.7825634533187,2116.03682046742,3194.4298441631977,5866.837078819214,0.5444945138662357
Lake Urmia,Northwest,terminal_lake,2026-04-30,2026,4,Sentinel-2B,5,5,1,4109.917170640799,4512.89175160141,3919.4288163738074,5212.4299713573255,5866.837078819214,0.888465128918639
Bakhtegan Tashk,South/Fars,terminal_lake,2026-04-03,2026,4,Sentinel-2C,2,2,1,208.8877396366188,219.6855527496785,206.03721459818536,444.9640608714538,1393.5000670358277,0.3193210758540213
Bakhtegan Tashk,South/Fars,terminal_lake,2026-04-05,2026,4,Sentinel-2A+Sentinel-2B,5,3,2,602.1716117174196,790.6583873804993,560.7563261773753,1200.5997361325071,1393.5000670358277,0.8615904813998911
Bakhtegan Tashk,South/Fars,terminal_lake,2026-04-08,2026,4,Sentinel-2B,2,2,1,158.74098600487793,178.18055124883497,154.5622438953843,393.67054559562206,1393.5000670358277,0.2825111356306803
Bakhtegan Tashk,South/Fars,terminal_lake,2026-04-10,2026,4,Sentinel-2C,3,3,1,638.2864768250822,907.1646546188448,574.9578072400369,1322.7029474957778,1393.5000670358277,0.9492158252116792
Bakhtegan Tashk,South/Fars,terminal_lake,2026-04-12,2026,4,Sentinel-2A,3,3,1,25.45645978655587,53.89322620275101,9.987433195613487,75.81961332644273,1393.5000670358277,0.054410687575125
Bakhtegan Tashk,South/Fars,terminal_lake,2026-04-13,2026,4,Sentinel-2C,2,2,1,212.83619499710824,231.1841147596,208.75473209449285,460.20254897119673,1393.5000670358277,0.3302567240159621
Bakhtegan Tashk,South/Fars,terminal_lake,2026-04-15,2026,4,Sentinel-2A+Sentinel-2B,5,3,2,1.0329086492392148,1.160563930363674,0.5017730256553501,1.1719075694976209,1393.5000670358277,0.000841000024048142
Bakhtegan Tashk,South/Fars,terminal_lake,2026-04-18,2026,4,Sentinel-2B,2,2,1,30.039476148645377,40.37208377586071,28.45268943700107,125.93506902173532,1393.5000670358277,0.0903752128857623
Bakhtegan Tashk,South/Fars,terminal_lake,2026-04-20,2026,4,Sentinel-2C,3,3,1,70.96621404460869,77.55234710038918,64.14775864553067,77.81054325795313,1393.5000670358277,0.0558394454088133
Bakhtegan Tashk,South/Fars,terminal_lake,2026-04-23,2026,4,Sentinel-2C,2,2,1,4.5493671078640805,23.56443044862504,3.4435822075441846,55.16573900430431,1393.5000670358277,0.03958877733774
Bakhtegan Tashk,South/Fars,terminal_lake,2026-04-25,2026,4,Sentinel-2A+Sentinel-2B,5,3,2,10.299626210997578,25.571736489182296,1.805332608935068,43.44773933552428,1393.5000670358277,0.0311795492896059
Bakhtegan Tashk,South/Fars,terminal_lake,2026-04-28,2026,4,Sentinel-2B,2,2,1,161.48211720105016,181.39964202608965,157.2876457876521,380.6716107560501,1393.5000670358277,0.2731826657093139
Bakhtegan Tashk,South/Fars,terminal_lake,2026-04-30,2026,4,Sentinel-2C,3,3,1,539.8835757918013,816.1935487850751,493.06917663044686,1245.9140685540167,1393.5000670358277,0.8941095602488757
Hamoun,Southeast/Sistan,terminal_lake,2026-04-01,2026,4,Sentinel-2C,6,6,1,0.0116288538818359,0.3329564534121046,0.0081934722595214,4.3495281880946735,4340.16816968164,0.0010021769025037
Hamoun,Southeast/Sistan,terminal_lake,2026-04-03,2026,4,Sentinel-2A,6,6,1,509.0065161459136,533.1977548276159,500.8813296795497,4268.670183623011,4340.16816968164,0.9835463704184884
Hamoun,Southeast/Sistan,terminal_lake,2026-04-04,2026,4,Sentinel-2C,5,5,1,546.5160751437276,566.1646846920771,539.5040388390175,3278.513949314633,4340.16816968164,0.7554039915255187
Hamoun,Southeast/Sistan,terminal_lake,2026-04-06,2026,4,Sentinel-2B,6,6,1,598.3227706981439,632.4129402130337,586.1530279821849,4157.602084115851,4340.16816968164,0.9579551156622286
Hamoun,Southeast/Sistan,terminal_lake,2026-04-09,2026,4,Sentinel-2B,5,5,1,616.9706433358051,641.6100767963509,607.9934669406193,3160.5425352129764,4340.16816968164,0.7282221407004121
Hamoun,Southeast/Sistan,terminal_lake,2026-04-11,2026,4,Sentinel-2C,8,6,1,766.2245719063703,799.1523678026724,751.2615550756828,3315.6980570009937,4340.16816968164,0.7639715998388716
Hamoun,Southeast/Sistan,terminal_lake,2026-04-14,2026,4,Sentinel-2C,5,5,1,209.33066048681988,219.7451728590579,205.60848048001228,1671.559382898102,4340.16816968164,0.3851448093356823
Hamoun,Southeast/Sistan,terminal_lake,2026-04-16,2026,4,Sentinel-2A+Sentinel-2B,11,6,2,706.877099387842,752.8698016585588,684.0950656257991,4009.110271633428,4340.16816968164,0.9237410450216172
Hamoun,Southeast/Sistan,terminal_lake,2026-04-19,2026,4,Sentinel-2B,5,5,1,547.6376767910805,580.9779996467992,533.1429734335758,2942.8332089471,4340.16816968164,0.6780596290881146
Hamoun,Southeast/Sistan,terminal_lake,2026-04-21,2026,4,Sentinel-2C,6,6,1,0.3768196130873736,2.541437156054448,0.2729437822877173,58.14602494892901,4340.16816968164,0.013397453851598
Hamoun,Southeast/Sistan,terminal_lake,2026-04-23,2026,4,Sentinel-2A,6,6,1,31.034675681152343,31.25146983062289,31.01395009866333,35.71201717271298,4340.16816968164,0.0082284232230687
Hamoun,Southeast/Sistan,terminal_lake,2026-04-24,2026,4,Sentinel-2C,5,5,1,502.9404015223098,523.1921630563083,494.8242585061577,1745.4512166594734,4340.16816968164,0.4021702626439254
Hamoun,Southeast/Sistan,terminal_lake,2026-04-26,2026,4,Sentinel-2B,6,6,1,668.6032053113609,724.3745725040901,651.4345433179355,3782.17252650661,4340.16816968164,0.8714522089370746
Hamoun,Southeast/Sistan,terminal_lake,2026-04-29,2026,4,Sentinel-2B,5,5,1,162.18025644571856,175.57139769192847,153.78350685223378,2642.093706641587,4340.16816968164,0.6087660942844961
Alghadir Saveh,Central plateau,reservoir,2026-01-01,2026,1,Sentinel-2B,1,1,1,2.094915095079968,2.4809719220834765,1.9092288027516084,9.25836800863601,9.260891387207032,0.999858613858251
Alghadir Saveh,Central plateau,reservoir,2026-01-04,2026,1,Sentinel-2B,1,1,1,2.1381130565019197,2.463128052685786,1.985872222865684,9.1780693445333,9.260891387207032,0.9911867495610536
Alghadir Saveh,Central plateau,reservoir,2026-01-06,2026,1,Sentinel-2C,1,1,1,1.930353094545252,2.3270296270918296,1.7044991766029507,9.25902260012771,9.260891387207032,0.9999293065484663
Alghadir Saveh,Central plateau,reservoir,2026-01-09,2026,1,Sentinel-2C,1,1,1,0.0026183146057128,0.0085032174943512,0.0,0.0252678370948941,9.260891387207032,0.0027288032350119
Alghadir Saveh,Central plateau,reservoir,2026-01-11,2026,1,Sentinel-2A+Sentinel-2B,2,1,2,2.1098135838334624,2.52122210244727,1.931227624780513,9.257713392516626,9.260891387207032,0.9997879185083658
Alghadir Saveh,Central plateau,reservoir,2026-01-14,2026,1,Sentinel-2B,1,1,1,0.0836211973198385,0.2965801035459032,0.0280652244025735,5.841993127579995,9.260891387207032,0.6309067802514488
Alghadir Saveh,Central plateau,reservoir,2026-01-16,2026,1,Sentinel-2C,1,1,1,1.959385184701478,2.3604181915282005,1.7723059235424563,9.242904349100169,9.260891387207032,0.9981886140079254
Alghadir Saveh,Central plateau,reservoir,2026-01-19,2026,1,Sentinel-2C,1,1,1,0.0,0.0,0.0,0.0,9.260891387207032,0.0
Alghadir Saveh,Central plateau,reservoir,2026-01-21,2026,1,Sentinel-2B,1,1,1,2.597320714918667,2.834886475039972,2.3639193514880605,3.1136944401163764,9.260891387207032,0.3362638214390404
Alghadir Saveh,Central plateau,reservoir,2026-01-24,2026,1,Sentinel-2B,1,1,1,0.241899699638576,0.6079444036074171,0.0715835897159351,2.6136369838579974,9.260891387207032,0.2822600537558365
Alghadir Saveh,Central plateau,reservoir,2026-01-26,2026,1,Sentinel-2C,1,1,1,1.6657388470526002,2.120686167993284,1.526163962158203,9.233493326995388,9.260891387207032,0.997172269495815
Alghadir Saveh,Central plateau,reservoir,2026-01-29,2026,1,Sentinel-2C,1,1,1,1.5956331525025609,1.79641535416918,1.5248560372314452,9.106975764544092,9.260891387207032,0.9835089894767792
Alghadir Saveh,Central plateau,reservoir,2026-01-31,2026,1,Sentinel-2B,1,1,1,1.8484943249979653,2.308084621266922,1.6035680198917166,9.229237744262235,9.260891387207032,0.9967126873050056
Alghadir Saveh,Central plateau,reservoir,2026-02-03,2026,2,Sentinel-2B,1,1,1,0.0,0.0,0.0,0.0,9.260891387207032,0.0
Alghadir Saveh,Central plateau,reservoir,2026-02-05,2026,2,Sentinel-2C,1,1,1,1.0272530961154116,1.2715270974104338,0.8886727467627432,4.431018963682886,9.260891387207032,0.4785284485208427
Alghadir Saveh,Central plateau,reservoir,2026-02-08,2026,2,Sentinel-2C,1,1,1,0.0,0.0,0.0,0.0,9.260891387207032,0.0
Alghadir Saveh,Central plateau,reservoir,2026-02-10,2026,2,Sentinel-2B,1,1,1,0.6162189682075052,1.2934458247562186,0.313556163116455,4.694040802642943,9.260891387207032,0.5069335249956323
Alghadir Saveh,Central plateau,reservoir,2026-02-13,2026,2,Sentinel-2B,1,1,1,0.0198010550989487,0.0763427035420735,0.0,0.0795314799707749,9.260891387207032,0.0085890121506835
Alghadir Saveh,Central plateau,reservoir,2026-02-15,2026,2,Sentinel-2C,1,1,1,0.0044176137513403,0.051869810591275,0.0006545310363769532,0.4179488345034131,9.260891387207032,0.0451364367824281
Alghadir Saveh,Central plateau,reservoir,2026-02-18,2026,2,Sentinel-2C,1,1,1,1.5132248330225329,1.81486346032655,1.4417149079589844,7.919724229806594,9.260891387207032,0.8552916111314347
Alghadir Saveh,Central plateau,reservoir,2026-02-20,2026,2,Sentinel-2B,1,1,1,1.6201728032579608,1.9170902449589744,1.5554537840949565,9.148069740081326,9.260891387207032,0.9879469385170696
Alghadir Saveh,Central plateau,reservoir,2026-02-23,2026,2,Sentinel-2B,1,1,1,1.6038106145766315,1.8631036028430412,1.5091428399353026,8.832251375845534,9.260891387207032,0.9538400946757758
Alghadir Saveh,Central plateau,reservoir,2026-02-25,2026,2,Sentinel-2C,1,1,1,1.5857923501381068,1.8041540033395804,1.4576800997967887,7.795168534010113,9.260891387207032,0.8418402031477541
Alghadir Saveh,Central plateau,reservoir,2026-02-28,2026,2,Sentinel-2C,1,1,1,0.2048779615699917,0.3106725406655704,0.1477678913227156,2.4276243260119856,9.260891387207032,0.2621715934504653
Amir Kabir,Central plateau,reservoir,2026-01-01,2026,1,Sentinel-2B,2,2,1,2.0234381227180034,2.411453533716538,1.718036163698324,5.049622410027599,5.081598074951172,0.9939624937197828
Amir Kabir,Central plateau,reservoir,2026-01-06,2026,1,Sentinel-2C,2,2,1,1.2864828468394565,1.5240176242274874,1.1317903101551734,4.6689709579621015,5.081598074951172,0.9190354524856224
Amir Kabir,Central plateau,reservoir,2026-01-11,2026,1,Sentinel-2B,2,2,1,2.1490373821954467,2.3973950301976825,1.9771495772093528,4.839932853661394,5.081598074951172,0.9526874166092928
Amir Kabir,Central plateau,reservoir,2026-01-16,2026,1,Sentinel-2C,2,2,1,2.1734352096726357,2.521231316298062,1.9038949846492983,4.82024052057615,5.081598074951172,0.948811197971301
Amir Kabir,Central plateau,reservoir,2026-01-21,2026,1,Sentinel-2B,2,2,1,0.0016151964111328,0.0016151964111328,0.0016151964111328,0.0016151964111328,5.081598074951172,0.0003179336041975541
Amir Kabir,Central plateau,reservoir,2026-01-26,2026,1,Sentinel-2C,2,2,1,1.6748950773875522,1.7994878642073109,1.5768640094221529,2.6972583338497413,5.081598074951172,0.5309255627501666
Amir Kabir,Central plateau,reservoir,2026-01-31,2026,1,Sentinel-2B,2,2,1,1.3298053069739244,1.453430013618379,1.2506737545127715,2.180165600378537,5.081598074951172,0.4291415596879241
Amir Kabir,Central plateau,reservoir,2026-02-05,2026,2,Sentinel-2C,2,2,1,1.6710829692749027,1.756431699277154,1.5964660212447823,2.4337127022014555,5.081598074951172,0.4790495110434303
Amir Kabir,Central plateau,reservoir,2026-02-10,2026,2,Sentinel-2B,2,2,1,0.0,0.0,0.0,0.0,5.081598074951172,0.0
Amir Kabir,Central plateau,reservoir,2026-02-15,2026,2,Sentinel-2C,2,2,1,0.4475330922405167,0.4484196801532819,0.4347849987185009,0.4484196801532819,5.081598074951172,0.0882664697132765
Amir Kabir,Central plateau,reservoir,2026-02-20,2026,2,Sentinel-2B,2,2,1,0.8649628504615934,1.0947442846325446,0.7620158679997462,5.07609502813661,5.081598074951172,0.9991733367045318
Amir Kabir,Central plateau,reservoir,2026-02-25,2026,2,Sentinel-2C,2,2,1,0.7742284143879015,1.018443332368141,0.6265597215887332,3.4362182419465936,5.081598074951172,0.6763816728055072
Lar,Central plateau,reservoir,2026-01-01,2026,1,Sentinel-2B,1,1,1,0.5588518151698693,0.560062747222302,0.5569130541615205,0.561193786541389,12.64737049447213,0.0443777283421636
Lar,Central plateau,reservoir,2026-01-06,2026,1,Sentinel-2C,1,1,1,0.4863663209116019,0.4863663209116019,0.4858819523688821,0.4863663209116019,12.64737049447213,0.0384605692041118
Lar,Central plateau,reservoir,2026-01-11,2026,1,Sentinel-2B,1,1,1,0.4262399600370518,0.4262399600370518,0.4262399600370518,0.4262399600370518,12.64737049447213,0.0337059347568238
Lar,Central plateau,reservoir,2026-01-16,2026,1,Sentinel-2C,1,1,1,0.3648144767696604,0.3648144767696604,0.3648144767696604,0.3648144767696604,12.64737049447213,0.0288485691282302
Lar,Central plateau,reservoir,2026-01-21,2026,1,Sentinel-2B,1,1,1,0.0,0.0,0.0,0.0,12.64737049447213,0.0
Lar,Central plateau,reservoir,2026-01-26,2026,1,Sentinel-2C,1,1,1,0.2450666036210602,0.2450666036210602,0.2450666036210602,0.2450666036210602,12.64737049447213,0.019379222332908
Lar,Central plateau,reservoir,2026-01-31,2026,1,Sentinel-2B,1,1,1,0.1996638348928414,0.1996638348928414,0.1996638348928414,0.1996638348928414,12.64737049447213,0.0157888908201153
Lar,Central plateau,reservoir,2026-02-05,2026,2,Sentinel-2C,1,1,1,0.0139826994121476,0.0139826994121476,0.0139826994121476,0.0139826994121476,12.64737049447213,0.0011057150860964
Lar,Central plateau,reservoir,2026-02-10,2026,2,Sentinel-2B,1,1,1,0.0372560329719094,0.0372560329719094,0.0372560329719094,0.0372560329719094,12.64737049447213,0.0029461090802938
Lar,Central plateau,reservoir,2026-02-15,2026,2,Sentinel-2C,1,1,1,0.0010499517715753,0.0010499517715753,0.0010499517715753,0.0010499517715753,12.64737049447213,8.302742405346814e-05
Lar,Central plateau,reservoir,2026-02-20,2026,2,Sentinel-2B,1,1,1,0.0903417284496831,0.0935752531994389,0.0871082202709721,0.1161987119196873,12.64737049447213,0.0091886884618971
Lar,Central plateau,reservoir,2026-02-25,2026,2,Sentinel-2C,1,1,1,0.2005772777810489,0.2248269167221966,0.1850563283486758,0.4250964255281335,12.64737049447213,0.0336155070560835
Latyan,Central plateau,reservoir,2026-01-01,2026,1,Sentinel-2B,1,1,1,0.6612298268019732,0.8106008714351879,0.5908403146114573,4.346817987532308,4.358842198974609,0.9974375184809456
Latyan,Central plateau,reservoir,2026-01-06,2026,1,Sentinel-2C,1,1,1,0.7441549033054727,0.8988550050865023,0.6510264134448481,4.335663818604828,4.358842198974609,0.9948780401205326
Latyan,Central plateau,reservoir,2026-01-11,2026,1,Sentinel-2B,1,1,1,0.7204237884690229,0.9280563428640332,0.6213844881322523,4.357985244180833,4.358842198974609,1.0
Latyan,Central plateau,reservoir,2026-01-16,2026,1,Sentinel-2C,1,1,1,0.8986992754742792,1.1769926345999928,0.7331458872084675,3.901864483135147,4.358842198974609,0.8953367816803101
Latyan,Central plateau,reservoir,2026-01-21,2026,1,Sentinel-2B,1,1,1,0.0,0.0,0.0,0.0,4.358842198974609,0.0
Latyan,Central plateau,reservoir,2026-01-26,2026,1,Sentinel-2C,1,1,1,0.4937652920655493,0.5275137326089298,0.4706997108656939,0.6484122847547342,4.358842198974609,0.1487871684789551
Latyan,Central plateau,reservoir,2026-01-31,2026,1,Sentinel-2B,1,1,1,0.7811102522496839,0.9531533106889312,0.6833559387740787,2.230297089262005,4.358842198974609,0.5117725197073797
Latyan,Central plateau,reservoir,2026-02-05,2026,2,Sentinel-2C,1,1,1,0.0123022462768554,0.0123022462768554,0.0123022462768554,0.0123022462768554,4.358842198974609,0.0028229205900324
Latyan,Central plateau,reservoir,2026-02-10,2026,2,Sentinel-2B,1,1,1,0.0,0.0,0.0,0.0,4.358842198974609,0.0
Latyan,Central plateau,reservoir,2026-02-15,2026,2,Sentinel-2C,1,1,1,0.0,0.0,0.0,0.0,4.358842198974609,0.0
Latyan,Central plateau,reservoir,2026-02-20,2026,2,Sentinel-2B,1,1,1,0.7644029028891172,0.8652380133840524,0.7233695561779546,4.357985244180833,4.358842198974609,1.0
Latyan,Central plateau,reservoir,2026-02-25,2026,2,Sentinel-2C,1,1,1,0.2582605799561743,0.3225912744669596,0.168518109880036,0.9884354087064856,4.358842198974609,0.2268101779431979
Taleghan,Central plateau,reservoir,2026-01-01,2026,1,Sentinel-2B,1,1,1,6.0350859702301625,6.23941722454068,5.897760539383593,7.308845804024735,13.23563932763672,0.5522701900448526
Taleghan,Central plateau,reservoir,2026-01-06,2026,1,Sentinel-2C,1,1,1,6.084869250613106,6.359364516948626,5.918137449740302,8.76452055848676,13.23563932763672,0.6622637232026517
Taleghan,Central plateau,reservoir,2026-01-11,2026,1,Sentinel-2B,1,1,1,5.569693231775501,5.667475956072878,5.527570582063563,5.891092246311444,13.23563932763672,0.4451420541189416
Taleghan,Central plateau,reservoir,2026-01-16,2026,1,Sentinel-2C,1,1,1,4.995865119214945,4.995865119214945,4.995865119214945,4.995865119214945,13.23563932763672,0.3774970019627397
Taleghan,Central plateau,reservoir,2026-01-21,2026,1,Sentinel-2B,1,1,1,4.203632414276123,4.203632414276123,4.203632414276123,4.203632414276123,13.23563932763672,0.3176344028263098
Taleghan,Central plateau,reservoir,2026-01-26,2026,1,Sentinel-2C,1,1,1,4.920219638061284,4.936730345321596,4.915386854003667,4.964661106998818,13.23563932763672,0.3751391678780101
Taleghan,Central plateau,reservoir,2026-01-31,2026,1,Sentinel-2B,1,1,1,0.000966757781982422,0.000966757781982422,0.000966757781982422,0.000966757781982422,13.23563932763672,7.30500435087528e-05
Taleghan,Central plateau,reservoir,2026-02-05,2026,2,Sentinel-2C,1,1,1,0.0,0.0,0.0,0.0,13.23563932763672,0.0
Taleghan,Central plateau,reservoir,2026-02-10,2026,2,Sentinel-2B,1,1,1,0.0,0.0,0.0,0.0,13.23563932763672,0.0
Taleghan,Central plateau,reservoir,2026-02-15,2026,2,Sentinel-2C,1,1,1,0.0,0.0,0.0,0.0,13.23563932763672,0.0
Taleghan,Central plateau,reservoir,2026-02-20,2026,2,Sentinel-2B,1,1,1,5.635076113652607,6.069391802731144,5.401952318725586,13.233540466608869,13.23563932763672,0.999951306187878
Taleghan,Central plateau,reservoir,2026-02-25,2026,2,Sentinel-2C,1,1,1,4.8178954094714594,5.186083782247027,4.63536252520752,9.470289264736993,13.23563932763672,0.7155929393305784
Zayandeh Rud,Central plateau,reservoir,2026-01-01,2026,1,Sentinel-2B,1,1,1,7.12644587785142,7.223158957037713,7.039208335930917,7.409168553760723,49.88648067777483,0.1485332982634424
Zayandeh Rud,Central plateau,reservoir,2026-01-06,2026,1,Sentinel-2C,1,1,1,6.138806454286463,6.371985334935206,5.975993079182343,7.056506015799964,49.88648067777483,0.1414633916258507
Zayandeh Rud,Central plateau,reservoir,2026-01-11,2026,1,Sentinel-2B,1,1,1,7.338239270695584,7.713340136958461,7.100019534773404,8.51550627815144,49.88648067777483,0.170712303910927
Zayandeh Rud,Central plateau,reservoir,2026-01-16,2026,1,Sentinel-2C,1,1,1,5.618644403403967,6.008518684552959,5.390486489766079,7.587255077797197,49.88648067777483,0.1521034395821984
Zayandeh Rud,Central plateau,reservoir,2026-01-21,2026,1,Sentinel-2B,1,1,1,5.588598635392372,6.014110113823503,5.322695428661989,6.920757258339669,49.88648067777483,0.1387420052065194
Zayandeh Rud,Central plateau,reservoir,2026-01-26,2026,1,Sentinel-2C,1,1,1,15.703564632445325,15.737022277852246,12.242085036934167,15.741715324013253,49.88648067777483,0.3155777710324948
Zayandeh Rud,Central plateau,reservoir,2026-01-31,2026,1,Sentinel-2B,1,1,1,5.420601392342243,5.85845739610476,5.17801338795489,7.9593234108010575,49.88648067777483,0.159562378635811
Zayandeh Rud,Central plateau,reservoir,2026-02-05,2026,2,Sentinel-2C,1,1,1,5.617999159625723,6.0098073687798,5.393697411498545,7.097612531863579,49.88648067777483,0.1422874633643657
Zayandeh Rud,Central plateau,reservoir,2026-02-10,2026,2,Sentinel-2B,1,1,1,7.280105929996505,8.041618934076286,6.851075949639413,12.090065265621387,49.88648067777483,0.2423723062976521
Zayandeh Rud,Central plateau,reservoir,2026-02-15,2026,2,Sentinel-2C,1,1,1,10.158031488149962,11.49786498864746,9.4337941688388,47.792273787242905,49.88648067777483,0.9581026542479576
Zayandeh Rud,Central plateau,reservoir,2026-02-20,2026,2,Sentinel-2B,1,1,1,9.813612065993484,10.721130934981522,9.35549359080248,49.70514483889338,49.88648067777483,0.9964504181559726
Zayandeh Rud,Central plateau,reservoir,2026-02-25,2026,2,Sentinel-2C,1,1,1,10.453350650124106,11.175646569269754,10.078867026249425,49.87549502222275,49.88648067777483,0.9998654672814038
Doosti,East/Khorasan,reservoir,2026-01-04,2026,1,Sentinel-2C,1,1,1,5.723587317167156,6.132882846136594,5.476889297743135,44.78010553498176,45.31783526763916,0.9882365360322154
Doosti,East/Khorasan,reservoir,2026-01-09,2026,1,Sentinel-2B,1,1,1,5.602344240775194,5.9717614564224535,5.407389796350576,45.31282101996604,45.31783526763916,0.9999928483338986
Doosti,East/Khorasan,reservoir,2026-01-14,2026,1,Sentinel-2C,1,1,1,5.2481661820373535,5.645685926876532,5.093640441162109,45.17585526318575,45.31783526763916,0.9969701988019576
Doosti,East/Khorasan,reservoir,2026-01-19,2026,1,Sentinel-2B,1,1,1,0.0,0.0,0.0,0.0,45.31783526763916,0.0
Doosti,East/Khorasan,reservoir,2026-01-24,2026,1,Sentinel-2C,1,1,1,1.7866376725633817,2.8552847953746143,0.6131591137496648,2.8552847953746143,45.31783526763916,0.0630122846263098
Doosti,East/Khorasan,reservoir,2026-01-29,2026,1,Sentinel-2B,1,1,1,0.0368488556518554,0.0433126469726562,0.0303844645996093,0.0488065204467773,45.31783526763916,0.0010770940828719
Doosti,East/Khorasan,reservoir,2026-02-03,2026,2,Sentinel-2C,1,1,1,0.0006472034606933594,0.010850389753394,0.00032316912841796875,3.967906477502201,45.31783526763916,0.0875663446028133
Doosti,East/Khorasan,reservoir,2026-02-08,2026,2,Sentinel-2B,1,1,1,0.0,0.0,0.0,0.0,45.31783526763916,0.0
Doosti,East/Khorasan,reservoir,2026-02-13,2026,2,Sentinel-2C,1,1,1,4.581617460479737,5.162609126622577,4.233477202514648,45.31314508444968,45.31783526763916,1.0
Doosti,East/Khorasan,reservoir,2026-02-18,2026,2,Sentinel-2B,1,1,1,4.4320028012230965,4.980301440314679,4.083360690856455,45.30862094709006,45.31783526763916,0.9999001583899948
Doosti,East/Khorasan,reservoir,2026-02-23,2026,2,Sentinel-2C,1,1,1,4.050390845061777,4.568446202294563,3.707920722503662,45.310236297584446,45.31783526763916,0.9999358069968478
Doosti,East/Khorasan,reservoir,2026-02-28,2026,2,Sentinel-2B,1,1,1,3.9448925138549806,4.4369834153215,3.574131985809326,45.31314508444968,45.31783526763916,1.0
Sefid Rud,North/Caspian,reservoir,2026-01-04,2026,1,Sentinel-2B,1,1,1,11.39547100888588,14.111766170021449,10.801781860540297,56.32464291235246,56.46360895604918,0.99762565850908
Sefid Rud,North/Caspian,reservoir,2026-01-09,2026,1,Sentinel-2C,1,1,1,0.0,0.0,0.0,0.0,56.46360895604918,0.0
Sefid Rud,North/Caspian,reservoir,2026-01-11,2026,1,Sentinel-2A,1,1,1,11.609523449783865,14.441888032248103,10.93664310784613,56.37136063177386,56.46360895604918,0.9984531257275469
Sefid Rud,North/Caspian,reservoir,2026-01-14,2026,1,Sentinel-2B,1,1,1,0.0105558971234489,0.107031856582103,0.0003199139099121094,3.203398954085765,56.46360895604918,0.0567388060677122
Sefid Rud,North/Caspian,reservoir,2026-01-19,2026,1,Sentinel-2C,1,1,1,0.0,0.0,0.0,0.0,56.46360895604918,0.0
Sefid Rud,North/Caspian,reservoir,2026-01-24,2026,1,Sentinel-2B,1,1,1,12.429159811394191,16.1492599301321,11.625293758488914,55.95703400117011,56.46360895604918,0.9911145460877766
Sefid Rud,North/Caspian,reservoir,2026-01-29,2026,1,Sentinel-2C,1,1,1,11.003602941382791,12.599504277607885,9.854355343926883,19.6316039997712,56.46360895604918,0.3477162189618797
Sefid Rud,North/Caspian,reservoir,2026-02-03,2026,2,Sentinel-2B,1,1,1,4.673817638371126,5.626329672810512,4.296351628366029,9.463797515894273,56.46360895604918,0.1676233836667619
Sefid Rud,North/Caspian,reservoir,2026-02-08,2026,2,Sentinel-2C,1,1,1,0.0003196229553222656,0.0027149237656537,0.0,0.0027149237656537,56.46360895604918,4.8086902454525e-05
Sefid Rud,North/Caspian,reservoir,2026-02-13,2026,2,Sentinel-2B,2,1,1,0.0044775676574707,0.0044775676574707,0.0041577406005859,0.0044775676574707,56.46360895604918,7.930696320177705e-05
Sefid Rud,North/Caspian,reservoir,2026-02-18,2026,2,Sentinel-2C,1,1,1,15.19870685887942,17.060167898596433,14.64473240503923,56.43158421730145,56.46360895604918,0.9995198097056988
Sefid Rud,North/Caspian,reservoir,2026-02-23,2026,2,Sentinel-2B,1,1,1,6.103335091478415,7.935165365435195,5.686535403747558,23.899108978221943,56.46360895604918,0.423302538629146
Sefid Rud,North/Caspian,reservoir,2026-02-28,2026,2,Sentinel-2C,1,1,1,0.4211698575402354,0.4211698575402354,0.4202098582726573,0.4211698575402354,56.46360895604918,0.0074597873106197
Shahid Rajaei,North/Caspian,reservoir,2026-01-03,2026,1,Sentinel-2C,2,2,1,0.8618516747137328,1.103527906374104,0.4023466766456753,1.308608153749474,4.5897947099609375,0.285174932568648
Shahid Rajaei,North/Caspian,reservoir,2026-01-08,2026,1,Sentinel-2B,2,2,1,1.3278113499790565,1.3978259165658984,1.2802449485466452,3.639788032468308,4.5897947099609375,0.7931910738514599
Shahid Rajaei,North/Caspian,reservoir,2026-01-13,2026,1,Sentinel-2C,2,2,1,2.1628481584506165,2.28941847096426,2.042140523943972,4.585249563981711,4.5897947099609375,0.999228249856404
Shahid Rajaei,North/Caspian,reservoir,2026-01-18,2026,1,Sentinel-2B,2,2,1,2.2137118811014806,2.308265964136341,2.149097150171497,4.588790964067161,4.5897947099609375,0.9999999999999998
Shahid Rajaei,North/Caspian,reservoir,2026-01-23,2026,1,Sentinel-2C,2,2,1,2.4702290297103584,2.514648315975534,2.423962208186251,2.6680128401362406,4.5897947099609375,0.5814195636777303
Shahid Rajaei,North/Caspian,reservoir,2026-01-28,2026,1,Sentinel-2B,2,2,1,2.2712220043165017,2.351772417893114,2.2061198055892643,4.504067715394376,4.5897947099609375,0.9815369125906548
Shahid Rajaei,North/Caspian,reservoir,2026-02-02,2026,2,Sentinel-2C,2,2,1,0.0009658314819335936,0.0009658314819335936,0.0006438888549804687,0.0009658314819335936,4.5897947099609375,0.00021047624297916437
Shahid Rajaei,North/Caspian,reservoir,2026-02-07,2026,2,Sentinel-2B,2,2,1,0.0,0.0,0.0,0.0,4.5897947099609375,0.0
Shahid Rajaei,North/Caspian,reservoir,2026-02-12,2026,2,Sentinel-2C,2,2,1,2.413561912756946,2.4915424110624427,2.345960076186954,4.588790964067161,4.5897947099609375,0.9999999999999998
Shahid Rajaei,North/Caspian,reservoir,2026-02-17,2026,2,Sentinel-2B,2,2,1,2.461509024037799,2.551885167758478,2.39769367049369,4.419125706841196,4.5897947099609375,0.9630261525193584
Shahid Rajaei,North/Caspian,reservoir,2026-02-22,2026,2,Sentinel-2C,2,2,1,2.680182731834382,2.766688061187026,2.6088850380581725,4.588469022905052,4.5897947099609375,0.9999298418331471
Shahid Rajaei,North/Caspian,reservoir,2026-02-27,2026,2,Sentinel-2B,2,2,1,2.720903404616173,2.8081292236021755,2.652666005688357,4.588790964067161,4.5897947099609375,0.9999999999999998
Aras,Northwest,reservoir,2026-01-05,2026,1,Sentinel-2C,1,1,1,76.91395583856801,79.76694637786278,75.32377136505247,107.63645236110814,125.22289566721524,0.8595828262553096
Aras,Northwest,reservoir,2026-01-07,2026,1,Sentinel-2A,1,1,1,82.66570309835289,87.36337110112089,80.4287115551655,114.42087425602286,125.22289566721524,0.913763100865014
Aras,Northwest,reservoir,2026-01-10,2026,1,Sentinel-2B,1,1,1,8.829894363386687,9.023986876657403,8.218542201589786,9.041019131326593,125.22289566721524,0.0722014206772768
Aras,Northwest,reservoir,2026-01-15,2026,1,Sentinel-2C,1,1,1,0.0,0.0,0.0,0.0,125.22289566721524,0.0
Aras,Northwest,reservoir,2026-01-25,2026,1,Sentinel-2C,1,1,1,0.0,0.0,0.0,0.0,125.22289566721524,0.0
Aras,Northwest,reservoir,2026-01-30,2026,1,Sentinel-2B,1,1,1,0.0,0.0,0.0,0.0,125.22289566721524,0.0
Aras,Northwest,reservoir,2026-02-04,2026,2,Sentinel-2C,1,1,1,0.0,0.0,0.0,0.0,125.22289566721524,0.0
Aras,Northwest,reservoir,2026-02-09,2026,2,Sentinel-2B,1,1,1,0.0,0.0,0.0,0.0,125.22289566721524,0.0
Aras,Northwest,reservoir,2026-02-14,2026,2,Sentinel-2C,1,1,1,0.0,0.0,0.0,0.0,125.22289566721524,0.0
Aras,Northwest,reservoir,2026-02-19,2026,2,Sentinel-2B,1,1,1,79.00226207824852,79.72877884443562,78.36253530312597,93.69220959301384,125.22289566721524,0.7482243473602954
Aras,Northwest,reservoir,2026-02-24,2026,2,Sentinel-2C,1,1,1,0.0,0.0,0.0,0.0,125.22289566721524,0.0
Mahabad,Northwest,reservoir,2026-01-02,2026,1,Sentinel-2C,1,1,1,1.843767430136408,1.8480848304125024,1.8380902165539317,1.85096442141592,12.299407725402832,0.1505181382918752
Mahabad,Northwest,reservoir,2026-01-04,2026,1,Sentinel-2A,1,1,1,5.338718767995318,5.9491898379732016,5.032053493529915,10.358138873676628,12.299407725402832,0.8423110468227487
Mahabad,Northwest,reservoir,2026-01-05,2026,1,Sentinel-2C,1,1,1,0.0,0.0,0.0,0.0,12.299407725402832,0.0
Mahabad,Northwest,reservoir,2026-01-07,2026,1,Sentinel-2A+Sentinel-2B,2,1,2,5.238378339212456,5.793242831279203,4.930638140005911,10.502930843913491,12.299407725402832,0.8540853508274654
Mahabad,Northwest,reservoir,2026-01-10,2026,1,Sentinel-2B,1,1,1,3.758693858094219,3.921675774662632,3.6658096654598458,5.0582925767530265,12.299407725402832,0.4113340984728715
Mahabad,Northwest,reservoir,2026-01-12,2026,1,Sentinel-2C,1,1,1,2.669807052124741,2.951596242942421,2.529145263267367,8.749208569107719,12.299407725402832,0.7114748236716639
Mahabad,Northwest,reservoir,2026-01-15,2026,1,Sentinel-2C,1,1,1,0.1269726141662597,0.1296891196201698,0.1247339330749511,0.1371968811346315,12.299407725402832,0.0111566807491845
Mahabad,Northwest,reservoir,2026-01-17,2026,1,Sentinel-2B,1,1,1,1.145976362516635,2.5146402461294133,0.7658155491721959,5.382416502385636,12.299407725402832,0.437691455371582
Mahabad,Northwest,reservoir,2026-01-22,2026,1,Sentinel-2C,1,1,1,0.0,0.0,0.0,0.0,12.299407725402832,0.0
Mahabad,Northwest,reservoir,2026-01-25,2026,1,Sentinel-2C,1,1,1,5.151323909650617,5.420068802365051,4.982844635532514,11.041655748193374,12.299407725402832,0.8978937939857877
Mahabad,Northwest,reservoir,2026-01-27,2026,1,Sentinel-2B,1,1,1,5.102820225234088,5.430193214228731,4.922100658773384,11.112318038026949,12.299407725402832,0.9036399640310524
Mahabad,Northwest,reservoir,2026-01-30,2026,1,Sentinel-2B,1,1,1,1.3160272874559586,1.3179451897185674,1.3113121931365364,1.3179451897185674,12.299407725402832,0.1071736733737008
Mahabad,Northwest,reservoir,2026-02-01,2026,2,Sentinel-2C,1,1,1,5.199891438291302,5.448160091734523,5.100033630085425,7.741633169267732,12.299407725402832,0.6295400378822139
Mahabad,Northwest,reservoir,2026-02-04,2026,2,Sentinel-2C,1,1,1,1.4188912543993182,1.5874894644429525,1.3089187237697228,4.780553920872472,12.299407725402832,0.3887487343615237
Mahabad,Northwest,reservoir,2026-02-06,2026,2,Sentinel-2B,1,1,1,0.0,0.0,0.0,0.0,12.299407725402832,0.0
Mahabad,Northwest,reservoir,2026-02-09,2026,2,Sentinel-2A+Sentinel-2B,2,1,2,5.883081714894135,6.204854155209412,5.678210814691162,10.284762604975937,12.299407725402832,0.836344179371464
Mahabad,Northwest,reservoir,2026-02-11,2026,2,Sentinel-2C,1,1,1,0.0009589199161305148,0.0009589199161305148,0.0009589199161305148,0.0009589199161305148,12.299407725402832,7.797818200987099e-05
Mahabad,Northwest,reservoir,2026-02-14,2026,2,Sentinel-2C,1,1,1,0.0,0.0,0.0,0.0,12.299407725402832,0.0
Mahabad,Northwest,reservoir,2026-02-16,2026,2,Sentinel-2B,1,1,1,7.835910445034492,8.071329426517623,7.677402989611219,12.242585911687174,12.299407725402832,0.9955519500995438
Mahabad,Northwest,reservoir,2026-02-19,2026,2,Sentinel-2A+Sentinel-2B,2,1,2,6.257332533555095,6.4466923582579385,6.12291745304374,10.2913286568782,12.299407725402832,0.8368781225941547
Mahabad,Northwest,reservoir,2026-02-21,2026,2,Sentinel-2C,1,1,1,7.667640831750369,7.938844801081639,7.47921935298761,11.847849994649147,12.299407725402832,0.9634525133615596
Mahabad,Northwest,reservoir,2026-02-24,2026,2,Sentinel-2C,1,1,1,0.4841576098507151,0.5046097348935594,0.4788015191345214,0.5866677133057837,12.299407725402832,0.0477070931137556
Mahabad,Northwest,reservoir,2026-02-26,2026,2,Sentinel-2B,1,1,1,7.184790018341183,7.373868306724161,7.051508794844923,10.407077554471854,12.299407725402832,0.8462906798392078
Zarrineh Rud,Northwest,reservoir,2026-01-02,2026,1,Sentinel-2C,1,1,1,0.0,0.0,0.0,0.0,52.116735656604725,0.0
Zarrineh Rud,Northwest,reservoir,2026-01-04,2026,1,Sentinel-2A,1,1,1,12.530934223123587,12.823069534489292,12.302651932071464,13.21099933459868,52.116735656604725,0.2535138068145602
Zarrineh Rud,Northwest,reservoir,2026-01-07,2026,1,Sentinel-2B,1,1,1,12.54296521994557,12.902136281413837,12.294845745357376,13.715050935146442,52.116735656604725,0.2631863559419513
Zarrineh Rud,Northwest,reservoir,2026-01-12,2026,1,Sentinel-2C,1,1,1,16.04036480967862,17.671195738597554,15.044359871573176,24.49999074477396,52.116735656604725,0.4701450483282322
Zarrineh Rud,Northwest,reservoir,2026-01-17,2026,1,Sentinel-2B,1,1,1,4.787343716986323,4.87376075944525,4.719959575889917,5.010266466955327,52.116735656604725,0.0961450146974643
Zarrineh Rud,Northwest,reservoir,2026-01-22,2026,1,Sentinel-2C,1,1,1,0.0013626094611672,0.0013626094611672,0.0013626094611672,0.0013626094611672,52.116735656604725,2.614793195828645e-05
Zarrineh Rud,Northwest,reservoir,2026-01-27,2026,1,Sentinel-2B,1,1,1,6.614559200664326,6.815884085409246,6.451622654318896,7.098622341139012,52.116735656604725,0.1362197307911457
Zarrineh Rud,Northwest,reservoir,2026-02-01,2026,2,Sentinel-2C,1,1,1,0.1262351885125852,0.1296113412237429,0.1262351885125852,0.1305761361151003,52.116735656604725,0.0025057039598042
Zarrineh Rud,Northwest,reservoir,2026-02-06,2026,2,Sentinel-2B,1,1,1,0.00016004145483877145,0.0035297078461291,0.0,0.0067406348553825,52.116735656604725,0.00012935009375555787
Zarrineh Rud,Northwest,reservoir,2026-02-11,2026,2,Sentinel-2C,1,1,1,3.335451579345703,3.564410982699525,3.11567624597168,5.532802237893498,52.116735656604725,0.1061722676805439
Zarrineh Rud,Northwest,reservoir,2026-02-16,2026,2,Sentinel-2B,1,1,1,31.530724503780583,32.255576962792254,31.00669946492585,50.78384128685651,52.116735656604725,0.974521654511046
Zarrineh Rud,Northwest,reservoir,2026-02-21,2026,2,Sentinel-2C,1,1,1,33.01698437898823,33.768860794497144,32.45701023310463,49.76618728696566,52.116735656604725,0.954993280237592
Zarrineh Rud,Northwest,reservoir,2026-02-26,2026,2,Sentinel-2B,2,1,1,36.02327135856168,36.82661164247305,35.468660848878024,50.64509253422016,52.116735656604725,0.971859121300595
Esteghlal Minab,South coast,reservoir,2026-01-02,2026,1,Sentinel-2B,1,1,1,16.450925584369138,16.932159833840164,16.06210440306875,21.00131025375308,21.00316920198089,1.0
Esteghlal Minab,South coast,reservoir,2026-01-07,2026,1,Sentinel-2C,1,1,1,16.180671723782172,16.668540598877552,15.825245733329146,21.000246779570947,21.00316920198089,0.9999493615317674
Esteghlal Minab,South coast,reservoir,2026-01-12,2026,1,Sentinel-2B,1,1,1,15.849512241338514,16.401346386074533,15.457485600198904,21.00024689913882,21.00316920198089,0.9999493672251204
Esteghlal Minab,South coast,reservoir,2026-01-17,2026,1,Sentinel-2C,1,1,1,15.034137030262308,15.67556599498734,14.546355167386643,21.000955787688625,21.00316920198089,0.9999831217166848
Esteghlal Minab,South coast,reservoir,2026-01-22,2026,1,Sentinel-2B,1,1,1,14.67773619246288,15.773866945275405,13.965241949656049,20.375553261143107,21.00316920198089,0.9702039070396504
Esteghlal Minab,South coast,reservoir,2026-01-27,2026,1,Sentinel-2C,1,1,1,14.64989210691277,15.190332394713758,14.205628074950091,21.001310253753083,21.00316920198089,1.0000000000000004
Esteghlal Minab,South coast,reservoir,2026-02-01,2026,2,Sentinel-2B,1,1,1,11.017874500845757,11.722610382330084,10.487451253439032,15.53297135925473,21.00316920198089,0.7396191557371466
Esteghlal Minab,South coast,reservoir,2026-02-06,2026,2,Sentinel-2C,1,1,1,0.0,0.0,0.0,0.0,21.00316920198089,0.0
Esteghlal Minab,South coast,reservoir,2026-02-11,2026,2,Sentinel-2A+Sentinel-2B,2,1,2,0.0003543739013671875,0.0017718677673339,0.0,0.0017718677673339,21.00316920198089,8.436939152486164e-05
Esteghlal Minab,South coast,reservoir,2026-02-16,2026,2,Sentinel-2C,1,1,1,12.81263340610447,14.670612369306737,9.312089999990183,21.00131025375308,21.00316920198089,1.0
Esteghlal Minab,South coast,reservoir,2026-02-21,2026,2,Sentinel-2A+Sentinel-2B,2,1,2,14.77061691075978,15.678491331085086,14.22236317997688,21.00131025375308,21.00316920198089,1.0
Esteghlal Minab,South coast,reservoir,2026-02-26,2026,2,Sentinel-2C,1,1,1,14.8008997654535,15.527151957713766,14.278423088110948,21.00131025375308,21.00316920198089,1.0
Doroudzan,South/Fars,reservoir,2026-01-03,2026,1,Sentinel-2C,1,1,1,32.44487889511911,33.12265357927438,31.92486263524673,60.68414724290773,61.15372953393555,0.992396905031248
Doroudzan,South/Fars,reservoir,2026-01-05,2026,1,Sentinel-2A,1,1,1,32.409694549982525,33.14398676515371,31.901851035216445,60.93229063714421,61.15372953393555,0.9964549127257208
Doroudzan,South/Fars,reservoir,2026-01-08,2026,1,Sentinel-2B,1,1,1,32.48772831078503,33.18305667482012,32.00842146734584,61.10773124088421,61.15372953393555,0.9993239768895702
Doroudzan,South/Fars,reservoir,2026-01-13,2026,1,Sentinel-2C,1,1,1,32.03125084691366,32.5764793557458,31.64298376608851,57.357750853820704,61.15372953393555,0.9379987527720864
Doroudzan,South/Fars,reservoir,2026-01-18,2026,1,Sentinel-2B,1,1,1,32.726287191317816,33.373051269688034,32.208635092471255,60.97927108356612,61.15372953393555,0.997223206452243
Doroudzan,South/Fars,reservoir,2026-01-23,2026,1,Sentinel-2C,1,1,1,0.0,0.0,0.0,0.0,61.15372953393555,0.0
Doroudzan,South/Fars,reservoir,2026-01-28,2026,1,Sentinel-2B,1,1,1,21.43650513284829,21.499212879979638,20.884891133885883,21.499212879979638,61.15372953393555,0.3515869183643061
Doroudzan,South/Fars,reservoir,2026-02-02,2026,2,Sentinel-2C,1,1,1,33.23094586646154,33.9383732467649,32.6376617676929,61.1047256642534,61.15372953393555,0.9992748252563716
Doroudzan,South/Fars,reservoir,2026-02-07,2026,2,Sentinel-2B,1,1,1,0.000688978271484375,0.000688978271484375,0.000688978271484375,0.000688978271484375,61.15372953393555,1.1267191438284285e-05
Doroudzan,South/Fars,reservoir,2026-02-12,2026,2,Sentinel-2C,1,1,1,0.5604044377441406,0.5604044377441406,0.5604044377441406,0.5604044377441406,61.15372953393555,0.0091645619960171
Doroudzan,South/Fars,reservoir,2026-02-17,2026,2,Sentinel-2B,1,1,1,34.115610021857535,34.844249777447274,33.52870441365069,61.10093352309213,61.15372953393555,0.999212810556934
Doroudzan,South/Fars,reservoir,2026-02-22,2026,2,Sentinel-2C,1,1,1,33.97663891180791,34.713185629050464,33.40512585158368,61.123579366938,61.15372953393555,0.999583148880294
Doroudzan,South/Fars,reservoir,2026-02-27,2026,2,Sentinel-2B,1,1,1,34.100699363549566,34.82298759362111,33.54800419793845,61.06763312494927,61.15372953393555,0.9986682332075812
Jiroft,Southeast,reservoir,2026-01-02,2026,1,Sentinel-2B,2,2,1,5.194396562823127,5.64884948371917,4.850283221340643,11.024521100974171,11.041644844337853,0.9985773418697524
Jiroft,Southeast,reservoir,2026-01-07,2026,1,Sentinel-2C,2,2,1,4.876306359316718,5.270809872269334,4.713356418117389,11.03918044420537,11.041644844337853,0.99990515356001
Jiroft,Southeast,reservoir,2026-01-12,2026,1,Sentinel-2B,2,2,1,5.01050192088671,5.47058692859162,4.797033752443561,11.03848236687383,11.041644844337853,0.9998419232210444
Jiroft,Southeast,reservoir,2026-01-17,2026,1,Sentinel-2C,2,2,1,5.06375972143064,5.587793593480488,4.848860903808713,11.037784502371874,11.041644844337853,0.9997787121597236
Jiroft,Southeast,reservoir,2026-01-22,2026,1,Sentinel-2B,2,2,1,5.065035963702273,5.673683284423828,4.849907920776367,10.305530322123689,11.041644844337853,0.9334527079561816
Jiroft,Southeast,reservoir,2026-01-27,2026,1,Sentinel-2C,2,2,1,5.134309749451641,5.614128760466213,4.946109039193546,11.030803871176806,11.041644844337853,0.99914642164302
Jiroft,Southeast,reservoir,2026-02-01,2026,2,Sentinel-2B,2,2,1,5.1241195629788265,5.570820675383325,4.889344299926758,11.040227570487108,11.041644844337853,1.0
Jiroft,Southeast,reservoir,2026-02-06,2026,2,Sentinel-2C,2,2,1,0.0,0.0,0.0,0.0,11.041644844337853,0.0
Jiroft,Southeast,reservoir,2026-02-11,2026,2,Sentinel-2B,2,2,1,0.0,0.0097643812254662,0.0,0.0135105557029574,11.041644844337853,0.0012237569938389
Jiroft,Southeast,reservoir,2026-02-16,2026,2,Sentinel-2C,2,2,1,4.900804801924761,5.477759527900486,4.6167484132385255,11.030107280814256,11.041644844337853,0.999083325990498
Jiroft,Southeast,reservoir,2026-02-21,2026,2,Sentinel-2B,2,2,1,5.1252819432745245,5.560185273777382,4.86909551262219,10.995554671195118,11.041644844337853,0.9959536251398105
Jiroft,Southeast,reservoir,2026-02-26,2026,2,Sentinel-2C,2,2,1,4.957219552551868,5.34069226228494,4.805925768798828,11.018240070166614,11.041644844337853,0.9980084196471392
Chah Nimeh,Southeast/Sistan,reservoir,2026-01-01,2026,1,Sentinel-2C,2,2,1,19.93433548952349,20.62065161961012,19.694263075286862,149.3952086790745,151.5505163472185,0.9858611676924258
Chah Nimeh,Southeast/Sistan,reservoir,2026-01-03,2026,1,Sentinel-2A,2,2,1,19.801663669813685,20.557333884662462,19.34366087420654,150.49051535674928,151.5505163472185,0.9930891124824988
Chah Nimeh,Southeast/Sistan,reservoir,2026-01-04,2026,1,Sentinel-2C,1,1,1,0.0,0.0025631506358427,0.0,0.8576331964136447,151.5505163472185,0.0056595340101196
Chah Nimeh,Southeast/Sistan,reservoir,2026-01-06,2026,1,Sentinel-2B,2,2,1,20.013975477186733,20.785430964427988,19.77124400993844,149.04031257326068,151.5505163472185,0.983519203098108
Chah Nimeh,Southeast/Sistan,reservoir,2026-01-09,2026,1,Sentinel-2B,1,1,1,0.0,0.0017089255211923,0.0,0.2045169512027515,151.5505163472185,0.0013496103530252
Chah Nimeh,Southeast/Sistan,reservoir,2026-01-11,2026,1,Sentinel-2C,2,2,1,19.39993617353683,20.197909187188245,19.05628048693848,148.64541018951468,151.5505163472185,0.9809132364904328
Chah Nimeh,Southeast/Sistan,reservoir,2026-01-14,2026,1,Sentinel-2C,1,1,1,0.0,0.0008543608205757889,0.0,0.6514823351448804,151.5505163472185,0.004299141460665
Chah Nimeh,Southeast/Sistan,reservoir,2026-01-16,2026,1,Sentinel-2B,2,2,1,19.157578140686034,20.084292194158454,18.493285802825927,141.18438749761813,151.5505163472185,0.931677838593478
Chah Nimeh,Southeast/Sistan,reservoir,2026-01-19,2026,1,Sentinel-2B,1,1,1,0.0,0.004186084118772,0.0,1.2945583430409158,151.5505163472185,0.0085428094448322
Chah Nimeh,Southeast/Sistan,reservoir,2026-01-21,2026,1,Sentinel-2C,2,2,1,19.146989988854745,20.11296077853202,18.614268725646973,147.40894758618933,151.5505163472185,0.9727538016819114
Chah Nimeh,Southeast/Sistan,reservoir,2026-01-24,2026,1,Sentinel-2C,1,1,1,0.0,0.0006825832274193857,0.0,0.0231618471922631,151.5505163472185,0.00015284536847450073
Chah Nimeh,Southeast/Sistan,reservoir,2026-01-26,2026,1,Sentinel-2B,2,2,1,0.0,0.0,0.0,0.0,151.5505163472185,0.0
Chah Nimeh,Southeast/Sistan,reservoir,2026-01-29,2026,1,Sentinel-2B,1,1,1,0.0,0.0,0.0,0.0,151.5505163472185,0.0
Chah Nimeh,Southeast/Sistan,reservoir,2026-01-31,2026,1,Sentinel-2C,2,2,1,18.655858689980303,20.232013121580355,18.318870326904296,146.53039739707623,151.5505163472185,0.966956236130957
Chah Nimeh,Southeast/Sistan,reservoir,2026-02-03,2026,2,Sentinel-2C,1,1,1,0.0,0.0026489280510397,0.0,1.2960956528243728,151.5505163472185,0.0085529541745838
Chah Nimeh,Southeast/Sistan,reservoir,2026-02-05,2026,2,Sentinel-2B,2,2,1,17.0494027381897,18.5530275702523,16.68471989199829,147.05242870535895,151.5505163472185,0.9704011283715184
Chah Nimeh,Southeast/Sistan,reservoir,2026-02-08,2026,2,Sentinel-2B,1,1,1,0.0,0.0,0.0,0.0,151.5505163472185,0.0
Chah Nimeh,Southeast/Sistan,reservoir,2026-02-10,2026,2,Sentinel-2C,2,2,1,19.30882693635421,20.049170559955677,18.97271960708618,151.22777900902125,151.5505163472185,0.9979543261098474
Chah Nimeh,Southeast/Sistan,reservoir,2026-02-13,2026,2,Sentinel-2C,1,1,1,0.0,0.0029050973776424,0.0,0.9778809313298236,151.5505163472185,0.0064530505720295
Chah Nimeh,Southeast/Sistan,reservoir,2026-02-15,2026,2,Sentinel-2B,2,2,1,19.204384250135952,19.96439970863277,18.97237264730835,151.33361806227438,151.5505163472185,0.998652759570667
Chah Nimeh,Southeast/Sistan,reservoir,2026-02-18,2026,2,Sentinel-2B,1,1,1,0.0,0.000854393188715916,0.0,1.1301904959062152,151.5505163472185,0.0074581436169247
Chah Nimeh,Southeast/Sistan,reservoir,2026-02-20,2026,2,Sentinel-2C,2,2,1,19.47792485948043,20.17003937585497,19.245562558654782,148.53521938762233,151.5505163472185,0.9801860857766778
Chah Nimeh,Southeast/Sistan,reservoir,2026-02-23,2026,2,Sentinel-2C,1,1,1,0.0,0.00068405029296875,0.0,0.9089974001372684,151.5505163472185,0.0059984871419388
Chah Nimeh,Southeast/Sistan,reservoir,2026-02-25,2026,2,Sentinel-2B,2,2,1,19.128678729658656,20.143180556316302,18.79291568133545,148.67298800698265,151.5505163472185,0.9810952229113612
Chah Nimeh,Southeast/Sistan,reservoir,2026-02-28,2026,2,Sentinel-2B,1,1,1,0.0,0.0010260741882324,0.0,0.9705300458900594,151.5505163472185,0.0064045419714707
Kowsar,Zagros/south,reservoir,2026-01-01,2026,1,Sentinel-2B,2,2,1,11.815829106977636,12.548416873212751,11.319565239680752,18.974650064161956,19.01026299145508,0.9982854756131628
Kowsar,Zagros/south,reservoir,2026-01-03,2026,1,Sentinel-2C,1,1,1,0.0020582653198242,0.0099469356750488,0.000343038818359375,0.2064330776748953,19.01026299145508,0.0108607611962341
Kowsar,Zagros/south,reservoir,2026-01-05,2026,1,Sentinel-2A,1,1,1,0.0020582359924316,0.0039429300117043,0.000343038818359375,0.0379682629218606,19.01026299145508,0.0019975686129118
Kowsar,Zagros/south,reservoir,2026-01-06,2026,1,Sentinel-2C,2,2,1,11.274340069636564,11.946081579125616,10.811155616705324,18.96469918538327,19.01026299145508,0.9977619446009568
Kowsar,Zagros/south,reservoir,2026-01-08,2026,1,Sentinel-2A,2,2,1,11.059529486856498,11.77656380439561,10.562718020973357,18.95833490057397,19.01026299145508,0.9974271098047256
Kowsar,Zagros/south,reservoir,2026-01-11,2026,1,Sentinel-2B,2,2,1,5.007997945356303,5.419734377808814,4.731675611666572,10.865552991197648,19.01026299145508,0.5716534270165388
Kowsar,Zagros/south,reservoir,2026-01-16,2026,1,Sentinel-2C,2,2,1,9.781059376411108,11.205506942987778,8.08910970743564,19.00149067867396,19.01026299145508,0.9996976015566328
Kowsar,Zagros/south,reservoir,2026-01-21,2026,1,Sentinel-2B,2,2,1,11.180993691138651,11.911608691426476,10.692643566175276,18.23874748567517,19.01026299145508,0.959568510974264
Kowsar,Zagros/south,reservoir,2026-01-26,2026,1,Sentinel-2C,2,2,1,11.383322972470394,12.122122317412256,10.867984821951234,19.000378137105187,19.01026299145508,0.9996390690363826
Kowsar,Zagros/south,reservoir,2026-01-31,2026,1,Sentinel-2B,2,2,1,11.258806161664175,12.110154903555715,10.595139522647155,18.96606465619926,19.01026299145508,0.9978337841172782
Kowsar,Zagros/south,reservoir,2026-02-05,2026,2,Sentinel-2C,2,2,1,11.513266268296308,12.205313885452927,11.00712565016264,19.004494766147147,19.01026299145508,0.9998556512113992
Kowsar,Zagros/south,reservoir,2026-02-10,2026,2,Sentinel-2B,2,2,1,3.357880832233743,3.721021889743699,3.0938624776586203,6.152190438216989,19.01026299145508,0.3236761856956783
Kowsar,Zagros/south,reservoir,2026-02-12,2026,2,Sentinel-2C,1,1,1,0.0,0.0,0.0,0.0,19.01026299145508,0.0
Kowsar,Zagros/south,reservoir,2026-02-15,2026,2,Sentinel-2C,2,2,1,5.523195077152866,7.663801130896712,3.8880155984446807,19.00620899569905,19.01026299145508,0.9999458394603392
Kowsar,Zagros/south,reservoir,2026-02-20,2026,2,Sentinel-2B,2,2,1,11.582373411377676,12.396764343712302,10.970256536464438,18.97113391675499,19.01026299145508,0.998100485699008
Kowsar,Zagros/south,reservoir,2026-02-22,2026,2,Sentinel-2C,1,1,1,0.014406393292356,0.0238380608308679,0.0078886078614478,0.1666435865813607,19.01026299145508,0.0087673749726991
Kowsar,Zagros/south,reservoir,2026-02-25,2026,2,Sentinel-2C,2,2,1,11.850023315410064,12.49285844795736,11.419353736718632,18.89737409104937,19.01026299145508,0.9942198680097916
Kowsar,Zagros/south,reservoir,2026-02-27,2026,2,Sentinel-2B,1,1,1,0.0,0.0,0.0,0.0080539572302724,19.01026299145508,0.0004237310568049066
Marun,Zagros/south,reservoir,2026-01-01,2026,1,Sentinel-2B,2,2,1,9.791299998969585,10.530126815623444,9.361270001265105,20.29708818272945,20.38903181505917,0.9956168175652924
Marun,Zagros/south,reservoir,2026-01-06,2026,1,Sentinel-2C,2,2,1,9.485029559422392,10.288264775805189,8.85824861536662,20.342315699959556,20.38903181505917,0.9978353267605834
Marun,Zagros/south,reservoir,2026-01-08,2026,1,Sentinel-2A,2,2,1,9.515900043114636,10.369535752326277,8.857248614202879,20.23726642150808,20.38903181505917,0.9926824286030844
Marun,Zagros/south,reservoir,2026-01-11,2026,1,Sentinel-2B,2,2,1,8.269891583403822,8.870495855682252,7.779563952779972,17.753010616907694,20.38903181505917,0.8708242174189351
Marun,Zagros/south,reservoir,2026-01-16,2026,1,Sentinel-2C,2,2,1,6.3020041147881,7.98526929095435,4.607166352379773,20.385760217355173,20.38903181505917,0.999966375892394
Marun,Zagros/south,reservoir,2026-01-21,2026,1,Sentinel-2B,2,2,1,9.758283514478734,10.483629215549009,9.301267237823248,20.386102927834912,20.38903181505917,0.999983186595196
Marun,Zagros/south,reservoir,2026-01-26,2026,1,Sentinel-2C,2,2,1,9.501803971289425,10.320661788884305,8.923725671527457,20.27318014187479,20.38903181505917,0.9944440755770998
Marun,Zagros/south,reservoir,2026-01-31,2026,1,Sentinel-2B,2,2,1,7.897434847668577,9.410402010847266,6.517155932881912,20.376939590039427,20.38903181505917,0.999533704722127
Marun,Zagros/south,reservoir,2026-02-05,2026,2,Sentinel-2C,2,2,1,10.147168461415012,10.965719925863946,9.527515423226273,20.386445693398876,20.38903181505917,1.0
Marun,Zagros/south,reservoir,2026-02-10,2026,2,Sentinel-2B,2,2,1,2.2010019609049483,3.5909542275741275,1.1944058272965974,12.577772985953434,20.38903181505917,0.616967429002404
Marun,Zagros/south,reservoir,2026-02-15,2026,2,Sentinel-2C,2,2,1,4.951626071235208,6.0281924967060165,3.938851531199616,20.38644569339888,20.38903181505917,1.0000000000000002
Marun,Zagros/south,reservoir,2026-02-20,2026,2,Sentinel-2B,2,2,1,9.563806172716449,10.97419853650381,8.090794036657236,20.37033607648604,20.38903181505917,0.9992097878583096
Marun,Zagros/south,reservoir,2026-02-25,2026,2,Sentinel-2C,2,2,1,10.957617031773584,11.727231819811294,10.339405101653696,20.000994216955213,20.38903181505917,0.981092757303522
Dez,Zagros/southwest,reservoir,2026-01-04,2026,1,Sentinel-2B,1,1,1,30.69539607612185,32.3001306323959,29.49964213861766,62.67185475284963,62.84220351562093,0.9974069873703764
Dez,Zagros/southwest,reservoir,2026-01-09,2026,1,Sentinel-2C,1,1,1,23.37212157402296,25.01610097872697,22.288002323246737,55.768593723302,62.84220351562093,0.8875433043237317
Dez,Zagros/southwest,reservoir,2026-01-11,2026,1,Sentinel-2A,1,1,1,28.662018404645973,31.388973566510725,26.89563126496223,49.964306568812106,62.84220351562093,0.7951695172797301
Dez,Zagros/southwest,reservoir,2026-01-14,2026,1,Sentinel-2B,1,1,1,1.1024510186600032,2.9696543871115293,0.068141280303955,14.466798911783004,62.84220351562093,0.2302355080505805
Dez,Zagros/southwest,reservoir,2026-01-19,2026,1,Sentinel-2C,1,1,1,0.1536304766091739,0.4383780756058038,0.072780762066052,12.917251922995764,62.84220351562093,0.2055748529611467
Dez,Zagros/southwest,reservoir,2026-01-24,2026,1,Sentinel-2B,1,1,1,6.355208688028253,9.501848055462409,4.03728495425415,26.453545658967265,62.84220351562093,0.421001602474124
Dez,Zagros/southwest,reservoir,2026-01-29,2026,1,Sentinel-2C,1,1,1,0.1275835144185384,0.3702432334644991,0.0381040811381022,1.5796914502272663,62.84220351562093,0.0251403966989548
Dez,Zagros/southwest,reservoir,2026-02-03,2026,2,Sentinel-2B,1,1,1,0.0,0.0,0.0,0.0,62.84220351562093,0.0
Dez,Zagros/southwest,reservoir,2026-02-08,2026,2,Sentinel-2C,1,1,1,0.1032014249392042,0.1032014249392042,0.1032014249392042,0.1032014249392042,62.84220351562093,0.0016424250207189
Dez,Zagros/southwest,reservoir,2026-02-13,2026,2,Sentinel-2B,1,1,1,34.2114653416255,36.87484318452818,30.60154285066684,62.80657909090852,62.84220351562093,0.9995510917163976
Dez,Zagros/southwest,reservoir,2026-02-18,2026,2,Sentinel-2C,1,1,1,37.79400740081991,40.13313482035437,35.306885046193806,62.82605527850007,62.84220351562093,0.9998610503998888
Dez,Zagros/southwest,reservoir,2026-02-23,2026,2,Sentinel-2B,1,1,1,26.71225150591335,33.17952337254004,19.536585028316,62.81900282833527,62.84220351562093,0.9997488124088448
Dez,Zagros/southwest,reservoir,2026-02-28,2026,2,Sentinel-2C,1,1,1,17.5265370526968,31.633987582430134,7.562957411165843,62.80104022627563,62.84220351562093,0.9994629420627974
Karkheh,Zagros/southwest,reservoir,2026-01-04,2026,1,Sentinel-2B,4,4,1,46.73499427286903,50.833845353281056,43.89375455386747,155.86979422711332,155.99872045278175,0.999271258666388
Karkheh,Zagros/southwest,reservoir,2026-01-09,2026,1,Sentinel-2C,4,4,1,47.20315168192293,51.03412620316773,44.35399041530773,155.97976603112943,155.99872045278175,0.999976280852129
Karkheh,Zagros/southwest,reservoir,2026-01-11,2026,1,Sentinel-2A,4,4,1,44.426328088820746,49.90222217456736,37.89185987443213,155.5277194381424,155.99872045278175,0.9970782391231984
Karkheh,Zagros/southwest,reservoir,2026-01-14,2026,1,Sentinel-2B,4,4,1,0.6640125486064836,0.6640125486064836,0.4944352888255399,0.6640125486064836,155.99872045278175,0.0042569418822063
Karkheh,Zagros/southwest,reservoir,2026-01-19,2026,1,Sentinel-2C,4,4,1,0.8000706201815736,1.9568212487432743,0.3725887922472187,52.95133141502927,155.99872045278175,0.339467591225916
Karkheh,Zagros/southwest,reservoir,2026-01-24,2026,1,Sentinel-2B,4,4,1,3.216092172864608,4.694693279200775,2.1711194649123247,66.4278552317193,155.99872045278175,0.4258647214943339
Karkheh,Zagros/southwest,reservoir,2026-01-29,2026,1,Sentinel-2C,4,4,1,0.2668363539468204,0.3528087517118566,0.1836160451965332,0.5625385840225519,155.99872045278175,0.0036063988003061
Karkheh,Zagros/southwest,reservoir,2026-02-03,2026,2,Sentinel-2B,4,4,1,0.0,0.0,0.0,0.0,155.99872045278175,0.0
Karkheh,Zagros/southwest,reservoir,2026-02-08,2026,2,Sentinel-2C,4,4,1,0.0,0.0,0.0,0.0,155.99872045278175,0.0
Karkheh,Zagros/southwest,reservoir,2026-02-13,2026,2,Sentinel-2B,4,4,1,40.92053360535853,46.27669122405383,35.17809064914718,155.9747206332718,155.99872045278175,0.999943935129902
Karkheh,Zagros/southwest,reservoir,2026-02-18,2026,2,Sentinel-2C,4,4,1,41.67180209726611,46.69872966072485,35.9850552245481,155.98043918850854,155.99872045278175,0.9999805964209332
Karkheh,Zagros/southwest,reservoir,2026-02-23,2026,2,Sentinel-2B,4,4,1,31.84985801534544,40.32887692059373,24.229539106639425,155.9636194343582,155.99872045278175,0.9998727660553156
Karkheh,Zagros/southwest,reservoir,2026-02-28,2026,2,Sentinel-2C,4,4,1,12.449966816995058,18.597787136432604,9.143041722636742,155.40105189724875,155.99872045278175,0.9962661816386256
Karun-3,Zagros/southwest,reservoir,2026-01-01,2026,1,Sentinel-2B,2,2,1,33.052006389692835,35.73005356650018,31.202483278532014,55.95943649345632,73.38767860030421,0.7626313871909967
Karun-3,Zagros/southwest,reservoir,2026-01-06,2026,1,Sentinel-2C,2,2,1,44.98494330247156,46.78374778184696,43.65490568451502,73.01175889157913,73.38767860030421,0.9950253693360674
Karun-3,Zagros/southwest,reservoir,2026-01-08,2026,1,Sentinel-2A,2,2,1,44.28341900964404,46.255805952256864,42.81676506648834,71.06622925428313,73.38767860030421,0.9685111286809502
Karun-3,Zagros/southwest,reservoir,2026-01-11,2026,1,Sentinel-2B,2,2,1,46.17629273053674,48.76936251856988,44.23942538748693,72.8727556620767,73.38767860030421,0.9931309931167523
Karun-3,Zagros/southwest,reservoir,2026-01-16,2026,1,Sentinel-2C,2,2,1,46.35021288754859,48.13997274132296,44.87632198140976,73.3388120261179,73.38767860030421,0.9994825440559671
Karun-3,Zagros/southwest,reservoir,2026-01-21,2026,1,Sentinel-2B,2,2,1,48.43307012490331,50.512428688813216,46.84156652562746,72.69818939715611,73.38767860030421,0.9907519535639024
Karun-3,Zagros/southwest,reservoir,2026-01-26,2026,1,Sentinel-2C,2,2,1,31.791520928656368,33.61033053109166,30.515944465049355,51.85922208960918,73.38767860030421,0.7067524792796903
Karun-3,Zagros/southwest,reservoir,2026-01-31,2026,1,Sentinel-2B,2,2,1,46.262113174358056,48.68010965711131,43.58593000148855,73.35583688727384,73.38767860030421,0.9997145637883604
Karun-3,Zagros/southwest,reservoir,2026-02-05,2026,2,Sentinel-2C,2,2,1,47.48289901568664,49.25823461258425,46.15123441134799,71.38425289242053,73.38767860030421,0.9728452468120472
Karun-3,Zagros/southwest,reservoir,2026-02-10,2026,2,Sentinel-2B,2,2,1,35.35442381083207,41.39244492553005,29.23962514890017,73.36371957476219,73.38767860030421,0.999821991333574
Karun-3,Zagros/southwest,reservoir,2026-02-15,2026,2,Sentinel-2C,2,2,1,28.023790186585188,42.34586736473687,12.334904711421592,73.34566464171408,73.38767860030421,0.9995759334834788
Karun-3,Zagros/southwest,reservoir,2026-02-20,2026,2,Sentinel-2B,2,2,1,48.13235961794301,51.88412510370962,41.59872048732516,73.35064372289081,73.38767860030421,0.9996437898419892
Karun-3,Zagros/southwest,reservoir,2026-02-25,2026,2,Sentinel-2C,2,2,1,51.97210465239942,53.956510070122334,48.74440573453885,73.31368538891626,73.38767860030421,0.9991401109761276
Upper Gotvand,Zagros/southwest,reservoir,2026-01-01,2026,1,Sentinel-2B,2,2,1,55.762349358280325,59.346432780700205,53.22866137289859,117.53399620391204,123.9483607249756,0.9484192957390588
Upper Gotvand,Zagros/southwest,reservoir,2026-01-04,2026,1,Sentinel-2B,2,2,1,58.04897251206796,61.88476382209545,55.24768326062132,120.12479818706603,123.9483607249756,0.969325303120951
Upper Gotvand,Zagros/southwest,reservoir,2026-01-06,2026,1,Sentinel-2C,2,2,1,57.830170824753104,61.568264209177656,55.20329778284445,123.1645355998317,123.9483607249756,0.9938539136452216
Upper Gotvand,Zagros/southwest,reservoir,2026-01-08,2026,1,Sentinel-2A,1,1,1,2.102388388208845,2.446198027999818,1.859818618565937,10.511915697415333,123.9483607249756,0.084823999903095
Upper Gotvand,Zagros/southwest,reservoir,2026-01-09,2026,1,Sentinel-2C,2,2,1,44.39938057906135,47.94705921347095,41.610574054390334,103.7741184829886,123.9483607249756,0.8373864545269483
Upper Gotvand,Zagros/southwest,reservoir,2026-01-11,2026,1,Sentinel-2A+Sentinel-2B,4,2,2,58.95617678789231,64.13651296621515,54.641095224124335,123.56588151721822,123.9483607249756,0.9970925018376549
Upper Gotvand,Zagros/southwest,reservoir,2026-01-14,2026,1,Sentinel-2B,2,2,1,1.8859142685252477,9.892168252913532,0.2274060461319269,120.46969176014112,123.9483607249756,0.9721083593450692
Upper Gotvand,Zagros/southwest,reservoir,2026-01-16,2026,1,Sentinel-2C,2,2,1,55.382524697322594,59.11565010272552,52.6424043380865,119.9280314381588,123.9483607249756,0.9677375294771474
Upper Gotvand,Zagros/southwest,reservoir,2026-01-19,2026,1,Sentinel-2C,2,2,1,2.444018142392985,2.921629785114723,2.052652066037765,15.096859815520752,123.9483607249756,0.1218213760831091
Upper Gotvand,Zagros/southwest,reservoir,2026-01-21,2026,1,Sentinel-2B,2,2,1,57.941439198906615,61.7260843194786,55.13390263632348,122.4179431548294,123.9483607249756,0.9878294211259278
Upper Gotvand,Zagros/southwest,reservoir,2026-01-24,2026,1,Sentinel-2B,2,2,1,27.41115684705188,31.99841565516777,22.94693462892204,90.46339153982132,123.9483607249756,0.7299779541700664
Upper Gotvand,Zagros/southwest,reservoir,2026-01-26,2026,1,Sentinel-2C,2,2,1,36.00747384805692,55.14494715969584,31.06741203638401,107.63623685245322,123.9483607249756,0.8685511192395617
Upper Gotvand,Zagros/southwest,reservoir,2026-01-29,2026,1,Sentinel-2C,2,2,1,2.521090955703197,3.6651556164112766,1.8685817467294732,26.66444932011576,123.9483607249756,0.2151639445797409
Upper Gotvand,Zagros/southwest,reservoir,2026-01-31,2026,1,Sentinel-2B,2,2,1,52.65658071273264,56.695174679693125,49.25787629258088,121.8409013745951,123.9483607249756,0.9831730869885916
Upper Gotvand,Zagros/southwest,reservoir,2026-02-03,2026,2,Sentinel-2B,2,2,1,0.0026981842041015,0.0026981842041015,0.0026981842041015,0.0026981842041015,123.9483607249756,2.1772508765792154e-05
Upper Gotvand,Zagros/southwest,reservoir,2026-02-05,2026,2,Sentinel-2C,4,2,1,57.43126779783147,61.02064961378163,54.828055563158365,123.4732327134101,123.9483607249756,0.9963448890949864
Upper Gotvand,Zagros/southwest,reservoir,2026-02-08,2026,2,Sentinel-2C,2,2,1,0.0188978311157226,0.031804953512633,0.0033743578186035,0.0387998799729291,123.9483607249756,0.0003130886043799864
Upper Gotvand,Zagros/southwest,reservoir,2026-02-10,2026,2,Sentinel-2B,2,2,1,48.42985734382264,55.81405718731785,32.32682462268737,113.60667664582864,123.9483607249756,0.9167285018434989
Upper Gotvand,Zagros/southwest,reservoir,2026-02-13,2026,2,Sentinel-2B,2,2,1,57.2062520268568,61.091929408114325,53.758952150031845,122.1061457182328,123.9483607249756,0.9853134281810684
Upper Gotvand,Zagros/southwest,reservoir,2026-02-15,2026,2,Sentinel-2C,2,2,1,7.505772906651517,19.064810068179018,2.1083615192555145,122.0129321561521,123.9483607249756,0.984561258223803
Upper Gotvand,Zagros/southwest,reservoir,2026-02-18,2026,2,Sentinel-2C,2,2,1,58.6976744184301,61.78068071071013,56.32990459881172,122.92363644665106,123.9483607249756,0.9919100215579713
Upper Gotvand,Zagros/southwest,reservoir,2026-02-20,2026,2,Sentinel-2B,2,2,1,57.78318662171345,61.33784808076939,55.12626711361348,123.3596638351056,123.9483607249756,0.9954284656000127
Upper Gotvand,Zagros/southwest,reservoir,2026-02-23,2026,2,Sentinel-2B,2,2,1,55.876367715692254,59.25651321075653,53.06531337361653,122.15826220519192,123.9483607249756,0.9857339727337472
Upper Gotvand,Zagros/southwest,reservoir,2026-02-25,2026,2,Sentinel-2C,2,2,1,54.88918468275842,58.53192372201467,52.09705440481007,122.81326017295386,123.9483607249756,0.991019360207662
Upper Gotvand,Zagros/southwest,reservoir,2026-02-28,2026,2,Sentinel-2C,2,2,1,6.612966360284184,7.736485511576813,5.538830173731069,30.897981609181,123.9483607249756,0.2493256666496502
Seymareh,Zagros/west,reservoir,2026-01-02,2026,1,Sentinel-2C,2,2,1,0.158891928993255,0.2822171793616201,0.0896940560241699,5.891705714844112,40.24419010091098,0.1464141346069619
Seymareh,Zagros/west,reservoir,2026-01-04,2026,1,Sentinel-2A+Sentinel-2B,6,4,2,32.49663269119789,33.4904309007067,31.69911653745967,40.11636549203826,40.24419010091098,0.9969274131080365
Seymareh,Zagros/west,reservoir,2026-01-07,2026,1,Sentinel-2B,4,4,1,15.780000499091887,16.36271112653545,15.278524857691863,20.734526427485427,40.24419010091098,0.5152714494406458
Seymareh,Zagros/west,reservoir,2026-01-09,2026,1,Sentinel-2C,4,4,1,0.0063323549194335,0.0144957390908633,0.0023330122375488,0.0314026583898207,40.24419010091098,0.0007803840305396711
Seymareh,Zagros/west,reservoir,2026-01-11,2026,1,Sentinel-2A,4,4,1,18.083394632760687,18.692619326891137,17.311357275804585,20.245797680801825,40.24419010091098,0.5031261047872396
Seymareh,Zagros/west,reservoir,2026-01-12,2026,1,Sentinel-2C,2,2,1,10.981046543922211,11.594861128762036,10.369496890927064,14.910865349553347,40.24419010091098,0.3705482846665828
Seymareh,Zagros/west,reservoir,2026-01-14,2026,1,Sentinel-2B,4,4,1,0.0334176112280752,0.0360836925065582,0.0178341634059532,0.036666847881721,40.24419010091098,0.0009112038280936692
Seymareh,Zagros/west,reservoir,2026-01-17,2026,1,Sentinel-2B,4,4,1,0.1437250726846134,0.1700367487721162,0.0910533742544136,0.2250699174736471,40.24419010091098,0.0055931879132962
Seymareh,Zagros/west,reservoir,2026-01-19,2026,1,Sentinel-2C,4,4,1,0.0865340501896876,0.1738107758945838,0.0314853195700252,3.402418250423897,40.24419010091098,0.0845531239708107
Seymareh,Zagros/west,reservoir,2026-01-22,2026,1,Sentinel-2C,4,4,1,0.1333019263479195,0.1439627103750191,0.1000573197964537,0.1486279753286324,40.24419010091098,0.0036935375660904
Seymareh,Zagros/west,reservoir,2026-01-24,2026,1,Sentinel-2B,4,4,1,0.9046948223878152,1.673683963331634,0.5492100207019283,6.552306256128048,40.24419010091098,0.1628306464380416
Seymareh,Zagros/west,reservoir,2026-01-27,2026,1,Sentinel-2B,4,4,1,16.74333231995287,17.27270053639323,16.24284393839734,21.75194532476028,40.24419010091098,0.5405552152271739
Seymareh,Zagros/west,reservoir,2026-01-29,2026,1,Sentinel-2C,4,4,1,2.383206381014237,2.9565704182831403,1.8583710797071276,21.10004587711983,40.24419010091098,0.5243549333229786
Seymareh,Zagros/west,reservoir,2026-02-01,2026,2,Sentinel-2C,4,4,1,5.880813006040446,8.9988846203356,3.3081013960255343,22.960081911845844,40.24419010091098,0.5705784854729148
Seymareh,Zagros/west,reservoir,2026-02-03,2026,2,Sentinel-2B,4,4,1,0.0479021538107479,0.0479021538107479,0.0465698860580145,0.0479021538107479,40.24419010091098,0.0011904111874324
Seymareh,Zagros/west,reservoir,2026-02-06,2026,2,Sentinel-2B,4,4,1,16.970760819589415,17.49575567779325,16.545995549564616,21.620390768102787,40.24419010091098,0.5372859673219228
Seymareh,Zagros/west,reservoir,2026-02-08,2026,2,Sentinel-2C,4,4,1,0.2978723180683211,0.3711068075829599,0.2166351457396264,0.5061942459208169,40.24419010091098,0.0125793778655288
Seymareh,Zagros/west,reservoir,2026-02-11,2026,2,Sentinel-2C,2,2,1,0.0,0.0,0.0,0.0,40.24419010091098,0.0
Seymareh,Zagros/west,reservoir,2026-02-13,2026,2,Sentinel-2B,4,4,1,31.2831144866351,33.00504300043682,28.924288437016383,40.03287298034645,40.24419010091098,0.9948525498278288
Seymareh,Zagros/west,reservoir,2026-02-16,2026,2,Sentinel-2B,4,4,1,17.070949323672426,17.514330578198006,16.69216957786147,21.42619940929865,40.24419010091098,0.5324601390943142
Seymareh,Zagros/west,reservoir,2026-02-18,2026,2,Sentinel-2C,4,4,1,0.2057996495192584,0.314662583728506,0.1046741444076238,1.1345779447160311,40.24419010091098,0.028195272466038
Seymareh,Zagros/west,reservoir,2026-02-21,2026,2,Sentinel-2C,2,2,1,13.340275711178052,14.403013423069618,12.12078328140881,19.17846692819527,40.24419010091098,0.4766019849404931
Seymareh,Zagros/west,reservoir,2026-02-23,2026,2,Sentinel-2B,4,4,1,15.815774869862157,18.828170097284413,11.939209678180887,39.56450451999392,40.24419010091098,0.9832131764241412
Seymareh,Zagros/west,reservoir,2026-02-26,2026,2,Sentinel-2B,2,2,1,14.90609246257408,15.399041135218605,14.434745238022034,19.54012836635288,40.24419010091098,0.4855895938013944
Seymareh,Zagros/west,reservoir,2026-02-28,2026,2,Sentinel-2C,4,4,1,26.05292959326112,28.97229741658253,22.286720192770805,38.49346657538583,40.24419010091098,0.9565969295542548
Gavkhouni,Central plateau,terminal_lake,2026-01-03,2026,1,Sentinel-2C,1,1,1,245.96084129297043,314.3111956574073,188.36131158782263,403.52336458336407,487.3282855256348,0.8280474506053769
Gavkhouni,Central plateau,terminal_lake,2026-01-08,2026,1,Sentinel-2B,1,1,1,222.61101704164025,296.02893907093625,160.9902409820664,373.1124396712573,487.3282855256348,0.7656429133364593
Gavkhouni,Central plateau,terminal_lake,2026-01-13,2026,1,Sentinel-2C,1,1,1,137.4547355922478,176.03919106558013,96.33474952742644,243.25411765217476,487.3282855256348,0.4991680027725656
Gavkhouni,Central plateau,terminal_lake,2026-01-18,2026,1,Sentinel-2B,1,1,1,221.4929626807501,293.71073334830805,156.41193883987057,379.9635755558456,487.3282855256348,0.7797017414016985
Gavkhouni,Central plateau,terminal_lake,2026-01-23,2026,1,Sentinel-2C,1,1,1,0.2750708838850432,0.4120263753108006,0.1825942102966308,0.5136974599044501,487.3282855256348,0.0010541294740033
Gavkhouni,Central plateau,terminal_lake,2026-01-28,2026,1,Sentinel-2B,1,1,1,215.740861325104,311.7084117944425,148.3855659809204,415.7811376470877,487.3282855256348,0.8532009327240528
Gavkhouni,Central plateau,terminal_lake,2026-02-02,2026,2,Sentinel-2C,1,1,1,251.5878259745843,287.23020925303393,213.23323395654296,368.6517212308974,487.3282855256348,0.7564893255727815
Gavkhouni,Central plateau,terminal_lake,2026-02-07,2026,2,Sentinel-2B,1,1,1,0.0141133298666561,0.1107561277918199,0.0,0.1107561277918199,487.3282855256348,0.0002272763792788834
Gavkhouni,Central plateau,terminal_lake,2026-02-12,2026,2,Sentinel-2C,1,1,1,0.0,0.0,0.0,0.0,487.3282855256348,0.0
Gavkhouni,Central plateau,terminal_lake,2026-02-17,2026,2,Sentinel-2B,1,1,1,246.1689711641636,282.42421369255635,198.8322338839536,359.91860448906937,487.3282855256348,0.7385685911405231
Gavkhouni,Central plateau,terminal_lake,2026-02-22,2026,2,Sentinel-2C,1,1,1,238.1869280192669,269.3066515564296,194.1260112275773,352.4058861903843,487.3282855256348,0.7231521672594287
Gavkhouni,Central plateau,terminal_lake,2026-02-27,2026,2,Sentinel-2B,1,1,1,221.02603464859203,245.0696217566725,188.48626013212356,264.8208009867337,487.3282855256348,0.5434237726252817
Lake Urmia,Northwest,terminal_lake,2026-01-02,2026,1,Sentinel-2C,3,3,1,2097.0407956671734,2453.3685012873875,1947.59060269322,3257.945756506745,5866.837078819214,0.5553208796032895
Lake Urmia,Northwest,terminal_lake,2026-01-04,2026,1,Sentinel-2A,3,3,1,2001.957067087832,2852.4204294074098,1774.7937452474746,4420.027152102363,5866.837078819214,0.75339908931072
Lake Urmia,Northwest,terminal_lake,2026-01-05,2026,1,Sentinel-2C,5,5,1,992.9777055977212,1722.791738193832,711.793489149929,2064.174646668017,5866.837078819214,0.35184111894839
Lake Urmia,Northwest,terminal_lake,2026-01-07,2026,1,Sentinel-2A+Sentinel-2B,8,5,2,782.3617084274543,1329.390114379274,524.3745452237375,1754.3844878300938,5866.837078819214,0.2990370036083064
Lake Urmia,Northwest,terminal_lake,2026-01-10,2026,1,Sentinel-2B,5,5,1,2093.12518589861,2439.186767848443,1873.0224765845228,2882.322900587684,5866.837078819214,0.4912954997050895
Lake Urmia,Northwest,terminal_lake,2026-01-12,2026,1,Sentinel-2C,3,3,1,582.2974863344733,993.5608302051812,483.2801123962167,2018.8262530721104,5866.837078819214,0.3441114292290386
Lake Urmia,Northwest,terminal_lake,2026-01-15,2026,1,Sentinel-2C,5,5,1,241.0559800703637,269.6525978692731,209.9745728661164,330.493350650938,5866.837078819214,0.05633299996477
Lake Urmia,Northwest,terminal_lake,2026-01-17,2026,1,Sentinel-2B,3,3,1,1151.1080838850316,1768.312412149758,952.8295426154106,2119.4487059788994,5866.837078819214,0.3612626506526734
Lake Urmia,Northwest,terminal_lake,2026-01-22,2026,1,Sentinel-2C,3,3,1,0.0,0.0,0.0,0.0,5866.837078819214,0.0
Lake Urmia,Northwest,terminal_lake,2026-01-25,2026,1,Sentinel-2C,5,5,1,2792.8363363683184,3497.2715971618823,2462.3007177622258,4094.591778147381,5866.837078819214,0.697928227723239
Lake Urmia,Northwest,terminal_lake,2026-01-27,2026,1,Sentinel-2B,3,3,1,86.44561067373465,93.13932190617686,60.4706669018983,93.7889924984826,5866.837078819214,0.0159864496538482
Lake Urmia,Northwest,terminal_lake,2026-01-30,2026,1,Sentinel-2B,5,5,1,339.5158066612718,343.02850835217,320.4621547821182,343.5206344697844,5866.837078819214,0.0585535165877602
Lake Urmia,Northwest,terminal_lake,2026-02-01,2026,2,Sentinel-2C,3,3,1,2960.1232057346265,3229.100988492991,2793.4826162892064,3608.305971638453,5866.837078819214,0.6150402111656272
Lake Urmia,Northwest,terminal_lake,2026-02-04,2026,2,Sentinel-2C,5,5,1,31.933955324715647,58.01617179553546,21.286578498270437,95.26958386825152,5866.837078819214,0.0162388182821936
Lake Urmia,Northwest,terminal_lake,2026-02-06,2026,2,Sentinel-2B,3,3,1,938.529606359604,1147.9302993878068,791.7896890497937,1203.8394289492164,5866.837078819214,0.2051959180873539
Lake Urmia,Northwest,terminal_lake,2026-02-09,2026,2,Sentinel-2B,5,5,1,1493.2851506802417,1704.8744815115208,1386.3866205527856,2084.710066317049,5866.837078819214,0.3553414066004321
Lake Urmia,Northwest,terminal_lake,2026-02-11,2026,2,Sentinel-2C,3,3,1,93.50963667908744,253.5660443292333,74.44432618402243,877.8988816364782,5866.837078819214,0.1496389490768686
Lake Urmia,Northwest,terminal_lake,2026-02-14,2026,2,Sentinel-2C,5,5,1,14.871858179901125,15.967915278395829,13.58334085180664,17.088355183091824,5866.837078819214,0.0029127312547471
Lake Urmia,Northwest,terminal_lake,2026-02-16,2026,2,Sentinel-2B,3,3,1,3079.361115179009,3859.6092761740406,2847.1131508008507,5113.683407374525,5866.837078819214,0.8716336550798826
Lake Urmia,Northwest,terminal_lake,2026-02-19,2026,2,Sentinel-2B,5,5,1,2305.088773385909,3176.3107548731787,2143.8639245142804,4314.242129054561,5866.837078819214,0.7353679014278538
Lake Urmia,Northwest,terminal_lake,2026-02-21,2026,2,Sentinel-2C,3,3,1,2161.569311623737,3023.179064768142,2046.0479735778376,4130.027694160426,5866.837078819214,0.7039683233910725
Lake Urmia,Northwest,terminal_lake,2026-02-24,2026,2,Sentinel-2C,5,5,1,1882.1011260148064,2408.370143876228,1738.4152930718008,3364.2669823110245,5866.837078819214,0.573443463908511
Lake Urmia,Northwest,terminal_lake,2026-02-26,2026,2,Sentinel-2B,3,3,1,1987.491742752344,2854.891412662081,1869.84901820156,4257.168489356147,5866.837078819214,0.7256396290230155
Bakhtegan Tashk,South/Fars,terminal_lake,2026-01-03,2026,1,Sentinel-2C,2,2,1,206.4952757188683,218.8974836134024,205.2609416184177,443.6913581578315,1393.5000670358277,0.3184077418670915
Bakhtegan Tashk,South/Fars,terminal_lake,2026-01-05,2026,1,Sentinel-2A+Sentinel-2B,5,3,2,573.4688135923394,818.5313063056213,501.585671673007,1287.6934403131206,1393.5000670358277,0.9240918332272686
Bakhtegan Tashk,South/Fars,terminal_lake,2026-01-08,2026,1,Sentinel-2B,2,2,1,211.30566569088973,225.76142471901412,208.55619789175188,470.7161537590994,1393.5000670358277,0.3378016380600357
Bakhtegan Tashk,South/Fars,terminal_lake,2026-01-10,2026,1,Sentinel-2C,3,3,1,243.4588271039278,277.8960958433216,225.6645849116672,462.6807822436776,1393.5000670358277,0.3320351870074136
Bakhtegan Tashk,South/Fars,terminal_lake,2026-01-12,2026,1,Sentinel-2A,3,3,1,532.562700940476,738.4074303713962,443.08064578106223,1266.5787124647763,1393.5000670358277,0.9089391991028556
Bakhtegan Tashk,South/Fars,terminal_lake,2026-01-13,2026,1,Sentinel-2C,2,2,1,205.79912033732063,220.4767860890697,201.62841046827145,468.6293290951081,1393.5000670358277,0.3363040629625788
Bakhtegan Tashk,South/Fars,terminal_lake,2026-01-15,2026,1,Sentinel-2B,3,3,1,324.9793906175583,416.4544519608018,280.66138563261995,654.1469316925377,1393.5000670358277,0.4694376925308864
Bakhtegan Tashk,South/Fars,terminal_lake,2026-01-18,2026,1,Sentinel-2B,2,2,1,98.75262786140232,111.46025709607233,94.19248197370617,289.27473040892045,1393.5000670358277,0.2075932109003378
Bakhtegan Tashk,South/Fars,terminal_lake,2026-01-20,2026,1,Sentinel-2C,3,3,1,466.8326846193034,750.5558948750192,425.8432970863478,1289.8354162665416,1393.5000670358277,0.925628986732566
Bakhtegan Tashk,South/Fars,terminal_lake,2026-01-23,2026,1,Sentinel-2C,2,2,1,167.07993976555775,188.7448265719083,162.6653426169843,355.1909010667609,1393.5000670358277,0.254896857153062
Bakhtegan Tashk,South/Fars,terminal_lake,2026-01-25,2026,1,Sentinel-2B,3,3,1,11.515900269827211,11.515900269827211,11.515900269827211,11.515900269827211,1393.5000670358277,0.0082641947675211
Bakhtegan Tashk,South/Fars,terminal_lake,2026-01-28,2026,1,Sentinel-2B,2,2,1,9.655184930067954,12.672170705631988,9.439838522039793,21.24749341523653,1393.5000670358277,0.0152479111307702
Bakhtegan Tashk,South/Fars,terminal_lake,2026-01-30,2026,1,Sentinel-2C,3,3,1,587.2985199820222,860.9969289021371,533.0541847716025,1224.588815684309,1393.5000670358277,0.878805846335717
Bakhtegan Tashk,South/Fars,terminal_lake,2026-02-02,2026,2,Sentinel-2C,2,2,1,214.30345592162175,227.84024585238492,211.4195435340016,473.2429366034721,1393.5000670358277,0.339614941846266
Bakhtegan Tashk,South/Fars,terminal_lake,2026-02-04,2026,2,Sentinel-2B,3,3,1,43.20985526753206,52.45056185396073,35.455028423666455,55.99833931780255,1393.5000670358277,0.040186279138991
Bakhtegan Tashk,South/Fars,terminal_lake,2026-02-07,2026,2,Sentinel-2B,2,2,1,0.0,0.0,0.0,0.0,1393.5000670358277,0.0
Bakhtegan Tashk,South/Fars,terminal_lake,2026-02-09,2026,2,Sentinel-2C,3,3,1,579.687989060353,862.8114317460735,544.3670027139242,1210.0595214695336,1393.5000670358277,0.8683791393990369
Bakhtegan Tashk,South/Fars,terminal_lake,2026-02-12,2026,2,Sentinel-2C,2,2,1,14.176838891182214,14.788275334830727,14.05095636876436,15.180676578253893,1393.5000670358277,0.0108941606826992
Bakhtegan Tashk,South/Fars,terminal_lake,2026-02-14,2026,2,Sentinel-2B,3,3,1,539.7400531768446,768.157771066967,451.7605927706948,1239.8843464668953,1393.5000670358277,0.889782430232601
Bakhtegan Tashk,South/Fars,terminal_lake,2026-02-17,2026,2,Sentinel-2B,2,2,1,220.39391797025115,241.0480394557597,212.96464971904368,463.3776533953956,1393.5000670358277,0.3325352850276051
Bakhtegan Tashk,South/Fars,terminal_lake,2026-02-19,2026,2,Sentinel-2C,3,3,1,576.250811039041,835.5022412043345,474.2664488045469,1299.6360583708624,1393.5000670358277,0.9326622549355816
Bakhtegan Tashk,South/Fars,terminal_lake,2026-02-22,2026,2,Sentinel-2C,2,2,1,193.8037905634516,220.47360614710453,184.5733036257504,447.0251948503013,1393.5000670358277,0.3208002144575208
Bakhtegan Tashk,South/Fars,terminal_lake,2026-02-24,2026,2,Sentinel-2B,3,3,1,582.8106134146091,829.9442717843409,454.9649981954939,1306.522027551454,1393.5000670358277,0.9376038564724288
Bakhtegan Tashk,South/Fars,terminal_lake,2026-02-27,2026,2,Sentinel-2B,2,2,1,204.1713298847837,234.2002424716092,194.2972074956094,417.9890496006728,1393.5000670358277,0.2999629065598757
Hamoun,Southeast/Sistan,terminal_lake,2026-01-01,2026,1,Sentinel-2C,6,6,1,218.94441485969577,226.45443027498376,214.80302516336937,4241.349814387094,4340.16816968164,0.9772514708725898
Hamoun,Southeast/Sistan,terminal_lake,2026-01-03,2026,1,Sentinel-2A,6,6,1,324.47730515052933,344.82812638449394,312.344314259654,4106.833407494728,4340.16816968164,0.9462574802222202
Hamoun,Southeast/Sistan,terminal_lake,2026-01-04,2026,1,Sentinel-2C,5,5,1,7.1221023924101,28.9931699554149,2.010523940901573,1337.8650782581908,4340.16816968164,0.3082581425191458
Hamoun,Southeast/Sistan,terminal_lake,2026-01-06,2026,1,Sentinel-2B,6,6,1,309.3700996278726,326.1372721605054,300.402871078051,4189.627580829993,4340.16816968164,0.9653341259157944
Hamoun,Southeast/Sistan,terminal_lake,2026-01-09,2026,1,Sentinel-2B,5,5,1,245.04827179931783,277.3770586904665,237.51526687550572,2293.7893767312253,4340.16816968164,0.5285131244489061
Hamoun,Southeast/Sistan,terminal_lake,2026-01-11,2026,1,Sentinel-2C,6,6,1,245.29013712515712,256.1544546849321,240.13477436474312,4231.341732050483,4340.16816968164,0.974945503760212
Hamoun,Southeast/Sistan,terminal_lake,2026-01-14,2026,1,Sentinel-2C,5,5,1,3.2758688778976137,35.595199915757114,1.265591510406494,882.7360766826874,4340.16816968164,0.2033916481975244
Hamoun,Southeast/Sistan,terminal_lake,2026-01-16,2026,1,Sentinel-2B,6,6,1,193.20888779584925,204.81243840450645,189.20574632219189,3824.947546036821,4340.16816968164,0.8813080219640279
Hamoun,Southeast/Sistan,terminal_lake,2026-01-19,2026,1,Sentinel-2B,5,5,1,253.19058567415345,262.0164720113369,248.8827693491056,3246.879364486786,4340.16816968164,0.748115051469551
Hamoun,Southeast/Sistan,terminal_lake,2026-01-21,2026,1,Sentinel-2C,6,6,1,180.66924197886664,194.2233177249636,170.91318199081218,4111.769945877232,4340.16816968164,0.9473949104287448
Hamoun,Southeast/Sistan,terminal_lake,2026-01-24,2026,1,Sentinel-2C,5,5,1,0.1078392796007343,0.3262731652055329,0.1068129238878437,416.4327057737055,4340.16816968164,0.0959504620100794
Hamoun,Southeast/Sistan,terminal_lake,2026-01-26,2026,1,Sentinel-2B,6,6,1,0.0,0.0,0.0,0.0,4340.16816968164,0.0
Hamoun,Southeast/Sistan,terminal_lake,2026-01-29,2026,1,Sentinel-2B,5,5,1,89.43972228370923,127.45388167640536,83.54161897766963,791.5986986281239,4340.16816968164,0.1823926406520542
Hamoun,Southeast/Sistan,terminal_lake,2026-01-31,2026,1,Sentinel-2C,6,6,1,0.440657874842625,22.98607335521384,0.1548959239807129,1475.9220310104809,4340.16816968164,0.3400679120608405
Hamoun,Southeast/Sistan,terminal_lake,2026-02-03,2026,2,Sentinel-2C,5,5,1,22.337900571147006,42.02411221184705,20.51302282247769,2340.838788741,4340.16816968164,0.5393538023232651
Hamoun,Southeast/Sistan,terminal_lake,2026-02-05,2026,2,Sentinel-2B,6,6,1,32.04025434361166,39.46647599922617,29.748487058543844,3489.509984287861,4340.16816968164,0.8040196904302478
Hamoun,Southeast/Sistan,terminal_lake,2026-02-08,2026,2,Sentinel-2B,5,5,1,0.0,0.0,0.0,0.0,4340.16816968164,0.0
Hamoun,Southeast/Sistan,terminal_lake,2026-02-10,2026,2,Sentinel-2C,6,6,1,269.8763866538389,276.7216915456688,265.8231816747471,4214.443170333181,4340.16816968164,0.9710518979468346
Hamoun,Southeast/Sistan,terminal_lake,2026-02-13,2026,2,Sentinel-2C,5,5,1,159.18873609916596,165.5112788595606,157.42008449019153,971.8863418210778,4340.16816968164,0.2239328040907842
Hamoun,Southeast/Sistan,terminal_lake,2026-02-15,2026,2,Sentinel-2B,6,6,1,342.2538381104067,349.36603503061104,338.2499173421356,4257.220907787419,4340.16816968164,0.980908337211983
Hamoun,Southeast/Sistan,terminal_lake,2026-02-18,2026,2,Sentinel-2B,5,5,1,472.4059571535527,487.29677243241713,462.3898784447586,3270.0676202554937,4340.16816968164,0.7534578687443892
Hamoun,Southeast/Sistan,terminal_lake,2026-02-20,2026,2,Sentinel-2C,6,6,1,413.5190772267917,427.79529811247744,405.6242792332462,4245.475094727157,4340.16816968164,0.9782019787195052
Hamoun,Southeast/Sistan,terminal_lake,2026-02-23,2026,2,Sentinel-2C,5,5,1,459.9008400835183,474.4353183935554,450.98847093735066,3244.504833896053,4340.16816968164,0.7475679347227658
Hamoun,Southeast/Sistan,terminal_lake,2026-02-25,2026,2,Sentinel-2B,6,6,1,406.31842825160095,425.0716777454079,396.2684065100207,4192.398184281725,4340.16816968164,0.9659725020028656
Hamoun,Southeast/Sistan,terminal_lake,2026-02-28,2026,2,Sentinel-2B,5,5,1,423.97019402045726,436.995207993401,415.7817035300967,3265.382618941075,4340.16816968164,0.7523783953159008
Alghadir Saveh,Central plateau,reservoir,2026-06-03,2026,6,Sentinel-2B,1,1,1,0.8600344791774376,1.120130707558426,0.6240580782461129,6.221408384561941,9.260891387207032,0.6718817784983083
Alghadir Saveh,Central plateau,reservoir,2026-06-05,2026,6,Sentinel-2C,1,1,1,2.044505467475083,2.4019825729926616,1.9427183185187844,9.259677198668973,9.260891387207032,1.0000000000000002
Alghadir Saveh,Central plateau,reservoir,2026-06-08,2026,6,Sentinel-2C,1,1,1,1.892313777014878,2.1725537195287363,1.2574607108459472,8.878068303050219,9.260891387207032,0.9587880994735318
Alghadir Saveh,Central plateau,reservoir,2026-06-10,2026,6,Sentinel-2A+Sentinel-2B,2,1,2,2.0478577771606443,2.290867731769397,1.2623543482666015,9.259677198668967,9.260891387207032,0.9999999999999998
Alghadir Saveh,Central plateau,reservoir,2026-06-13,2026,6,Sentinel-2B,1,1,1,1.2286419680480958,1.4180548321491315,0.7282075182189941,8.274437407217716,9.260891387207032,0.8935989051980261
Alghadir Saveh,Central plateau,reservoir,2026-06-15,2026,6,Sentinel-2C,1,1,1,1.781770747894287,2.156179077975524,1.676056195098877,8.732238358386848,9.260891387207032,0.9430391763162178
Alghadir Saveh,Central plateau,reservoir,2026-06-17,2026,6,Sentinel-2A,1,1,1,1.8724303541564944,2.137939968279312,1.7719530191345214,8.877559436389769,9.260891387207032,0.9587331443547376
Alghadir Saveh,Central plateau,reservoir,2026-06-18,2026,6,Sentinel-2C,1,1,1,0.4631043253479004,0.6804228608536066,0.2997892719726562,6.984271283171776,9.260891387207032,0.7542672528774252
Alghadir Saveh,Central plateau,reservoir,2026-06-20,2026,6,Sentinel-2B,1,1,1,1.9470527211914064,2.167395210249598,1.840356376953125,9.039814750376044,9.260891387207032,0.9762559273314052
Alghadir Saveh,Central plateau,reservoir,2026-06-23,2026,6,Sentinel-2B,1,1,1,1.0623676895751952,1.2089919917231542,0.5105599170532227,8.124615573233461,9.260891387207032,0.877418877453021
Alghadir Saveh,Central plateau,reservoir,2026-06-25,2026,6,Sentinel-2C,1,1,1,1.9571192729865576,2.372608754660812,1.845268202545166,9.237094346709744,9.260891387207032,0.9975611620713438
Alghadir Saveh,Central plateau,reservoir,2026-06-28,2026,6,Sentinel-2C,1,1,1,1.3395938286743163,1.713770947951732,0.7242819150085449,8.913071439849391,9.260891387207032,0.9625682676206682
Alghadir Saveh,Central plateau,reservoir,2026-06-30,2026,6,Sentinel-2A+Sentinel-2B,2,1,2,1.837085501739502,2.0539105952286065,1.490148018371582,8.931158817711216,9.260891387207032,0.9645216162605564
Amir Kabir,Central plateau,reservoir,2026-06-05,2026,6,Sentinel-2C,2,2,1,2.45457052056442,2.6036090223598114,2.332801460438807,3.732440266280712,5.081598074951172,0.7346897121189363
Amir Kabir,Central plateau,reservoir,2026-06-10,2026,6,Sentinel-2B,2,2,1,2.667790666636628,2.834825750936472,2.535052484074851,4.396817677265603,5.081598074951172,0.8654650799726341
Amir Kabir,Central plateau,reservoir,2026-06-15,2026,6,Sentinel-2C,2,2,1,3.144663436869065,3.327253968268063,2.999816181863823,5.080294721312879,5.081598074951172,0.9999999999999996
Amir Kabir,Central plateau,reservoir,2026-06-17,2026,6,Sentinel-2A,2,2,1,3.1671910361877447,3.341879662561635,3.03534670833094,5.0230589221800575,5.081598074951172,0.9887337640289436
Amir Kabir,Central plateau,reservoir,2026-06-20,2026,6,Sentinel-2B,2,2,1,3.1883416962252764,3.3648202558228757,3.0411578411329088,5.08029472131288,5.081598074951172,0.9999999999999998
Amir Kabir,Central plateau,reservoir,2026-06-25,2026,6,Sentinel-2C,2,2,1,3.1192346961862603,3.316226428753184,2.8161904314712825,5.08029472131288,5.081598074951172,0.9999999999999998
Amir Kabir,Central plateau,reservoir,2026-06-30,2026,6,Sentinel-2B,2,2,1,3.23411869196574,3.408333971343757,3.068687146029723,5.079971661925673,5.081598074951172,0.9999364093217166
Lar,Central plateau,reservoir,2026-06-05,2026,6,Sentinel-2C,1,1,1,3.2576862586975097,3.324293029273179,3.197866218536377,5.862704105565222,12.64737049447213,0.4636072180176793
Lar,Central plateau,reservoir,2026-06-10,2026,6,Sentinel-2B,1,1,1,3.668138732232786,3.790838113261743,3.5494702028138403,8.194437587906434,12.64737049447213,0.6479945678552275
Lar,Central plateau,reservoir,2026-06-15,2026,6,Sentinel-2C,1,1,1,5.238434889459349,5.452055314041557,5.077099325067258,12.627089045960206,12.64737049447213,0.9985169844581028
Lar,Central plateau,reservoir,2026-06-17,2026,6,Sentinel-2A,1,1,1,3.573576925415039,3.6966066860453286,3.447800610565185,7.158220890316833,12.64737049447213,0.5660532773205473
Lar,Central plateau,reservoir,2026-06-20,2026,6,Sentinel-2B,1,1,1,4.655919406091428,4.823725567781216,4.45803374654553,10.970726309035136,12.64737049447213,0.8675361765123215
Lar,Central plateau,reservoir,2026-06-25,2026,6,Sentinel-2C,1,1,1,4.569558379571653,4.707216811630668,3.808055861444212,9.372322557992028,12.64737049447213,0.7411386127009929
Lar,Central plateau,reservoir,2026-06-30,2026,6,Sentinel-2B,1,1,1,1.1980295455322263,1.3238189622497558,1.0521936201782227,3.5496539092777017,12.64737049447213,0.2806972932923005
Latyan,Central plateau,reservoir,2026-06-05,2026,6,Sentinel-2C,1,1,1,2.0288923484787884,2.123810308405738,1.769094403495998,2.8117058272582978,4.358842198974609,0.6451847974962136
Latyan,Central plateau,reservoir,2026-06-10,2026,6,Sentinel-2B,1,1,1,0.2268630904645134,0.3142689529000076,0.146575451969401,0.7556279138123758,4.358842198974609,0.1733892777221669
Latyan,Central plateau,reservoir,2026-06-15,2026,6,Sentinel-2C,1,1,1,2.9095009180496514,3.046338036754173,2.765540987637628,4.357985244180833,4.358842198974609,1.0
Latyan,Central plateau,reservoir,2026-06-17,2026,6,Sentinel-2A,1,1,1,2.865729774654732,3.047227537749166,2.558924688472733,4.357013955972826,4.358842198974609,0.9997771244844612
Latyan,Central plateau,reservoir,2026-06-20,2026,6,Sentinel-2B,1,1,1,2.7339000636456654,2.94891854104686,2.445300633529962,4.357985244180833,4.358842198974609,1.0
Latyan,Central plateau,reservoir,2026-06-25,2026,6,Sentinel-2C,1,1,1,2.291033191527363,2.5920875384363518,0.4156073158936744,3.9592890009808688,4.358842198974609,0.908513631675936
Latyan,Central plateau,reservoir,2026-06-30,2026,6,Sentinel-2B,1,1,1,2.632900112327426,2.8668481280548685,1.6824965954685585,4.357985244180833,4.358842198974609,1.0
Taleghan,Central plateau,reservoir,2026-06-05,2026,6,Sentinel-2C,1,1,1,9.043624613574575,9.333919514241176,8.834035322466802,12.655478423638442,13.23563932763672,0.9562718466823577
Taleghan,Central plateau,reservoir,2026-06-10,2026,6,Sentinel-2B,1,1,1,9.59996794119933,9.93754108562598,9.376112728756652,13.234184889521464,13.23563932763672,1.0000000000000002
Taleghan,Central plateau,reservoir,2026-06-15,2026,6,Sentinel-2C,1,1,1,9.63251870036621,9.9480150638466,9.425419844866584,13.234184889521464,13.23563932763672,1.0000000000000002
Taleghan,Central plateau,reservoir,2026-06-17,2026,6,Sentinel-2A,1,1,1,9.710332520718085,10.021240299449603,9.491558972066844,13.234184889521464,13.23563932763672,1.0000000000000002
Taleghan,Central plateau,reservoir,2026-06-20,2026,6,Sentinel-2B,1,1,1,9.767359573472088,10.08768937591505,9.553744235422291,13.229996245264871,13.23563932763672,0.9996834981306704
Taleghan,Central plateau,reservoir,2026-06-25,2026,6,Sentinel-2C,1,1,1,9.739502101435164,10.015935552175842,9.552300432522404,13.234184889521464,13.23563932763672,1.0000000000000002
Taleghan,Central plateau,reservoir,2026-06-30,2026,6,Sentinel-2B,1,1,1,9.779374956610944,10.088583097153132,9.585971957401888,13.234184889521464,13.23563932763672,1.0000000000000002
Zayandeh Rud,Central plateau,reservoir,2026-06-05,2026,6,Sentinel-2C,1,1,1,26.568182526800417,27.396048909414368,25.882361022463925,49.62584006394029,49.88648067777483,0.9948605771763336
Zayandeh Rud,Central plateau,reservoir,2026-06-10,2026,6,Sentinel-2B,1,1,1,26.57647748780027,27.524965125709446,25.890488649781474,49.87918577301623,49.88648067777483,0.9999394566075268
Zayandeh Rud,Central plateau,reservoir,2026-06-15,2026,6,Sentinel-2C,1,1,1,26.062313098777743,26.92927184075916,25.288233125199977,49.87583040686632,49.88648067777483,0.9998721908141368
Zayandeh Rud,Central plateau,reservoir,2026-06-17,2026,6,Sentinel-2A,1,1,1,25.756400508161,26.72910247140838,24.69573502921825,49.81275120212388,49.88648067777483,0.9986076275552171
Zayandeh Rud,Central plateau,reservoir,2026-06-20,2026,6,Sentinel-2B,1,1,1,25.820530670342546,26.893425865094944,24.865097712358185,49.88187027774642,49.88648067777483,0.9999932734884476
Zayandeh Rud,Central plateau,reservoir,2026-06-25,2026,6,Sentinel-2C,1,1,1,25.844628465273267,26.79874374664151,24.692805327785237,49.62768811310816,49.88648067777483,0.994897625441097
Zayandeh Rud,Central plateau,reservoir,2026-06-30,2026,6,Sentinel-2B,1,1,1,25.754300358223237,26.80593200244655,24.91233399708779,49.87650163522935,49.88648067777483,0.9998856470828028
Doosti,East/Khorasan,reservoir,2026-06-03,2026,6,Sentinel-2C,2,1,1,8.855256527557373,9.108566677374627,8.141986015686035,44.63945470395652,45.31783526763916,0.9851325618815991
Doosti,East/Khorasan,reservoir,2026-06-08,2026,6,Sentinel-2B,1,1,1,0.0029166922302246,0.0390393699976304,0.00032408099365234376,12.711143371787635,45.31783526763916,0.2805177912082244
Doosti,East/Khorasan,reservoir,2026-06-13,2026,6,Sentinel-2C,1,1,1,9.177765372283936,9.36302081512942,9.053960727996824,45.31314508444969,45.31783526763916,1.0
Doosti,East/Khorasan,reservoir,2026-06-15,2026,6,Sentinel-2A,1,1,1,5.831384871582031,5.9822008202018,5.721807028259278,41.791877502509976,45.31783526763916,0.9222903734583604
Doosti,East/Khorasan,reservoir,2026-06-18,2026,6,Sentinel-2B,1,1,1,0.8453753040771484,0.8882160938069661,0.8217823170471191,21.27956261048559,45.31783526763916,0.469611247924351
Doosti,East/Khorasan,reservoir,2026-06-23,2026,6,Sentinel-2C,1,1,1,0.4882360707092285,0.5866711423350615,0.4387786270446777,34.92476684756948,45.31783526763916,0.7707425026993937
Doosti,East/Khorasan,reservoir,2026-06-28,2026,6,Sentinel-2B,1,1,1,8.276732518157958,8.478465502855489,8.140969250579834,44.927857526649376,45.31783526763916,0.9914972232211592
Sefid Rud,North/Caspian,reservoir,2026-06-03,2026,6,Sentinel-2B,1,1,1,44.90021957037042,46.13583050474399,43.94533755456482,53.36163625846378,56.46360895604918,0.9451446961556697
Sefid Rud,North/Caspian,reservoir,2026-06-08,2026,6,Sentinel-2C,1,1,1,45.49228288220418,46.48583563171878,44.6119996797027,55.259476837069066,56.46360895604918,0.9787593692202212
Sefid Rud,North/Caspian,reservoir,2026-06-10,2026,6,Sentinel-2A,1,1,1,44.66197407379271,45.92391989955014,43.77090851613195,55.38155838278333,56.46360895604918,0.9809216853244622
Sefid Rud,North/Caspian,reservoir,2026-06-13,2026,6,Sentinel-2B,1,1,1,43.87361673238011,45.0623508080886,42.902824658574005,54.92402715280859,56.46360895604918,0.9728178630720548
Sefid Rud,North/Caspian,reservoir,2026-06-18,2026,6,Sentinel-2C,1,1,1,42.80048494667621,43.93980054625699,41.88979049216308,54.651051464552594,56.46360895604918,0.9679829003155732
Sefid Rud,North/Caspian,reservoir,2026-06-23,2026,6,Sentinel-2B,1,1,1,36.83706088622376,38.11633842201204,35.91441380962968,48.94933219567813,56.46360895604918,0.8669936858948751
Sefid Rud,North/Caspian,reservoir,2026-06-28,2026,6,Sentinel-2C,1,1,1,18.83800118674556,19.34718520413352,18.27834317554932,23.60188280821295,56.46360895604918,0.4180380497970949
Sefid Rud,North/Caspian,reservoir,2026-06-30,2026,6,Sentinel-2A,1,1,1,40.51479316313201,41.88380509731829,39.78182465146627,54.75178879762791,56.46360895604918,0.9697671663676828
Shahid Rajaei,North/Caspian,reservoir,2026-06-02,2026,6,Sentinel-2C,2,2,1,2.94047167922112,3.0865197709234504,2.830951849161185,4.587986701010425,4.5897947099609375,0.9998247331240334
Shahid Rajaei,North/Caspian,reservoir,2026-06-07,2026,6,Sentinel-2B,2,2,1,2.7604156811621574,2.9290795138302075,2.593828356371592,4.161854132717231,4.5897947099609375,0.9069609326959788
Shahid Rajaei,North/Caspian,reservoir,2026-06-12,2026,6,Sentinel-2C,2,2,1,2.7558563431610708,2.8879894284377152,2.628061184089212,4.554198786083738,4.5897947099609375,0.9924615921155924
Shahid Rajaei,North/Caspian,reservoir,2026-06-14,2026,6,Sentinel-2A,2,2,1,2.7810467767025213,2.901985896535118,2.655019114714619,4.576728206671495,4.5897947099609375,0.9973712558514598
Shahid Rajaei,North/Caspian,reservoir,2026-06-17,2026,6,Sentinel-2B,2,2,1,2.701124927985098,2.8346270967658547,2.602783104644776,4.584769568796787,4.5897947099609375,0.9991236481892803
Shahid Rajaei,North/Caspian,reservoir,2026-06-22,2026,6,Sentinel-2C,2,2,1,0.0,0.0,0.0,0.0,4.5897947099609375,0.0
Shahid Rajaei,North/Caspian,reservoir,2026-06-27,2026,6,Sentinel-2B,2,2,1,2.3812136672192143,2.5275147025397806,2.2689474532762715,4.581307672885185,4.5897947099609375,0.998369223780169
Aras,Northwest,reservoir,2026-06-04,2026,6,Sentinel-2C,1,1,1,118.73326304574805,119.5785810183974,117.8674646347064,124.84923708652832,125.22289566721524,0.9970438240626568
Aras,Northwest,reservoir,2026-06-06,2026,6,Sentinel-2A,1,1,1,100.26005747947568,101.05026316653966,99.2365741440339,105.79663576428796,125.22289566721524,0.8448900830870338
Aras,Northwest,reservoir,2026-06-09,2026,6,Sentinel-2B,1,1,1,119.63784717613456,120.6660983385254,118.59731816575942,125.1845977950792,125.22289566721524,0.9997220088164986
Aras,Northwest,reservoir,2026-06-14,2026,6,Sentinel-2C,1,1,1,109.10496037613488,110.019027204516,103.78028074121,116.75341405045332,125.22289566721524,0.9323907228728716
Aras,Northwest,reservoir,2026-06-16,2026,6,Sentinel-2A,1,1,1,117.9289717372075,118.81499146530524,116.19917712048206,124.9981321504764,125.22289566721524,0.9982328974395324
Aras,Northwest,reservoir,2026-06-19,2026,6,Sentinel-2B,1,1,1,105.18786133602616,106.44536402442688,97.72753123079092,112.521206903974,125.22289566721524,0.8985923906121264
Aras,Northwest,reservoir,2026-06-24,2026,6,Sentinel-2C,1,1,1,61.66481918815343,62.6546576720964,58.95221413737385,65.22444431934146,125.22289566721524,0.5208812717169192
Aras,Northwest,reservoir,2026-06-26,2026,6,Sentinel-2A,1,1,1,117.26011360553024,118.15655498448042,116.17091680875473,125.20763978581508,125.22289566721524,0.9999060217515668
Aras,Northwest,reservoir,2026-06-29,2026,6,Sentinel-2B,1,1,1,81.97932193349897,82.80777815636489,81.12378765585926,89.3199056279109,125.22289566721524,0.7133072043559755
Mahabad,Northwest,reservoir,2026-06-01,2026,6,Sentinel-2C,1,1,1,9.882216034213435,10.102153079410687,9.723820137458231,12.269221693322768,12.299407725402832,0.9977179389307456
Mahabad,Northwest,reservoir,2026-06-03,2026,6,Sentinel-2A,1,1,1,10.000251027701704,10.251696304069249,9.814827613014373,12.29184960523037,12.299407725402832,0.9995580127508352
Mahabad,Northwest,reservoir,2026-06-04,2026,6,Sentinel-2C,1,1,1,9.747429105399217,9.978517846855851,8.972248647953887,12.160660760808264,12.299407725402832,0.9888898981190194
Mahabad,Northwest,reservoir,2026-06-06,2026,6,Sentinel-2A+Sentinel-2B,2,1,2,9.421131755079202,9.716415112222949,8.851362301205503,12.048643503376574,12.299407725402832,0.979780793238288
Mahabad,Northwest,reservoir,2026-06-09,2026,6,Sentinel-2B,1,1,1,6.530804584803084,6.801553975487442,5.706680185995066,9.05465387458532,12.299407725402832,0.7363132582728609
Mahabad,Northwest,reservoir,2026-06-11,2026,6,Sentinel-2C,1,1,1,5.45540131702055,5.61910252888399,5.318014929164872,7.294856155842626,12.299407725402832,0.5932086835275426
Mahabad,Northwest,reservoir,2026-06-13,2026,6,Sentinel-2A,1,1,1,8.942622614335722,9.165690627427526,8.783497025750256,11.522136347841888,12.299407725402832,0.9369658823023936
Mahabad,Northwest,reservoir,2026-06-14,2026,6,Sentinel-2C,1,1,1,2.1592163696139464,2.2783350765246824,2.026396401406681,4.112988803343886,12.299407725402832,0.3344631643546537
Mahabad,Northwest,reservoir,2026-06-16,2026,6,Sentinel-2A+Sentinel-2B,2,1,2,9.447285173133402,9.670211272347844,9.161488595038918,12.16591279042887,12.299407725402832,0.9893169866743696
Mahabad,Northwest,reservoir,2026-06-19,2026,6,Sentinel-2B,1,1,1,5.455063587053126,5.695982089173441,4.48372314297641,8.22538710658246,12.299407725402832,0.6688783099708139
Mahabad,Northwest,reservoir,2026-06-21,2026,6,Sentinel-2C,1,1,1,9.219680625526578,9.479238246361229,9.017685553678623,12.277134920018476,12.299407725402832,0.9983614327420466
Mahabad,Northwest,reservoir,2026-06-23,2026,6,Sentinel-2A,1,1,1,9.23016834639426,9.505238553779632,9.02682433428955,12.293927941351336,12.299407725402832,0.9997270204746213
Mahabad,Northwest,reservoir,2026-06-24,2026,6,Sentinel-2C,1,1,1,5.43327491127858,5.708505156566904,4.238394776298972,8.300677504513493,12.299407725402832,0.6750008320445577
Mahabad,Northwest,reservoir,2026-06-26,2026,6,Sentinel-2A+Sentinel-2B,2,1,2,9.193448448904,9.45507202677397,8.13166546651635,12.29728484833268,12.299407725402832,1.0
Mahabad,Northwest,reservoir,2026-06-29,2026,6,Sentinel-2B,1,1,1,4.369749955717918,4.587537844533284,3.3513269015718348,7.071254022244687,12.299407725402832,0.575025634476007
Zarrineh Rud,Northwest,reservoir,2026-06-01,2026,6,Sentinel-2C,1,1,1,45.81358573081772,46.52893977699524,45.11631530763836,52.11123610896871,52.116735656604725,0.9999938315944478
Zarrineh Rud,Northwest,reservoir,2026-06-03,2026,6,Sentinel-2A,1,1,1,45.99869784037774,46.78698347607276,44.89973070407715,52.11123621111106,52.116735656604725,0.9999938335545188
Zarrineh Rud,Northwest,reservoir,2026-06-06,2026,6,Sentinel-2B,1,1,1,45.93311313543138,46.61625888001039,45.14891553041632,52.09821543869871,52.116735656604725,0.9997439701264526
Zarrineh Rud,Northwest,reservoir,2026-06-11,2026,6,Sentinel-2C,1,1,1,45.14324211350037,46.22097554606838,42.89409757461237,52.11099516568412,52.116735656604725,0.9999892079889388
Zarrineh Rud,Northwest,reservoir,2026-06-13,2026,6,Sentinel-2A,1,1,1,42.49076510377447,43.417397521614944,41.39544595745072,51.17408532073199,52.116735656604725,0.9820102818365616
Zarrineh Rud,Northwest,reservoir,2026-06-16,2026,6,Sentinel-2B,1,1,1,45.31158563924535,46.15976203114288,44.44187274186461,52.10962936226462,52.116735656604725,0.9999629987661942
Zarrineh Rud,Northwest,reservoir,2026-06-21,2026,6,Sentinel-2C,1,1,1,44.82680830616239,45.81649786548282,43.19742635958252,52.11123597627829,52.116735656604725,0.9999938290481716
Zarrineh Rud,Northwest,reservoir,2026-06-23,2026,6,Sentinel-2A,1,1,1,44.6999768365414,45.805076094076114,43.10391422441084,52.10962890776633,52.116735656604725,0.9999629900445534
Zarrineh Rud,Northwest,reservoir,2026-06-26,2026,6,Sentinel-2B,1,1,1,44.384805435464656,45.3451727694805,43.3228565080382,52.10834372359272,52.116735656604725,0.9999383278729752
Esteghlal Minab,South coast,reservoir,2026-06-01,2026,6,Sentinel-2B,1,1,1,12.847802285703292,13.713663997599284,4.580112467962647,20.35297738671816,21.00316920198089,0.9691289324712938
Esteghlal Minab,South coast,reservoir,2026-06-06,2026,6,Sentinel-2C,1,1,1,11.433151404028322,12.329155407334634,7.631312580506568,19.249163323703428,21.00316920198089,0.9165696373760044
Esteghlal Minab,South coast,reservoir,2026-06-11,2026,6,Sentinel-2B,1,1,1,12.388706817373,13.491982147999243,5.9052698961960735,20.595078640044584,21.00316920198089,0.9806568443206584
Esteghlal Minab,South coast,reservoir,2026-06-16,2026,6,Sentinel-2C,1,1,1,11.137064455935011,13.64983917006214,6.927913601299809,20.68687272329653,21.00316920198089,0.9850277184300748
Esteghlal Minab,South coast,reservoir,2026-06-18,2026,6,Sentinel-2A,1,1,1,12.127260077692728,13.1313531638788,3.701195733293242,20.329959909270656,21.00316920198089,0.968032930499541
Esteghlal Minab,South coast,reservoir,2026-06-21,2026,6,Sentinel-2B,1,1,1,11.03528035532047,13.050440574962185,2.295965451219267,20.29168334493959,21.00316920198089,0.9662103506762548
Esteghlal Minab,South coast,reservoir,2026-06-26,2026,6,Sentinel-2C,1,1,1,11.527231980702,12.541254896609436,1.5255206298691693,19.822680390227674,21.00316920198089,0.943878270008664
Doroudzan,South/Fars,reservoir,2026-06-02,2026,6,Sentinel-2C,1,1,1,36.40141820744629,37.38073970094581,35.689263698322726,60.99551640879268,61.15372953393555,0.9974888740311502
Doroudzan,South/Fars,reservoir,2026-06-04,2026,6,Sentinel-2A,1,1,1,37.21234327773713,38.3109951699664,36.39194942914346,61.0736148243193,61.15372953393555,0.9987660548003916
Doroudzan,South/Fars,reservoir,2026-06-07,2026,6,Sentinel-2B,1,1,1,37.95780830159984,39.2145728036718,36.99024636150404,60.65027595566768,61.15372953393555,0.9918429916592448
Doroudzan,South/Fars,reservoir,2026-06-12,2026,6,Sentinel-2C,1,1,1,40.1453983249605,41.4905545485816,39.09332179497859,61.04362705857222,61.15372953393555,0.9982756505141276
Doroudzan,South/Fars,reservoir,2026-06-14,2026,6,Sentinel-2A,1,1,1,40.899121192383646,42.349812412417926,39.80255043222201,60.99790188126582,61.15372953393555,0.9975278848042588
Doroudzan,South/Fars,reservoir,2026-06-17,2026,6,Sentinel-2B,1,1,1,41.56385898286589,43.09985989726192,40.31249990929937,61.12840064508956,61.15372953393555,0.999661993549508
Doroudzan,South/Fars,reservoir,2026-06-22,2026,6,Sentinel-2C,1,1,1,42.17441863458323,43.87041785419552,40.13908448582536,61.06327964234298,61.15372953393555,0.9985970386228196
Doroudzan,South/Fars,reservoir,2026-06-24,2026,6,Sentinel-2A,1,1,1,42.66214628158736,44.36906416183964,40.9255035732635,61.05579880919717,61.15372953393555,0.9984747009778452
Doroudzan,South/Fars,reservoir,2026-06-27,2026,6,Sentinel-2B,1,1,1,43.21956050073338,44.958660864186974,41.59609797291703,61.0808656158232,61.15372953393555,0.9988846304642912
Jiroft,Southeast,reservoir,2026-06-01,2026,6,Sentinel-2B,2,2,1,5.817351644287109,6.2742876343047485,5.583165107238769,10.950185085379688,11.041644844337853,0.9918441457347372
Jiroft,Southeast,reservoir,2026-06-06,2026,6,Sentinel-2C,2,2,1,5.835496810913086,6.252859826497635,5.630275306060791,11.02347516866216,11.041644844337853,0.998482603393429
Jiroft,Southeast,reservoir,2026-06-11,2026,6,Sentinel-2B,2,2,1,4.666633876434326,5.080726901039034,1.8500642622070316,9.83925286257085,11.041644844337853,0.8912183012481262
Jiroft,Southeast,reservoir,2026-06-16,2026,6,Sentinel-2C,2,2,1,5.362578081390381,5.753551183125095,2.69127911819458,10.64443723784551,11.041644844337853,0.9641501651962104
Jiroft,Southeast,reservoir,2026-06-18,2026,6,Sentinel-2A,2,2,1,4.712995319641113,5.354309904457482,0.9482407860107422,10.276965775832116,11.041644844337853,0.930865392794582
Jiroft,Southeast,reservoir,2026-06-21,2026,6,Sentinel-2B,2,2,1,5.577235137786865,6.021689993806366,3.2465030782470703,10.832920390448598,11.041644844337853,0.9812225626051458
Jiroft,Southeast,reservoir,2026-06-26,2026,6,Sentinel-2C,2,2,1,3.4195888509521484,4.951581371801039,0.1050503811035156,9.871737175726922,11.041644844337853,0.8941606602658821
Chah Nimeh,Southeast/Sistan,reservoir,2026-06-02,2026,6,Sentinel-2A,2,2,1,43.65467298275816,45.53709890324061,42.384242801968696,150.0843100769796,151.5505163472185,0.9904085578986048
Chah Nimeh,Southeast/Sistan,reservoir,2026-06-03,2026,6,Sentinel-2C,1,1,1,0.0515675386661305,0.1445015697325463,0.0135086782722024,1.0583063501700598,151.5505163472185,0.0069837790875625
Chah Nimeh,Southeast/Sistan,reservoir,2026-06-05,2026,6,Sentinel-2B,2,2,1,36.42783133169448,38.10253158494453,35.41012333850684,143.21983137592352,151.5505163472185,0.9451097625245144
Chah Nimeh,Southeast/Sistan,reservoir,2026-06-08,2026,6,Sentinel-2B,1,1,1,0.0704527067939309,0.1163619762572045,0.0303529499842026,1.2019720376206346,151.5505163472185,0.0079318310608464
Chah Nimeh,Southeast/Sistan,reservoir,2026-06-10,2026,6,Sentinel-2C,2,2,1,35.25231463668129,36.42320244259716,34.60800627268642,141.12317928555726,151.5505163472185,0.931273924706626
Chah Nimeh,Southeast/Sistan,reservoir,2026-06-13,2026,6,Sentinel-2C,1,1,1,0.027872469902248,0.0695861298532523,0.0087207307149251,0.9953151757653323,151.5505163472185,0.0065680994061186
Chah Nimeh,Southeast/Sistan,reservoir,2026-06-15,2026,6,Sentinel-2A+Sentinel-2B,3,2,2,13.731116816071872,13.935649390709973,13.678488149841307,100.9024072079214,151.5505163472185,0.6658564613452121
Chah Nimeh,Southeast/Sistan,reservoir,2026-06-18,2026,6,Sentinel-2B,1,1,1,0.0046150324497596,0.0306915354889514,0.0006839097595214843,1.108051024747122,151.5505163472185,0.0073120449228502
Chah Nimeh,Southeast/Sistan,reservoir,2026-06-20,2026,6,Sentinel-2C,2,2,1,36.33006327120709,37.61258331915643,35.477948781994634,144.93132991166968,151.5505163472185,0.9564039664007524
Chah Nimeh,Southeast/Sistan,reservoir,2026-06-22,2026,6,Sentinel-2A,2,2,1,41.43247108560181,42.65680009984288,40.66226864272461,150.80986782596753,151.5505163472185,0.9951965240989272
Chah Nimeh,Southeast/Sistan,reservoir,2026-06-23,2026,6,Sentinel-2C,1,1,1,0.0138502448656269,0.0316304841842352,0.0070109309577493,1.04796270769007,151.5505163472185,0.0069155212395118
Chah Nimeh,Southeast/Sistan,reservoir,2026-06-25,2026,6,Sentinel-2B,2,2,1,40.47295178959148,41.528624925903806,39.70453220094821,149.83491620021047,151.5505163472185,0.9887628040572276
Chah Nimeh,Southeast/Sistan,reservoir,2026-06-28,2026,6,Sentinel-2B,1,1,1,0.0109453356323242,0.0273604316444546,0.0017101149597167,1.3247303353473758,151.5505163472185,0.0087419148634722
Chah Nimeh,Southeast/Sistan,reservoir,2026-06-30,2026,6,Sentinel-2C,2,2,1,6.1008796654203525,9.019472978478884,5.558627571350097,102.2084766546172,151.5505163472185,0.674475232731468
Kowsar,Zagros/south,reservoir,2026-06-02,2026,6,Sentinel-2C,1,1,1,0.0,0.0,0.0,0.0,19.01026299145508,0.0
Kowsar,Zagros/south,reservoir,2026-06-04,2026,6,Sentinel-2A,1,1,1,0.0,0.0,0.0,0.0,19.01026299145508,0.0
Kowsar,Zagros/south,reservoir,2026-06-05,2026,6,Sentinel-2C,2,2,1,12.176976335401706,13.153555906484208,5.646536850838096,17.454740589493106,19.01026299145508,0.918320704147266
Kowsar,Zagros/south,reservoir,2026-06-07,2026,6,Sentinel-2A+Sentinel-2B,3,2,2,11.606461295595055,12.598534901087502,4.303087407433723,16.810663866606475,19.01026299145508,0.8844348387771354
Kowsar,Zagros/south,reservoir,2026-06-10,2026,6,Sentinel-2B,2,2,1,13.433541491700057,14.33384620435552,10.334451735832303,18.75895976458788,19.01026299145508,0.9869376775760405
Kowsar,Zagros/south,reservoir,2026-06-12,2026,6,Sentinel-2C,1,1,1,0.0,0.0,0.0,0.0,19.01026299145508,0.0
Kowsar,Zagros/south,reservoir,2026-06-14,2026,6,Sentinel-2A,1,1,1,0.0,0.0,0.0,0.0,19.01026299145508,0.0
Kowsar,Zagros/south,reservoir,2026-06-15,2026,6,Sentinel-2C,2,2,1,11.57532028163943,12.477525788642794,4.538896541190591,16.58523564365428,19.01026299145508,0.8725747138228441
Kowsar,Zagros/south,reservoir,2026-06-17,2026,6,Sentinel-2A+Sentinel-2B,3,2,2,11.472516327903,12.305501190857532,9.852490118451284,16.873339447087314,19.01026299145508,0.8877322973045139
Kowsar,Zagros/south,reservoir,2026-06-20,2026,6,Sentinel-2B,2,2,1,13.856618246649168,14.592530739412071,12.00167916646226,18.996256896791586,19.01026299145508,0.99942224407075
Kowsar,Zagros/south,reservoir,2026-06-22,2026,6,Sentinel-2C,1,1,1,0.0,0.0,0.0,0.0,19.01026299145508,0.0
Kowsar,Zagros/south,reservoir,2026-06-24,2026,6,Sentinel-2A,1,1,1,0.0,0.0,0.0,0.0,19.01026299145508,0.0
Kowsar,Zagros/south,reservoir,2026-06-25,2026,6,Sentinel-2C,2,2,1,6.140235663642674,6.623877537874349,5.321502632517257,10.482354563531732,19.01026299145508,0.5514927692307408
Kowsar,Zagros/south,reservoir,2026-06-27,2026,6,Sentinel-2A,2,2,1,10.990729664428947,12.00702722772073,6.483386396933762,17.10602427395978,19.01026299145508,0.8999742033335574
Kowsar,Zagros/south,reservoir,2026-06-30,2026,6,Sentinel-2B,2,2,1,10.98369365932246,11.665749719980516,7.399202368384746,16.053256624267345,19.01026299145508,0.8445864807597271
Marun,Zagros/south,reservoir,2026-06-05,2026,6,Sentinel-2C,2,2,1,15.38341162963556,15.925214218708714,12.167203838467826,18.65402241786009,20.38903181505917,0.9150208279759262
Marun,Zagros/south,reservoir,2026-06-07,2026,6,Sentinel-2A,2,2,1,12.426250276098752,12.967283905366788,11.20920497212584,15.274133161570353,20.38903181505917,0.7492298260954882
Marun,Zagros/south,reservoir,2026-06-10,2026,6,Sentinel-2B,2,2,1,16.808588898162963,17.37720824312888,16.02434579237635,20.37856479114632,20.38903181505917,0.9996134244109502
Marun,Zagros/south,reservoir,2026-06-15,2026,6,Sentinel-2C,2,2,1,15.124921556548232,15.757718290600828,12.858040278067316,18.627905631615015,20.38903181505917,0.9137397421683332
Marun,Zagros/south,reservoir,2026-06-17,2026,6,Sentinel-2A,2,2,1,15.760564954371192,16.348762208202764,15.160196915635767,19.251746361914424,20.38903181505917,0.944340502089
Marun,Zagros/south,reservoir,2026-06-20,2026,6,Sentinel-2B,2,2,1,16.588627614276483,17.140062375410974,15.61480559851074,20.15636759957455,20.38903181505917,0.98871416345524
Marun,Zagros/south,reservoir,2026-06-25,2026,6,Sentinel-2C,2,2,1,16.333878222562063,17.183242629140818,13.520854078488815,20.202428137623517,20.38903181505917,0.9909735341538742
Marun,Zagros/south,reservoir,2026-06-27,2026,6,Sentinel-2A,2,2,1,16.411234302762615,17.133985731505632,14.046940070048374,20.17646723851199,20.38903181505917,0.9897000949530464
Marun,Zagros/south,reservoir,2026-06-30,2026,6,Sentinel-2B,2,2,1,16.50082636600605,17.11941755816567,13.902789750073005,20.25395137610235,20.38903181505917,0.9935008623234688
Dez,Zagros/southwest,reservoir,2026-06-03,2026,6,Sentinel-2B,1,1,1,19.64311885228092,26.83107264349593,12.22259055285525,62.26058643662874,62.84220351562093,0.9908617543642624
Dez,Zagros/southwest,reservoir,2026-06-08,2026,6,Sentinel-2C,1,1,1,9.29417090322984,12.69339596268131,2.46506979303146,17.34457580886673,62.84220351562093,0.2760346119156826
Dez,Zagros/southwest,reservoir,2026-06-10,2026,6,Sentinel-2A,1,1,1,48.75348990786768,52.19034314101717,41.726099621247776,62.76772572131682,62.84220351562093,0.9989327499987884
Dez,Zagros/southwest,reservoir,2026-06-13,2026,6,Sentinel-2B,1,1,1,52.91332024920486,54.22786190988064,36.43143415056068,62.10337672048625,62.84220351562093,0.988359800816192
Dez,Zagros/southwest,reservoir,2026-06-18,2026,6,Sentinel-2C,1,1,1,30.249372066141767,41.19931346834908,14.704941255293662,62.37989217306109,62.84220351562093,0.9927604754986576
Dez,Zagros/southwest,reservoir,2026-06-23,2026,6,Sentinel-2B,1,1,1,51.9097549484229,54.02870654342375,43.313644541150985,62.79013518944976,62.84220351562093,0.999289391112845
Dez,Zagros/southwest,reservoir,2026-06-28,2026,6,Sentinel-2C,1,1,1,37.37351704180704,42.56594244398875,25.250116192785764,62.60277564683237,62.84220351562093,0.9963076105720576
Dez,Zagros/southwest,reservoir,2026-06-30,2026,6,Sentinel-2A,1,1,1,49.78829210938972,51.83186523045893,45.03061856921602,62.24878421042023,62.84220351562093,0.9906739248683376
Karkheh,Zagros/southwest,reservoir,2026-06-03,2026,6,Sentinel-2B,4,4,1,69.31318916132383,78.63674311126903,56.96390743785917,154.90573386521518,155.99872045278175,0.9930907294879082
Karkheh,Zagros/southwest,reservoir,2026-06-08,2026,6,Sentinel-2C,4,4,1,21.09807208638006,22.83894788657525,17.97970658816636,43.50530706055936,155.99872045278175,0.2789097346322837
Karkheh,Zagros/southwest,reservoir,2026-06-10,2026,6,Sentinel-2A,4,4,1,90.46368980261975,95.7256658015158,84.55381654392629,155.9797660146499,155.99872045278175,0.9999762807464796
Karkheh,Zagros/southwest,reservoir,2026-06-13,2026,6,Sentinel-2B,4,4,1,93.09072082755507,97.48250245058463,76.40574656642589,155.81258021316674,155.99872045278175,0.998904463290714
Karkheh,Zagros/southwest,reservoir,2026-06-18,2026,6,Sentinel-2C,4,4,1,79.44327636431015,88.78249290264289,56.48979321003682,155.98312938357697,155.99872045278175,0.9999978430890604
Karkheh,Zagros/southwest,reservoir,2026-06-23,2026,6,Sentinel-2B,4,4,1,91.25861308336484,96.92425130990624,80.96915485100122,155.97068398346102,155.99872045278175,0.9999180564267368
Karkheh,Zagros/southwest,reservoir,2026-06-28,2026,6,Sentinel-2C,4,4,1,78.04589887203082,88.05450110141733,58.68399923097115,155.97303766058505,155.99872045278175,0.9999331456998952
Karkheh,Zagros/southwest,reservoir,2026-06-30,2026,6,Sentinel-2A,4,4,1,90.03124232867877,95.02164629090096,85.31102565788085,155.9774117896743,155.99872045278175,0.9999611879610804
Karun-3,Zagros/southwest,reservoir,2026-06-05,2026,6,Sentinel-2C,2,2,1,53.9264931192579,58.854293207932905,40.64171036696288,72.94299852443069,73.38767860030421,0.9940882831631516
Karun-3,Zagros/southwest,reservoir,2026-06-07,2026,6,Sentinel-2A,2,2,1,52.82879889564448,58.63064344667538,42.760386796277466,73.37440862677362,73.38767860030421,0.9999676648262688
Karun-3,Zagros/southwest,reservoir,2026-06-10,2026,6,Sentinel-2B,2,2,1,61.15394288684264,62.9185537430384,55.33601277829028,73.2362790262048,73.38767860030421,0.9980851946747644
Karun-3,Zagros/southwest,reservoir,2026-06-15,2026,6,Sentinel-2C,2,2,1,61.678036557273,63.15417286684223,57.60687744055618,73.37321837052147,73.38767860030421,0.9999514436697746
Karun-3,Zagros/southwest,reservoir,2026-06-17,2026,6,Sentinel-2A,2,2,1,56.158589341842585,59.36848957313786,50.793060496122365,73.35244173636548,73.38767860030421,0.99966829368971
Karun-3,Zagros/southwest,reservoir,2026-06-20,2026,6,Sentinel-2B,2,2,1,61.5632823483674,63.22373671166764,56.66918966964951,73.36906624836018,73.38767860030421,0.9998948573479302
Karun-3,Zagros/southwest,reservoir,2026-06-25,2026,6,Sentinel-2C,2,2,1,60.33123141384623,62.29432704931915,55.4435324468908,73.36964886243966,73.38767860030421,0.9999027973811304
Karun-3,Zagros/southwest,reservoir,2026-06-27,2026,6,Sentinel-2A,2,2,1,60.23310720948415,61.97240283575572,56.567449101568975,73.11936447896585,73.38767860030421,0.996491849406642
Karun-3,Zagros/southwest,reservoir,2026-06-30,2026,6,Sentinel-2B,2,2,1,60.41565977174408,62.20260999457601,56.91766000869068,73.37084495300614,73.38767860030421,0.999919098049348
Upper Gotvand,Zagros/southwest,reservoir,2026-06-03,2026,6,Sentinel-2B,2,2,1,46.16236548714301,59.668763937334354,22.775746460198494,115.04070894264224,123.9483607249756,0.9283001657444814
Upper Gotvand,Zagros/southwest,reservoir,2026-06-05,2026,6,Sentinel-2C,2,2,1,66.45353248898125,73.7361108124762,57.571094241682594,123.83276599309112,123.9483607249756,0.9992460777801584
Upper Gotvand,Zagros/southwest,reservoir,2026-06-07,2026,6,Sentinel-2A,2,2,1,2.4868097034681136,2.900437262966859,2.1514208228327734,12.884848190187332,123.9483607249756,0.103971948890779
Upper Gotvand,Zagros/southwest,reservoir,2026-06-08,2026,6,Sentinel-2C,2,2,1,45.90156342427453,53.069316263811295,25.55844772011348,113.13621588667004,123.9483607249756,0.9129322039528022
Upper Gotvand,Zagros/southwest,reservoir,2026-06-10,2026,6,Sentinel-2A+Sentinel-2B,4,2,2,73.57387496614524,80.27831391390069,55.20291626736451,123.87946778809142,123.9483607249756,0.9996229294567328
Upper Gotvand,Zagros/southwest,reservoir,2026-06-13,2026,6,Sentinel-2B,2,2,1,58.0094214836336,64.29258844969911,38.59901870726775,106.65425939858704,123.9483607249756,0.8606272300219125
Upper Gotvand,Zagros/southwest,reservoir,2026-06-15,2026,6,Sentinel-2C,2,2,1,75.22834515745753,80.13842547186216,69.08111893194447,123.881945713204,123.9483607249756,0.9996429246246508
Upper Gotvand,Zagros/southwest,reservoir,2026-06-17,2026,6,Sentinel-2A,2,2,1,72.48347285188596,77.21059094812382,67.92035977192117,123.73169365952292,123.9483607249756,0.99843049288968
Upper Gotvand,Zagros/southwest,reservoir,2026-06-18,2026,6,Sentinel-2C,2,2,1,49.96815912113493,59.34885837482047,15.555187959402405,107.80401551595396,123.9483607249756,0.8699049787782209
Upper Gotvand,Zagros/southwest,reservoir,2026-06-20,2026,6,Sentinel-2B,2,2,1,77.21427853346003,80.60654134753312,74.34402489009275,123.77996783224866,123.9483607249756,0.998820032583536
Upper Gotvand,Zagros/southwest,reservoir,2026-06-23,2026,6,Sentinel-2B,2,2,1,65.60551794719287,76.58380101789695,51.23085444624538,118.80722268829231,123.9483607249756,0.9586933662602148
Upper Gotvand,Zagros/southwest,reservoir,2026-06-25,2026,6,Sentinel-2C,2,2,1,66.0870034768525,72.97537859501219,57.98654391568126,123.66661031806962,123.9483607249756,0.9979053146530924
Upper Gotvand,Zagros/southwest,reservoir,2026-06-27,2026,6,Sentinel-2A,2,2,1,2.31962208259397,2.753711826654771,1.9594687072233312,12.840609533664232,123.9483607249756,0.1036149730640463
Upper Gotvand,Zagros/southwest,reservoir,2026-06-28,2026,6,Sentinel-2C,2,2,1,52.5224526794972,58.55140471489892,16.76603847766425,106.23642211804702,123.9483607249756,0.8572555677612695
Upper Gotvand,Zagros/southwest,reservoir,2026-06-30,2026,6,Sentinel-2A+Sentinel-2B,4,2,2,61.97908235312658,68.61324856286093,46.43145981547026,123.92585930870344,123.9483607249756,0.999997277430325
Seymareh,Zagros/west,reservoir,2026-06-01,2026,6,Sentinel-2C,4,4,1,11.078129397040032,13.496057827581792,4.939808580867392,16.629481630519155,40.24419010091098,0.4132574299765844
Seymareh,Zagros/west,reservoir,2026-06-03,2026,6,Sentinel-2A+Sentinel-2B,8,4,2,16.471969550124104,22.98208255615581,4.773931676461253,40.239840467591655,40.24419010091098,0.999995876226572
Seymareh,Zagros/west,reservoir,2026-06-06,2026,6,Sentinel-2B,4,4,1,10.75964709971062,13.691068689607867,3.12809074581993,17.71343622072432,40.24419010091098,0.4401946669940874
Seymareh,Zagros/west,reservoir,2026-06-08,2026,6,Sentinel-2C,4,4,1,31.744532796038214,33.46295940073697,29.555162447753062,40.23984046759165,40.24419010091098,0.9999958762265718
Seymareh,Zagros/west,reservoir,2026-06-10,2026,6,Sentinel-2A,4,4,1,35.259777114271095,36.12508697362635,34.14486020254409,40.23967294579744,40.24419010091098,0.9999917131607784
Seymareh,Zagros/west,reservoir,2026-06-11,2026,6,Sentinel-2C,2,2,1,8.152115383484604,11.190397769832355,5.415450645971202,14.1677703356285,40.24419010091098,0.3520817117146386
Seymareh,Zagros/west,reservoir,2026-06-13,2026,6,Sentinel-2A+Sentinel-2B,8,4,2,32.74934484295881,35.21278627491192,26.59011285886889,40.240006408260825,40.24419010091098,1.0
Seymareh,Zagros/west,reservoir,2026-06-16,2026,6,Sentinel-2B,4,4,1,8.044778654899206,10.128216529337084,1.5313190103239176,13.223955146883975,40.24419010091098,0.3286270636420486
Seymareh,Zagros/west,reservoir,2026-06-18,2026,6,Sentinel-2C,4,4,1,33.83339360188431,35.69089079565586,30.62368404423852,40.239341229469815,40.24419010091098,0.9999834697145856
Seymareh,Zagros/west,reservoir,2026-06-21,2026,6,Sentinel-2C,3,3,1,12.716440260714544,15.32455444593051,10.565958780537088,18.479475577234822,40.24419010091098,0.4592314272952301
Seymareh,Zagros/west,reservoir,2026-06-23,2026,6,Sentinel-2A+Sentinel-2B,8,4,2,31.070877376619585,35.528620057743915,24.39971429390031,40.23950707928599,40.24419010091098,0.9999875912302356
Seymareh,Zagros/west,reservoir,2026-06-26,2026,6,Sentinel-2B,4,4,1,12.46725489785432,14.107083281926773,9.957916288057811,17.80793359756555,40.24419010091098,0.4425430109750127
Seymareh,Zagros/west,reservoir,2026-06-28,2026,6,Sentinel-2C,4,4,1,15.849209909608012,17.54792881069288,14.05239374872748,38.94809225302076,40.24419010091098,0.9678947825670612
Seymareh,Zagros/west,reservoir,2026-06-30,2026,6,Sentinel-2A,4,4,1,35.74074794570396,36.38100483677883,35.10922605701976,40.23934133068346,40.24419010091098,0.9999834722298346
Gavkhouni,Central plateau,terminal_lake,2026-06-02,2026,6,Sentinel-2C,1,1,1,413.89989606412297,428.146380281891,396.76042126645,470.9570036237862,487.3282855256348,0.9664242034611068
Gavkhouni,Central plateau,terminal_lake,2026-06-07,2026,6,Sentinel-2B,1,1,1,406.9301341119061,422.1242600225479,389.0273198125132,466.05845058502206,487.3282855256348,0.9563721601064624
Gavkhouni,Central plateau,terminal_lake,2026-06-12,2026,6,Sentinel-2C,1,1,1,391.6358399648968,407.7808771598396,372.7157792006928,452.0585229153083,487.3282855256348,0.9276437011545616
Gavkhouni,Central plateau,terminal_lake,2026-06-14,2026,6,Sentinel-2A,1,1,1,353.4514064867403,368.5638580003927,336.4088784528084,411.4084765520303,487.3282855256348,0.8442280424532205
Gavkhouni,Central plateau,terminal_lake,2026-06-17,2026,6,Sentinel-2B,1,1,1,379.8605628336071,394.6720084644885,362.37440787993137,440.1812023653843,487.3282855256348,0.9032709240997756
Gavkhouni,Central plateau,terminal_lake,2026-06-22,2026,6,Sentinel-2C,1,1,1,382.4048242756314,398.5501619290992,363.1214356992275,445.4131612436498,487.3282855256348,0.9140071307015744
Gavkhouni,Central plateau,terminal_lake,2026-06-27,2026,6,Sentinel-2B,1,1,1,317.1405291208361,333.30907410914017,298.35386249429325,379.57180116629047,487.3282855256348,0.7788978033575693
Lake Urmia,Northwest,terminal_lake,2026-06-01,2026,6,Sentinel-2C,3,3,1,3057.462294025191,3952.2806670262767,2994.4661214465814,5164.254371511128,5866.837078819214,0.880253538400726
Lake Urmia,Northwest,terminal_lake,2026-06-03,2026,6,Sentinel-2A,3,3,1,1773.9427089134383,2448.1558825820425,1729.6574852228905,3157.6757799620677,5866.837078819214,0.5382297382110843
Lake Urmia,Northwest,terminal_lake,2026-06-04,2026,6,Sentinel-2C,5,5,1,3455.348647236102,3885.794195892465,3380.4813031705976,5674.23693253404,5866.837078819214,0.9671806960441486
Lake Urmia,Northwest,terminal_lake,2026-06-06,2026,6,Sentinel-2A+Sentinel-2B,8,5,2,3428.375530141727,4197.564024019558,3342.798577518154,5782.854454839553,5866.837078819214,0.9856946869252312
Lake Urmia,Northwest,terminal_lake,2026-06-09,2026,6,Sentinel-2B,5,5,1,3182.222923059729,4000.239135702966,3077.269988516475,5455.366474323393,5866.837078819214,0.929873956013267
Lake Urmia,Northwest,terminal_lake,2026-06-11,2026,6,Sentinel-2C,3,3,1,3021.099353198668,3804.400118654263,2942.556389272869,5247.6834999398325,5866.837078819214,0.8944741364235856
Lake Urmia,Northwest,terminal_lake,2026-06-13,2026,6,Sentinel-2A,3,3,1,3003.3721277549625,3842.540150642973,2917.089034386809,5242.928176457019,5866.837078819214,0.8936635856604245
Lake Urmia,Northwest,terminal_lake,2026-06-14,2026,6,Sentinel-2C,5,5,1,817.6623375654622,1529.6060134082966,678.9212538053833,2860.082058810868,5866.837078819214,0.4875045207442053
Lake Urmia,Northwest,terminal_lake,2026-06-16,2026,6,Sentinel-2A+Sentinel-2B,8,5,2,3433.39169574677,4221.698156313837,3335.217153420031,5771.346091454619,5866.837078819214,0.9837330721669276
Lake Urmia,Northwest,terminal_lake,2026-06-19,2026,6,Sentinel-2B,5,5,1,3275.1465242961203,3902.024113112064,3165.9448755935005,5491.084190804892,5866.837078819214,0.9359620849191314
Lake Urmia,Northwest,terminal_lake,2026-06-21,2026,6,Sentinel-2C,3,3,1,2992.4515702460794,3677.0954175519846,2906.600169065357,5242.936900317999,5866.837078819214,0.8936650726533075
Lake Urmia,Northwest,terminal_lake,2026-06-23,2026,6,Sentinel-2A,3,3,1,2998.730763513912,3624.0662557024784,2923.156228709254,5253.130380397944,5866.837078819214,0.8954025639276505
Lake Urmia,Northwest,terminal_lake,2026-06-24,2026,6,Sentinel-2C,6,5,1,1190.0545135885895,1781.9975193988755,1042.8291879693318,3318.747025477368,5866.837078819214,0.5656845310233074
Lake Urmia,Northwest,terminal_lake,2026-06-26,2026,6,Sentinel-2A+Sentinel-2B,8,5,2,3373.4449125752603,3882.78265212062,3270.9293365744597,5630.631664359269,5866.837078819214,0.959748124206576
Lake Urmia,Northwest,terminal_lake,2026-06-29,2026,6,Sentinel-2B,5,5,1,1680.8024143928471,2261.0964862431942,1578.4973064663525,3952.3142479825824,5866.837078819214,0.6736768469133833
Bakhtegan Tashk,South/Fars,terminal_lake,2026-06-02,2026,6,Sentinel-2C,2,2,1,166.93700456035504,208.6678486014735,148.47197932766295,461.8316640906783,1393.5000670358277,0.3314258314526934
Bakhtegan Tashk,South/Fars,terminal_lake,2026-06-04,2026,6,Sentinel-2A+Sentinel-2B,5,3,2,455.7674564718049,790.989587624115,373.0347561656408,1367.805045026472,1393.5000670358277,0.9815825972124748
Bakhtegan Tashk,South/Fars,terminal_lake,2026-06-07,2026,6,Sentinel-2B,2,2,1,172.00318565152494,210.5391044588134,152.42513024001647,473.8715275046456,1393.5000670358277,0.3400660396774969
Bakhtegan Tashk,South/Fars,terminal_lake,2026-06-09,2026,6,Sentinel-2C,3,3,1,418.455108988449,700.8979996928111,336.28140566830524,1341.8814127413552,1393.5000670358277,0.9629789326038876
Bakhtegan Tashk,South/Fars,terminal_lake,2026-06-11,2026,6,Sentinel-2A,3,3,1,416.8666772429328,700.623224496165,330.70981532522,1333.233294587766,1393.5000670358277,0.9567727540925076
Bakhtegan Tashk,South/Fars,terminal_lake,2026-06-12,2026,6,Sentinel-2C,2,2,1,162.51645644494403,202.2264501628553,143.75607597216282,463.6704736859115,1393.5000670358277,0.3327454226508917
Bakhtegan Tashk,South/Fars,terminal_lake,2026-06-14,2026,6,Sentinel-2A+Sentinel-2B,5,3,2,434.80854804785,725.287009272539,347.606857275691,1370.7789358404098,1393.5000670358277,0.9837167606150632
Bakhtegan Tashk,South/Fars,terminal_lake,2026-06-17,2026,6,Sentinel-2B,2,2,1,164.68498680606976,202.4942057042984,145.8205181567596,466.9218459766494,1393.5000670358277,0.3350787160315909
Bakhtegan Tashk,South/Fars,terminal_lake,2026-06-19,2026,6,Sentinel-2C,3,3,1,401.8269320036375,638.8326444137306,313.07679156089,1342.5018280069935,1393.5000670358277,0.9634241633259192
Bakhtegan Tashk,South/Fars,terminal_lake,2026-06-22,2026,6,Sentinel-2C,2,2,1,161.29496357326323,199.65398124751516,142.43382736922703,466.77037516565525,1393.5000670358277,0.334970015517144
Bakhtegan Tashk,South/Fars,terminal_lake,2026-06-24,2026,6,Sentinel-2A+Sentinel-2B,5,3,2,407.6810156217896,642.8473523877936,315.15094020617414,1365.6403079830982,1393.5000670358277,0.980029109588604
Bakhtegan Tashk,South/Fars,terminal_lake,2026-06-27,2026,6,Sentinel-2B,2,2,1,163.75706277874323,201.0971991267718,144.11563088823948,475.5255553631836,1393.5000670358277,0.3412530253280829
Bakhtegan Tashk,South/Fars,terminal_lake,2026-06-29,2026,6,Sentinel-2C,3,3,1,390.8926708915767,625.5595391338351,294.7688793086393,1340.0744424050165,1393.5000670358277,0.9616821903215874
Hamoun,Southeast/Sistan,terminal_lake,2026-06-02,2026,6,Sentinel-2A,6,6,1,523.7515533145374,538.7448903100841,515.7596484079636,4150.620808190472,4340.16816968164,0.9563465564852646
Hamoun,Southeast/Sistan,terminal_lake,2026-06-03,2026,6,Sentinel-2C,5,5,1,47.39902185733594,59.57221195663559,42.07822461653144,2598.741440600548,4340.16816968164,0.5987772776085981
Hamoun,Southeast/Sistan,terminal_lake,2026-06-05,2026,6,Sentinel-2B,6,6,1,519.8664210070259,538.1932417258026,512.1456537244146,3938.139846003195,4340.16816968164,0.9073887147798768
Hamoun,Southeast/Sistan,terminal_lake,2026-06-08,2026,6,Sentinel-2B,5,5,1,114.2586282821154,128.22393173872564,104.84660154712476,2838.8246735910525,4340.16816968164,0.6540949719369358
Hamoun,Southeast/Sistan,terminal_lake,2026-06-10,2026,6,Sentinel-2C,6,6,1,509.11540441339,527.8899072393067,501.2121747814895,3722.749061884638,4340.16816968164,0.8577604195899227
Hamoun,Southeast/Sistan,terminal_lake,2026-06-13,2026,6,Sentinel-2C,5,5,1,91.6937398597697,109.44780439373052,81.07371056027247,2654.8311692158545,4340.16816968164,0.6117009392231668
Hamoun,Southeast/Sistan,terminal_lake,2026-06-15,2026,6,Sentinel-2A+Sentinel-2B,11,6,2,261.1592820721042,282.1193387032003,252.9310085298936,3017.449013699747,4340.16816968164,0.6952518929041097
Hamoun,Southeast/Sistan,terminal_lake,2026-06-18,2026,6,Sentinel-2B,5,5,1,55.53346642597261,77.30303865952781,48.708155055045694,1777.6061528079297,4340.16816968164,0.4095790971004233
Hamoun,Southeast/Sistan,terminal_lake,2026-06-20,2026,6,Sentinel-2C,6,6,1,390.83635216583576,413.3109017257908,382.4618315886296,3896.771650272544,4340.16816968164,0.8978570487079129
Hamoun,Southeast/Sistan,terminal_lake,2026-06-22,2026,6,Sentinel-2A,6,6,1,360.8529868638313,387.6808220042548,351.3581664349536,4131.649657717028,4340.16816968164,0.9519754044898716
Hamoun,Southeast/Sistan,terminal_lake,2026-06-23,2026,6,Sentinel-2C,5,5,1,51.61985030873629,75.09785899264743,43.25810334676442,2864.4214341955203,4340.16816968164,0.6599927339808582
Hamoun,Southeast/Sistan,terminal_lake,2026-06-25,2026,6,Sentinel-2B,6,6,1,311.5923063121786,327.1209743341021,302.22510685498,4147.664587060998,4340.16816968164,0.9556654121389052
Hamoun,Southeast/Sistan,terminal_lake,2026-06-28,2026,6,Sentinel-2B,5,5,1,70.71998877350488,85.21619276003324,66.36535522285527,2181.128955323113,4340.16816968164,0.5025549820300134
Hamoun,Southeast/Sistan,terminal_lake,2026-06-30,2026,6,Sentinel-2C,6,6,1,60.06646472387826,179.3341156792175,53.807473961790194,2985.515760234776,4340.16816968164,0.6878941364623907
Alghadir Saveh,Central plateau,reservoir,2026-03-02,2026,3,Sentinel-2B,1,1,1,0.9906294733344584,1.1541116487607472,0.7121004370795755,1.3970536039948107,9.260891387207032,0.1508749791186705
Alghadir Saveh,Central plateau,reservoir,2026-03-05,2026,3,Sentinel-2B,1,1,1,1.5934819124291513,1.8762209331381403,1.4980098128215715,8.166201281626401,9.260891387207032,0.8819099312447145
Alghadir Saveh,Central plateau,reservoir,2026-03-07,2026,3,Sentinel-2C,1,1,1,0.0055637588500976,0.1676320527208515,0.0,0.4438817828174069,9.260891387207032,0.0479370687869348
Alghadir Saveh,Central plateau,reservoir,2026-03-10,2026,3,Sentinel-2C,1,1,1,0.1831969643444584,0.4410900463182636,0.0932761004333496,6.127261496090162,9.260891387207032,0.6617143734741556
Alghadir Saveh,Central plateau,reservoir,2026-03-12,2026,3,Sentinel-2A+Sentinel-2B,2,1,2,0.0,0.0,0.0,0.0,9.260891387207032,0.0
Alghadir Saveh,Central plateau,reservoir,2026-03-15,2026,3,Sentinel-2B,1,1,1,0.0,0.0,0.0,0.0,9.260891387207032,0.0
Alghadir Saveh,Central plateau,reservoir,2026-03-17,2026,3,Sentinel-2C,1,1,1,1.709690677621759,1.9870440725865983,1.611749539618638,9.203057567748562,9.260891387207032,0.9938853558600784
Alghadir Saveh,Central plateau,reservoir,2026-03-20,2026,3,Sentinel-2C,1,1,1,0.038292915649414,0.0507301255798339,0.0255284842834472,0.0572760019226074,9.260891387207032,0.0061855290085966
Alghadir Saveh,Central plateau,reservoir,2026-03-22,2026,3,Sentinel-2A+Sentinel-2B,2,1,2,0.0,0.0,0.0,0.0,9.260891387207032,0.0
Alghadir Saveh,Central plateau,reservoir,2026-03-25,2026,3,Sentinel-2B,1,1,1,0.7388526990119485,0.9432292415704464,0.6709408471374512,2.597952184534767,9.260891387207032,0.2805661718864464
Alghadir Saveh,Central plateau,reservoir,2026-03-27,2026,3,Sentinel-2C,1,1,1,0.0,0.0,0.0,0.0,9.260891387207032,0.0
Alghadir Saveh,Central plateau,reservoir,2026-03-29,2026,3,Sentinel-2A,1,1,1,0.0552200523333381,0.3954100031842399,0.0080954331047506,2.6789922312271424,9.260891387207032,0.2893181018893654
Alghadir Saveh,Central plateau,reservoir,2026-03-30,2026,3,Sentinel-2C,1,1,1,0.5147326026628083,0.6470198782684925,0.4479699637703689,1.1088990650489952,9.260891387207032,0.1197556935579129
Amir Kabir,Central plateau,reservoir,2026-03-02,2026,3,Sentinel-2B,2,2,1,0.0214002163351619,0.0214002163351619,0.0214002163351619,0.0214002163351619,5.081598074951172,0.0042123966244288
Amir Kabir,Central plateau,reservoir,2026-03-07,2026,3,Sentinel-2C,2,2,1,0.9081250775381052,1.4655267642671466,0.7685687560791016,3.922475631699629,5.081598074951172,0.7720960784507319
Amir Kabir,Central plateau,reservoir,2026-03-12,2026,3,Sentinel-2B,2,2,1,0.0,0.0,0.0,0.0,5.081598074951172,0.0
Amir Kabir,Central plateau,reservoir,2026-03-17,2026,3,Sentinel-2C,2,2,1,1.4285433615859089,1.710703765589576,1.2340033007907043,5.08029472131288,5.081598074951172,0.9999999999999998
Amir Kabir,Central plateau,reservoir,2026-03-22,2026,3,Sentinel-2B,2,2,1,0.0,0.0,0.0,0.0,5.081598074951172,0.0
Amir Kabir,Central plateau,reservoir,2026-03-27,2026,3,Sentinel-2C,2,2,1,1.9121860329003424,2.191417278610289,1.7363505294445565,5.078679264891981,5.081598074951172,0.9996820152157468
Amir Kabir,Central plateau,reservoir,2026-03-29,2026,3,Sentinel-2A,2,2,1,0.0,0.0,0.0,0.0,5.081598074951172,0.0
Lar,Central plateau,reservoir,2026-03-02,2026,3,Sentinel-2B,1,1,1,0.0021009663628073,0.0021009663628073,0.0021009663628073,0.0021009663628073,12.64737049447213,0.0001661388930894924
Lar,Central plateau,reservoir,2026-03-07,2026,3,Sentinel-2C,1,1,1,0.2680979168652103,0.291456944777066,0.1723283865212832,0.3034115525475594,12.64737049447213,0.0239929874095935
Lar,Central plateau,reservoir,2026-03-12,2026,3,Sentinel-2B,1,1,1,0.0,0.0,0.0,0.0,12.64737049447213,0.0
Lar,Central plateau,reservoir,2026-03-17,2026,3,Sentinel-2C,1,1,1,0.0784834127976361,0.0848690100711598,0.0716933576523724,0.1225201661179486,12.64737049447213,0.0096885724304399
Lar,Central plateau,reservoir,2026-03-22,2026,3,Sentinel-2B,1,1,1,0.196350039035812,0.2728937363461962,0.1526989806963752,0.6325219410972456,12.64737049447213,0.0500181711659086
Lar,Central plateau,reservoir,2026-03-27,2026,3,Sentinel-2C,1,1,1,0.0022623524830537,0.0022623524830537,0.0022623524830537,0.0022623524830537,12.64737049447213,0.00017890088293016923
Lar,Central plateau,reservoir,2026-03-29,2026,3,Sentinel-2A,1,1,1,0.2021015421615301,0.2476963621993719,0.1778489824081121,0.3347572656458238,12.64737049447213,0.0264717239421898
Latyan,Central plateau,reservoir,2026-03-02,2026,3,Sentinel-2B,1,1,1,0.0168347036437988,0.0168347036437988,0.0168347036437988,0.0168347036437988,4.358842198974609,0.0038629556321417
Latyan,Central plateau,reservoir,2026-03-07,2026,3,Sentinel-2C,1,1,1,0.1096634274715648,0.2466610812640021,0.0362603442077636,1.1166841638912426,4.358842198974609,0.2562386289357766
Latyan,Central plateau,reservoir,2026-03-12,2026,3,Sentinel-2B,1,1,1,0.0291373800354003,0.0291373800354003,0.0291373800354003,0.0291373800354003,4.358842198974609,0.0066859749179525
Latyan,Central plateau,reservoir,2026-03-17,2026,3,Sentinel-2C,1,1,1,1.161052754131721,1.33917252346347,1.0471897753748276,4.055540130128984,4.358842198974609,0.93059978473867
Latyan,Central plateau,reservoir,2026-03-22,2026,3,Sentinel-2B,1,1,1,0.2340795106811523,0.4315386914508895,0.1754805091552734,1.7682921630063506,4.358842198974609,0.4057590982822924
Latyan,Central plateau,reservoir,2026-03-27,2026,3,Sentinel-2C,1,1,1,0.0525852575385598,0.0959503617240157,0.0169899529509899,0.1534063043528837,4.358842198974609,0.0352011986634707
Latyan,Central plateau,reservoir,2026-03-29,2026,3,Sentinel-2A,1,1,1,0.0,0.0,0.0,0.0,4.358842198974609,0.0
Taleghan,Central plateau,reservoir,2026-03-02,2026,3,Sentinel-2B,1,1,1,0.0,0.0,0.0,0.0,13.23563932763672,0.0
Taleghan,Central plateau,reservoir,2026-03-07,2026,3,Sentinel-2C,1,1,1,4.694525987721521,5.039040655895877,4.536157354888916,12.361589411706795,13.23563932763672,0.9340650379982548
Taleghan,Central plateau,reservoir,2026-03-12,2026,3,Sentinel-2B,1,1,1,0.0,0.0,0.0,0.0,13.23563932763672,0.0
Taleghan,Central plateau,reservoir,2026-03-17,2026,3,Sentinel-2C,1,1,1,5.755265004626585,6.19925772164953,5.51054402960217,13.233540425227032,13.23563932763672,0.9999513030609888
Taleghan,Central plateau,reservoir,2026-03-22,2026,3,Sentinel-2B,1,1,1,0.0,0.0,0.0,0.0,13.23563932763672,0.0
Taleghan,Central plateau,reservoir,2026-03-27,2026,3,Sentinel-2C,1,1,1,6.271933111714202,6.96995724620218,5.967526984588862,11.137692331540348,13.23563932763672,0.8415850635696444
Taleghan,Central plateau,reservoir,2026-03-29,2026,3,Sentinel-2A,1,1,1,0.0,0.0,0.0,0.0,13.23563932763672,0.0
Zayandeh Rud,Central plateau,reservoir,2026-03-02,2026,3,Sentinel-2B,1,1,1,9.930404222803451,10.64233363885881,9.555926173487164,43.8739678772609,49.88648067777483,0.8795514786076956
Zayandeh Rud,Central plateau,reservoir,2026-03-07,2026,3,Sentinel-2C,1,1,1,11.078323930514706,11.801014449498076,10.647797089334764,49.71921560070786,49.88648067777483,0.9967324979394492
Zayandeh Rud,Central plateau,reservoir,2026-03-12,2026,3,Sentinel-2B,1,1,1,6.885734837587723,8.710424405109835,5.584440129852295,15.84281271052532,49.88648067777483,0.3176044934852901
Zayandeh Rud,Central plateau,reservoir,2026-03-17,2026,3,Sentinel-2C,1,1,1,12.96732155387286,13.648499545107011,12.60483217840624,49.856031168707126,49.88648067777483,0.9994752709538924
Zayandeh Rud,Central plateau,reservoir,2026-03-22,2026,3,Sentinel-2B,1,1,1,0.0224840997314453,0.0224840997314453,0.0224840997314453,0.0224840997314453,49.88648067777483,0.0004507438948599204
Zayandeh Rud,Central plateau,reservoir,2026-03-27,2026,3,Sentinel-2C,1,1,1,14.889203986050711,15.87712763288502,14.466918168940406,49.21659484447066,49.88648067777483,0.9866563445684092
Zayandeh Rud,Central plateau,reservoir,2026-03-29,2026,3,Sentinel-2A,1,1,1,15.113341901971076,15.95496703492563,14.67807837251958,49.874823167730575,49.88648067777483,0.999851998460584
Doosti,East/Khorasan,reservoir,2026-03-05,2026,3,Sentinel-2C,1,1,1,0.0,0.0,0.0,0.0,45.31783526763916,0.0
Doosti,East/Khorasan,reservoir,2026-03-10,2026,3,Sentinel-2B,1,1,1,0.0,0.0,0.0,0.0,45.31783526763916,0.0
Doosti,East/Khorasan,reservoir,2026-03-15,2026,3,Sentinel-2C,1,1,1,3.4840726359863283,4.155467745280785,2.9061327857055663,44.36676813803842,45.31783526763916,0.979114737133176
Doosti,East/Khorasan,reservoir,2026-03-20,2026,3,Sentinel-2B,1,1,1,2.318901610006295,3.399347925240431,1.5544640073146447,45.21148796701026,45.31783526763916,0.997756564518972
Doosti,East/Khorasan,reservoir,2026-03-25,2026,3,Sentinel-2C,1,1,1,0.0,0.0,0.0,0.0,45.31783526763916,0.0
Doosti,East/Khorasan,reservoir,2026-03-27,2026,3,Sentinel-2A,1,1,1,0.0,0.0,0.0,0.0,45.31783526763916,0.0
Doosti,East/Khorasan,reservoir,2026-03-30,2026,3,Sentinel-2B,1,1,1,1.1467224233398436,1.480696844418634,0.935919640411377,15.354386979960609,45.31783526763916,0.3388506128044032
Sefid Rud,North/Caspian,reservoir,2026-03-05,2026,3,Sentinel-2B,1,1,1,0.0116073422686408,0.0117668429600135,0.0084047142474006,0.0118472212611778,56.46360895604918,0.00020983873667121408
Sefid Rud,North/Caspian,reservoir,2026-03-10,2026,3,Sentinel-2C,1,1,1,10.298362034550566,10.681706734171431,9.903318364026118,11.92425405135786,56.46360895604918,0.2112031463515337
Sefid Rud,North/Caspian,reservoir,2026-03-12,2026,3,Sentinel-2A,1,1,1,0.0,0.0,0.0,0.0,56.46360895604918,0.0
Sefid Rud,North/Caspian,reservoir,2026-03-15,2026,3,Sentinel-2B,1,1,1,0.0,0.0,0.0,0.0,56.46360895604918,0.0
Sefid Rud,North/Caspian,reservoir,2026-03-20,2026,3,Sentinel-2C,1,1,1,0.0,0.0,0.0,0.0,56.46360895604918,0.0
Sefid Rud,North/Caspian,reservoir,2026-03-22,2026,3,Sentinel-2A,1,1,1,0.1597590842930213,0.3942573421459722,0.0324963150548598,1.1284244683173683,56.46360895604918,0.0199867259706317
Sefid Rud,North/Caspian,reservoir,2026-03-25,2026,3,Sentinel-2B,1,1,1,0.0,0.0,0.0,0.0,56.46360895604918,0.0
Sefid Rud,North/Caspian,reservoir,2026-03-30,2026,3,Sentinel-2C,1,1,1,0.9743594131122668,1.1530939675440175,0.7912773577052695,6.495364905120854,56.46360895604918,0.1150463164198215
Shahid Rajaei,North/Caspian,reservoir,2026-03-04,2026,3,Sentinel-2C,2,2,1,2.318806583687337,2.3949325125491865,2.263602019444962,4.173156949207495,4.5897947099609375,0.90942406875486
Shahid Rajaei,North/Caspian,reservoir,2026-03-09,2026,3,Sentinel-2B,2,2,1,0.0152900638513901,0.0152900638513901,0.0152900638513901,0.0152900638513901,4.5897947099609375,0.003332046277793
Shahid Rajaei,North/Caspian,reservoir,2026-03-14,2026,3,Sentinel-2C,2,2,1,2.6880083935566024,2.761478022498756,2.62041435285836,4.588790964067161,4.5897947099609375,1.0
Shahid Rajaei,North/Caspian,reservoir,2026-03-19,2026,3,Sentinel-2B,2,2,1,2.821931994431559,2.8993467371521,2.756507609342927,4.587825119523704,4.5897947099609375,0.9997895209106236
Shahid Rajaei,North/Caspian,reservoir,2026-03-26,2026,3,Sentinel-2A,2,2,1,2.7779907192429487,2.873755839405374,2.698087380272121,4.588147041032494,4.5897947099609375,0.999859674794579
Shahid Rajaei,North/Caspian,reservoir,2026-03-29,2026,3,Sentinel-2B,2,2,1,0.0,0.0,0.0,0.0,4.5897947099609375,0.0
Aras,Northwest,reservoir,2026-03-01,2026,3,Sentinel-2B,1,1,1,33.18043145040307,34.80075477107268,30.21306999211402,36.7086988175068,125.22289566721524,0.293155026810497
Aras,Northwest,reservoir,2026-03-06,2026,3,Sentinel-2C,1,1,1,0.0,0.0,0.0,0.0,125.22289566721524,0.0
Aras,Northwest,reservoir,2026-03-08,2026,3,Sentinel-2A,1,1,1,0.03209839271324,0.0322172901851878,0.0155001524291992,0.0322172901851878,125.22289566721524,0.00025728671601664166
Aras,Northwest,reservoir,2026-03-11,2026,3,Sentinel-2B,1,1,1,92.30139559091938,93.48492187571227,91.23662498331826,104.05643342036514,125.22289566721524,0.8309928576003845
Aras,Northwest,reservoir,2026-03-16,2026,3,Sentinel-2C,1,1,1,0.0018586015930175,0.0021683684082031,0.000309767578125,0.0024781072082519,125.22289566721524,1.9790120829015205e-05
Aras,Northwest,reservoir,2026-03-18,2026,3,Sentinel-2A,1,1,1,112.26370982237286,113.38506106192732,111.22964666300084,125.2113601987484,125.22289566721524,0.9999357329041912
Aras,Northwest,reservoir,2026-03-21,2026,3,Sentinel-2B,1,1,1,11.185953968544515,13.722592003001132,9.100212906056962,20.58182252677361,125.22289566721524,0.1643660747726553
Aras,Northwest,reservoir,2026-03-26,2026,3,Sentinel-2C,1,1,1,85.86625801657475,87.26639689644368,84.35832179223333,93.65532016699076,125.22289566721524,0.7479297490491817
Aras,Northwest,reservoir,2026-03-28,2026,3,Sentinel-2A,1,1,1,0.0,0.0,0.0,0.0,125.22289566721524,0.0
Mahabad,Northwest,reservoir,2026-03-01,2026,3,Sentinel-2B,1,1,1,0.0929055488106522,0.0929055488106522,0.0929055488106522,0.0929055488106522,12.299407725402832,0.0075549643646132
Mahabad,Northwest,reservoir,2026-03-03,2026,3,Sentinel-2C,1,1,1,2.4740140858513326,2.532206914449295,2.4365192032591576,3.0899701811865694,12.299407725402832,0.251272554819735
Mahabad,Northwest,reservoir,2026-03-06,2026,3,Sentinel-2C,1,1,1,8.486116113949766,8.734636680133896,8.300987793935619,12.29728484833268,12.299407725402832,1.0
Mahabad,Northwest,reservoir,2026-03-08,2026,3,Sentinel-2A+Sentinel-2B,2,1,2,0.0,0.0,0.0,0.0,12.299407725402832,0.0
Mahabad,Northwest,reservoir,2026-03-11,2026,3,Sentinel-2B,1,1,1,0.0,0.0,0.0,0.0,12.299407725402832,0.0
Mahabad,Northwest,reservoir,2026-03-13,2026,3,Sentinel-2C,1,1,1,0.0,0.0,0.0,0.0,12.299407725402832,0.0
Mahabad,Northwest,reservoir,2026-03-15,2026,3,Sentinel-2A,1,1,1,0.0,0.0,0.0,0.0,12.299407725402832,0.0
Mahabad,Northwest,reservoir,2026-03-16,2026,3,Sentinel-2C,1,1,1,7.086403438313323,7.260393395089183,6.933108808250758,9.255227309832536,12.299407725402832,0.7526236420462685
Mahabad,Northwest,reservoir,2026-03-18,2026,3,Sentinel-2A+Sentinel-2B,2,1,2,9.208176967238124,9.456596096029006,8.998349314920823,11.864839311586284,12.299407725402832,0.9648340636099824
Mahabad,Northwest,reservoir,2026-03-21,2026,3,Sentinel-2B,1,1,1,0.0,0.0,0.0,0.0,12.299407725402832,0.0
Mahabad,Northwest,reservoir,2026-03-23,2026,3,Sentinel-2C,1,1,1,8.372000558423089,8.540018495536177,8.23914137871393,9.699732943144811,12.299407725402832,0.7887702905784073
Mahabad,Northwest,reservoir,2026-03-26,2026,3,Sentinel-2C,1,1,1,0.0,0.0,0.0,0.0,12.299407725402832,0.0
Mahabad,Northwest,reservoir,2026-03-28,2026,3,Sentinel-2A+Sentinel-2B,3,1,2,0.1234179977737726,0.1749521167999866,0.0898652122511919,0.1791046360401827,12.299407725402832,0.014564567565048
Zarrineh Rud,Northwest,reservoir,2026-03-03,2026,3,Sentinel-2C,1,1,1,18.206948589439,18.57770804776157,17.86285133207565,23.521202991208664,52.116735656604725,0.4513625018164057
Zarrineh Rud,Northwest,reservoir,2026-03-08,2026,3,Sentinel-2B,1,1,1,0.0,0.0,0.0,0.0,52.116735656604725,0.0
Zarrineh Rud,Northwest,reservoir,2026-03-13,2026,3,Sentinel-2C,1,1,1,0.0273103703308105,0.1129311051402372,0.005462195739746,0.2673523973993039,52.116735656604725,0.0051303858481161
Zarrineh Rud,Northwest,reservoir,2026-03-15,2026,3,Sentinel-2A,1,1,1,0.027015405303955,0.027015405303955,0.027015405303955,0.027015405303955,52.116735656604725,0.000518414850215566
Zarrineh Rud,Northwest,reservoir,2026-03-18,2026,3,Sentinel-2B,1,1,1,43.097475077658856,43.85510846761294,42.44022629455842,52.10994951283836,52.116735656604725,0.999969142327983
Zarrineh Rud,Northwest,reservoir,2026-03-23,2026,3,Sentinel-2C,1,1,1,0.0085203635012159,0.0098065439211377,0.0057878572387695,0.0098065439211377,52.116735656604725,0.0001881836656089233
Zarrineh Rud,Northwest,reservoir,2026-03-28,2026,3,Sentinel-2B,1,1,1,0.0,0.0,0.0,0.0,52.116735656604725,0.0
Esteghlal Minab,South coast,reservoir,2026-03-03,2026,3,Sentinel-2B,1,1,1,0.0,0.0,0.0,0.0,21.00316920198089,0.0
Esteghlal Minab,South coast,reservoir,2026-03-08,2026,3,Sentinel-2C,1,1,1,1.508954374240172,1.67361580049606,1.399030582896872,3.5470247751578508,21.00316920198089,0.1688954037771987
Esteghlal Minab,South coast,reservoir,2026-03-13,2026,3,Sentinel-2B,1,1,1,0.0,0.0,0.0,0.0,21.00316920198089,0.0
Esteghlal Minab,South coast,reservoir,2026-03-18,2026,3,Sentinel-2C,1,1,1,14.627224366709871,15.247504933904432,14.14265782304041,21.00131025375308,21.00316920198089,0.9999999999999996
Esteghlal Minab,South coast,reservoir,2026-03-28,2026,3,Sentinel-2C,1,1,1,13.814325730914067,14.218571218619552,13.47490120128844,19.011447210981792,21.00316920198089,0.9052505287180505
Esteghlal Minab,South coast,reservoir,2026-03-30,2026,3,Sentinel-2A,1,1,1,5.224249605610567,5.396158260000311,5.082204125561644,6.344312676697491,21.00316920198089,0.302091279069777
Doroudzan,South/Fars,reservoir,2026-03-04,2026,3,Sentinel-2C,1,1,1,0.0146367692077636,0.0146367692077636,0.0146367692077636,0.0146367692077636,61.15372953393555,0.00023936209243080305
Doroudzan,South/Fars,reservoir,2026-03-06,2026,3,Sentinel-2A,1,1,1,34.42058159329391,35.13768271483143,33.85730920832149,61.06181661452973,61.15372953393555,0.9985731130287424
Doroudzan,South/Fars,reservoir,2026-03-09,2026,3,Sentinel-2B,1,1,1,3.313993833959961,3.372783276944867,3.242183978127753,4.065913275858919,61.15372953393555,0.066491825862469
Doroudzan,South/Fars,reservoir,2026-03-14,2026,3,Sentinel-2C,1,1,1,35.23272290971285,36.00265500458518,34.61928757635749,61.12220074607222,61.15372953393555,0.9995606036334284
Doroudzan,South/Fars,reservoir,2026-03-16,2026,3,Sentinel-2A,1,1,1,0.0,0.0020650303955078,0.0,0.0075717866210937,61.15372953393555,0.00012382505068831876
Doroudzan,South/Fars,reservoir,2026-03-19,2026,3,Sentinel-2B,1,1,1,35.00240391779845,36.14764471534184,33.37901874143138,59.58864577359751,61.15372953393555,0.9744816451652918
Doroudzan,South/Fars,reservoir,2026-03-26,2026,3,Sentinel-2A,1,1,1,0.0,0.0,0.0,0.0,61.15372953393555,0.0
Doroudzan,South/Fars,reservoir,2026-03-29,2026,3,Sentinel-2B,1,1,1,40.45791959249005,41.62445970587995,39.57472180110175,61.11806916141645,61.15372953393555,0.9994930378520582
Jiroft,Southeast,reservoir,2026-03-03,2026,3,Sentinel-2B,2,2,1,0.0502660251770019,0.0812431959635416,0.0321143915405273,0.0922382383542528,11.041644844337853,0.0083547406743562
Jiroft,Southeast,reservoir,2026-03-08,2026,3,Sentinel-2C,2,2,1,3.270558095075061,3.6943262977509135,3.129382381761379,6.591494086364266,11.041644844337853,0.5970433166407842
Jiroft,Southeast,reservoir,2026-03-13,2026,3,Sentinel-2B,2,2,1,2.980603913359279,3.4297957181252867,2.6976525532226563,7.377564925219854,11.041644844337853,0.6682439176874901
Jiroft,Southeast,reservoir,2026-03-18,2026,3,Sentinel-2C,2,2,1,5.156512882358566,5.553670772991463,4.981557635032265,11.030804195700732,11.041644844337853,0.9991464508540392
Jiroft,Southeast,reservoir,2026-03-28,2026,3,Sentinel-2C,2,2,1,5.746386207427141,6.158727253647747,5.537595501582366,10.989967656577196,11.041644844337853,0.9954475652237108
Jiroft,Southeast,reservoir,2026-03-30,2026,3,Sentinel-2A,2,2,1,5.937387175485409,6.399459041342104,5.681759097385421,11.037435394888965,11.041644844337853,0.999747090573164
Chah Nimeh,Southeast/Sistan,reservoir,2026-03-02,2026,3,Sentinel-2C,2,2,1,0.0,0.0,0.0,0.0,151.5505163472185,0.0
Chah Nimeh,Southeast/Sistan,reservoir,2026-03-05,2026,3,Sentinel-2C,1,1,1,0.0,0.0,0.0,0.0,151.5505163472185,0.0
Chah Nimeh,Southeast/Sistan,reservoir,2026-03-07,2026,3,Sentinel-2B,2,2,1,19.23785906614547,19.7680162378917,18.844917922454837,148.95106606575342,151.5505163472185,0.9829302640894112
Chah Nimeh,Southeast/Sistan,reservoir,2026-03-10,2026,3,Sentinel-2B,1,1,1,0.0,0.0,0.0,0.0,151.5505163472185,0.0
Chah Nimeh,Southeast/Sistan,reservoir,2026-03-12,2026,3,Sentinel-2C,2,2,1,18.414630010237268,19.00104233366316,18.15935400183105,147.32509173739678,151.5505163472185,0.9722004357089372
Chah Nimeh,Southeast/Sistan,reservoir,2026-03-14,2026,3,Sentinel-2A,2,2,1,19.076199870558312,19.497782099331246,18.780500266601564,150.35559877339503,151.5505163472185,0.9921987959751444
Chah Nimeh,Southeast/Sistan,reservoir,2026-03-15,2026,3,Sentinel-2C,1,1,1,0.0,0.0,0.0,0.00034205410766601564,151.5505163472185,2.257220060664788e-06
Chah Nimeh,Southeast/Sistan,reservoir,2026-03-17,2026,3,Sentinel-2B,2,2,1,0.1154313081359863,0.1620129850082098,0.087686671508789,7.894207560042433,151.5505163472185,0.0520939911792492
Chah Nimeh,Southeast/Sistan,reservoir,2026-03-20,2026,3,Sentinel-2B,1,1,1,0.0,0.0,0.0,0.0231610215834673,151.5505163472185,0.0001528399202699792
Chah Nimeh,Southeast/Sistan,reservoir,2026-03-22,2026,3,Sentinel-2C,2,2,1,18.619100528334197,19.06119387965064,18.3148480887146,151.36548827418846,151.5505163472185,0.9988630715653428
Chah Nimeh,Southeast/Sistan,reservoir,2026-03-25,2026,3,Sentinel-2C,1,1,1,0.0,0.0,0.0,0.0,151.5505163472185,0.0
Chah Nimeh,Southeast/Sistan,reservoir,2026-03-27,2026,3,Sentinel-2A+Sentinel-2B,3,2,2,0.0,0.0,0.0,0.0,151.5505163472185,0.0
Chah Nimeh,Southeast/Sistan,reservoir,2026-03-30,2026,3,Sentinel-2B,1,1,1,0.0,0.0005123432424507889,0.0,0.9501903449904492,151.5505163472185,0.0062703199876688
Kowsar,Zagros/south,reservoir,2026-03-02,2026,3,Sentinel-2B,2,2,1,11.436668477342076,12.410613003487382,10.662764776916983,18.963496612160476,19.01026299145508,0.9976986751929278
Kowsar,Zagros/south,reservoir,2026-03-04,2026,3,Sentinel-2C,1,1,1,0.0,0.0,0.0,0.0,19.01026299145508,0.0
Kowsar,Zagros/south,reservoir,2026-03-07,2026,3,Sentinel-2C,2,2,1,8.48444021555188,11.304159759709618,6.236991336207011,18.947120651462807,19.01026299145508,0.9968371107553547
Kowsar,Zagros/south,reservoir,2026-03-09,2026,3,Sentinel-2A+Sentinel-2B,3,2,2,0.214905249795233,0.3336656294303146,0.1460390129073797,2.8787236634637585,19.01026299145508,0.1514540722116917
Kowsar,Zagros/south,reservoir,2026-03-12,2026,3,Sentinel-2B,2,2,1,0.0,0.0,0.0,0.0,19.01026299145508,0.0
Kowsar,Zagros/south,reservoir,2026-03-14,2026,3,Sentinel-2C,1,1,1,0.0094315471528894,0.0129466976864085,0.0078885498170142,0.1304569101009593,19.01026299145508,0.0068635383568463
Kowsar,Zagros/south,reservoir,2026-03-16,2026,3,Sentinel-2A,1,1,1,0.0,0.0,0.0,0.0,19.01026299145508,0.0
Kowsar,Zagros/south,reservoir,2026-03-17,2026,3,Sentinel-2C,2,2,1,9.3359450555238,9.920527322224574,8.905807835159722,14.878675226620784,19.01026299145508,0.7827899498611609
Kowsar,Zagros/south,reservoir,2026-03-19,2026,3,Sentinel-2A+Sentinel-2B,3,2,2,0.0,0.0,0.0,0.0,19.01026299145508,0.0
Kowsar,Zagros/south,reservoir,2026-03-22,2026,3,Sentinel-2B,2,2,1,0.0,0.0,0.0,0.0,19.01026299145508,0.0
Kowsar,Zagros/south,reservoir,2026-03-26,2026,3,Sentinel-2A,1,1,1,0.0,0.0,0.0,0.0,19.01026299145508,0.0
Kowsar,Zagros/south,reservoir,2026-03-27,2026,3,Sentinel-2C,2,2,1,0.0,0.0,0.0,0.0,19.01026299145508,0.0
Kowsar,Zagros/south,reservoir,2026-03-29,2026,3,Sentinel-2A+Sentinel-2B,3,2,2,10.093847286091403,10.466161762429028,9.79853659926758,13.219877522989194,19.01026299145508,0.6955180555911431
Marun,Zagros/south,reservoir,2026-03-02,2026,3,Sentinel-2B,2,2,1,10.599831787827677,11.635978069260544,9.92177583193108,20.36923234555856,20.38903181505917,0.9991556474287282
Marun,Zagros/south,reservoir,2026-03-07,2026,3,Sentinel-2C,2,2,1,9.270162619569303,10.748926367644186,6.871358107014736,20.385075198068066,20.38903181505917,0.999932774189703
Marun,Zagros/south,reservoir,2026-03-09,2026,3,Sentinel-2A,2,2,1,0.7084242782531738,1.3429391044032677,0.2627375473403033,6.956726229833159,20.38903181505917,0.3412427224666114
Marun,Zagros/south,reservoir,2026-03-12,2026,3,Sentinel-2B,2,2,1,0.0,0.0,0.0,0.0,20.38903181505917,0.0
Marun,Zagros/south,reservoir,2026-03-17,2026,3,Sentinel-2C,2,2,1,9.120021064586805,10.512850955111515,8.097498895493452,20.38481939074169,20.38903181505917,0.999920226277712
Marun,Zagros/south,reservoir,2026-03-19,2026,3,Sentinel-2A,2,2,1,0.0,0.0,0.0,0.0,20.38903181505917,0.0
Marun,Zagros/south,reservoir,2026-03-22,2026,3,Sentinel-2B,2,2,1,0.0,0.0,0.0,0.0,20.38903181505917,0.0
Marun,Zagros/south,reservoir,2026-03-27,2026,3,Sentinel-2C,2,2,1,7.5967102316604915,7.989464337819419,7.30714714379452,10.508198479829328,20.38903181505917,0.5154502475746362
Marun,Zagros/south,reservoir,2026-03-29,2026,3,Sentinel-2A,2,2,1,9.77577915000144,10.283165474473666,9.384178012586643,14.095127098819034,20.38903181505917,0.6913969855659062
Dez,Zagros/southwest,reservoir,2026-03-05,2026,3,Sentinel-2B,1,1,1,28.09999707679982,31.24782848789169,24.850754646042525,62.49588314482183,62.84220351562093,0.994606442977397
Dez,Zagros/southwest,reservoir,2026-03-10,2026,3,Sentinel-2C,1,1,1,37.68366999388978,39.69232828365909,35.07936795857149,61.875635831595005,62.84220351562093,0.9847353611887733
Dez,Zagros/southwest,reservoir,2026-03-12,2026,3,Sentinel-2A,1,1,1,0.0,0.0,0.0,0.0,62.84220351562093,0.0
Dez,Zagros/southwest,reservoir,2026-03-15,2026,3,Sentinel-2B,1,1,1,0.0,0.0,0.0,0.0,62.84220351562093,0.0
Dez,Zagros/southwest,reservoir,2026-03-20,2026,3,Sentinel-2C,1,1,1,0.0188708368973077,0.0840133184222053,0.0,0.0843475764660405,62.84220351562093,0.0013423707095753
Dez,Zagros/southwest,reservoir,2026-03-22,2026,3,Sentinel-2A,1,1,1,0.0,0.0,0.0,0.0,62.84220351562093,0.0
Dez,Zagros/southwest,reservoir,2026-03-25,2026,3,Sentinel-2B,1,1,1,0.0,0.0,0.0,0.0,62.84220351562093,0.0
Dez,Zagros/southwest,reservoir,2026-03-30,2026,3,Sentinel-2C,1,1,1,3.032946246168668,3.237798325460038,2.775707551210052,3.9655857376160895,62.84220351562093,0.0631113111190434
Karkheh,Zagros/southwest,reservoir,2026-03-05,2026,3,Sentinel-2B,4,4,1,24.31877840936674,29.71714953848625,19.942989781225464,155.9690019647537,155.99872045278175,0.9999072731126308
Karkheh,Zagros/southwest,reservoir,2026-03-10,2026,3,Sentinel-2C,4,4,1,40.21752506053168,45.73011435572354,34.13176608371785,155.7830087115799,155.99872045278175,0.9987148822897391
Karkheh,Zagros/southwest,reservoir,2026-03-12,2026,3,Sentinel-2A,4,4,1,0.0,0.0,0.0,0.0,155.99872045278175,0.0
Karkheh,Zagros/southwest,reservoir,2026-03-15,2026,3,Sentinel-2B,4,4,1,0.0,0.0,0.0,0.0,155.99872045278175,0.0
Karkheh,Zagros/southwest,reservoir,2026-03-20,2026,3,Sentinel-2C,4,4,1,0.007900442081945,0.007900442081945,0.007900442081945,0.007900442081945,155.99872045278175,5.064922772492436e-05
Karkheh,Zagros/southwest,reservoir,2026-03-22,2026,3,Sentinel-2A,4,4,1,0.0,0.0,0.0,0.0,155.99872045278175,0.0
Karkheh,Zagros/southwest,reservoir,2026-03-25,2026,3,Sentinel-2B,4,4,1,0.0,0.0,0.0,0.0,155.99872045278175,0.0
Karkheh,Zagros/southwest,reservoir,2026-03-30,2026,3,Sentinel-2C,4,4,1,2.765669846347943,3.3641788773741474,2.3395931440476367,9.60889992638394,155.99872045278175,0.06160204144394
Karun-3,Zagros/southwest,reservoir,2026-03-02,2026,3,Sentinel-2B,2,2,1,0.6882494486122281,0.8261486241226497,0.5315986010864259,1.9283810596351756,73.38767860030421,0.0262805348784094
Karun-3,Zagros/southwest,reservoir,2026-03-07,2026,3,Sentinel-2C,2,2,1,31.623793102196665,43.450702439700734,19.93339263954348,73.31823333010011,73.38767860030421,0.999202091634105
Karun-3,Zagros/southwest,reservoir,2026-03-09,2026,3,Sentinel-2A,2,2,1,4.011758233707801,5.499347670118505,2.896928236831605,25.17762747738073,73.38767860030421,0.3431279900664894
Karun-3,Zagros/southwest,reservoir,2026-03-12,2026,3,Sentinel-2B,2,2,1,0.0376080001079484,0.2064428492188696,0.0061145741577148,1.3701446747278556,73.38767860030421,0.0186727279511159
Karun-3,Zagros/southwest,reservoir,2026-03-17,2026,3,Sentinel-2C,2,2,1,48.05655845116949,50.53578298874609,42.33644864789298,64.29436963352695,73.38767860030421,0.876222266961553
Karun-3,Zagros/southwest,reservoir,2026-03-19,2026,3,Sentinel-2A,2,2,1,0.0,0.0,0.0,0.0,73.38767860030421,0.0
Karun-3,Zagros/southwest,reservoir,2026-03-22,2026,3,Sentinel-2B,2,2,1,0.0,0.0,0.0,0.0,73.38767860030421,0.0
Karun-3,Zagros/southwest,reservoir,2026-03-27,2026,3,Sentinel-2C,2,2,1,0.5962768976659438,0.5962768976659438,0.5962768976659438,0.5962768976659438,73.38767860030421,0.0081262340386522
Karun-3,Zagros/southwest,reservoir,2026-03-29,2026,3,Sentinel-2A,2,2,1,38.87379522407453,39.84165502307976,38.02665750540208,46.91918864574848,73.38767860030421,0.639428274567551
Upper Gotvand,Zagros/southwest,reservoir,2026-03-02,2026,3,Sentinel-2B,2,2,1,0.0571898439856435,0.0642742499609853,0.0544899938269521,0.3511292863888011,123.9483607249756,0.0028333741833508
Upper Gotvand,Zagros/southwest,reservoir,2026-03-05,2026,3,Sentinel-2B,2,2,1,54.06830958556616,57.15368122214152,51.77722928791778,119.6051841909396,123.9483607249756,0.9651323720867044
Upper Gotvand,Zagros/southwest,reservoir,2026-03-07,2026,3,Sentinel-2C,2,2,1,0.1515362615835152,0.2688840185409246,0.0365534448529411,1.766969104177796,123.9483607249756,0.0142582371696913
Upper Gotvand,Zagros/southwest,reservoir,2026-03-09,2026,3,Sentinel-2A,1,1,1,1.007105905653531,1.4103427874261596,0.6809485565533806,7.407505349237172,123.9483607249756,0.0597735228394539
Upper Gotvand,Zagros/southwest,reservoir,2026-03-10,2026,3,Sentinel-2C,2,2,1,54.90770496764754,58.24659088668189,52.18049014729878,122.72981164617975,123.9483607249756,0.990345987434254
Upper Gotvand,Zagros/southwest,reservoir,2026-03-12,2026,3,Sentinel-2A+Sentinel-2B,4,2,2,0.0,0.0,0.0,0.0,123.9483607249756,0.0
Upper Gotvand,Zagros/southwest,reservoir,2026-03-15,2026,3,Sentinel-2B,2,2,1,0.0,0.0,0.0,0.0,123.9483607249756,0.0
Upper Gotvand,Zagros/southwest,reservoir,2026-03-17,2026,3,Sentinel-2C,2,2,1,24.417986906654036,27.43224925303584,22.276265726846376,62.28590728949763,123.9483607249756,0.5026048482473655
Upper Gotvand,Zagros/southwest,reservoir,2026-03-19,2026,3,Sentinel-2A,2,2,1,0.0,0.0,0.0,0.0,123.9483607249756,0.0
Upper Gotvand,Zagros/southwest,reservoir,2026-03-20,2026,3,Sentinel-2C,2,2,1,0.458169468020929,1.201729128926715,0.2504726822409237,16.491968917942177,123.9483607249756,0.133078956316339
Upper Gotvand,Zagros/southwest,reservoir,2026-03-22,2026,3,Sentinel-2A+Sentinel-2B,4,2,2,0.0,0.0,0.0,0.0,123.9483607249756,0.0
Upper Gotvand,Zagros/southwest,reservoir,2026-03-25,2026,3,Sentinel-2B,2,2,1,0.0,0.0,0.0,0.0,123.9483607249756,0.0
Upper Gotvand,Zagros/southwest,reservoir,2026-03-27,2026,3,Sentinel-2C,2,2,1,1.409764830362836,1.853314323649328,1.1528822994281842,13.500617113473334,123.9483607249756,0.1089407846950828
Upper Gotvand,Zagros/southwest,reservoir,2026-03-29,2026,3,Sentinel-2A,2,2,1,3.6140261982202864,3.985114380633664,3.3511277959741927,16.72437845776366,123.9483607249756,0.134954343006145
Upper Gotvand,Zagros/southwest,reservoir,2026-03-30,2026,3,Sentinel-2C,2,2,1,1.9561056036453544,2.256090382476328,1.729290480021877,9.196031130403185,123.9483607249756,0.0742057077099634
Seymareh,Zagros/west,reservoir,2026-03-03,2026,3,Sentinel-2C,2,2,1,14.23855305623097,14.807322888492358,13.601171663729442,19.1969015252468,40.24419010091098,0.4770601010964523
Seymareh,Zagros/west,reservoir,2026-03-05,2026,3,Sentinel-2B,4,4,1,3.051386269738411,3.254566896590288,2.3059439027112774,3.384323739666148,40.24419010091098,0.0841034592621581
Seymareh,Zagros/west,reservoir,2026-03-08,2026,3,Sentinel-2B,2,2,1,0.0171552455748314,0.0307266408610026,0.0086621546630859,0.3570628405420639,40.24419010091098,0.0088733296143005
Seymareh,Zagros/west,reservoir,2026-03-10,2026,3,Sentinel-2C,4,4,1,30.67369122316248,32.037690029806576,29.012878556862745,39.67611770217166,40.24419010091098,0.9859868634122928
Seymareh,Zagros/west,reservoir,2026-03-12,2026,3,Sentinel-2A,4,4,1,0.0534888643504423,0.1259786348460478,0.0163282578735351,0.2599070820816339,40.24419010091098,0.006458922482385
Seymareh,Zagros/west,reservoir,2026-03-13,2026,3,Sentinel-2C,2,2,1,0.0279881089477539,0.0693861710319967,0.0123276952819824,0.8486918404485962,40.24419010091098,0.0210907481434786
Seymareh,Zagros/west,reservoir,2026-03-15,2026,3,Sentinel-2A+Sentinel-2B,6,4,2,0.0,0.0,0.0,0.0,40.24419010091098,0.0
Seymareh,Zagros/west,reservoir,2026-03-18,2026,3,Sentinel-2B,2,2,1,14.780522548650048,15.413480896374033,14.245700230403047,20.54016494040037,40.24419010091098,0.5104413933737273
Seymareh,Zagros/west,reservoir,2026-03-20,2026,3,Sentinel-2C,4,4,1,2.0116188816978307,2.106215612544639,1.9207597811114143,3.2813178461531094,40.24419010091098,0.0815436710636182
Seymareh,Zagros/west,reservoir,2026-03-22,2026,3,Sentinel-2A,4,4,1,0.0,0.0,0.0,0.0,40.24419010091098,0.0
Seymareh,Zagros/west,reservoir,2026-03-23,2026,3,Sentinel-2C,2,2,1,0.0,0.0,0.0,0.0,40.24419010091098,0.0
Seymareh,Zagros/west,reservoir,2026-03-25,2026,3,Sentinel-2B,4,4,1,0.00033313125610351564,0.00033313125610351564,0.00033313125610351564,0.00033313125610351564,40.24419010091098,8.278608425746362e-06
Seymareh,Zagros/west,reservoir,2026-03-28,2026,3,Sentinel-2B,2,2,1,1.0779907737849217,1.1494460711843455,0.9644711997264188,1.4587910729820095,40.24419010091098,0.0362522574718709
Seymareh,Zagros/west,reservoir,2026-03-30,2026,3,Sentinel-2C,4,4,1,0.1997459980045094,0.2002448966172162,0.1993306850585937,0.2032395953147738,40.24419010091098,0.005050684963933
Gavkhouni,Central plateau,terminal_lake,2026-03-04,2026,3,Sentinel-2C,1,1,1,0.0030393181152343,0.0194201237223307,0.001350760772705,0.1436134811372645,487.3282855256348,0.00029470109382899874
Gavkhouni,Central plateau,terminal_lake,2026-03-09,2026,3,Sentinel-2B,1,1,1,131.42577527915458,146.83376780004755,110.07783924054053,205.4863236212821,487.3282855256348,0.4216668509010765
Gavkhouni,Central plateau,terminal_lake,2026-03-14,2026,3,Sentinel-2C,1,1,1,88.50554199424114,96.81462916287458,83.36246168414846,118.481449326563,487.3282855256348,0.2431290742239596
Gavkhouni,Central plateau,terminal_lake,2026-03-19,2026,3,Sentinel-2B,1,1,1,158.9385482105578,171.81608533672178,145.79845822912455,240.9345017469795,487.3282855256348,0.4944080503007583
Gavkhouni,Central plateau,terminal_lake,2026-03-26,2026,3,Sentinel-2A,1,1,1,0.0,0.0,0.0,0.0,487.3282855256348,0.0
Gavkhouni,Central plateau,terminal_lake,2026-03-29,2026,3,Sentinel-2B,1,1,1,226.8002247660022,239.17722634028527,218.64690867417903,266.78134075107613,487.3282855256348,0.5474468852778797
Lake Urmia,Northwest,terminal_lake,2026-03-01,2026,3,Sentinel-2B,5,5,1,2229.500366559704,2695.7005990060093,2047.056290268264,3368.6164908647684,5866.837078819214,0.5741848430156012
Lake Urmia,Northwest,terminal_lake,2026-03-03,2026,3,Sentinel-2C,3,3,1,2231.3042665156977,2872.159733489474,2093.6011129533213,4181.379924328047,5866.837078819214,0.7127213744722087
Lake Urmia,Northwest,terminal_lake,2026-03-06,2026,3,Sentinel-2C,5,5,1,559.8452408543477,1049.6299742483302,445.6540432272439,1844.9532317518372,5866.837078819214,0.3144745579134201
Lake Urmia,Northwest,terminal_lake,2026-03-08,2026,3,Sentinel-2A+Sentinel-2B,8,5,2,3.552604353419405,3.552604353419405,3.552604353419405,3.55323259276877,5866.837078819214,0.0006056528856905003
Lake Urmia,Northwest,terminal_lake,2026-03-11,2026,3,Sentinel-2B,5,5,1,39.762920734367945,40.3524006931594,37.62214431786008,40.39182052562556,5866.837078819214,0.0068848357153493
Lake Urmia,Northwest,terminal_lake,2026-03-13,2026,3,Sentinel-2C,3,3,1,1013.798085640716,1433.108762855779,964.483051835912,1736.6734561177725,5866.837078819214,0.2960181363697942
Lake Urmia,Northwest,terminal_lake,2026-03-15,2026,3,Sentinel-2A,3,3,1,0.0,0.0,0.0,0.0,5866.837078819214,0.0
Lake Urmia,Northwest,terminal_lake,2026-03-16,2026,3,Sentinel-2C,5,5,1,3210.7829629360804,3371.811075072513,3087.076713379579,3662.675981136208,5866.837078819214,0.6243076464622498
Lake Urmia,Northwest,terminal_lake,2026-03-18,2026,3,Sentinel-2A+Sentinel-2B,8,5,2,3280.6679408355712,4060.224676662487,3066.694412583788,5620.616156114258,5866.837078819214,0.9580409684513934
Lake Urmia,Northwest,terminal_lake,2026-03-21,2026,3,Sentinel-2B,5,5,1,650.0753485157377,797.2631489009249,583.8081540469793,909.711922461318,5866.837078819214,0.1550615211925713
Lake Urmia,Northwest,terminal_lake,2026-03-23,2026,3,Sentinel-2C,3,3,1,3310.9352115137417,3568.143188553459,3164.893127827798,3954.543269172546,5866.837078819214,0.6740567863293152
Lake Urmia,Northwest,terminal_lake,2026-03-26,2026,3,Sentinel-2C,5,5,1,25.536505884616385,41.608250239780446,17.521397040022187,62.47858681686797,5866.837078819214,0.0106495523193471
Lake Urmia,Northwest,terminal_lake,2026-03-28,2026,3,Sentinel-2A+Sentinel-2B,8,5,2,0.0,0.0,0.0,0.0,5866.837078819214,0.0
Bakhtegan Tashk,South/Fars,terminal_lake,2026-03-01,2026,3,Sentinel-2C,3,3,1,144.21959081611786,208.1449917759383,118.70937625910906,337.3241355556599,1393.5000670358277,0.2420750693127976
Bakhtegan Tashk,South/Fars,terminal_lake,2026-03-04,2026,3,Sentinel-2C,2,2,1,1.6465684909608131,1.6465684909608131,1.6465684909608131,1.6465684909608131,1393.5000670358277,0.001181632559203
Bakhtegan Tashk,South/Fars,terminal_lake,2026-03-06,2026,3,Sentinel-2A+Sentinel-2B,5,3,2,612.4084736273115,877.7178832260978,537.3556353276766,1246.663045041459,1393.5000670358277,0.8946470507987672
Bakhtegan Tashk,South/Fars,terminal_lake,2026-03-09,2026,3,Sentinel-2B,2,2,1,162.19516581146442,178.5637125707968,158.55185568596636,374.089625656489,1393.5000670358277,0.2684592133047968
Bakhtegan Tashk,South/Fars,terminal_lake,2026-03-11,2026,3,Sentinel-2C,3,3,1,439.7120800459828,704.2297035018966,395.1443508164709,1181.7430336793557,1393.5000670358277,0.8480582817372788
Bakhtegan Tashk,South/Fars,terminal_lake,2026-03-13,2026,3,Sentinel-2A,3,3,1,648.8700310148591,731.5990002790644,560.5191565376122,916.2208090927028,1393.5000670358277,0.6575106625607778
Bakhtegan Tashk,South/Fars,terminal_lake,2026-03-14,2026,3,Sentinel-2C,2,2,1,205.67489276641837,235.24005717735804,201.98252382566545,432.4416351474037,1393.5000670358277,0.3103345647936126
Bakhtegan Tashk,South/Fars,terminal_lake,2026-03-16,2026,3,Sentinel-2A+Sentinel-2B,5,3,2,279.4772844960103,279.8038951699017,279.3601279363986,287.89173201745143,1393.5000670358277,0.2066007250501248
Bakhtegan Tashk,South/Fars,terminal_lake,2026-03-19,2026,3,Sentinel-2B,2,2,1,200.80540874166465,234.25384192259224,197.78433173618467,459.3977633078024,1393.5000670358277,0.3296791829368835
Bakhtegan Tashk,South/Fars,terminal_lake,2026-03-21,2026,3,Sentinel-2C,3,3,1,569.7258554473036,799.9250902089132,507.2338728597633,1185.289688747953,1393.5000670358277,0.8506034799044512
Bakhtegan Tashk,South/Fars,terminal_lake,2026-03-26,2026,3,Sentinel-2A+Sentinel-2B,5,3,2,34.75573849916406,36.02387335152134,33.07283411688436,53.37993176159705,1393.5000670358277,0.0383072223984661
Bakhtegan Tashk,South/Fars,terminal_lake,2026-03-29,2026,3,Sentinel-2B,2,2,1,213.3664188834226,243.98840106789183,210.7916896524532,446.9323491334116,1393.5000670358277,0.320733585269205
Bakhtegan Tashk,South/Fars,terminal_lake,2026-03-31,2026,3,Sentinel-2C,3,3,1,233.1766719817117,278.9405671975029,223.31857904563384,311.0251953250098,1393.5000670358277,0.2232020711838592
Hamoun,Southeast/Sistan,terminal_lake,2026-03-02,2026,3,Sentinel-2C,6,6,1,0.0,0.0,0.0,0.0081847537841796,4340.16816968164,1.8858530949717104e-06
Hamoun,Southeast/Sistan,terminal_lake,2026-03-05,2026,3,Sentinel-2C,5,5,1,0.0,0.0,0.0,0.0,4340.16816968164,0.0
Hamoun,Southeast/Sistan,terminal_lake,2026-03-07,2026,3,Sentinel-2B,6,6,1,396.6246511048847,405.18899479555887,391.47841404421246,4192.1218399862255,4340.16816968164,0.965908829379511
Hamoun,Southeast/Sistan,terminal_lake,2026-03-10,2026,3,Sentinel-2B,5,5,1,0.4541189486083984,1.4738409520842908,0.4541189486083984,14.90069272376829,4340.16816968164,0.0034332758481576
Hamoun,Southeast/Sistan,terminal_lake,2026-03-12,2026,3,Sentinel-2C,6,6,1,276.4727397422403,296.01796306357505,263.60128763195064,4025.3844673047806,4340.16816968164,0.927490790351075
Hamoun,Southeast/Sistan,terminal_lake,2026-03-14,2026,3,Sentinel-2A,6,6,1,303.7210118147414,316.30227678615245,296.5187485050707,4189.911767937098,4340.16816968164,0.9653996056051792
Hamoun,Southeast/Sistan,terminal_lake,2026-03-15,2026,3,Sentinel-2C,5,5,1,14.3742958215867,16.343019120823758,14.088250911829451,428.1598604229612,4340.16816968164,0.0986525214090142
Hamoun,Southeast/Sistan,terminal_lake,2026-03-17,2026,3,Sentinel-2B,6,6,1,0.2462898832513547,4.803098099479167,0.0268901761474609,700.345158722771,4340.16816968164,0.1613668681981204
Hamoun,Southeast/Sistan,terminal_lake,2026-03-20,2026,3,Sentinel-2B,5,5,1,235.2923979165756,246.2574612505156,227.30971310304687,1268.7712907575817,4340.16816968164,0.292338209380387
Hamoun,Southeast/Sistan,terminal_lake,2026-03-22,2026,3,Sentinel-2C,6,6,1,295.2795562445296,310.5117658081072,284.9029047449244,4076.341203146905,4340.16816968164,0.93923175660754
Hamoun,Southeast/Sistan,terminal_lake,2026-03-25,2026,3,Sentinel-2C,5,5,1,0.0041822078181248,0.2347821872635186,0.0023791354675292,117.89065134466284,4340.16816968164,0.0271632422390389
Hamoun,Southeast/Sistan,terminal_lake,2026-03-27,2026,3,Sentinel-2A+Sentinel-2B,11,6,2,3.214165419947966,3.214165419947966,3.214165419947966,3.214165419947966,4340.16816968164,0.0007405774156183031
Hamoun,Southeast/Sistan,terminal_lake,2026-03-30,2026,3,Sentinel-2B,5,5,1,319.33028672328214,327.2109380534094,313.7025589457513,2772.963957141213,4340.16816968164,0.6389199722693764
Alghadir Saveh,Central plateau,reservoir,2026-05-01,2026,5,Sentinel-2A+Sentinel-2B,2,1,2,2.412456351407758,2.939044269385364,2.2375235446268715,9.25967719866897,9.260891387207032,1.0
Alghadir Saveh,Central plateau,reservoir,2026-05-04,2026,5,Sentinel-2B,1,1,1,1.626052826982326,2.382990076224772,1.1923053085021973,8.244260427928268,9.260891387207032,0.8903399385362307
Alghadir Saveh,Central plateau,reservoir,2026-05-06,2026,5,Sentinel-2C,1,1,1,1.8351217770080568,2.314426348567828,1.659367967376709,8.84189408110413,9.260891387207032,0.95488145983913
Alghadir Saveh,Central plateau,reservoir,2026-05-08,2026,5,Sentinel-2A,1,1,1,0.2088112200927734,0.4544353859822591,0.1679001415405273,2.2402552751817915,9.260891387207032,0.2419366493147101
Alghadir Saveh,Central plateau,reservoir,2026-05-09,2026,5,Sentinel-2C,1,1,1,1.258082904327393,1.480303133109059,0.5095764242248535,7.164563042719241,9.260891387207032,0.7737378840537886
Alghadir Saveh,Central plateau,reservoir,2026-05-11,2026,5,Sentinel-2B,1,1,1,2.102925449396231,2.4725885854349774,2.0138221068725586,9.25542253912307,9.260891387207032,0.9995405175089136
Alghadir Saveh,Central plateau,reservoir,2026-05-14,2026,5,Sentinel-2B,1,1,1,1.5359672533569335,1.9621735789356904,0.4794759178771973,8.524096882279231,9.260891387207032,0.9205609115082896
Alghadir Saveh,Central plateau,reservoir,2026-05-16,2026,5,Sentinel-2C,1,1,1,0.0,0.0,0.0,0.0,9.260891387207032,0.0
Alghadir Saveh,Central plateau,reservoir,2026-05-19,2026,5,Sentinel-2C,1,1,1,0.0029456086120605,0.0045820595397949,0.0013091576538085,0.0893492922058105,9.260891387207032,0.0096492880139119
Alghadir Saveh,Central plateau,reservoir,2026-05-21,2026,5,Sentinel-2A+Sentinel-2B,2,1,2,2.048760125769761,2.385207432454308,1.2717739513312845,9.259677198668973,9.260891387207032,1.0000000000000002
Alghadir Saveh,Central plateau,reservoir,2026-05-24,2026,5,Sentinel-2B,1,1,1,1.413569126647949,1.86563138324202,0.4048618147583008,8.316364227719543,9.260891387207032,0.8981267974346857
Alghadir Saveh,Central plateau,reservoir,2026-05-26,2026,5,Sentinel-2C,1,1,1,1.8334047180854347,2.1971803905261464,1.760091591040757,8.879041446807394,9.260891387207032,0.9588931942555956
Alghadir Saveh,Central plateau,reservoir,2026-05-28,2026,5,Sentinel-2A,1,1,1,1.8245659420539408,2.2754020834916653,1.5545532470160988,8.997597413613374,9.260891387207032,0.9716966607547326
Alghadir Saveh,Central plateau,reservoir,2026-05-29,2026,5,Sentinel-2C,1,1,1,0.6755101161804199,0.9922241775382248,0.1109471295776367,2.699694784353218,9.260891387207032,0.2915538767097934
Alghadir Saveh,Central plateau,reservoir,2026-05-31,2026,5,Sentinel-2B,1,1,1,2.0850897166511086,2.5094980879367004,1.9865759852363136,9.255095139129176,9.260891387207032,0.9995051599055254
Amir Kabir,Central plateau,reservoir,2026-05-01,2026,5,Sentinel-2B,2,2,1,2.3765927670668656,2.5575309382032203,2.2141409032145183,5.016776115864235,5.081598074951172,0.98749706288059
Amir Kabir,Central plateau,reservoir,2026-05-06,2026,5,Sentinel-2C,2,2,1,2.3323127556090117,2.52254112630699,2.183168315496826,4.655175357107009,5.081598074951172,0.9163199405691153
Amir Kabir,Central plateau,reservoir,2026-05-08,2026,5,Sentinel-2A,2,2,1,1.414025603385776,1.5503340920065487,1.3072654575596228,2.65368690939391,5.081598074951172,0.5223490082693723
Amir Kabir,Central plateau,reservoir,2026-05-11,2026,5,Sentinel-2B,2,2,1,2.603738025618729,2.8029219490556305,2.447601797861376,5.08029472131288,5.081598074951172,0.9999999999999998
Amir Kabir,Central plateau,reservoir,2026-05-16,2026,5,Sentinel-2C,2,2,1,0.0,0.0,0.0,0.0,5.081598074951172,0.0
Amir Kabir,Central plateau,reservoir,2026-05-21,2026,5,Sentinel-2B,2,2,1,2.773351883095655,2.974288247979856,2.6014485528114464,5.077311631360822,5.081598074951172,0.9994128116348164
Amir Kabir,Central plateau,reservoir,2026-05-26,2026,5,Sentinel-2C,2,2,1,2.8950262890207323,3.0781966715235094,2.750418515053663,5.08029472131288,5.081598074951172,0.9999999999999998
Amir Kabir,Central plateau,reservoir,2026-05-28,2026,5,Sentinel-2A,2,2,1,1.9276675248366413,2.1262269037810686,1.62570057217862,2.8687882166235883,5.081598074951172,0.5646893288667746
Amir Kabir,Central plateau,reservoir,2026-05-31,2026,5,Sentinel-2B,2,2,1,3.011535619776468,3.2091493154338764,2.863217619001082,5.08029472131288,5.081598074951172,0.9999999999999998
Lar,Central plateau,reservoir,2026-05-01,2026,5,Sentinel-2B,1,1,1,2.5138571336795583,2.6305771603214043,2.432863882373286,8.013840465558225,12.64737049447213,0.633713422505529
Lar,Central plateau,reservoir,2026-05-06,2026,5,Sentinel-2C,1,1,1,1.9906308304426603,2.162445356345861,1.882836265727922,9.72772131291312,12.64737049447213,0.7692426113147912
Lar,Central plateau,reservoir,2026-05-08,2026,5,Sentinel-2A,1,1,1,0.7964286916085038,0.9555072434275907,0.710744393371582,1.8891873285944916,12.64737049447213,0.1493919641778516
Lar,Central plateau,reservoir,2026-05-11,2026,5,Sentinel-2B,1,1,1,3.600884760520187,3.8217740453956752,3.4574922121887206,11.35229161673501,12.64737049447213,0.8977093572851458
Lar,Central plateau,reservoir,2026-05-16,2026,5,Sentinel-2C,1,1,1,0.0,0.0,0.0,0.0,12.64737049447213,0.0
Lar,Central plateau,reservoir,2026-05-21,2026,5,Sentinel-2B,1,1,1,4.611237126428343,4.788890681254907,4.46477821907971,12.155676427564572,12.64737049447213,0.96123891471118
Lar,Central plateau,reservoir,2026-05-26,2026,5,Sentinel-2C,1,1,1,4.867750484581562,5.05505802153787,4.70692971618054,12.621270018524902,12.64737049447213,0.9980568310762716
Lar,Central plateau,reservoir,2026-05-28,2026,5,Sentinel-2A,1,1,1,4.678820692773558,5.031611102193556,4.397202110345579,12.41792050921704,12.64737049447213,0.9819764868190904
Lar,Central plateau,reservoir,2026-05-31,2026,5,Sentinel-2B,1,1,1,4.8402969977450505,5.055987244783887,4.683011941674924,12.28569382788159,12.64737049447213,0.9715203486995754
Latyan,Central plateau,reservoir,2026-05-01,2026,5,Sentinel-2B,1,1,1,2.5442800327642705,2.699567415453981,2.4199752614340397,3.9420972013477984,4.358842198974609,0.9045687354292066
Latyan,Central plateau,reservoir,2026-05-06,2026,5,Sentinel-2C,1,1,1,2.844843606861548,3.0020663471510938,2.65247834577876,4.357985244180833,4.358842198974609,1.0
Latyan,Central plateau,reservoir,2026-05-08,2026,5,Sentinel-2A,1,1,1,0.2030565791545793,0.245223330611644,0.0782558816125009,0.2549335062124215,4.358842198974609,0.0584980195958284
Latyan,Central plateau,reservoir,2026-05-11,2026,5,Sentinel-2B,1,1,1,2.4449941721065747,2.575505574640969,2.3368002917971147,3.665017110391177,4.358842198974609,0.8409888756014106
Latyan,Central plateau,reservoir,2026-05-16,2026,5,Sentinel-2C,1,1,1,0.0,0.0,0.0,0.0,4.358842198974609,0.0
Latyan,Central plateau,reservoir,2026-05-21,2026,5,Sentinel-2B,1,1,1,2.88312524010656,3.042048106583658,2.723373881836057,4.357985244180833,4.358842198974609,1.0
Latyan,Central plateau,reservoir,2026-05-26,2026,5,Sentinel-2C,1,1,1,2.93264219652315,3.0771618291761205,2.7881968733498965,4.357985244180833,4.358842198974609,1.0
Latyan,Central plateau,reservoir,2026-05-28,2026,5,Sentinel-2A,1,1,1,1.7805819422607418,2.140338020469756,0.1693040407104492,2.9713956273870687,4.358842198974609,0.6818278311875284
Latyan,Central plateau,reservoir,2026-05-31,2026,5,Sentinel-2B,1,1,1,2.8586032955427583,3.0394579705872773,2.660336691457711,4.357985244180833,4.358842198974609,1.0
Taleghan,Central plateau,reservoir,2026-05-01,2026,5,Sentinel-2B,1,1,1,7.41052155229959,7.789438665951957,7.176671863602103,13.234184889521464,13.23563932763672,1.0000000000000002
Taleghan,Central plateau,reservoir,2026-05-06,2026,5,Sentinel-2C,1,1,1,2.5689059609729243,2.5771169141997694,2.5361995522460936,2.6348465432297647,13.23563932763672,0.1990939801147843
Taleghan,Central plateau,reservoir,2026-05-08,2026,5,Sentinel-2A,1,1,1,7.125518042560174,7.543991068189434,6.879584931934311,11.889026957381429,13.23563932763672,0.8983573266227299
Taleghan,Central plateau,reservoir,2026-05-11,2026,5,Sentinel-2B,1,1,1,6.181833279983939,6.495333128460693,5.982704833757468,10.22796830529473,13.23563932763672,0.7728445983396387
Taleghan,Central plateau,reservoir,2026-05-16,2026,5,Sentinel-2C,1,1,1,0.0,0.0,0.0,0.0,13.23563932763672,0.0
Taleghan,Central plateau,reservoir,2026-05-21,2026,5,Sentinel-2B,1,1,1,8.91538484905611,9.257318772483318,8.687503998256549,13.232573862025124,13.23563932763672,0.9998782677203178
Taleghan,Central plateau,reservoir,2026-05-26,2026,5,Sentinel-2C,1,1,1,8.421764417685955,8.740174880609011,8.197018118862019,12.44072998873985,13.23563932763672,0.94004504943785
Taleghan,Central plateau,reservoir,2026-05-28,2026,5,Sentinel-2A,1,1,1,1.0380061725179035,1.062705453053553,0.9949201964675006,1.0676948107418285,13.23563932763672,0.080677035998432
Taleghan,Central plateau,reservoir,2026-05-31,2026,5,Sentinel-2B,1,1,1,9.317852938580922,9.650917403743607,9.10383103846986,13.234184889521464,13.23563932763672,1.0000000000000002
Zayandeh Rud,Central plateau,reservoir,2026-05-01,2026,5,Sentinel-2B,1,1,1,21.811024247374416,22.675406029216926,21.254432214934468,49.88220581098007,49.88648067777483,1.0
Zayandeh Rud,Central plateau,reservoir,2026-05-06,2026,5,Sentinel-2C,1,1,1,21.2273516358718,22.199386107720464,20.443232665127503,47.12858575117162,49.88648067777483,0.9447975482430988
Zayandeh Rud,Central plateau,reservoir,2026-05-08,2026,5,Sentinel-2A,1,1,1,13.54003512742226,14.392650736057291,13.138063970427988,26.232298631128156,49.88648067777483,0.5258848963201603
Zayandeh Rud,Central plateau,reservoir,2026-05-11,2026,5,Sentinel-2B,1,1,1,23.89282057623279,24.763234788523476,23.30653345439058,49.880863607733005,49.88648067777483,0.99997309254422
Zayandeh Rud,Central plateau,reservoir,2026-05-16,2026,5,Sentinel-2C,1,1,1,20.365021491737878,21.369878775633204,19.543509471023143,41.41275538352466,49.88648067777483,0.8302109882720722
Zayandeh Rud,Central plateau,reservoir,2026-05-21,2026,5,Sentinel-2B,1,1,1,24.54470497895137,25.431694029165712,23.90524373139804,43.77745769334354,49.88648067777483,0.8776167168555175
Zayandeh Rud,Central plateau,reservoir,2026-05-26,2026,5,Sentinel-2C,1,1,1,13.611519916370826,14.28018134086136,12.858181981399952,23.196462226428096,49.88648067777483,0.4650247888861822
Zayandeh Rud,Central plateau,reservoir,2026-05-28,2026,5,Sentinel-2A,1,1,1,26.56968029562139,27.606245706229057,25.874216313891605,49.87583043350814,49.88648067777483,0.9998721913482318
Zayandeh Rud,Central plateau,reservoir,2026-05-31,2026,5,Sentinel-2B,1,1,1,27.18916029944864,28.081412428856336,26.54080098857709,49.854019818853615,49.88648067777483,0.9994349489628976
Doosti,East/Khorasan,reservoir,2026-05-04,2026,5,Sentinel-2C,1,1,1,9.95003775268028,10.236763544869577,9.78525555065918,45.31314508444968,45.31783526763916,1.0
Doosti,East/Khorasan,reservoir,2026-05-06,2026,5,Sentinel-2A,1,1,1,9.85997418521118,10.151199796605848,9.650157772369385,45.31314508444969,45.31783526763916,1.0
Doosti,East/Khorasan,reservoir,2026-05-09,2026,5,Sentinel-2B,1,1,1,0.6080385532531738,0.7490118182392196,0.4260373327636719,21.285987204718737,45.31783526763916,0.4697530300544851
Doosti,East/Khorasan,reservoir,2026-05-14,2026,5,Sentinel-2C,1,1,1,0.0,0.0,0.0,0.0,45.31783526763916,0.0
Doosti,East/Khorasan,reservoir,2026-05-19,2026,5,Sentinel-2B,1,1,1,9.734912947509766,9.992236808625464,9.227507234100342,44.68034432776335,45.31783526763916,0.9860349407328272
Doosti,East/Khorasan,reservoir,2026-05-24,2026,5,Sentinel-2C,1,1,1,9.819575860742068,10.242177374297617,9.5851389798511,45.31088247565452,45.31783526763916,0.99995006727538
Doosti,East/Khorasan,reservoir,2026-05-26,2026,5,Sentinel-2A,1,1,1,5.939726195861817,6.493298734640803,2.084354619384765,41.68113940299215,45.31783526763916,0.9198465329500172
Doosti,East/Khorasan,reservoir,2026-05-29,2026,5,Sentinel-2B,1,1,1,9.589426363223566,9.853072095757938,9.396916810205916,45.3050646233901,45.31783526763916,0.9998216751222072
Sefid Rud,North/Caspian,reservoir,2026-05-01,2026,5,Sentinel-2A,1,1,1,45.919891960305016,46.99819813225445,45.18742728097271,56.23889073892106,56.46360895604918,0.9961068105579056
Sefid Rud,North/Caspian,reservoir,2026-05-04,2026,5,Sentinel-2B,1,1,1,20.117142305356605,21.83179066724566,16.27428903374598,27.798859523035027,56.46360895604918,0.4923751683721228
Sefid Rud,North/Caspian,reservoir,2026-05-09,2026,5,Sentinel-2C,1,1,1,47.008932871529616,48.13081203448498,46.18875465738922,56.37165551861874,56.46360895604918,0.9984583487821036
Sefid Rud,North/Caspian,reservoir,2026-05-14,2026,5,Sentinel-2B,1,1,1,38.96046673167234,40.4656407117232,33.44531919422452,48.08515891621418,56.46360895604918,0.8516873937922741
Sefid Rud,North/Caspian,reservoir,2026-05-19,2026,5,Sentinel-2C,1,1,1,27.234060204493737,32.20184996151254,18.97291493705313,39.44477029408249,56.46360895604918,0.6986482808352332
Sefid Rud,North/Caspian,reservoir,2026-05-21,2026,5,Sentinel-2A,1,1,1,46.626769886186295,48.00934561916456,45.04339128058866,56.45549568652237,56.46360895604918,0.9999433311697332
Sefid Rud,North/Caspian,reservoir,2026-05-24,2026,5,Sentinel-2B,1,1,1,45.23894767026009,47.11860934799123,42.28572973055493,55.89477233263408,56.46360895604918,0.9900117634537212
Sefid Rud,North/Caspian,reservoir,2026-05-29,2026,5,Sentinel-2C,1,1,1,2.611868506189683,3.765578963354132,1.5416897097889617,7.426997266931992,56.46360895604918,0.1315474480805493
Shahid Rajaei,North/Caspian,reservoir,2026-05-03,2026,5,Sentinel-2C,2,2,1,3.301495378527593,3.405930972203035,3.211774348558853,4.58782514351052,4.5897947099609375,0.9997895261378862
Shahid Rajaei,North/Caspian,reservoir,2026-05-05,2026,5,Sentinel-2A,2,2,1,0.0,0.0,0.0,0.0,4.5897947099609375,0.0
Shahid Rajaei,North/Caspian,reservoir,2026-05-08,2026,5,Sentinel-2B,2,2,1,0.0,0.0,0.0,0.0,4.5897947099609375,0.0
Shahid Rajaei,North/Caspian,reservoir,2026-05-13,2026,5,Sentinel-2C,2,2,1,0.0,0.0,0.0,0.0,4.5897947099609375,0.0
Shahid Rajaei,North/Caspian,reservoir,2026-05-18,2026,5,Sentinel-2B,2,2,1,3.1001385538717834,3.2204343702963443,3.002767631430353,4.587504384914137,4.5897947099609375,0.999719625678507
Shahid Rajaei,North/Caspian,reservoir,2026-05-23,2026,5,Sentinel-2C,2,2,1,0.996815275519397,1.0836462738302788,0.8623361505421356,1.3296829803949104,4.5897947099609375,0.2897676078093518
Shahid Rajaei,North/Caspian,reservoir,2026-05-25,2026,5,Sentinel-2A,2,2,1,2.9750805568967333,3.109785482206697,2.850351445586081,4.588790964067161,4.5897947099609375,1.0
Shahid Rajaei,North/Caspian,reservoir,2026-05-28,2026,5,Sentinel-2B,2,2,1,3.005570867238124,3.1269159985785997,2.898869040846522,4.588790964067161,4.5897947099609375,1.0
Aras,Northwest,reservoir,2026-05-05,2026,5,Sentinel-2C,1,1,1,116.55416522763709,117.51497110808867,115.58113400882642,124.6341531437118,125.22289566721524,0.9953261674566204
Aras,Northwest,reservoir,2026-05-07,2026,5,Sentinel-2A,1,1,1,115.14781309687224,116.15516141008048,114.21661300139338,122.20969572742332,125.22289566721524,0.9759644929280208
Aras,Northwest,reservoir,2026-05-10,2026,5,Sentinel-2B,1,1,1,114.3212316825693,115.35733590550248,113.3973413316872,121.84420602498685,125.22289566721524,0.9730456985558916
Aras,Northwest,reservoir,2026-05-15,2026,5,Sentinel-2C,1,1,1,0.0,0.0,0.0,0.0,125.22289566721524,0.0
Aras,Northwest,reservoir,2026-05-17,2026,5,Sentinel-2A,1,1,1,94.01770314119656,95.18018964009087,92.08802620512589,101.04746234830708,125.22289566721524,0.8069632672385353
Aras,Northwest,reservoir,2026-05-20,2026,5,Sentinel-2B,1,1,1,84.57512636631672,85.51664196351521,83.51150342459154,91.10900236946551,125.22289566721524,0.7275948996470678
Aras,Northwest,reservoir,2026-05-25,2026,5,Sentinel-2C,1,1,1,117.78839951834048,118.66971708754956,116.8683718965826,125.1766706566952,125.22289566721524,0.9996587028279904
Aras,Northwest,reservoir,2026-05-27,2026,5,Sentinel-2A,1,1,1,118.86615263166468,119.71128279864108,118.00219728206704,125.13121408586387,125.22289566721524,0.9992956874482568
Aras,Northwest,reservoir,2026-05-30,2026,5,Sentinel-2B,1,1,1,5.465435613180003,5.664411436863439,5.146594761779785,5.819938671443325,125.22289566721524,0.0464779284535341
Mahabad,Northwest,reservoir,2026-05-02,2026,5,Sentinel-2C,1,1,1,3.024334059553797,3.123964088817402,2.9217251374859976,3.9336793678633137,12.299407725402832,0.3198819427523189
Mahabad,Northwest,reservoir,2026-05-04,2026,5,Sentinel-2A,1,1,1,8.074603668675323,8.344652205512913,7.75588033570904,9.679969889983663,12.299407725402832,0.7871631835295836
Mahabad,Northwest,reservoir,2026-05-05,2026,5,Sentinel-2C,1,1,1,0.0813717778472301,0.1270015047940123,0.0383723766997692,0.1905563092362946,12.299407725402832,0.0154958034709695
Mahabad,Northwest,reservoir,2026-05-07,2026,5,Sentinel-2A+Sentinel-2B,2,1,2,10.221146217010023,10.482178211439663,9.99500204861343,12.29728484833268,12.299407725402832,1.0
Mahabad,Northwest,reservoir,2026-05-10,2026,5,Sentinel-2B,1,1,1,10.088030755218984,10.325197232969517,9.904355639620317,12.224900792027746,12.299407725402832,0.9941138180340072
Mahabad,Northwest,reservoir,2026-05-12,2026,5,Sentinel-2C,1,1,1,0.0,0.0,0.0,0.0,12.299407725402832,0.0
Mahabad,Northwest,reservoir,2026-05-14,2026,5,Sentinel-2A,1,1,1,0.6232959608977672,0.7776810614583332,0.5583714778426825,1.3433070877479698,12.299407725402832,0.1092360715650253
Mahabad,Northwest,reservoir,2026-05-15,2026,5,Sentinel-2C,1,1,1,2.097791513199989,2.200451816826555,1.9796022730262908,3.430431558363137,12.299407725402832,0.2789584530790348
Mahabad,Northwest,reservoir,2026-05-17,2026,5,Sentinel-2A+Sentinel-2B,2,1,2,4.7495030386697215,4.861743213020234,4.655477112505745,5.6311763900728105,12.299407725402832,0.4579203018816231
Mahabad,Northwest,reservoir,2026-05-20,2026,5,Sentinel-2B,1,1,1,0.0,0.0006389979574764476,0.0,0.0015993774435604,12.299407725402832,0.00013005939630464708
Mahabad,Northwest,reservoir,2026-05-22,2026,5,Sentinel-2C,1,1,1,0.9521958461136164,1.0123185064418418,0.912521120704202,1.5448685793796906,12.299407725402832,0.1256268028620277
Mahabad,Northwest,reservoir,2026-05-24,2026,5,Sentinel-2A,1,1,1,0.0,0.0,0.0,0.0,12.299407725402832,0.0
Mahabad,Northwest,reservoir,2026-05-25,2026,5,Sentinel-2C,1,1,1,7.855639817505839,8.054916765464036,7.589209013038905,9.994932670074109,12.299407725402832,0.8127755673992755
Mahabad,Northwest,reservoir,2026-05-27,2026,5,Sentinel-2A+Sentinel-2B,2,1,2,10.06195354509684,10.30710418577163,9.74310949225057,12.297284848332678,12.299407725402832,1.0
Mahabad,Northwest,reservoir,2026-05-30,2026,5,Sentinel-2B,1,1,1,2.1237426017265766,2.2580094850722374,1.9951881763960293,3.8287361413550265,12.299407725402832,0.3113480893202326
Zarrineh Rud,Northwest,reservoir,2026-05-02,2026,5,Sentinel-2C,1,1,1,30.413143272102264,30.84385590912978,30.016524327228613,34.62243468073947,52.116735656604725,0.6643907091960618
Zarrineh Rud,Northwest,reservoir,2026-05-04,2026,5,Sentinel-2A,1,1,1,2.6808697786691704,6.393527225998463,0.253470724609375,8.917659140831335,52.116735656604725,0.1711263212879034
Zarrineh Rud,Northwest,reservoir,2026-05-07,2026,5,Sentinel-2B,1,1,1,45.6893878388672,46.32001453629054,45.157570822405646,51.95832062986845,52.116735656604725,0.9970594445548502
Zarrineh Rud,Northwest,reservoir,2026-05-12,2026,5,Sentinel-2C,1,1,1,6.411125061765064,8.887997759779028,2.3122218648009056,14.30196488478429,52.116735656604725,0.274449000491148
Zarrineh Rud,Northwest,reservoir,2026-05-14,2026,5,Sentinel-2A,1,1,1,44.77575992331757,45.573033498251526,43.50840670952123,50.81839348143898,52.116735656604725,0.975184697340778
Zarrineh Rud,Northwest,reservoir,2026-05-17,2026,5,Sentinel-2B,1,1,1,5.051442943713977,5.131183918758139,4.938993218952014,5.386094831468051,52.116735656604725,0.1033570110789179
Zarrineh Rud,Northwest,reservoir,2026-05-22,2026,5,Sentinel-2C,1,1,1,10.732432219260902,11.20508269100653,10.075311628518495,12.680578406491623,52.116735656604725,0.2433352408111266
Zarrineh Rud,Northwest,reservoir,2026-05-24,2026,5,Sentinel-2A,1,1,1,11.151107592066626,12.149109304467654,9.414694162190637,14.556205593063412,52.116735656604725,0.2793277782558453
Zarrineh Rud,Northwest,reservoir,2026-05-27,2026,5,Sentinel-2B,1,1,1,46.14794897753465,46.73012778966687,45.64697837726212,52.107380719045615,52.116735656604725,0.9999198481998988
Esteghlal Minab,South coast,reservoir,2026-05-02,2026,5,Sentinel-2B,1,1,1,14.386566929594988,15.137817718005374,13.603722537278236,21.001310253753083,21.00316920198089,1.0
Esteghlal Minab,South coast,reservoir,2026-05-07,2026,5,Sentinel-2C,1,1,1,13.990149725484336,14.831083762171607,8.676211357936126,20.951325780150786,21.00316920198089,0.9976199354707708
Esteghlal Minab,South coast,reservoir,2026-05-09,2026,5,Sentinel-2A,1,1,1,13.989019789556048,14.82986312327845,11.417708730382104,21.00131025375308,21.00316920198089,0.9999999999999996
Esteghlal Minab,South coast,reservoir,2026-05-12,2026,5,Sentinel-2B,1,1,1,13.74054135134864,14.454848921228386,12.62155307637018,20.630565261626604,21.00316920198089,0.9823465780159968
Esteghlal Minab,South coast,reservoir,2026-05-17,2026,5,Sentinel-2C,1,1,1,13.591296131117398,14.494097083476944,10.756504800627704,20.987839689391507,21.00316920198089,0.9993585845740665
Esteghlal Minab,South coast,reservoir,2026-05-22,2026,5,Sentinel-2B,1,1,1,12.09253697865086,14.06939529018842,4.688292256970215,20.985714343718897,21.00316920198089,0.9992573839514894
Esteghlal Minab,South coast,reservoir,2026-05-27,2026,5,Sentinel-2C,1,1,1,12.568470185877302,14.309255539350204,2.028784557198079,21.00131025375308,21.00316920198089,0.9999999999999996
Esteghlal Minab,South coast,reservoir,2026-05-29,2026,5,Sentinel-2A,1,1,1,11.776028647964058,13.297881902379414,8.997756014950742,20.21525611389101,21.00316920198089,0.9625711857801064
Doroudzan,South/Fars,reservoir,2026-05-03,2026,5,Sentinel-2C,1,1,1,35.954928401055554,36.917528628664265,35.131489965837424,59.90914775870652,61.15372953393555,0.9797229675291932
Doroudzan,South/Fars,reservoir,2026-05-05,2026,5,Sentinel-2A,1,1,1,35.548597328808,36.51485489594703,34.69698597475204,59.647412742421245,61.15372953393555,0.9754426895340178
Doroudzan,South/Fars,reservoir,2026-05-08,2026,5,Sentinel-2B,1,1,1,25.18286145337524,29.019453034866142,23.581681288162887,55.657861376754944,61.15372953393555,0.9101996465379222
Doroudzan,South/Fars,reservoir,2026-05-13,2026,5,Sentinel-2C,1,1,1,32.718356022134216,33.611975189852004,31.786340489415068,58.577077683504136,61.15372953393555,0.9579389880225836
Doroudzan,South/Fars,reservoir,2026-05-15,2026,5,Sentinel-2A,1,1,1,35.31772820366342,36.10697587511058,34.81710895206802,61.10807264634079,61.15372953393555,0.999329560056408
Doroudzan,South/Fars,reservoir,2026-05-18,2026,5,Sentinel-2B,1,1,1,34.48401286437163,35.23243816437282,34.04103011191286,60.20852933124751,61.15372953393555,0.9846188976775369
Doroudzan,South/Fars,reservoir,2026-05-23,2026,5,Sentinel-2C,1,1,1,34.90150777193975,35.65726134102568,34.411589138668404,60.61999536716597,61.15372953393555,0.991347798702321
Doroudzan,South/Fars,reservoir,2026-05-25,2026,5,Sentinel-2A,1,1,1,35.154532797150495,36.03178057820495,34.42267904036351,60.9268947127165,61.15372953393555,0.9963666705909108
Doroudzan,South/Fars,reservoir,2026-05-28,2026,5,Sentinel-2B,1,1,1,35.52695003234097,36.47172555940229,34.792248989539296,61.14132012154974,61.15372953393555,0.9998732719316922
Jiroft,Southeast,reservoir,2026-05-02,2026,5,Sentinel-2B,2,2,1,5.93195835611297,6.4632586191642005,5.676345350209314,10.872695778586474,11.041644844337853,0.9848253314680716
Jiroft,Southeast,reservoir,2026-05-07,2026,5,Sentinel-2C,2,2,1,4.343184998128016,5.013888116436887,2.9156771134643558,9.266813819084978,11.041644844337853,0.8393680074271093
Jiroft,Southeast,reservoir,2026-05-09,2026,5,Sentinel-2A,2,2,1,5.784531066986084,6.374181716603715,5.409335584197998,11.039180619772996,11.041644844337853,0.9999051692787496
Jiroft,Southeast,reservoir,2026-05-12,2026,5,Sentinel-2B,2,2,1,5.544414194722254,6.010162338553753,5.159435487304688,10.690156254935356,11.041644844337853,0.9682912951493337
Jiroft,Southeast,reservoir,2026-05-17,2026,5,Sentinel-2C,2,2,1,4.556985445414106,4.990200367588417,3.129574112915039,9.737722117850398,11.041644844337853,0.8820218653908434
Jiroft,Southeast,reservoir,2026-05-22,2026,5,Sentinel-2B,2,2,1,1.0316189910583495,4.482596341870117,0.191938184967041,10.757543287985888,11.041644844337853,0.9743950672507607
Jiroft,Southeast,reservoir,2026-05-27,2026,5,Sentinel-2C,2,2,1,4.867635726257324,5.402412339116833,2.52395537298584,10.225239940573784,11.041644844337853,0.9261801782083264
Jiroft,Southeast,reservoir,2026-05-29,2026,5,Sentinel-2A,2,2,1,5.053382183166504,5.598634980612959,3.241271985900879,10.457756568717096,11.041644844337853,0.9472410328524952
Chah Nimeh,Southeast/Sistan,reservoir,2026-05-01,2026,5,Sentinel-2C,2,2,1,19.426513836372884,21.225718829297595,18.37042692368008,138.27009640454983,151.5505163472185,0.9124463890348798
Chah Nimeh,Southeast/Sistan,reservoir,2026-05-04,2026,5,Sentinel-2C,1,1,1,0.0594186325281479,0.1146383370559991,0.0244519897213206,0.6864311348686661,151.5505163472185,0.0045297691013356
Chah Nimeh,Southeast/Sistan,reservoir,2026-05-06,2026,5,Sentinel-2A+Sentinel-2B,3,2,2,34.26387530143612,35.909887098379095,33.18416965930236,151.07118441607145,151.5505163472185,0.9969209561000276
Chah Nimeh,Southeast/Sistan,reservoir,2026-05-09,2026,5,Sentinel-2B,1,1,1,0.0493322951603908,0.1293508038000967,0.0075242198791503,0.9895015094924022,151.5505163472185,0.0065297349373309
Chah Nimeh,Southeast/Sistan,reservoir,2026-05-11,2026,5,Sentinel-2C,2,2,1,30.849213549655328,32.55266404117026,29.66304657282931,141.99618997671993,151.5505163472185,0.937034935029564
Chah Nimeh,Southeast/Sistan,reservoir,2026-05-13,2026,5,Sentinel-2A,2,2,1,0.0,0.0,0.0,0.0,151.5505163472185,0.0
Chah Nimeh,Southeast/Sistan,reservoir,2026-05-14,2026,5,Sentinel-2C,1,1,1,0.1938751135550704,0.250515060295075,0.1459633332633224,0.870019493790091,151.5505163472185,0.0057412713677156
Chah Nimeh,Southeast/Sistan,reservoir,2026-05-16,2026,5,Sentinel-2B,2,2,1,42.2707120281658,43.8393483321836,41.06503576435236,151.03815984066708,151.5505163472185,0.9967030264437918
Chah Nimeh,Southeast/Sistan,reservoir,2026-05-19,2026,5,Sentinel-2B,1,1,1,0.0855833481387867,0.1845444620168648,0.0333440421087526,1.1276269287261351,151.5505163472185,0.0074412265995989
Chah Nimeh,Southeast/Sistan,reservoir,2026-05-21,2026,5,Sentinel-2C,2,2,1,13.7144579464377,16.48070683081378,9.931355979552263,122.67869225422106,151.5505163472185,0.8095584849480291
Chah Nimeh,Southeast/Sistan,reservoir,2026-05-24,2026,5,Sentinel-2C,1,1,1,0.1164414191834692,0.1806845828780829,0.0477035819088206,1.0295840504779885,151.5505163472185,0.0067942402116936
Chah Nimeh,Southeast/Sistan,reservoir,2026-05-26,2026,5,Sentinel-2A+Sentinel-2B,3,2,2,40.33141354202892,42.3271271389755,38.66416864303697,146.705174098409,151.5505163472185,0.9681095901399974
Chah Nimeh,Southeast/Sistan,reservoir,2026-05-29,2026,5,Sentinel-2B,1,1,1,0.1916145278602749,0.2757457975556018,0.1019306297305836,1.5644614297140675,151.5505163472185,0.0103239038624115
Chah Nimeh,Southeast/Sistan,reservoir,2026-05-31,2026,5,Sentinel-2C,2,2,1,44.59461853488818,46.47927000359318,43.332464294911695,150.35450776696064,151.5505163472185,0.9921915964077228
Kowsar,Zagros/south,reservoir,2026-05-01,2026,5,Sentinel-2B,2,2,1,14.305713441175277,14.894066013227752,13.812765781406776,19.00655210071004,19.01026299145508,0.9999638905571736
Kowsar,Zagros/south,reservoir,2026-05-03,2026,5,Sentinel-2C,1,1,1,0.2596007006540336,0.2794098143595377,0.2441650329623353,0.5967416079728685,19.01026299145508,0.031395492291503
Kowsar,Zagros/south,reservoir,2026-05-05,2026,5,Sentinel-2A,1,1,1,0.0,0.0,0.0,0.0,19.01026299145508,0.0
Kowsar,Zagros/south,reservoir,2026-05-06,2026,5,Sentinel-2C,2,2,1,11.180791469992728,14.415463997810749,1.2744977172292669,19.00501121113856,19.01026299145508,0.9998828219907836
Kowsar,Zagros/south,reservoir,2026-05-08,2026,5,Sentinel-2A+Sentinel-2B,3,2,2,0.0,0.0,0.0,0.0,19.01026299145508,0.0
Kowsar,Zagros/south,reservoir,2026-05-11,2026,5,Sentinel-2B,2,2,1,14.316260916204596,14.889869071462352,13.629697877908985,19.003464815901214,19.01026299145508,0.999801463762859
Kowsar,Zagros/south,reservoir,2026-05-13,2026,5,Sentinel-2C,1,1,1,0.0554877263522279,0.0674927848825492,0.0458824974398743,0.2342146280554674,19.01026299145508,0.0123223912182892
Kowsar,Zagros/south,reservoir,2026-05-15,2026,5,Sentinel-2A,1,1,1,0.0,0.0,0.0,0.0,19.01026299145508,0.0
Kowsar,Zagros/south,reservoir,2026-05-16,2026,5,Sentinel-2C,2,2,1,11.58485585991498,13.87309492187476,7.396356480558627,18.996775703174787,19.01026299145508,0.9994495392711968
Kowsar,Zagros/south,reservoir,2026-05-18,2026,5,Sentinel-2A+Sentinel-2B,3,2,2,13.52121674554527,14.445428121189488,11.40505401685468,18.86653472445882,19.01026299145508,0.9925973613960772
Kowsar,Zagros/south,reservoir,2026-05-21,2026,5,Sentinel-2B,2,2,1,11.765844458295396,13.40872319076514,9.03375733703326,18.06386292880537,19.01026299145508,0.9503675657251331
Kowsar,Zagros/south,reservoir,2026-05-23,2026,5,Sentinel-2C,1,1,1,0.0,0.0,0.0,0.0,19.01026299145508,0.0
Kowsar,Zagros/south,reservoir,2026-05-25,2026,5,Sentinel-2A,1,1,1,0.0,0.0,0.0,0.0,19.01026299145508,0.0
Kowsar,Zagros/south,reservoir,2026-05-26,2026,5,Sentinel-2C,2,2,1,6.893738097701366,11.468286414100794,1.9406224888084265,18.80421503223422,19.01026299145508,0.9893186266963256
Kowsar,Zagros/south,reservoir,2026-05-28,2026,5,Sentinel-2A,2,2,1,12.564211729523546,13.771720733500045,9.367650960703529,18.195940182129995,19.01026299145508,0.9573163528270118
Kowsar,Zagros/south,reservoir,2026-05-31,2026,5,Sentinel-2B,2,2,1,13.331250747491335,14.297400237812717,5.865420858516081,18.54312616680873,19.01026299145508,0.9755823405846388
Marun,Zagros/south,reservoir,2026-05-01,2026,5,Sentinel-2B,2,2,1,16.44134386312112,17.064537287955012,15.98329932993224,20.38156278900686,20.38903181505917,0.9997604827999224
Marun,Zagros/south,reservoir,2026-05-06,2026,5,Sentinel-2C,2,2,1,3.31739383497877,12.76456807067979,0.1098863057562136,19.89250340787641,20.38903181505917,0.9757710444993164
Marun,Zagros/south,reservoir,2026-05-08,2026,5,Sentinel-2A,2,2,1,0.1395545643594181,0.2040283326143154,0.0952785977188409,0.2179643631699507,20.38903181505917,0.0106916314127541
Marun,Zagros/south,reservoir,2026-05-11,2026,5,Sentinel-2B,2,2,1,16.86103332529548,17.39755247580423,16.423033456800276,20.385932254596437,20.38903181505917,0.999974814697463
Marun,Zagros/south,reservoir,2026-05-16,2026,5,Sentinel-2C,2,2,1,11.18023003887736,14.371527415622248,4.382287061727246,19.904566649896125,20.38903181505917,0.9763627730527452
Marun,Zagros/south,reservoir,2026-05-18,2026,5,Sentinel-2A,2,2,1,16.259632586433803,17.165204804731783,14.84134450801607,20.10685264588301,20.38903181505917,0.9862853460715616
Marun,Zagros/south,reservoir,2026-05-21,2026,5,Sentinel-2B,2,2,1,14.286128001043824,15.965598522833853,8.046784034219181,18.797219590537285,20.38903181505917,0.922044964249154
Marun,Zagros/south,reservoir,2026-05-26,2026,5,Sentinel-2C,2,2,1,4.58044986919424,12.58706497019151,0.3147445958159802,20.38027596042768,20.38903181505917,0.999697361027813
Marun,Zagros/south,reservoir,2026-05-28,2026,5,Sentinel-2A,2,2,1,14.994564351136091,17.21427437719009,8.569669077360148,20.380792468503472,20.38903181505917,0.9997226968849584
Marun,Zagros/south,reservoir,2026-05-31,2026,5,Sentinel-2B,2,2,1,15.45888729292411,17.165905331332574,8.03296935318807,20.17797295765896,20.38903181505917,0.9897739537889424
Dez,Zagros/southwest,reservoir,2026-05-01,2026,5,Sentinel-2A,1,1,1,52.98007384844395,54.10750333312068,51.83905564338679,62.83478614690826,62.84220351562093,1.0000000000000002
Dez,Zagros/southwest,reservoir,2026-05-04,2026,5,Sentinel-2B,1,1,1,0.4897731189897126,10.055349214701335,0.0340829085757984,62.83428306662823,62.84220351562093,0.9999919936024158
Dez,Zagros/southwest,reservoir,2026-05-09,2026,5,Sentinel-2C,1,1,1,53.20955087589829,54.48074075098626,50.28436195976945,62.83478614690825,62.84220351562093,1.0000000000000002
Dez,Zagros/southwest,reservoir,2026-05-14,2026,5,Sentinel-2B,1,1,1,11.888340827333222,26.284985184671687,0.6051871308918075,39.67265130722548,62.84220351562093,0.6313803824281425
Dez,Zagros/southwest,reservoir,2026-05-19,2026,5,Sentinel-2C,1,1,1,0.0,0.0,0.0,0.0,62.84220351562093,0.0
Dez,Zagros/southwest,reservoir,2026-05-21,2026,5,Sentinel-2A,1,1,1,13.059450966997575,18.10022080073015,7.060663380419562,33.52994592148474,62.84220351562093,0.5336207533688656
Dez,Zagros/southwest,reservoir,2026-05-24,2026,5,Sentinel-2B,1,1,1,22.930323728960108,34.905394389507805,7.482739807485304,62.36619588629293,62.84220351562093,0.9925425024998136
Dez,Zagros/southwest,reservoir,2026-05-29,2026,5,Sentinel-2C,1,1,1,0.0,0.0,0.0,0.0,62.84220351562093,0.0
Karkheh,Zagros/southwest,reservoir,2026-05-01,2026,5,Sentinel-2A,4,4,1,87.08335897889093,90.87839343505726,84.17058051998842,155.9794296480117,155.99872045278175,0.9999741243215252
Karkheh,Zagros/southwest,reservoir,2026-05-04,2026,5,Sentinel-2B,4,4,1,10.5373931240664,32.57012481512678,2.6691514113761152,150.7431661553667,155.99872045278175,0.9664047747438888
Karkheh,Zagros/southwest,reservoir,2026-05-09,2026,5,Sentinel-2C,4,4,1,89.02541867680988,92.77661122548648,85.04687968383813,155.9797672416702,155.99872045278175,0.9999762886128284
Karkheh,Zagros/southwest,reservoir,2026-05-14,2026,5,Sentinel-2B,4,4,1,77.1556932498255,86.91720627157544,62.74037343059872,155.48577944478455,155.99872045278175,0.9968093645143687
Karkheh,Zagros/southwest,reservoir,2026-05-19,2026,5,Sentinel-2C,4,4,1,5.02233608534845,14.06979161693917,0.737144660736084,21.01568811310737,155.99872045278175,0.134730229270246
Karkheh,Zagros/southwest,reservoir,2026-05-21,2026,5,Sentinel-2A,4,4,1,72.13886935413905,88.27625339005665,36.41158183879035,152.79324977329347,155.99872045278175,0.979547729396617
Karkheh,Zagros/southwest,reservoir,2026-05-24,2026,5,Sentinel-2B,4,4,1,65.51714158619637,83.05930705186579,39.58617507624834,155.73387797732693,155.99872045278175,0.9983999083019977
Karkheh,Zagros/southwest,reservoir,2026-05-29,2026,5,Sentinel-2C,4,4,1,0.0,0.0,0.0,0.0,155.99872045278175,0.0
Karun-3,Zagros/southwest,reservoir,2026-05-01,2026,5,Sentinel-2B,2,2,1,63.14002283674088,64.38794250065031,61.64485462652218,73.37491512412863,73.38767860030421,0.9999745675187308
Karun-3,Zagros/southwest,reservoir,2026-05-06,2026,5,Sentinel-2C,2,2,1,5.266815996992285,5.75939820199669,1.0571197809346515,6.435288569862999,73.38767860030421,0.0877019740822958
Karun-3,Zagros/southwest,reservoir,2026-05-08,2026,5,Sentinel-2A,2,2,1,10.967118117586503,11.950462433706129,9.196455788706944,15.378061774459166,73.38767860030421,0.2095766740741936
Karun-3,Zagros/southwest,reservoir,2026-05-11,2026,5,Sentinel-2B,2,2,1,61.63763660579331,63.38782630663966,57.929523527745765,73.3681427377751,73.38767860030421,0.9998822714785448
Karun-3,Zagros/southwest,reservoir,2026-05-16,2026,5,Sentinel-2C,2,2,1,2.9301164908671065,7.83842036678862,0.0998868688537597,15.001204575695818,73.38767860030421,0.2044407551608677
Karun-3,Zagros/southwest,reservoir,2026-05-18,2026,5,Sentinel-2A,2,2,1,55.795629720590405,61.03284479657832,39.47656530500309,73.36269516685896,73.38767860030421,0.9998080304063516
Karun-3,Zagros/southwest,reservoir,2026-05-21,2026,5,Sentinel-2B,2,2,1,27.31050178356803,43.00594544311346,1.7705957021047551,73.37084563317633,73.38767860030421,0.999919107318904
Karun-3,Zagros/southwest,reservoir,2026-05-26,2026,5,Sentinel-2C,2,2,1,0.9356460014176912,5.882434705631751,0.0582971155478084,33.12715681419102,73.38767860030421,0.4514664753254695
Karun-3,Zagros/southwest,reservoir,2026-05-28,2026,5,Sentinel-2A,2,2,1,36.9402568092029,47.977372251149376,13.840982933072915,73.32945645717365,73.38767860030421,0.9993550436562312
Karun-3,Zagros/southwest,reservoir,2026-05-31,2026,5,Sentinel-2B,2,2,1,42.28725036747149,48.94348318278987,28.09902151784919,58.62605078347575,73.38767860030421,0.7989727780722051
Upper Gotvand,Zagros/southwest,reservoir,2026-05-01,2026,5,Sentinel-2A+Sentinel-2B,4,2,2,67.77785651415822,71.66523405657253,63.14279063851987,123.89966138892252,123.9483607249756,0.9997858780613684
Upper Gotvand,Zagros/southwest,reservoir,2026-05-04,2026,5,Sentinel-2B,2,2,1,3.9914215817753806,15.614335834421794,0.4373902883559283,122.99302950799128,123.9483607249756,0.9924699762986512
Upper Gotvand,Zagros/southwest,reservoir,2026-05-06,2026,5,Sentinel-2C,2,2,1,4.997441901107488,13.383637027258178,1.0361184762713265,65.40125443795306,123.9483607249756,0.5277435778400758
Upper Gotvand,Zagros/southwest,reservoir,2026-05-08,2026,5,Sentinel-2A,2,2,1,48.38507271701995,57.319169228277325,37.3326607944592,109.04275323165916,123.9483607249756,0.8799007484268279
Upper Gotvand,Zagros/southwest,reservoir,2026-05-09,2026,5,Sentinel-2C,2,2,1,61.52520475544673,69.8790893319998,31.350414942523667,120.96081358000772,123.9483607249756,0.9760713779232164
Upper Gotvand,Zagros/southwest,reservoir,2026-05-11,2026,5,Sentinel-2B,2,2,1,69.71520685669175,74.20219678104651,65.01594286620939,123.8019481073224,123.9483607249756,0.9989973984323872
Upper Gotvand,Zagros/southwest,reservoir,2026-05-14,2026,5,Sentinel-2B,2,2,1,10.289931648795577,29.434764215399174,1.5532592772030098,120.4823925407936,123.9483607249756,0.972210845994301
Upper Gotvand,Zagros/southwest,reservoir,2026-05-16,2026,5,Sentinel-2C,2,2,1,0.0,0.0,0.0,0.0,123.9483607249756,0.0
Upper Gotvand,Zagros/southwest,reservoir,2026-05-18,2026,5,Sentinel-2A,2,2,1,0.2462668435978908,0.4938199439112046,0.1033949909946815,11.950118903886016,123.9483607249756,0.0964293202041602
Upper Gotvand,Zagros/southwest,reservoir,2026-05-19,2026,5,Sentinel-2C,2,2,1,0.0,0.0,0.0,0.0,123.9483607249756,0.0
Upper Gotvand,Zagros/southwest,reservoir,2026-05-21,2026,5,Sentinel-2A+Sentinel-2B,4,2,2,37.02307434338977,56.19956602128666,12.124741727632529,122.51949938035274,123.9483607249756,0.9886489106949004
Upper Gotvand,Zagros/southwest,reservoir,2026-05-24,2026,5,Sentinel-2B,2,2,1,45.96458319722375,63.28087124444734,13.121975592270674,113.40001282413148,123.9483607249756,0.9150608655632798
Upper Gotvand,Zagros/southwest,reservoir,2026-05-26,2026,5,Sentinel-2C,2,2,1,0.2228063002575444,0.6649232407994887,0.0779165228814817,9.513780609412338,123.9483607249756,0.0767697295830943
Upper Gotvand,Zagros/southwest,reservoir,2026-05-28,2026,5,Sentinel-2A,2,2,1,25.298548579381603,49.90090391050186,4.127287950126498,97.61407707405978,123.9483607249756,0.7876791160251262
Upper Gotvand,Zagros/southwest,reservoir,2026-05-29,2026,5,Sentinel-2C,2,2,1,0.0,0.0020200869671989,0.0,0.046124145632396,123.9483607249756,0.0003721904396184124
Upper Gotvand,Zagros/southwest,reservoir,2026-05-31,2026,5,Sentinel-2B,2,2,1,35.409015988565486,56.68365053329585,16.26164041526932,123.5141795182295,123.9483607249756,0.9966753019205848
Seymareh,Zagros/west,reservoir,2026-05-01,2026,5,Sentinel-2A,4,4,1,36.729200093237424,37.145546678325445,36.37444124813208,40.23967324798249,40.24419010091098,0.999991720670346
Seymareh,Zagros/west,reservoir,2026-05-02,2026,5,Sentinel-2C,2,2,1,7.145387408883368,11.00492819902033,3.1995410546468097,17.5857389318022,40.24419010091098,0.4370212756276312
Seymareh,Zagros/west,reservoir,2026-05-04,2026,5,Sentinel-2A+Sentinel-2B,8,4,2,1.5832961267907233,5.902126252772794,0.0940499562550264,11.280667134552484,40.24419010091098,0.2803346256981879
Seymareh,Zagros/west,reservoir,2026-05-07,2026,5,Sentinel-2B,2,2,1,15.58957699003858,17.19757884209439,7.028550744306138,19.50396927803334,40.24419010091098,0.4846910082506694
Seymareh,Zagros/west,reservoir,2026-05-09,2026,5,Sentinel-2C,4,4,1,36.39471439840841,36.93021428057119,35.723721205868706,40.1357701762152,40.24419010091098,0.997409636793094
Seymareh,Zagros/west,reservoir,2026-05-12,2026,5,Sentinel-2C,2,2,1,1.3311473265997198,1.7689897590756885,0.4540661031594669,12.717464019470691,40.24419010091098,0.3160403080070071
Seymareh,Zagros/west,reservoir,2026-05-14,2026,5,Sentinel-2A+Sentinel-2B,8,4,2,24.712044505810656,28.829924458480644,14.322825077271824,40.23227145983444,40.24419010091098,0.9998077796422816
Seymareh,Zagros/west,reservoir,2026-05-17,2026,5,Sentinel-2B,4,4,1,4.8973110717165484,5.387038774776684,3.3675871176881063,8.238936912291761,40.24419010091098,0.2047449204829251
Seymareh,Zagros/west,reservoir,2026-05-19,2026,5,Sentinel-2C,4,4,1,0.00033341864013671874,0.0125738859231387,0.0,12.752110775388108,40.24419010091098,0.316901310750543
Seymareh,Zagros/west,reservoir,2026-05-21,2026,5,Sentinel-2A,4,4,1,0.6144712051905014,1.0553653539682426,0.2610724583576276,10.13465950639612,40.24419010091098,0.251855315418528
Seymareh,Zagros/west,reservoir,2026-05-22,2026,5,Sentinel-2C,2,2,1,3.974189355282772,7.349599834914625,0.6425446264844706,16.53249935630674,40.24419010091098,0.4108473340827501
Seymareh,Zagros/west,reservoir,2026-05-24,2026,5,Sentinel-2A+Sentinel-2B,8,4,2,1.2283824021288106,3.739750658503511,0.1497646307814654,34.093948912927495,40.24419010091098,0.847264997103191
Seymareh,Zagros/west,reservoir,2026-05-27,2026,5,Sentinel-2B,4,4,1,8.531603627368646,15.353519792274874,0.6572509609993731,18.90158071237435,40.24419010091098,0.4697211158618023
Seymareh,Zagros/west,reservoir,2026-05-29,2026,5,Sentinel-2C,4,4,1,0.0114939211375517,0.1180222082876168,0.00016599813639322917,0.4492217745548023,40.24419010091098,0.0111635612081458
Gavkhouni,Central plateau,terminal_lake,2026-05-03,2026,5,Sentinel-2C,1,1,1,433.9888003121008,443.5087482467607,420.4156720597104,479.8986240443548,487.3282855256348,0.984772796487876
Gavkhouni,Central plateau,terminal_lake,2026-05-05,2026,5,Sentinel-2A,1,1,1,262.49006086785266,268.2290032260693,257.5574939700413,296.07441151929345,487.3282855256348,0.6075575373464891
Gavkhouni,Central plateau,terminal_lake,2026-05-08,2026,5,Sentinel-2B,1,1,1,0.0,0.0,0.0,0.0,487.3282855256348,0.0
Gavkhouni,Central plateau,terminal_lake,2026-05-13,2026,5,Sentinel-2C,1,1,1,432.031786879012,442.4243356071856,417.4752841974207,480.3182268648194,487.3282855256348,0.9856338396795418
Gavkhouni,Central plateau,terminal_lake,2026-05-18,2026,5,Sentinel-2B,1,1,1,433.6173309162697,444.14433054644616,420.2938154608279,481.942935770808,487.3282855256348,0.9889678128410928
Gavkhouni,Central plateau,terminal_lake,2026-05-23,2026,5,Sentinel-2C,1,1,1,420.73603674307685,432.91960983138034,405.1374147035848,473.2203939662826,487.3282855256348,0.9710687786389632
Gavkhouni,Central plateau,terminal_lake,2026-05-25,2026,5,Sentinel-2A,1,1,1,229.95161924939785,240.23802972510208,216.92062104700537,271.2730569772835,487.3282855256348,0.5566640818429263
Gavkhouni,Central plateau,terminal_lake,2026-05-28,2026,5,Sentinel-2B,1,1,1,413.7663087554708,426.6474002889973,397.6213683507512,462.1046978357419,487.3282855256348,0.9482588879351084
Lake Urmia,Northwest,terminal_lake,2026-05-02,2026,5,Sentinel-2C,3,3,1,616.8377506202007,647.5528549314098,605.179209583229,736.0478341930964,5866.837078819214,0.1254602627738256
Lake Urmia,Northwest,terminal_lake,2026-05-04,2026,5,Sentinel-2A,3,3,1,3085.338292004055,3526.01540164512,3022.6806411193406,4882.71429765817,5866.837078819214,0.8322646849511716
Lake Urmia,Northwest,terminal_lake,2026-05-05,2026,5,Sentinel-2C,5,5,1,3198.3155499684917,3777.488679923515,3110.1049297501604,4760.222617445752,5866.837078819214,0.8113858267124205
Lake Urmia,Northwest,terminal_lake,2026-05-07,2026,5,Sentinel-2A+Sentinel-2B,8,5,2,3661.659840793817,4758.441331556466,3549.1829585402347,5702.752314073254,5866.837078819214,0.972041178060141
Lake Urmia,Northwest,terminal_lake,2026-05-10,2026,5,Sentinel-2B,5,5,1,3281.6734003909,4304.720983140271,3176.622929775696,5256.098953322061,5866.837078819214,0.8959085608504338
Lake Urmia,Northwest,terminal_lake,2026-05-12,2026,5,Sentinel-2C,3,3,1,0.0,0.0,0.0,0.0,5866.837078819214,0.0
Lake Urmia,Northwest,terminal_lake,2026-05-14,2026,5,Sentinel-2A,3,3,1,2668.154605576509,3287.0756705321223,2597.722484622009,4600.448684081486,5866.837078819214,0.784152162359256
Lake Urmia,Northwest,terminal_lake,2026-05-15,2026,5,Sentinel-2C,5,5,1,620.9445775594241,833.3175438759871,566.9319099378149,1173.618579204756,5866.837078819214,0.2000447369085589
Lake Urmia,Northwest,terminal_lake,2026-05-17,2026,5,Sentinel-2A+Sentinel-2B,8,5,2,3401.9474019138056,3964.926300355561,3276.0494401154488,5068.2810351148455,5866.837078819214,0.8638947646305969
Lake Urmia,Northwest,terminal_lake,2026-05-20,2026,5,Sentinel-2B,5,5,1,663.8451510190364,776.4269524349767,629.0238045733614,912.1540295805254,5866.837078819214,0.1554777813684245
Lake Urmia,Northwest,terminal_lake,2026-05-22,2026,5,Sentinel-2C,3,3,1,1926.0493600526927,2225.287382769454,1864.917586967008,3001.835875152288,5866.837078819214,0.5116666338857835
Lake Urmia,Northwest,terminal_lake,2026-05-24,2026,5,Sentinel-2A,3,3,1,640.9929844183877,764.827607627653,625.4291018130086,992.560677311374,5866.837078819214,0.1691831938218606
Lake Urmia,Northwest,terminal_lake,2026-05-25,2026,5,Sentinel-2C,5,5,1,2953.0219396597954,3605.173056867093,2875.7141460882062,4973.774630182929,5866.837078819214,0.8477860311410595
Lake Urmia,Northwest,terminal_lake,2026-05-27,2026,5,Sentinel-2A+Sentinel-2B,8,5,2,3546.427473028373,4475.718609190972,3459.4704888056503,5852.132398902446,5866.837078819214,0.9975031980882172
Lake Urmia,Northwest,terminal_lake,2026-05-30,2026,5,Sentinel-2B,5,5,1,809.2855874966358,1243.330689816254,739.7600738708333,2167.240505451516,5866.837078819214,0.3694088219226991
Bakhtegan Tashk,South/Fars,terminal_lake,2026-05-02,2026,5,Sentinel-2A,3,3,1,225.77333413544315,297.82514191509546,198.2436255777692,467.93651722804526,1393.5000670358277,0.3358068780206723
Bakhtegan Tashk,South/Fars,terminal_lake,2026-05-03,2026,5,Sentinel-2C,2,2,1,166.1956993036627,208.5133245214492,161.50638189462947,425.1668528967776,1393.5000670358277,0.3051139380078805
Bakhtegan Tashk,South/Fars,terminal_lake,2026-05-05,2026,5,Sentinel-2A+Sentinel-2B,5,3,2,588.2131353747424,914.0829701946903,493.057567172804,1332.5870985585912,1393.5000670358277,0.9563090222332544
Bakhtegan Tashk,South/Fars,terminal_lake,2026-05-08,2026,5,Sentinel-2B,2,2,1,165.41041830589995,218.5238012236977,159.3204315495183,408.7725031019078,1393.5000670358277,0.2933488048774155
Bakhtegan Tashk,South/Fars,terminal_lake,2026-05-10,2026,5,Sentinel-2C,3,3,1,556.0671762791019,935.8710454795556,473.8417863992668,1359.5456779239016,1393.5000670358277,0.975655399443062
Bakhtegan Tashk,South/Fars,terminal_lake,2026-05-13,2026,5,Sentinel-2C,2,2,1,176.3697801490335,231.599275911642,167.99237990154205,452.4673591604053,1393.5000670358277,0.324705693383332
Bakhtegan Tashk,South/Fars,terminal_lake,2026-05-15,2026,5,Sentinel-2A+Sentinel-2B,5,3,2,538.9372829542745,931.7841982065688,458.2134924878976,1369.2861280050608,1393.5000670358277,0.982645471839306
Bakhtegan Tashk,South/Fars,terminal_lake,2026-05-18,2026,5,Sentinel-2B,2,2,1,191.56930569871943,246.76029551217425,180.04095197434236,477.02744040419327,1393.5000670358277,0.342330828209882
Bakhtegan Tashk,South/Fars,terminal_lake,2026-05-20,2026,5,Sentinel-2C,3,3,1,451.4474457250117,751.3457811394314,377.6825181545676,1091.1394789567278,1393.5000670358277,0.7830381439006044
Bakhtegan Tashk,South/Fars,terminal_lake,2026-05-22,2026,5,Sentinel-2A,3,3,1,508.4587217894858,899.7967174051508,417.1104162664695,1277.288104988889,1393.5000670358277,0.9166246169674926
Bakhtegan Tashk,South/Fars,terminal_lake,2026-05-23,2026,5,Sentinel-2C,2,2,1,181.78704993247567,231.3652245103377,166.35864447843613,471.1938741732548,1393.5000670358277,0.3381444661893611
Bakhtegan Tashk,South/Fars,terminal_lake,2026-05-25,2026,5,Sentinel-2A+Sentinel-2B,5,3,2,484.0474637417496,845.1532156917928,404.0017542048093,1359.218776578252,1393.5000670358277,0.975420804116
Bakhtegan Tashk,South/Fars,terminal_lake,2026-05-28,2026,5,Sentinel-2B,2,2,1,187.65387569879292,230.0600316929676,168.2642562262153,479.973707644876,1393.5000670358277,0.3444451680134286
Bakhtegan Tashk,South/Fars,terminal_lake,2026-05-30,2026,5,Sentinel-2C,3,3,1,473.1020322911043,829.0254604215867,390.6524014715628,1359.501945151077,1393.5000670358277,0.9756240153442182
Hamoun,Southeast/Sistan,terminal_lake,2026-05-01,2026,5,Sentinel-2C,8,6,1,671.7294860847874,702.0391003298935,655.4210342097297,3795.681232337803,4340.16816968164,0.8745647564091872
Hamoun,Southeast/Sistan,terminal_lake,2026-05-04,2026,5,Sentinel-2C,5,5,1,244.82579606083348,259.1523065467776,236.61389623460772,2334.0650411376664,4340.16816968164,0.5377930598477861
Hamoun,Southeast/Sistan,terminal_lake,2026-05-06,2026,5,Sentinel-2A+Sentinel-2B,11,6,2,661.4660519682026,696.1196673193174,638.6276159435247,4268.752269318932,4340.16816968164,0.9835652838235562
Hamoun,Southeast/Sistan,terminal_lake,2026-05-09,2026,5,Sentinel-2B,5,5,1,111.71395427453314,128.44488714338146,101.0180870831227,2680.47862434256,4340.16816968164,0.6176103818165818
Hamoun,Southeast/Sistan,terminal_lake,2026-05-11,2026,5,Sentinel-2C,6,6,1,599.936264319,623.5077788687194,585.0920665532954,3792.112196544401,4340.16816968164,0.8737424131384511
Hamoun,Southeast/Sistan,terminal_lake,2026-05-13,2026,5,Sentinel-2A,6,6,1,162.06900325096498,185.5326241217537,151.78667960472055,539.9584450865776,4340.16816968164,0.1244120876049897
Hamoun,Southeast/Sistan,terminal_lake,2026-05-14,2026,5,Sentinel-2C,5,5,1,413.7783311163729,436.8275812808242,400.0116759181273,3012.361661715408,4340.16816968164,0.6940797136623321
Hamoun,Southeast/Sistan,terminal_lake,2026-05-16,2026,5,Sentinel-2B,6,6,1,538.8667972497749,570.0143672450246,518.3784144464247,4077.228663576282,4340.16816968164,0.9394362367961364
Hamoun,Southeast/Sistan,terminal_lake,2026-05-19,2026,5,Sentinel-2B,5,5,1,246.5365579134426,259.34572135161704,237.14036721318803,2922.0348734676472,4340.16816968164,0.673267474507973
Hamoun,Southeast/Sistan,terminal_lake,2026-05-21,2026,5,Sentinel-2C,6,6,1,278.5591992238244,306.0816084057972,267.35190221848,3722.186931216482,4340.16816968164,0.8576308987896306
Hamoun,Southeast/Sistan,terminal_lake,2026-05-24,2026,5,Sentinel-2C,5,5,1,122.99513319616842,133.04180805801215,115.48275709486572,2800.409115019853,4340.16816968164,0.6452436244270577
Hamoun,Southeast/Sistan,terminal_lake,2026-05-26,2026,5,Sentinel-2A+Sentinel-2B,11,6,2,409.2846169927021,439.0323255309027,394.1211964089249,3980.129935435441,4340.16816968164,0.917063671681696
Hamoun,Southeast/Sistan,terminal_lake,2026-05-29,2026,5,Sentinel-2B,5,5,1,112.26240772018863,122.45148215677445,105.33127748432604,2854.895701416067,4340.16816968164,0.6577979052642353
Hamoun,Southeast/Sistan,terminal_lake,2026-05-31,2026,5,Sentinel-2C,6,6,1,351.1927576375776,372.3478854184269,342.5602272873504,3983.3869266804218,4340.16816968164,0.9178141166164618
