site,site_class,date,year,month,n_scenes,n_L5,n_L7,n_L8,n_L9,footprint_km2,valid_km2,valid_fraction,water_mndwi0_km2,water_mndwi_m02_km2,usable
Amir Kabir,reservoir,1991-01,1991,1,3,3,0,0,0,3.375169370117188,2.844688446899414,0.8428283546554717,2.4987176800537108,2.7029549494018554,1
Amir Kabir,reservoir,1991-02,1991,2,2,2,0,0,0,3.375169370117188,1.5714003518066406,0.4655767398576744,1.196363877807617,1.424582261352539,1
Amir Kabir,reservoir,1991-03,1991,3,3,3,0,0,0,3.375169370117188,2.111295530456543,0.6255376542431818,1.4441513591918946,1.7842549313354492,1
Amir Kabir,reservoir,1991-04,1991,4,4,4,0,0,0,3.375169370117188,3.375169370117188,1.0,2.899204328552246,3.222573884277344,1
Amir Kabir,reservoir,1991-05,1991,5,3,3,0,0,0,3.375169370117188,0.1859839238891601,0.0551035825152391,0.0087180085449218,0.1859839238891601,1
Amir Kabir,reservoir,1991-06,1991,6,3,3,0,0,0,3.375169370117188,3.375169370117188,1.0,3.2320379439697264,3.325037808532715,1
Amir Kabir,reservoir,1991-07,1991,7,3,3,0,0,0,3.375169370117188,3.375169370117188,1.0,3.166643948120117,3.291620798461914,1
Amir Kabir,reservoir,1991-08,1991,8,4,4,0,0,0,3.375169370117188,3.375169370117188,1.0,2.9341175177612304,3.206618047363281,1
Amir Kabir,reservoir,1991-09,1991,9,4,4,0,0,0,3.375169370117188,3.375169370117188,1.0,2.7422667943115235,3.122331368652344,1
Amir Kabir,reservoir,1991-10,1991,10,4,4,0,0,0,3.375169370117188,3.375169370117188,1.0,2.5533321403808595,2.977725743835449,1
Amir Kabir,reservoir,1991-11,1991,11,3,3,0,0,0,3.375169370117188,3.256732434936524,0.9649093357420012,2.640493414001465,2.9391633411254885,1
Amir Kabir,reservoir,1991-12,1991,12,2,2,0,0,0,3.375169370117188,0.0,0.0,,,0
Amir Kabir,reservoir,1992-01,1992,1,1,1,0,0,0,3.375169370117188,0.0007267710571289063,0.00021532876648014623,0.0007267710571289063,0.0007267710571289063,1
Amir Kabir,reservoir,1992-02,1992,2,2,2,0,0,0,3.375169370117188,0.1061158417358398,0.031440153100274,0.0930334851074218,0.1061158417358398,1
Amir Kabir,reservoir,1992-03,1992,3,4,4,0,0,0,3.375169370117188,0.0007268563842773438,0.0002153540473295143,0.0007268563842773438,0.0007268563842773438,1
Amir Kabir,reservoir,1992-04,1992,4,2,2,0,0,0,3.375169370117188,2.097470976013184,0.6214416955141894,1.7624427283935546,2.085842103149414,1
Amir Kabir,reservoir,1992-05,1992,5,2,2,0,0,0,3.375169370117188,3.375169370117188,1.0,3.333753229492188,3.3686306868896483,1
Amir Kabir,reservoir,1992-06,1992,6,4,4,0,0,0,3.375169370117188,3.375169370117188,1.0,3.3402884623413085,3.3715367027587893,1
Amir Kabir,reservoir,1992-07,1992,7,4,4,0,0,0,3.375169370117188,3.375169370117188,1.0,3.3388395806884765,3.3715367027587893,1
Amir Kabir,reservoir,1992-08,1992,8,1,1,0,0,0,3.375169370117188,2.524003982849121,0.7478155037776627,2.425909962158203,2.5007498571777345,1
Amir Kabir,reservoir,1992-09,1992,9,3,3,0,0,0,3.375169370117188,3.375169370117188,1.0,3.155746038391113,3.306876945739746,1
Amir Kabir,reservoir,1992-10,1992,10,3,3,0,0,0,3.375169370117188,3.375169370117188,1.0,2.9443039532470703,3.202257587768554,1
Amir Kabir,reservoir,1992-11,1992,11,3,3,0,0,0,3.375169370117188,3.364996826965332,0.9969860643907472,2.939929556274414,3.159378704406738,1
Amir Kabir,reservoir,1992-12,1992,12,4,4,0,0,0,3.375169370117188,3.273454312072754,0.9698637173751958,3.03364243359375,3.2327575349731443,1
Amir Kabir,reservoir,1993-01,1993,1,4,4,0,0,0,3.375169370117188,1.944324696838379,0.5760672972600693,1.9232481123657224,1.944324696838379,1
Amir Kabir,reservoir,1993-02,1993,2,2,2,0,0,0,3.375169370117188,0.0,0.0,,,0
Amir Kabir,reservoir,1993-03,1993,3,3,3,0,0,0,3.375169370117188,0.1104922492065429,0.03273680135427,0.1075846068725586,0.1097653367919921,1
Amir Kabir,reservoir,1993-04,1993,4,4,4,0,0,0,3.375169370117188,0.5530211046142578,0.1638498824712481,0.4745392107543945,0.5493871641845703,1
Amir Kabir,reservoir,1993-05,1993,5,4,4,0,0,0,3.375169370117188,3.3744428551635743,0.9997847471122352,3.272719679870605,3.361364637695313,1
Amir Kabir,reservoir,1993-06,1993,6,4,4,0,0,0,3.375169370117188,3.375169370117188,1.0,3.27489940637207,3.357004782470703,1
Amir Kabir,reservoir,1993-07,1993,7,4,4,0,0,0,3.375169370117188,3.375169370117188,1.0,3.25601172265625,3.34683355645752,1
Amir Kabir,reservoir,1993-08,1993,8,3,3,0,0,0,3.375169370117188,3.375169370117188,1.0,3.1760913951416017,3.3185015701293947,1
Amir Kabir,reservoir,1993-09,1993,9,2,2,0,0,0,3.375169370117188,3.375169370117188,1.0,2.827287708190918,3.1339566350097656,1
Amir Kabir,reservoir,1993-10,1993,10,4,4,0,0,0,3.375169370117188,3.375169370117188,1.0,2.677596454650879,3.037313465270996,1
Amir Kabir,reservoir,1993-11,1993,11,1,1,0,0,0,3.375169370117188,0.94616174609375,0.2803301530497412,0.8880278303222656,0.9447083942260742,1
Amir Kabir,reservoir,1993-12,1993,12,2,2,0,0,0,3.375169370117188,2.0059564035644533,0.5943276273257971,1.8656978681640624,1.9696210864257813,1
Amir Kabir,reservoir,1994-01,1994,1,4,4,0,0,0,3.375169370117188,2.678929301147461,0.7937169982833919,2.593174866577149,2.6687536068725586,1
Amir Kabir,reservoir,1994-02,1994,2,1,1,0,0,0,3.375169370117188,0.0,0.0,,,0
Amir Kabir,reservoir,1994-03,1994,3,4,4,0,0,0,3.375169370117188,2.8410715329589844,0.8417567302290199,2.602748400268555,2.793844747375488,1
Amir Kabir,reservoir,1994-04,1994,4,4,4,0,0,0,3.375169370117188,3.375169370117188,1.0,3.3003312506103515,3.367177627685547,1
Amir Kabir,reservoir,1994-05,1994,5,4,4,0,0,0,3.375169370117188,3.375169370117188,1.0,3.335204266845703,3.3657226130371094,1
Amir Kabir,reservoir,1994-06,1994,6,3,3,0,0,0,3.375169370117188,3.375169370117188,1.0,3.32503169732666,3.363543704528809,1
Amir Kabir,reservoir,1994-07,1994,7,4,4,0,0,0,3.375169370117188,3.375169370117188,1.0,3.2836199244384767,3.367177389038086,1
Amir Kabir,reservoir,1994-08,1994,8,4,4,0,0,0,3.375169370117188,3.375169370117188,1.0,3.1622748209228515,3.343202666748047,1
Amir Kabir,reservoir,1994-09,1994,9,4,4,0,0,0,3.375169370117188,3.375169370117188,1.0,2.984258117980957,3.236403433105469,1
Amir Kabir,reservoir,1994-10,1994,10,3,3,0,0,0,3.375169370117188,1.1634523704223634,0.3447093294704697,0.7384243161621094,1.0072526866455078,1
Amir Kabir,reservoir,1994-11,1994,11,2,2,0,0,0,3.375169370117188,0.0138035448608398,0.0040897339798863,0.0138035448608398,0.0138035448608398,1
Amir Kabir,reservoir,1994-12,1994,12,4,4,0,0,0,3.375169370117188,2.82640043170166,0.8374099554012977,2.7958759451293944,2.82640043170166,1
Amir Kabir,reservoir,1995-01,1995,1,4,4,0,0,0,3.375169370117188,3.307605049316406,0.979981946565711,3.255282067260742,3.298885309265137,1
Amir Kabir,reservoir,1995-02,1995,2,4,4,0,0,0,3.375169370117188,3.271995511291504,0.9694315017968708,3.0881473621215823,3.2283960206298827,1
Amir Kabir,reservoir,1995-03,1995,3,4,4,0,0,0,3.375169370117188,2.947834577392578,0.8733886374686517,2.7196658956298827,2.8795332443237305,1
Amir Kabir,reservoir,1995-04,1995,4,3,3,0,0,0,3.375169370117188,3.375169370117188,1.0,3.237850828186035,3.3076017755126954,1
Amir Kabir,reservoir,1995-05,1995,5,4,4,0,0,0,3.375169370117188,3.375169370117188,1.0,3.3344771328125,3.362089275024414,1
Amir Kabir,reservoir,1995-06,1995,6,4,4,0,0,0,3.375169370117188,3.375169370117188,1.0,3.307592659179688,3.357002955932617,1
Amir Kabir,reservoir,1995-07,1995,7,4,4,0,0,0,3.375169370117188,3.375169370117188,1.0,3.214587323730469,3.3562785120239256,1
Amir Kabir,reservoir,1995-08,1995,8,4,4,0,0,0,3.375169370117188,3.375169370117188,1.0,3.1390239600219725,3.324312142150879,1
Amir Kabir,reservoir,1995-09,1995,9,1,1,0,0,0,3.375169370117188,3.375169370117188,1.0,2.9929629769287107,3.206611019470215,1
Amir Kabir,reservoir,1995-10,1995,10,3,3,0,0,0,3.375169370117188,3.375169370117188,1.0,2.8323852607421878,3.15211848449707,1
Amir Kabir,reservoir,1995-11,1995,11,2,2,0,0,0,3.375169370117188,3.295247706970214,0.9763206955317332,2.6383665529174807,2.9333978223876955,1
Amir Kabir,reservoir,1995-12,1995,12,1,1,0,0,0,3.375169370117188,0.953468728881836,0.2824950763430076,0.8996831991577149,0.9156732880249024,1
Amir Kabir,reservoir,1996-01,1996,1,1,1,0,0,0,3.375169370117188,2.15204608770752,0.6376112875286016,2.014673407470703,2.1040736821289063,1
Amir Kabir,reservoir,1996-02,1996,2,3,3,0,0,0,3.375169370117188,3.0525505455322266,0.9044140340211254,2.4718810854492186,2.8919254738769533,1
Amir Kabir,reservoir,1996-03,1996,3,1,1,0,0,0,3.375169370117188,0.0,0.0,,,0
Amir Kabir,reservoir,1996-04,1996,4,4,4,0,0,0,3.375169370117188,3.293070266235352,0.9756755602818872,3.1564499963378907,3.264003039855957,1
Amir Kabir,reservoir,1996-05,1996,5,4,4,0,0,0,3.375169370117188,3.375169370117188,1.0,3.2901602279663087,3.3664508737182617,1
Amir Kabir,reservoir,1996-06,1996,6,4,4,0,0,0,3.375169370117188,3.375169370117188,1.0,3.307599650878906,3.367177183776856,1
Amir Kabir,reservoir,1996-07,1996,7,4,4,0,0,0,3.375169370117188,3.375169370117188,1.0,3.2814423082275392,3.360637935180664,1
Amir Kabir,reservoir,1996-08,1996,8,2,2,0,0,0,3.375169370117188,3.375169370117188,1.0,3.0968849533691407,3.294524753967285,1
Amir Kabir,reservoir,1996-09,1996,9,3,3,0,0,0,3.375169370117188,3.375169370117188,1.0,2.774959947387696,3.160116452392578,1
Amir Kabir,reservoir,1996-10,1996,10,4,4,0,0,0,3.375169370117188,3.375169370117188,1.0,2.6034801934814453,2.953025082763672,1
Amir Kabir,reservoir,1996-11,1996,11,4,4,0,0,0,3.375169370117188,3.375169370117188,1.0,2.5424407108154297,2.8592782666015624,1
Amir Kabir,reservoir,1996-12,1996,12,4,4,0,0,0,3.375169370117188,2.82142776373291,0.8359366462356076,2.3199953786621093,2.5481916839599608,1
Amir Kabir,reservoir,1997-01,1997,1,4,4,0,0,0,3.375169370117188,3.353374263305664,0.9935425146351198,2.650632174194336,2.984927767578125,1
Amir Kabir,reservoir,1997-02,1997,2,3,3,0,0,0,3.375169370117188,1.6971213553466795,0.5028255382892843,1.148426950744629,1.3744419318237304,1
Amir Kabir,reservoir,1997-03,1997,3,3,3,0,0,0,3.375169370117188,0.0,0.0,,,0
Amir Kabir,reservoir,1997-04,1997,4,4,4,0,0,0,3.375169370117188,3.371535866088867,0.9989234602386208,1.9675240126342772,2.537973324462891,1
Amir Kabir,reservoir,1997-05,1997,5,4,4,0,0,0,3.375169370117188,3.375169370117188,1.0,2.495904000366211,3.030011403991699,1
Amir Kabir,reservoir,1997-06,1997,6,3,3,0,0,0,3.375169370117188,3.375169370117188,1.0,2.7488215927734374,3.11360182220459,1
Amir Kabir,reservoir,1997-07,1997,7,4,4,0,0,0,3.375169370117188,3.375169370117188,1.0,2.6710525670166017,3.0830915988159178,1
Amir Kabir,reservoir,1997-08,1997,8,4,4,0,0,0,3.375169370117188,3.375169370117188,1.0,2.3861722467651365,2.905787820617676,1
Amir Kabir,reservoir,1997-09,1997,9,4,4,0,0,0,3.375169370117188,3.375169370117188,1.0,2.1463487729492186,2.676149715026856,1
Amir Kabir,reservoir,1997-10,1997,10,4,4,0,0,0,3.375169370117188,3.375169370117188,1.0,1.9813934153442383,2.52787617388916,1
Amir Kabir,reservoir,1997-11,1997,11,3,3,0,0,0,3.375169370117188,0.1438486888427734,0.0426196949155706,0.1206002371826171,0.1365835319824218,1
Amir Kabir,reservoir,1997-12,1997,12,2,2,0,0,0,3.375169370117188,2.7980626830444337,0.8290140067688762,2.2007267402954103,2.6629037627563474,1
Amir Kabir,reservoir,1998-01,1998,1,3,3,0,0,0,3.375169370117188,1.8969979498901368,0.5620452611017479,1.8933641068115237,1.8969979498901368,1
Amir Kabir,reservoir,1998-02,1998,2,3,3,0,0,0,3.375169370117188,1.6441024161376954,0.4871170112807143,1.5975860927124024,1.6419220225219726,1
Amir Kabir,reservoir,1998-03,1998,3,4,4,0,0,0,3.375169370117188,1.917116704284668,0.568006074379048,1.3408429641113282,1.7732063905029296,1
Amir Kabir,reservoir,1998-04,1998,4,3,3,0,0,0,3.375169370117188,3.369356177429199,0.998277658970404,2.9420752135009764,3.23056971282959,1
Amir Kabir,reservoir,1998-05,1998,5,3,3,0,0,0,3.375169370117188,3.375169370117188,1.0,3.3025084001464844,3.3511917799682616,1
Amir Kabir,reservoir,1998-06,1998,6,4,4,0,0,0,3.375169370117188,3.3729888693237307,0.9993539581116246,3.2843448837890623,3.354823267272949,1
Amir Kabir,reservoir,1998-07,1998,7,4,4,0,0,0,3.375169370117188,3.375169370117188,1.0,3.2501967355957038,3.349740281921387,1
Amir Kabir,reservoir,1998-08,1998,8,4,4,0,0,0,3.375169370117188,3.375169370117188,1.0,3.13466633795166,3.3112351162109377,1
Amir Kabir,reservoir,1998-09,1998,9,4,4,0,0,0,3.375169370117188,3.375169370117188,1.0,2.880339771911621,3.1615706453857424,1
Amir Kabir,reservoir,1998-10,1998,10,2,2,0,0,0,3.375169370117188,3.375169370117188,1.0,2.668155009155273,2.982091492126465,1
Amir Kabir,reservoir,1998-11,1998,11,4,4,0,0,0,3.375169370117188,3.375169370117188,1.0,2.587478018798828,2.8767142357788087,1
Amir Kabir,reservoir,1998-12,1998,12,3,3,0,0,0,3.375169370117188,3.3548192020874024,0.9939706231604376,2.5736188996582032,2.8701285365600584,1
Amir Kabir,reservoir,1999-01,1999,1,4,4,0,0,0,3.375169370117188,3.355550381591797,0.9941872580679678,2.6092165196533204,2.9333339431152345,1
Amir Kabir,reservoir,1999-02,1999,2,3,3,0,0,0,3.375169370117188,1.8868481518554687,0.5590380644482906,1.357767057006836,1.710960633544922,1
Amir Kabir,reservoir,1999-03,1999,3,3,3,0,0,0,3.375169370117188,3.050276377319336,0.9037402402159832,1.6310133899536132,2.4332865901489256,1
Amir Kabir,reservoir,1999-04,1999,4,3,3,0,0,0,3.375169370117188,2.9354535859375,0.8697203796429273,1.7015565778198245,2.1746299321289064,1
Amir Kabir,reservoir,1999-05,1999,5,3,3,0,0,0,3.375169370117188,3.375169370117188,1.0,2.414502807800293,2.906482890686035,1
Amir Kabir,reservoir,1999-06,1999,6,3,2,1,0,0,3.375169370117188,3.375169370117188,1.0,2.4406945693359376,2.8716327086791997,1
Amir Kabir,reservoir,1999-07,1999,7,5,4,1,0,0,3.375169370117188,3.375169370117188,1.0,2.277892037536621,2.772808649536133,1
Amir Kabir,reservoir,1999-08,1999,8,3,2,1,0,0,3.375169370117188,3.375169370117188,1.0,2.1696079321899413,2.6463574501953127,1
Amir Kabir,reservoir,1999-09,1999,9,3,3,0,0,0,3.375169370117188,3.375169370117188,1.0,1.8244037266235351,2.3062549877319336,1
Amir Kabir,reservoir,1999-10,1999,10,5,4,1,0,0,3.375169370117188,3.375169370117188,1.0,1.6943158610839844,2.1201954489746093,1
Amir Kabir,reservoir,1999-11,1999,11,5,4,1,0,0,3.375169370117188,3.375169370117188,1.0,1.865085017822265,2.301828494934082,1
Amir Kabir,reservoir,1999-12,1999,12,6,4,2,0,0,3.375169370117188,3.373715820739746,0.9995693403150931,2.166610078125,2.453678362060547,1
Amir Kabir,reservoir,2000-01,2000,1,5,3,2,0,0,3.375169370117188,2.9377590099487305,0.8704034339606281,2.31561507208252,2.617236514770508,1
Amir Kabir,reservoir,2000-02,2000,2,3,3,0,0,0,3.375169370117188,1.6477539892578126,0.4881989045784098,1.473314446472168,1.614320003112793,1
Amir Kabir,reservoir,2000-03,2000,3,4,3,1,0,0,3.375169370117188,1.1512720983276368,0.3411005410634145,0.4644590864868164,0.7348079796142578,1
Amir Kabir,reservoir,2000-04,2000,4,5,2,3,0,0,3.375169370117188,3.375169370117188,1.0,2.1172342084350584,2.7153073732299804,1
Amir Kabir,reservoir,2000-05,2000,5,6,4,2,0,0,3.375169370117188,3.375169370117188,1.0,2.5213573184814453,3.0205841317749025,1
Amir Kabir,reservoir,2000-06,2000,6,2,2,0,0,0,3.375169370117188,3.375169370117188,1.0,2.6165494844360357,3.052567272827148,1
Amir Kabir,reservoir,2000-07,2000,7,3,1,2,0,0,3.375169370117188,3.375169370117188,1.0,2.4494079639892576,2.868737958068848,1
Amir Kabir,reservoir,2000-08,2000,8,4,4,0,0,0,3.375169370117188,3.375169370117188,1.0,2.2691756928710936,2.823684576660156,1
Amir Kabir,reservoir,2000-09,2000,9,5,4,1,0,0,3.375169370117188,3.375169370117188,1.0,2.006819203063965,2.6209196091918945,1
Amir Kabir,reservoir,2000-10,2000,10,5,3,2,0,0,3.375169370117188,3.375169370117188,1.0,1.9770269096069333,2.476274427307129,1
Amir Kabir,reservoir,2000-11,2000,11,3,2,1,0,0,3.375169370117188,3.375169370117188,1.0,2.170304563659668,2.575814584655762,1
Amir Kabir,reservoir,2000-12,2000,12,3,1,2,0,0,3.375169370117188,0.0036324185180664,0.0010762181448512,0.0021794545288085,0.0036324185180664,1
Amir Kabir,reservoir,2001-01,2001,1,5,3,2,0,0,3.375169370117188,2.8091204663696288,0.83229022260062,2.2051430808105468,2.3977450684814454,1
Amir Kabir,reservoir,2001-02,2001,2,6,3,3,0,0,3.375169370117188,3.088121733581543,0.9149531164044434,1.6499384378051758,2.191335117126465,1
Amir Kabir,reservoir,2001-03,2001,3,5,3,2,0,0,3.375169370117188,3.205093385314941,0.9496096443905744,1.383937552734375,2.043044593444824,1
Amir Kabir,reservoir,2001-04,2001,4,5,3,2,0,0,3.375169370117188,3.375169370117188,1.0,1.5220548381347656,2.1266772831420897,1
Amir Kabir,reservoir,2001-05,2001,5,5,3,2,0,0,3.375169370117188,3.3729884427490235,0.9993538317254614,1.6070920154418946,2.2742072399902344,1
Amir Kabir,reservoir,2001-06,2001,6,6,4,2,0,0,3.375169370117188,3.375169370117188,1.0,1.564934018005371,2.117975179321289,1
Amir Kabir,reservoir,2001-07,2001,7,4,4,0,0,0,3.375169370117188,3.375169370117188,1.0,1.3476223893432615,1.934848656677246,1
Amir Kabir,reservoir,2001-08,2001,8,5,4,1,0,0,3.375169370117188,3.375169370117188,1.0,1.1571979331054687,1.6172502669677735,1
Amir Kabir,reservoir,2001-09,2001,9,3,2,1,0,0,3.375169370117188,3.375169370117188,1.0,1.011833376586914,1.4239232829589843,1
Amir Kabir,reservoir,2001-10,2001,10,4,4,0,0,0,3.375169370117188,3.375169370117188,1.0,1.096134821105957,1.5685146663208007,1
Amir Kabir,reservoir,2001-11,2001,11,5,2,3,0,0,3.375169370117188,3.366449395751953,0.9974164335448056,1.3192445570068358,1.8374046446533203,1
Amir Kabir,reservoir,2001-12,2001,12,3,3,0,0,0,3.375169370117188,0.0,0.0,,,0
Amir Kabir,reservoir,2002-01,2002,1,7,4,3,0,0,3.375169370117188,2.21606818963623,0.6565798472979409,1.929701259399414,2.038722839294433,1
Amir Kabir,reservoir,2002-02,2002,2,5,3,2,0,0,3.375169370117188,2.7406434755859377,0.8120017620006966,1.8830522079467773,2.592373359802246,1
Amir Kabir,reservoir,2002-03,2002,3,6,4,2,0,0,3.375169370117188,3.367902169494629,0.9978468634235363,1.77497670892334,2.505292676086426,1
Amir Kabir,reservoir,2002-04,2002,4,0,0,0,0,0,3.375169370117188,0.0,0.0,,,0
Amir Kabir,reservoir,2002-05,2002,5,4,2,2,0,0,3.375169370117188,3.375169370117188,1.0,3.309776434448242,3.3562775942993164,1
Amir Kabir,reservoir,2002-06,2002,6,4,3,1,0,0,3.375169370117188,3.375169370117188,1.0,3.3235809139404298,3.362816477355957,1
Amir Kabir,reservoir,2002-07,2002,7,3,2,1,0,0,3.375169370117188,3.375169370117188,1.0,3.2392987427978515,3.33012349609375,1
Amir Kabir,reservoir,2002-08,2002,8,3,2,1,0,0,3.375169370117188,3.375169370117188,1.0,3.1608266686401367,3.290165588684082,1
Amir Kabir,reservoir,2002-09,2002,9,2,0,2,0,0,3.375169370117188,3.375169370117188,1.0,2.9021435186767577,3.133231098510742,1
Amir Kabir,reservoir,2002-10,2002,10,2,0,2,0,0,3.375169370117188,2.5341833840942383,0.7508314713125789,1.9761516875,2.231940651550293,1
Amir Kabir,reservoir,2002-11,2002,11,2,0,2,0,0,3.375169370117188,3.37371603527832,0.9995694038788884,2.7662708068237305,3.002435661071777,1
Amir Kabir,reservoir,2002-12,2002,12,0,0,0,0,0,3.375169370117188,0.0,0.0,,,0
Amir Kabir,reservoir,2003-01,2003,1,1,0,1,0,0,3.375169370117188,2.722621581665039,0.8066622095383936,2.563451029418945,2.663749153686524,1
Amir Kabir,reservoir,2003-02,2003,2,1,0,1,0,0,3.375169370117188,1.2567101884155274,0.3723398889377494,1.106992798828125,1.1971137744750977,1
Amir Kabir,reservoir,2003-03,2003,3,3,0,3,0,0,3.375169370117188,1.1921173851318358,0.3532022409561168,1.1361470289916993,1.187756200439453,1
Amir Kabir,reservoir,2003-04,2003,4,1,0,1,0,0,3.375169370117188,3.3054244399414063,0.9793358725066412,3.1513695016479493,3.265459450927734,1
Amir Kabir,reservoir,2003-05,2003,5,2,0,2,0,0,3.375169370117188,3.027709347717285,0.8970540484645846,2.9296108321533203,3.001550764221192,1
Amir Kabir,reservoir,2003-06,2003,6,0,0,0,0,0,3.375169370117188,0.0,0.0,,,0
Amir Kabir,reservoir,2003-07,2003,7,2,0,2,0,0,3.375169370117188,2.7654008952026365,0.8193369256330447,2.625893296020508,2.731254001037598,1
Amir Kabir,reservoir,2003-08,2003,8,1,0,1,0,0,3.375169370117188,2.019730758544922,0.5984087128862502,1.907106358215332,1.9783174248046875,1
Amir Kabir,reservoir,2003-09,2003,9,0,0,0,0,0,3.375169370117188,0.0,0.0,,,0
Amir Kabir,reservoir,2003-10,2003,10,1,0,1,0,0,3.375169370117188,2.433983344116211,0.7211440604036122,1.9209944116210935,2.096854606506348,1
Amir Kabir,reservoir,2003-11,2003,11,2,0,2,0,0,3.375169370117188,2.364958111328125,0.7006931658798541,1.9551308635864255,2.104103238891601,1
Amir Kabir,reservoir,2003-12,2003,12,2,0,2,0,0,3.375169370117188,2.3569761681518555,0.6983282643590772,2.0851906256713866,2.2145507924194336,1
Amir Kabir,reservoir,2004-01,2004,1,1,0,1,0,0,3.375169370117188,1.890406347839356,0.5600922918347412,1.7726646241455075,1.8438893200073243,1
Amir Kabir,reservoir,2004-02,2004,2,3,0,3,0,0,3.375169370117188,1.926725948059082,0.5708531148444811,1.3831573665161132,1.6731127316894532,1
Amir Kabir,reservoir,2004-03,2004,3,2,0,2,0,0,3.375169370117188,1.6636591029052734,0.492911294358988,1.2632545343017578,1.4739974818725583,1
Amir Kabir,reservoir,2004-04,2004,4,2,0,2,0,0,3.375169370117188,2.519725733947754,0.7465479380847391,2.2247275235595705,2.418734062805176,1
Amir Kabir,reservoir,2004-05,2004,5,3,0,3,0,0,3.375169370117188,3.375169370117188,1.0,3.287252694152832,3.3453790727539063,1
Amir Kabir,reservoir,2004-06,2004,6,3,0,3,0,0,3.375169370117188,2.2493403626708983,0.6664377742302159,2.1781371127319336,2.22609089239502,1
Amir Kabir,reservoir,2004-07,2004,7,4,0,4,0,0,3.375169370117188,3.375169370117188,1.0,3.2756217149047853,3.348286037902832,1
Amir Kabir,reservoir,2004-08,2004,8,4,0,4,0,0,3.375169370117188,3.3402797951049803,0.9896628669005147,3.149191063415527,3.265447325378418,1
Amir Kabir,reservoir,2004-09,2004,9,2,0,2,0,0,3.375169370117188,3.375169370117188,1.0,2.91522206048584,3.179001734436035,1
Amir Kabir,reservoir,2004-10,2004,10,3,0,3,0,0,3.375169370117188,3.373716140258789,0.9995694349826516,2.7691534264526365,3.0910819855957032,1
Amir Kabir,reservoir,2004-11,2004,11,1,0,1,0,0,3.375169370117188,2.444161232543945,0.7241595797188343,1.997282520751953,2.160057484313965,1
Amir Kabir,reservoir,2004-12,2004,12,4,0,4,0,0,3.375169370117188,2.321382893798828,0.6877826382141612,2.104828209289551,2.202936366760254,1
Amir Kabir,reservoir,2005-01,2005,1,4,0,4,0,0,3.375169370117188,2.346120690246582,0.6951119878659966,2.2022174431762696,2.307598787475586,1
Amir Kabir,reservoir,2005-02,2005,2,1,0,1,0,0,3.375169370117188,0.0,0.0,,,0
Amir Kabir,reservoir,2005-03,2005,3,2,0,2,0,0,3.375169370117188,1.736394386352539,0.5144614079892087,1.5953928493652343,1.6855174812622071,1
Amir Kabir,reservoir,2005-04,2005,4,2,0,2,0,0,3.375169370117188,1.6679790026245118,0.494191200415699,1.4775919371948243,1.6294645016479492,1
Amir Kabir,reservoir,2005-05,2005,5,3,0,3,0,0,3.375169370117188,1.720228017211914,0.5096716130580987,1.664280283203125,1.70424436907959,1
Amir Kabir,reservoir,2005-06,2005,6,4,0,4,0,0,3.375169370117188,2.102587706237793,0.6229576876507356,2.024115234741211,2.07570331048584,1
Amir Kabir,reservoir,2005-07,2005,7,3,0,3,0,0,3.375169370117188,1.7189130494995115,0.5092820125467749,1.6331725295410155,1.6956633236083984,1
Amir Kabir,reservoir,2005-08,2005,8,4,0,4,0,0,3.375169370117188,3.375169370117188,1.0,3.1782593720092773,3.31559353112793,1
Amir Kabir,reservoir,2005-09,2005,9,4,0,4,0,0,3.375169370117188,3.375169370117188,1.0,2.9660917731323244,3.179004307067871,1
Amir Kabir,reservoir,2005-10,2005,10,4,0,4,0,0,3.375169370117188,3.3177735399780275,0.9829946814973712,2.6616172546997072,2.9719223748779298,1
Amir Kabir,reservoir,2005-11,2005,11,3,0,3,0,0,3.375169370117188,3.004533429626465,0.8901874543623706,2.4530168502197265,2.6623031084594726,1
Amir Kabir,reservoir,2005-12,2005,12,2,0,2,0,0,3.375169370117188,3.160037416809082,0.9362603977113492,2.497316889404297,2.7051578574829103,1
Amir Kabir,reservoir,2006-01,2006,1,2,0,2,0,0,3.375169370117188,0.337290678527832,0.0999329638133452,0.3365637222290039,0.337290678527832,1
Amir Kabir,reservoir,2006-02,2006,2,2,0,2,0,0,3.375169370117188,0.768304923461914,0.2276344796987885,0.6309368785400391,0.6825418660888671,1
Amir Kabir,reservoir,2006-03,2006,3,2,0,2,0,0,3.375169370117188,2.680454095336914,0.7941687664829239,1.9748022868041992,2.321444538696289,1
Amir Kabir,reservoir,2006-04,2006,4,2,0,2,0,0,3.375169370117188,2.0073807135009765,0.5947496239074008,1.904935529296875,1.959428093200684,1
Amir Kabir,reservoir,2006-05,2006,5,2,1,1,0,0,3.375169370117188,2.9049018046875,0.8606684542727526,2.8445908943481446,2.89036869921875,1
Amir Kabir,reservoir,2006-06,2006,6,4,0,4,0,0,3.375169370117188,3.018308012695313,0.8942686075011742,2.9405639669189454,2.9863385877075195,1
Amir Kabir,reservoir,2006-07,2006,7,5,1,4,0,0,3.375169370117188,3.375169370117188,1.0,3.234207309753418,3.346832515197754,1
Amir Kabir,reservoir,2006-08,2006,8,6,2,4,0,0,3.375169370117188,3.375169370117188,1.0,3.0997835534057616,3.3039677700805665,1
Amir Kabir,reservoir,2006-09,2006,9,5,2,3,0,0,3.375169370117188,3.375169370117188,1.0,2.9392046742553712,3.187723981506348,1
Amir Kabir,reservoir,2006-10,2006,10,4,2,2,0,0,3.375169370117188,3.375169370117188,1.0,2.7168408409423828,3.061300801513672,1
Amir Kabir,reservoir,2006-11,2006,11,2,0,2,0,0,3.375169370117188,2.4855625664672854,0.7364260260459122,2.110641783569336,2.301014594116211,1
Amir Kabir,reservoir,2006-12,2006,12,2,0,2,0,0,3.375169370117188,1.9397907016601563,0.5747239586950879,1.745030985961914,1.8177010190429688,1
Amir Kabir,reservoir,2007-01,2007,1,4,0,4,0,0,3.375169370117188,2.7763942507324217,0.8225940527055754,2.5990575643920897,2.7342393001708984,1
Amir Kabir,reservoir,2007-02,2007,2,3,0,3,0,0,3.375169370117188,1.453641392211914,0.4306869471742814,1.247246178466797,1.394771619567871,1
Amir Kabir,reservoir,2007-03,2007,3,2,0,2,0,0,3.375169370117188,0.0,0.0,,,0
Amir Kabir,reservoir,2007-04,2007,4,1,0,1,0,0,3.375169370117188,2.0211773946533205,0.5988373242979341,1.9012794368286128,1.994291688232422,1
Amir Kabir,reservoir,2007-05,2007,5,4,2,2,0,0,3.375169370117188,1.539186303588867,0.4560323156569253,1.496318301147461,1.531920885864258,1
Amir Kabir,reservoir,2007-06,2007,6,4,2,2,0,0,3.375169370117188,2.929716035888672,0.8680204501224632,2.8577837517700195,2.905738026611328,1
Amir Kabir,reservoir,2007-07,2007,7,4,1,3,0,0,3.375169370117188,3.375169370117188,1.0,3.269813421081543,3.342473898864746,1
Amir Kabir,reservoir,2007-08,2007,8,4,1,3,0,0,3.375169370117188,3.375169370117188,1.0,3.179714120605469,3.324310720336914,1
Amir Kabir,reservoir,2007-09,2007,9,2,0,2,0,0,3.375169370117188,2.3809000759277343,0.7054164739131501,2.011066396057129,2.207256417114258,1
Amir Kabir,reservoir,2007-10,2007,10,4,0,4,0,0,3.375169370117188,2.4449135670776365,0.7243824824686496,2.0220187739257813,2.24583737512207,1
Amir Kabir,reservoir,2007-11,2007,11,3,0,3,0,0,3.375169370117188,2.966720361206055,0.8789841444617782,2.3403681638183595,2.567825040466309,1
Amir Kabir,reservoir,2007-12,2007,12,3,0,3,0,0,3.375169370117188,2.9944334587402346,0.8871950205675949,2.7691250841674804,2.8665150169677736,1
Amir Kabir,reservoir,2008-01,2008,1,3,0,3,0,0,3.375169370117188,2.510437977600098,0.7437961483731212,2.4631967295532227,2.50462388482666,1
Amir Kabir,reservoir,2008-02,2008,2,2,0,2,0,0,3.375169370117188,1.9420828828125,0.5754030893996499,1.6913470966186523,1.8672213077392577,1
Amir Kabir,reservoir,2008-03,2008,3,4,0,4,0,0,3.375169370117188,3.3330288262939454,0.987514539508345,2.3200378371582038,2.7931085240478515,1
Amir Kabir,reservoir,2008-04,2008,4,7,3,4,0,0,3.375169370117188,3.375169370117188,1.0,2.5140836599731444,2.9639052279052733,1
Amir Kabir,reservoir,2008-05,2008,5,6,4,2,0,0,3.375169370117188,3.375169370117188,1.0,2.6994084529418947,3.067833992492676,1
Amir Kabir,reservoir,2008-06,2008,6,6,3,3,0,0,3.375169370117188,3.375169370117188,1.0,2.698665589355469,3.084549205078125,1
Amir Kabir,reservoir,2008-07,2008,7,6,3,3,0,0,3.375169370117188,3.375169370117188,1.0,2.649254631225586,3.039504483032226,1
Amir Kabir,reservoir,2008-08,2008,8,4,1,3,0,0,3.375169370117188,3.375169370117188,1.0,2.567143358947754,2.911616497131348,1
Amir Kabir,reservoir,2008-09,2008,9,2,0,2,0,0,3.375169370117188,2.180321424560547,0.6459887447025644,1.4253038716430664,1.6731321952514648,1
Amir Kabir,reservoir,2008-10,2008,10,5,3,2,0,0,3.375169370117188,3.375169370117188,1.0,2.3113356689453126,2.8040607361450194,1
Amir Kabir,reservoir,2008-11,2008,11,3,1,2,0,0,3.375169370117188,1.5829499378662109,0.4689986677057483,1.2443299868774411,1.3337116962890625,1
Amir Kabir,reservoir,2008-12,2008,12,3,0,3,0,0,3.375169370117188,2.6317163338012697,0.7797286729080192,2.101222436462402,2.2967173798217773,1
Amir Kabir,reservoir,2009-01,2009,1,5,2,3,0,0,3.375169370117188,2.944958901672363,0.8725366281604151,2.3338004892578126,2.5968640819702147,1
Amir Kabir,reservoir,2009-02,2009,2,3,2,1,0,0,3.375169370117188,0.2856507095336914,0.0846330000689042,0.1991573137207031,0.2434937891235351,1
Amir Kabir,reservoir,2009-03,2009,3,5,4,1,0,0,3.375169370117188,3.225500030822754,0.9556557544579646,2.189969129272461,2.7415391874389647,1
Amir Kabir,reservoir,2009-04,2009,4,6,4,2,0,0,3.375169370117188,3.091733557067871,0.916023232623886,2.280794325317383,2.632504411804199,1
Amir Kabir,reservoir,2009-05,2009,5,6,3,3,0,0,3.375169370117188,3.375169370117188,1.0,3.1659097977294923,3.3054208554077147,1
Amir Kabir,reservoir,2009-06,2009,6,6,4,2,0,0,3.375169370117188,3.375169370117188,1.0,3.2552827080078126,3.3352077055664062,1
Amir Kabir,reservoir,2009-07,2009,7,7,4,3,0,0,3.375169370117188,3.375169370117188,1.0,3.274901874877929,3.341022819946289,1
Amir Kabir,reservoir,2009-08,2009,8,8,4,4,0,0,3.375169370117188,3.375169370117188,1.0,3.1855323764038084,3.3148665728759767,1
Amir Kabir,reservoir,2009-09,2009,9,8,4,4,0,0,3.375169370117188,3.375169370117188,1.0,3.126680843811035,3.2494808713989256,1
Amir Kabir,reservoir,2009-10,2009,10,7,4,3,0,0,3.375169370117188,3.375169370117188,1.0,2.995884811340332,3.2044381095581054,1
Amir Kabir,reservoir,2009-11,2009,11,5,3,2,0,0,3.375169370117188,3.375169370117188,1.0,3.1354058748779297,3.2720039331054687,1
Amir Kabir,reservoir,2009-12,2009,12,5,2,3,0,0,3.375169370117188,2.0625965855102537,0.611109061302793,1.962333025390625,2.029177195617676,1
Amir Kabir,reservoir,2010-01,2010,1,5,2,3,0,0,3.375169370117188,3.2385860831298827,0.959532908719611,3.093984878173828,3.205890030883789,1
Amir Kabir,reservoir,2010-02,2010,2,4,3,1,0,0,3.375169370117188,1.0481329353027344,0.3105423225816791,1.030692942626953,1.0481329353027344,1
Amir Kabir,reservoir,2010-03,2010,3,2,2,0,0,0,3.375169370117188,0.0,0.0,,,0
Amir Kabir,reservoir,2010-04,2010,4,5,3,2,0,0,3.375169370117188,3.3628189454956057,0.9963407985593468,3.2538333040161134,3.315592801513672,1
Amir Kabir,reservoir,2010-05,2010,5,5,2,3,0,0,3.375169370117188,3.375169370117188,1.0,3.292334672485352,3.349737891784668,1
Amir Kabir,reservoir,2010-06,2010,6,7,3,4,0,0,3.375169370117188,3.3715344912109373,0.9989230528878248,3.24801330078125,3.340291564331055,1
Amir Kabir,reservoir,2010-07,2010,7,6,2,4,0,0,3.375169370117188,3.375169370117188,1.0,3.2182309749145506,3.3184991521606446,1
Amir Kabir,reservoir,2010-08,2010,8,4,1,3,0,0,3.375169370117188,3.375169370117188,1.0,3.083814757019043,3.244392942565918,1
Amir Kabir,reservoir,2010-09,2010,9,1,0,1,0,0,3.375169370117188,1.97759509967041,0.5859246997141797,1.8148280573730469,1.9281903919067385,1
Amir Kabir,reservoir,2010-10,2010,10,6,4,2,0,0,3.375169370117188,3.375169370117188,1.0,2.703035114868164,3.0039006953125,1
Amir Kabir,reservoir,2010-11,2010,11,5,2,3,0,0,3.375169370117188,3.375169370117188,1.0,2.708863411437988,2.934135403930664,1
Amir Kabir,reservoir,2010-12,2010,12,5,3,2,0,0,3.375169370117188,3.375169370117188,1.0,2.6223374180297854,2.8846842474975585,1
Amir Kabir,reservoir,2011-01,2011,1,5,3,2,0,0,3.375169370117188,2.917391337158203,0.8643688707855599,2.692084795166016,2.8454388259277343,1
Amir Kabir,reservoir,2011-02,2011,2,3,1,2,0,0,3.375169370117188,0.0,0.0,,,0
Amir Kabir,reservoir,2011-03,2011,3,5,3,2,0,0,3.375169370117188,2.476235928283691,0.7336627163684277,1.864338266479492,2.208797637817383,1
Amir Kabir,reservoir,2011-04,2011,4,6,2,4,0,0,3.375169370117188,3.3722631614990237,0.9991389443611643,2.971886742797852,3.250193096862793,1
Amir Kabir,reservoir,2011-05,2011,5,4,1,3,0,0,3.375169370117188,2.9231504716796874,0.8660751953844006,2.812708208618164,2.8897270512695314,1
Amir Kabir,reservoir,2011-06,2011,6,2,1,1,0,0,3.375169370117188,2.224635653381348,0.6591182276888544,2.13817073638916,2.1992036049804686,1
Amir Kabir,reservoir,2011-07,2011,7,3,2,1,0,0,3.375169370117188,3.375169370117188,1.0,3.240749894836426,3.338114041442871,1
Amir Kabir,reservoir,2011-08,2011,8,6,2,4,0,0,3.375169370117188,3.375169370117188,1.0,3.043112082885742,3.23349647668457,1
Amir Kabir,reservoir,2011-09,2011,9,4,0,4,0,0,3.375169370117188,3.311237990234375,0.9810583194879512,2.96028681451416,3.146309260681152,1
Amir Kabir,reservoir,2011-10,2011,10,1,0,1,0,0,3.375169370117188,2.5255600299682617,0.7482765316398249,2.1244860669555665,2.295246991821289,1
Amir Kabir,reservoir,2011-11,2011,11,3,0,3,0,0,3.375169370117188,2.351199347229004,0.6966166996079871,2.3308546434326174,2.3482930556640627,1
Amir Kabir,reservoir,2011-12,2011,12,4,0,4,0,0,3.375169370117188,1.595321673828125,0.4726641833007434,1.5822442291259766,1.5873300850219727,1
Amir Kabir,reservoir,2012-01,2012,1,3,0,3,0,0,3.375169370117188,2.377419405395508,0.7043852158782072,2.3498058772583006,2.3737864550170897,1
Amir Kabir,reservoir,2012-02,2012,2,4,0,4,0,0,3.375169370117188,0.0130773032226562,0.0038745620704072,0.0130773032226562,0.0130773032226562,1
Amir Kabir,reservoir,2012-03,2012,3,4,0,4,0,0,3.375169370117188,1.5270090310058593,0.4524244159494848,1.3242588889160156,1.4637884770507812,1
Amir Kabir,reservoir,2012-04,2012,4,3,0,3,0,0,3.375169370117188,2.330760305480957,0.6905609911362853,2.101140031616211,2.263913827026367,1
Amir Kabir,reservoir,2012-05,2012,5,1,0,1,0,0,3.375169370117188,1.5685745310058594,0.4647395016361498,1.5569444444580078,1.5678475381469728,1
Amir Kabir,reservoir,2012-06,2012,6,3,0,3,0,0,3.375169370117188,2.275554838867188,0.6742046366663309,2.210160566772461,2.255209043151856,1
Amir Kabir,reservoir,2012-07,2012,7,4,0,4,0,0,3.375169370117188,3.1651592446899413,0.9377779001887676,3.05326283215332,3.1404544768066405,1
Amir Kabir,reservoir,2012-08,2012,8,4,0,4,0,0,3.375169370117188,2.9667370505371093,0.8789890892006118,2.8170655645751954,2.9115200772094725,1
Amir Kabir,reservoir,2012-09,2012,9,4,0,4,0,0,3.375169370117188,3.375169370117188,1.0,2.990080350585937,3.197170758728028,1
Amir Kabir,reservoir,2012-10,2012,10,3,0,3,0,0,3.375169370117188,3.375169370117188,1.0,2.8970695537109377,3.121608634399414,1
Amir Kabir,reservoir,2012-11,2012,11,2,0,2,0,0,3.375169370117188,3.321393390930176,0.9840671761058484,2.976983162841797,3.17317321875,1
Amir Kabir,reservoir,2012-12,2012,12,3,0,3,0,0,3.375169370117188,2.540781877685547,0.7527864824150527,2.2261643740844725,2.3446071130981445,1
Amir Kabir,reservoir,2013-01,2013,1,4,0,4,0,0,3.375169370117188,3.1477013602905277,0.9326054532727752,2.7611299264526368,2.917369486999512,1
Amir Kabir,reservoir,2013-02,2013,2,3,0,3,0,0,3.375169370117188,1.320584825012207,0.3912647574679654,1.0989657259521484,1.2152319514160157,1
Amir Kabir,reservoir,2013-03,2013,3,1,0,1,0,0,3.375169370117188,0.2013475420532226,0.059655537240856,0.1998937537231445,0.2013475420532226,1
Amir Kabir,reservoir,2013-04,2013,4,6,0,4,2,0,3.375169370117188,3.2741320462646484,0.9700645174292302,2.9849517763061524,3.176050406921387,1
Amir Kabir,reservoir,2013-05,2013,5,8,0,4,4,0,3.375169370117188,3.375169370117188,1.0,3.184072317199707,3.29379467565918,1
Amir Kabir,reservoir,2013-06,2013,6,8,0,4,4,0,3.375169370117188,3.375169370117188,1.0,3.237839664672852,3.321403051208496,1
Amir Kabir,reservoir,2013-07,2013,7,7,0,3,4,0,3.375169370117188,3.375169370117188,1.0,3.218952985961914,3.302515001953125,1
Amir Kabir,reservoir,2013-08,2013,8,6,0,2,4,0,3.375169370117188,3.375169370117188,1.0,3.039485002685547,3.2044365859375,1
Amir Kabir,reservoir,2013-09,2013,9,6,0,3,3,0,3.375169370117188,3.375169370117188,1.0,2.805497108459473,3.0554872182617188,1
Amir Kabir,reservoir,2013-10,2013,10,8,0,4,4,0,3.375169370117188,3.375169370117188,1.0,2.57805201940918,2.8832827049560548,1
Amir Kabir,reservoir,2013-11,2013,11,3,0,2,1,0,3.375169370117188,3.3177569151000976,0.9829897558548012,2.482856784362793,2.7444629702758787,1
Amir Kabir,reservoir,2013-12,2013,12,5,0,2,3,0,3.375169370117188,3.155024190124512,0.9347750717514268,2.567101600036621,2.779313749206543,1
Amir Kabir,reservoir,2014-01,2014,1,7,0,4,3,0,3.375169370117188,3.093238393737793,0.916469087781036,2.57728072064209,2.793124827697754,1
Amir Kabir,reservoir,2014-02,2014,2,6,0,3,3,0,3.375169370117188,3.214565612487793,0.952416089381666,2.2786312357177736,2.5693146400146483,1
Amir Kabir,reservoir,2014-03,2014,3,7,0,4,3,0,3.375169370117188,3.363545426513672,0.9965560413926392,2.135466612792969,2.5002721805419923,1
Amir Kabir,reservoir,2014-04,2014,4,7,0,4,3,0,3.375169370117188,3.374442572265625,0.9997846632948268,2.459560452453613,2.831619315307617,1
Amir Kabir,reservoir,2014-05,2014,5,8,0,4,4,0,3.375169370117188,3.375169370117188,1.0,2.687032896728516,3.043104416564941,1
Amir Kabir,reservoir,2014-06,2014,6,7,0,4,3,0,3.375169370117188,3.375169370117188,1.0,2.754619055480957,3.075823778747558,1
Amir Kabir,reservoir,2014-07,2014,7,7,0,3,4,0,3.375169370117188,3.375169370117188,1.0,2.7887843829345704,3.080193820739746,1
Amir Kabir,reservoir,2014-08,2014,8,8,0,4,4,0,3.375169370117188,3.375169370117188,1.0,2.6732464028930663,2.9544901224365234,1
Amir Kabir,reservoir,2014-09,2014,9,8,0,4,4,0,3.375169370117188,3.375169370117188,1.0,2.426887927246094,2.777912181335449,1
Amir Kabir,reservoir,2014-10,2014,10,7,0,4,3,0,3.375169370117188,3.375169370117188,1.0,2.314244639892578,2.656546376342773,1
Amir Kabir,reservoir,2014-11,2014,11,8,0,4,4,0,3.375169370117188,3.3548246326293945,0.9939722321291726,2.311344635070801,2.612203975708008,1
Amir Kabir,reservoir,2014-12,2014,12,7,0,3,4,0,3.375169370117188,3.367177725158692,0.997632224021333,2.1681660354614256,2.563482400634766,1
Amir Kabir,reservoir,2015-01,2015,1,6,0,3,3,0,3.375169370117188,3.243654811706543,0.9610346788593668,1.9930140556030276,2.266995510192871,1
Amir Kabir,reservoir,2015-02,2015,2,8,0,4,4,0,3.375169370117188,2.9565575767822265,0.8759731001823986,1.6906618057250975,2.0590981605224608,1
Amir Kabir,reservoir,2015-03,2015,3,7,0,4,3,0,3.375169370117188,0.6999654487915039,0.2073867625692516,0.5262659608154296,0.6112993886108399,1
Amir Kabir,reservoir,2015-04,2015,4,7,0,4,3,0,3.375169370117188,3.375169370117188,1.0,2.725525887573242,3.1171983401489256,1
Amir Kabir,reservoir,2015-05,2015,5,7,0,3,4,0,3.375169370117188,3.375169370117188,1.0,3.22548212701416,3.336659001159668,1
Amir Kabir,reservoir,2015-06,2015,6,8,0,4,4,0,3.375169370117188,3.375169370117188,1.0,3.255275545593262,3.3417439306640624,1
Amir Kabir,reservoir,2015-07,2015,7,7,0,3,4,0,3.375169370117188,3.375169370117188,1.0,3.242931627319336,3.307599928405762,1
Amir Kabir,reservoir,2015-08,2015,8,8,0,4,4,0,3.375169370117188,3.375169370117188,1.0,3.1506567346191408,3.231316512817383,1
Amir Kabir,reservoir,2015-09,2015,9,6,0,2,4,0,3.375169370117188,3.375169370117188,1.0,2.969001442565918,3.154303158508301,1
Amir Kabir,reservoir,2015-10,2015,10,7,0,3,4,0,3.375169370117188,3.375169370117188,1.0,2.7764076416625976,3.002429264770508,1
Amir Kabir,reservoir,2015-11,2015,11,6,0,3,3,0,3.375169370117188,3.370810202453613,0.9987084595806748,2.878182992980957,3.0547590065917967,1
Amir Kabir,reservoir,2015-12,2015,12,7,0,4,3,0,3.375169370117188,3.24801057421875,0.962325210395583,2.991514563110352,3.119407412536621,1
Amir Kabir,reservoir,2016-01,2016,1,8,0,4,4,0,3.375169370117188,3.0692681310424805,0.9093671441252484,2.7364444127807617,2.872347136657715,1
Amir Kabir,reservoir,2016-02,2016,2,8,0,4,4,0,3.375169370117188,2.7357252927856446,0.8105445957785101,2.485016132019043,2.6172749683837893,1
Amir Kabir,reservoir,2016-03,2016,3,7,0,4,3,0,3.375169370117188,3.3715364857788086,0.9989236438412414,3.0140367265014647,3.235662471679688,1
Amir Kabir,reservoir,2016-04,2016,4,6,0,3,3,0,3.375169370117188,2.7705851693725587,0.8208729297861466,2.7211718681640624,2.7582301430053717,1
Amir Kabir,reservoir,2016-05,2016,5,8,0,4,4,0,3.375169370117188,3.375169370117188,1.0,3.3010494026489257,3.3548226282958984,1
Amir Kabir,reservoir,2016-06,2016,6,5,0,1,4,0,3.375169370117188,3.375169370117188,1.0,3.2436430872802733,3.3511885415649414,1
Amir Kabir,reservoir,2016-07,2016,7,8,0,4,4,0,3.375169370117188,3.375169370117188,1.0,3.2240307376708985,3.346104027404785,1
Amir Kabir,reservoir,2016-08,2016,8,8,0,4,4,0,3.375169370117188,3.375169370117188,1.0,3.168821958740234,3.2916170618896485,1
Amir Kabir,reservoir,2016-09,2016,9,5,0,2,3,0,3.375169370117188,3.375169370117188,1.0,3.0060568591308594,3.1869945650024416,1
Amir Kabir,reservoir,2016-10,2016,10,8,0,4,4,0,3.375169370117188,3.375169370117188,1.0,2.914506497253418,3.1230626547851563,1
Amir Kabir,reservoir,2016-11,2016,11,8,0,4,4,0,3.375169370117188,3.375169370117188,1.0,2.8636547241210937,3.0634790517578123,1
Amir Kabir,reservoir,2016-12,2016,12,7,0,3,4,0,3.375169370117188,3.339568606262207,0.989452154854752,2.833108448974609,3.03730619921875,1
Amir Kabir,reservoir,2017-01,2017,1,7,0,4,3,0,3.375169370117188,3.3061479385375976,0.9795502317037222,2.675417635498047,2.899967390930176,1
Amir Kabir,reservoir,2017-02,2017,2,6,0,3,3,0,3.375169370117188,1.9275257775268555,0.5710900894611789,1.7632777188720703,1.8679320254516605,1
Amir Kabir,reservoir,2017-03,2017,3,8,0,4,4,0,3.375169370117188,2.268355253051758,0.6720715331014632,1.7989313950195311,1.992230225708008,1
Amir Kabir,reservoir,2017-04,2017,4,6,0,2,4,0,3.375169370117188,3.318502285888672,0.9832105953762704,3.2305826989746094,3.281445348754883,1
Amir Kabir,reservoir,2017-05,2017,5,8,0,4,4,0,3.375169370117188,3.375169370117188,1.0,3.2785286325073244,3.3497354387207032,1
Amir Kabir,reservoir,2017-06,2017,6,7,0,3,4,0,3.375169370117188,3.375169370117188,1.0,3.2654542265625,3.341017361999512,1
Amir Kabir,reservoir,2017-07,2017,7,7,0,4,3,0,3.375169370117188,3.375169370117188,1.0,3.2603694077758787,3.330849079650879,1
Amir Kabir,reservoir,2017-08,2017,8,8,0,4,4,0,3.375169370117188,3.375169370117188,1.0,3.168090613525391,3.2792655090332032,1
Amir Kabir,reservoir,2017-09,2017,9,7,0,3,4,0,3.375169370117188,3.375169370117188,1.0,2.999518133605957,3.1695611596069337,1
Amir Kabir,reservoir,2017-10,2017,10,7,0,3,4,0,3.375169370117188,3.375169370117188,1.0,2.872356769104004,3.11215793347168,1
Amir Kabir,reservoir,2017-11,2017,11,8,0,4,4,0,3.375169370117188,3.374442477172852,0.999784635120604,2.7510135556030275,2.977740984069824,1
Amir Kabir,reservoir,2017-12,2017,12,7,0,4,3,0,3.375169370117188,3.355551498840332,0.994187589087959,2.7277392799682616,2.9123247970581057,1
Amir Kabir,reservoir,2018-01,2018,1,7,0,3,4,0,3.375169370117188,3.3729899692993164,0.9993542840139618,2.4348723576049807,2.729202354980469,1
Amir Kabir,reservoir,2018-02,2018,2,7,0,3,4,0,3.375169370117188,2.381054105529785,0.7054621100235671,2.002428158569336,2.175392419616699,1
Amir Kabir,reservoir,2018-03,2018,3,8,0,4,4,0,3.375169370117188,3.108472706787109,0.9209827318026358,2.317852410644531,2.5940003560180664,1
Amir Kabir,reservoir,2018-04,2018,4,3,0,1,2,0,3.375169370117188,0.0,0.0,,,0
Amir Kabir,reservoir,2018-05,2018,5,6,0,3,3,0,3.375169370117188,2.9833839564819336,0.8839212582621739,2.6600434506225588,2.895468617919922,1
Amir Kabir,reservoir,2018-06,2018,6,8,0,4,4,0,3.375169370117188,3.375169370117188,1.0,3.2698112802124024,3.343924397155761,1
Amir Kabir,reservoir,2018-07,2018,7,8,0,4,4,0,3.375169370117188,3.375169370117188,1.0,3.2378465958862304,3.3141385192260744,1
Amir Kabir,reservoir,2018-08,2018,8,7,0,3,4,0,3.375169370117188,3.375169370117188,1.0,3.0482044133300783,3.2000735947875976,1
Amir Kabir,reservoir,2018-09,2018,9,8,0,4,4,0,3.375169370117188,3.375169370117188,1.0,2.863636062683105,3.0867291041259763,1
Amir Kabir,reservoir,2018-10,2018,10,7,0,4,3,0,3.375169370117188,3.375169370117188,1.0,2.7030439918823244,2.9624768075561523,1
Amir Kabir,reservoir,2018-11,2018,11,6,0,2,4,0,3.375169370117188,3.3722626079711917,0.999138780361148,2.721208267578125,3.006788244140625,1
Amir Kabir,reservoir,2018-12,2018,12,7,0,3,4,0,3.375169370117188,3.375169370117188,1.0,2.62017403302002,2.893417292419433,1
Amir Kabir,reservoir,2019-01,2019,1,5,0,1,4,0,3.375169370117188,1.2340676782836917,0.365631333707216,1.0618343635253906,1.0829077990722655,1
Amir Kabir,reservoir,2019-02,2019,2,7,0,3,4,0,3.375169370117188,3.1273958095092773,0.9265892956953128,2.775689832885742,2.980612915649414,1
Amir Kabir,reservoir,2019-03,2019,3,5,0,3,2,0,3.375169370117188,1.585836827758789,0.4698539995649842,1.2523000853881836,1.398357974609375,1
Amir Kabir,reservoir,2019-04,2019,4,7,0,4,3,0,3.375169370117188,2.693533573303222,0.7980439728894855,2.5481876701049804,2.649926627319336,1
Amir Kabir,reservoir,2019-05,2019,5,8,0,4,4,0,3.375169370117188,3.375169370117188,1.0,3.2966882775878905,3.35700239239502,1
Amir Kabir,reservoir,2019-06,2019,6,8,0,4,4,0,3.375169370117188,3.375169370117188,1.0,3.298871319091797,3.351189661071777,1
Amir Kabir,reservoir,2019-07,2019,7,7,0,3,4,0,3.375169370117188,3.375169370117188,1.0,3.2879763271484377,3.344650397827148,1
Amir Kabir,reservoir,2019-08,2019,8,7,0,4,3,0,3.375169370117188,3.375169370117188,1.0,3.1877136330566405,3.287984819763184,1
Amir Kabir,reservoir,2019-09,2019,9,7,0,3,4,0,3.375169370117188,3.375169370117188,1.0,3.0482071945190428,3.196442259277344,1
Amir Kabir,reservoir,2019-10,2019,10,7,0,4,3,0,3.375169370117188,3.375169370117188,1.0,2.8883367971191407,3.1208761115722656,1
Amir Kabir,reservoir,2019-11,2019,11,7,0,4,3,0,3.375169370117188,3.372989625305176,0.9993541820948866,2.8004257889404296,3.0198802059326173,1
Amir Kabir,reservoir,2019-12,2019,12,8,0,4,4,0,3.375169370117188,3.243640371032715,0.9610304003559068,2.9406261063842773,3.109216866333008,1
Amir Kabir,reservoir,2020-01,2020,1,8,0,4,4,0,3.375169370117188,2.931936868469238,0.8686784415703085,2.765505008300781,2.870886922790527,1
Amir Kabir,reservoir,2020-02,2020,2,6,0,3,3,0,3.375169370117188,2.011053815856933,0.5958378959178302,1.6070371253051758,1.8046848046875,1
Amir Kabir,reservoir,2020-03,2020,3,8,0,4,4,0,3.375169370117188,2.742237340942383,0.8124739947042039,2.394170772216797,2.5613120275268555,1
Amir Kabir,reservoir,2020-04,2020,4,8,0,4,4,0,3.375169370117188,3.086740740478516,0.914543953796115,3.0075234921875,3.0722055595703126,1
Amir Kabir,reservoir,2020-05,2020,5,8,0,4,4,0,3.375169370117188,3.375169370117188,1.0,3.2923308508911133,3.3540958205566405,1
Amir Kabir,reservoir,2020-06,2020,6,7,0,4,3,0,3.375169370117188,3.375169370117188,1.0,3.292336116333008,3.347556828125,1
Amir Kabir,reservoir,2020-07,2020,7,7,0,3,4,0,3.375169370117188,3.375169370117188,1.0,3.279985808166504,3.3402926349487303,1
Amir Kabir,reservoir,2020-08,2020,8,8,0,4,4,0,3.375169370117188,3.375169370117188,1.0,3.160107801391601,3.295977006164551,1
Amir Kabir,reservoir,2020-09,2020,9,8,0,4,4,0,3.375169370117188,3.375169370117188,1.0,2.9537428984375,3.1354137244262694,1
Amir Kabir,reservoir,2020-10,2020,10,8,0,4,4,0,3.375169370117188,3.375169370117188,1.0,2.7778976907958985,3.0184335654296874,1
Amir Kabir,reservoir,2020-11,2020,11,2,0,2,0,0,3.375169370117188,2.4623325275268555,0.7295433969411028,2.2377949818115237,2.372235219543457,1
Amir Kabir,reservoir,2020-12,2020,12,5,0,1,4,0,3.375169370117188,3.1099537310180665,0.9214215317763704,2.54023190032959,2.665960239807129,1
Amir Kabir,reservoir,2021-01,2021,1,7,0,4,3,0,3.375169370117188,3.1346728760375977,0.9287453553564218,2.8156257263183595,2.964613842224121,1
Amir Kabir,reservoir,2021-02,2021,2,7,0,3,4,0,3.375169370117188,1.9849019549560547,0.5880895852308407,1.7530483954467773,1.8460833739013671,1
Amir Kabir,reservoir,2021-03,2021,3,8,0,4,4,0,3.375169370117188,3.370084178039551,0.9984933520306686,2.9762589750976565,3.2349390092163084,1
Amir Kabir,reservoir,2021-04,2021,4,7,0,4,3,0,3.375169370117188,3.375169370117188,1.0,3.189165984802246,3.293069489440918,1
Amir Kabir,reservoir,2021-05,2021,5,7,0,3,4,0,3.375169370117188,3.375169370117188,1.0,3.249471480895996,3.3272157951049803,1
Amir Kabir,reservoir,2021-06,2021,6,8,0,4,4,0,3.375169370117188,3.375169370117188,1.0,3.249469859436035,3.3243093696899413,1
Amir Kabir,reservoir,2021-07,2021,7,8,0,4,4,0,3.375169370117188,3.375169370117188,1.0,3.104878886474609,3.234946621826172,1
Amir Kabir,reservoir,2021-08,2021,8,8,0,4,4,0,3.375169370117188,3.375169370117188,1.0,2.8985213432617187,3.092548767272949,1
Amir Kabir,reservoir,2021-09,2021,9,8,0,4,4,0,3.375169370117188,3.375169370117188,1.0,2.464677275817871,2.8193339655151366,1
Amir Kabir,reservoir,2021-10,2021,10,7,0,3,4,0,3.375169370117188,3.375169370117188,1.0,2.093325446472168,2.4530670938110357,1
Amir Kabir,reservoir,2021-11,2021,11,9,0,4,3,2,3.375169370117188,3.375169370117188,1.0,2.287324184814453,2.608529350952149,1
Amir Kabir,reservoir,2021-12,2021,12,11,0,4,4,3,3.375169370117188,3.375169370117188,1.0,2.4624077423706057,2.7705335076904296,1
Amir Kabir,reservoir,2022-01,2022,1,11,0,4,4,3,3.375169370117188,2.6637118735351564,0.7892083571031787,2.087324935668945,2.2319676162109374,1
Amir Kabir,reservoir,2022-02,2022,2,9,0,3,2,4,3.375169370117188,3.1724001817626952,0.939923255363196,1.4551345517578125,1.7996087729492187,1
Amir Kabir,reservoir,2022-03,2022,3,9,0,3,4,2,3.375169370117188,3.3686293479614258,0.9980623128979348,1.746584282836914,2.1709679857788085,1
Amir Kabir,reservoir,2022-04,2022,4,9,0,1,4,4,3.375169370117188,3.375169370117188,1.0,2.022756305908203,2.521273238220215,1
Amir Kabir,reservoir,2022-05,2022,5,11,0,3,4,4,3.375169370117188,3.375169370117188,1.0,2.6514288587646484,3.02421716784668,1
Amir Kabir,reservoir,2022-06,2022,6,11,0,3,4,4,3.375169370117188,3.375169370117188,1.0,2.6695912052612303,3.0562021657714844,1
Amir Kabir,reservoir,2022-07,2022,7,11,0,3,4,4,3.375169370117188,3.375169370117188,1.0,2.618727848754882,2.9552101178588868,1
Amir Kabir,reservoir,2022-08,2022,8,9,0,2,4,3,3.375169370117188,3.375169370117188,1.0,2.4181648201293946,2.747383826965332,1
Amir Kabir,reservoir,2022-09,2022,9,9,0,2,3,4,3.375169370117188,3.375169370117188,1.0,2.032986088684082,2.381846124145508,1
Amir Kabir,reservoir,2022-10,2022,10,10,0,2,4,4,3.375169370117188,3.375169370117188,1.0,1.8287722424316408,2.164553470214844,1
Amir Kabir,reservoir,2022-11,2022,11,10,0,3,3,4,3.375169370117188,3.375169370117188,1.0,1.7844287990722656,2.1092880110473637,1
Amir Kabir,reservoir,2022-12,2022,12,9,0,3,3,3,3.375169370117188,3.1782269555053717,0.9416496202070658,2.7225178515625,2.866423620788574,1
Amir Kabir,reservoir,2023-01,2023,1,10,0,2,4,4,3.375169370117188,2.4428241990356447,0.7237634415219965,1.9551344984130856,2.1019459295043945,1
Amir Kabir,reservoir,2023-02,2023,2,8,0,2,3,3,3.375169370117188,2.519053727355957,0.7463488350122395,2.1054869615478515,2.223954408691406,1
Amir Kabir,reservoir,2023-03,2023,3,11,0,3,4,4,3.375169370117188,3.3591863145751955,0.9952645174836257,1.6862014061279298,2.15348205065918,1
Amir Kabir,reservoir,2023-04,2023,4,9,0,2,4,3,3.375169370117188,3.375169370117188,1.0,2.315641548950196,2.781443763183593,1
Amir Kabir,reservoir,2023-05,2023,5,10,0,2,4,4,3.375169370117188,3.375169370117188,1.0,2.702288771911621,3.087419300415039,1
Amir Kabir,reservoir,2023-06,2023,6,9,0,3,3,3,3.375169370117188,3.375169370117188,1.0,2.974075681030273,3.240032039855957,1
Amir Kabir,reservoir,2023-07,2023,7,10,0,2,4,4,3.375169370117188,3.375169370117188,1.0,2.9842606915893555,3.1855426661987303,1
Amir Kabir,reservoir,2023-08,2023,8,11,0,3,4,4,3.375169370117188,3.375169370117188,1.0,2.8091392059936524,3.054761220214844,1
Amir Kabir,reservoir,2023-09,2023,9,11,0,3,4,4,3.375169370117188,3.375169370117188,1.0,2.470491879211426,2.796079341003418,1
Amir Kabir,reservoir,2023-10,2023,10,10,0,2,4,4,3.375169370117188,3.375169370117188,1.0,2.104201972290039,2.5235592797241213,1
Amir Kabir,reservoir,2023-11,2023,11,8,0,1,3,4,3.375169370117188,3.375169370117188,1.0,2.029367689819336,2.3367861346435546,1
Amir Kabir,reservoir,2023-12,2023,12,7,0,0,4,3,3.375169370117188,3.3708105196533205,0.998708553561057,1.7924382133178711,2.087509872375488,1
Amir Kabir,reservoir,2024-01,2024,1,8,0,0,4,4,3.375169370117188,2.25176031225586,0.6671547603484198,1.220448782775879,1.577325102294922,1
Amir Kabir,reservoir,2024-02,2024,2,6,0,0,3,3,3.375169370117188,3.2872323435058592,0.9739458922002852,1.511847436096191,1.853390398010254,1
Amir Kabir,reservoir,2024-03,2024,3,8,0,0,4,4,3.375169370117188,3.3177760344848632,0.982995420573418,1.3119898752441406,1.6004972999267577,1
Amir Kabir,reservoir,2024-04,2024,4,6,0,0,3,3,3.375169370117188,3.371536114807129,0.9989235339292224,2.114317823730469,2.498004367431641,1
Amir Kabir,reservoir,2024-05,2024,5,7,0,0,3,4,3.375169370117188,3.3744428600463867,0.9997847485589216,2.8570624639892577,3.132474068481445,1
Amir Kabir,reservoir,2024-06,2024,6,8,0,0,4,4,3.375169370117188,3.375169370117188,1.0,3.1244848614501954,3.2756275264892576,1
Amir Kabir,reservoir,2024-07,2024,7,8,0,0,4,4,3.375169370117188,3.375169370117188,1.0,3.0591026333618165,3.215332325073242,1
Amir Kabir,reservoir,2024-08,2024,8,8,0,0,4,4,3.375169370117188,3.375169370117188,1.0,2.8759893832397463,3.104898559814453,1
Amir Kabir,reservoir,2024-09,2024,9,8,0,0,4,4,3.375169370117188,3.375169370117188,1.0,2.558416618652344,2.8796387294921875,1
Amir Kabir,reservoir,2024-10,2024,10,7,0,0,3,4,3.375169370117188,3.375169370117188,1.0,2.269183173095703,2.581696141967773,1
Amir Kabir,reservoir,2024-11,2024,11,7,0,0,4,3,3.375169370117188,3.375169370117188,1.0,1.9712231147460937,2.2859055220336915,1
Amir Kabir,reservoir,2024-12,2024,12,8,0,0,4,4,3.375169370117188,3.375169370117188,1.0,1.918151303100586,2.2444357239379884,1
Amir Kabir,reservoir,2025-01,2025,1,7,0,0,3,4,3.375169370117188,3.2421908721313475,0.9606009407518346,1.638346019226074,1.9014334920654297,1
Amir Kabir,reservoir,2025-02,2025,2,7,0,0,4,3,3.375169370117188,3.0001662009277346,0.88889352560804,1.0881369163208008,1.357047896118164,1
Amir Kabir,reservoir,2025-03,2025,3,5,0,0,2,3,3.375169370117188,3.0364832493896485,0.8996535925793319,0.6839877397460937,1.0117383911132811,1
Amir Kabir,reservoir,2025-04,2025,4,8,0,0,4,4,3.375169370117188,3.375169370117188,1.0,1.5721396776733398,2.121502742919922,1
Amir Kabir,reservoir,2025-05,2025,5,8,0,0,4,4,3.375169370117188,3.375169370117188,1.0,1.9464911159667968,2.4566280291748046,1
Amir Kabir,reservoir,2025-06,2025,6,8,0,0,4,4,3.375169370117188,3.375169370117188,1.0,1.8331206138305665,2.239377005859375,1
Amir Kabir,reservoir,2025-07,2025,7,8,0,0,4,4,3.375169370117188,3.375169370117188,1.0,1.687047614440918,1.9915680427856448,1
Amir Kabir,reservoir,2025-08,2025,8,7,0,0,3,4,3.375169370117188,3.375169370117188,1.0,1.3687048013305665,1.6477983546142578,1
Amir Kabir,reservoir,2025-09,2025,9,7,0,0,4,3,3.375169370117188,3.375169370117188,1.0,1.121584088989258,1.4072227482910156,1
Amir Kabir,reservoir,2025-10,2025,10,7,0,0,4,3,3.375169370117188,3.375169370117188,1.0,0.8969876145019531,1.1026800573730469,1
Amir Kabir,reservoir,2025-11,2025,11,8,0,0,4,4,3.375169370117188,3.375169370117188,1.0,0.7944790532226562,1.1251726930541992,1
Amir Kabir,reservoir,2025-12,2025,12,8,0,0,4,4,3.375169370117188,3.114318071166992,0.9227146047070408,0.7653876253051758,1.144047979736328,1
Amir Kabir,reservoir,2026-01,2026,1,8,0,0,4,4,3.375169370117188,1.867905188293457,0.5534256161576278,0.9085339187011718,1.0226442290649411,1
Amir Kabir,reservoir,2026-02,2026,2,5,0,0,3,2,3.375169370117188,0.8176938737182617,0.2422675083976218,0.1744635499877929,0.2340642088623047,1
Amir Kabir,reservoir,2026-03,2026,3,7,0,0,4,3,3.375169370117188,3.327940868408203,0.986007072081439,0.9747173930664064,1.472472158996582,1
Amir Kabir,reservoir,2026-04,2026,4,8,0,0,4,4,3.375169370117188,2.8824657580566404,0.8540210703430743,1.7516732225952147,2.086682164794922,1
Amir Kabir,reservoir,2026-05,2026,5,8,0,0,4,4,3.375169370117188,3.375169370117188,1.0,2.56346913458252,2.9900409165649413,1
Amir Kabir,reservoir,2026-06,2026,6,6,0,0,3,3,3.375169370117188,3.375169370117188,1.0,3.0293078646850584,3.219687802185059,1
Aras,reservoir,1991-01,1991,1,2,2,0,0,0,130.41790910015868,127.04077566418457,0.9741052938260149,97.01162828857422,117.67836672454834,1
Aras,reservoir,1991-02,1991,2,2,2,0,0,0,130.41790910015868,126.14707040466308,0.9672526670227808,106.77362225012207,115.84242152130128,1
Aras,reservoir,1991-03,1991,3,2,2,0,0,0,130.41790910015868,127.83624097680664,0.980204650257279,122.85898296148682,126.11569965771484,1
Aras,reservoir,1991-04,1991,4,1,1,0,0,0,130.41790910015868,1.164953266113281,0.0089324639089146,1.0883560376586914,1.164953266113281,1
Aras,reservoir,1991-05,1991,5,1,1,0,0,0,130.41790910015868,130.4095423067627,0.9999358462848108,129.5316051470337,130.12200432025148,1
Aras,reservoir,1991-06,1991,6,2,2,0,0,0,130.41790910015868,130.41790910015868,1.0,128.99193113500976,130.1130970977783,1
Aras,reservoir,1991-07,1991,7,1,1,0,0,0,130.41790910015868,130.41512213238525,0.9999786304826334,106.08397025720215,118.7058601182251,1
Aras,reservoir,1991-08,1991,8,1,1,0,0,0,130.41790910015868,130.40885255438232,0.9999305574990516,69.56935276654053,100.2597362131958,1
Aras,reservoir,1991-09,1991,9,1,1,0,0,0,130.41790910015868,130.40189331964112,0.999877196463062,55.98399482385254,82.54590590942382,1
Aras,reservoir,1991-10,1991,10,2,2,0,0,0,130.41790910015868,130.41790910015868,1.0,58.8873658204956,87.376446300354,1
Aras,reservoir,1991-11,1991,11,2,2,0,0,0,130.41790910015868,124.02014476574708,0.950944127393591,73.55118950213622,86.75782011218261,1
Aras,reservoir,1991-12,1991,12,1,1,0,0,0,130.41790910015868,12.431961473266602,0.0953240360855584,5.58345790637207,12.354640438598633,1
Aras,reservoir,1992-01,1992,1,2,2,0,0,0,130.41790910015868,32.17591268957519,0.246713913078185,13.370438752929688,32.17034174591065,1
Aras,reservoir,1992-02,1992,2,0,0,0,0,0,130.41790910015868,0.0,0.0,,,0
Aras,reservoir,1992-03,1992,3,1,1,0,0,0,130.41790910015868,126.3679849798584,0.9689465645612366,90.45362968041992,108.6480181989746,1
Aras,reservoir,1992-04,1992,4,2,2,0,0,0,130.41790910015868,127.2376586227417,0.975614925132908,95.66992846966552,105.70768040362547,1
Aras,reservoir,1992-05,1992,5,2,2,0,0,0,130.41790910015868,23.431144391784667,0.1796620153892358,23.222834497192384,23.429750953430176,1
Aras,reservoir,1992-06,1992,6,1,1,0,0,0,130.41790910015868,0.0,0.0,,,0
Aras,reservoir,1992-07,1992,7,2,2,0,0,0,130.41790910015868,130.41790910015868,1.0,128.1360178664551,130.0768847123413,1
Aras,reservoir,1992-08,1992,8,1,1,0,0,0,130.41790910015868,101.02606428479004,0.7746333688512349,85.68511760931396,97.49538615441897,1
Aras,reservoir,1992-09,1992,9,2,2,0,0,0,130.41790910015868,130.37132369696045,0.9996427990333562,81.14261045300293,106.52796275976564,1
Aras,reservoir,1992-10,1992,10,1,1,0,0,0,130.41790910015868,130.39910421325683,0.9998558105475576,77.57563695013428,93.57643101330568,1
Aras,reservoir,1992-11,1992,11,1,1,0,0,0,130.41790910015868,114.90554861975096,0.8810565160303675,66.87501017730713,102.47690799816894,1
Aras,reservoir,1992-12,1992,12,2,2,0,0,0,130.41790910015868,108.07694575378416,0.8286971206598854,67.70565165856934,101.7558791535034,1
Aras,reservoir,1993-01,1993,1,2,2,0,0,0,130.41790910015868,1.8872587106933596,0.0144708554501052,1.8872587106933596,1.8872587106933596,1
Aras,reservoir,1993-02,1993,2,1,1,0,0,0,130.41790910015868,0.3587196052246094,0.0027505394596467,0.3587196052246094,0.3587196052246094,1
Aras,reservoir,1993-03,1993,3,1,1,0,0,0,130.41790910015868,128.2457776342163,0.9833448375232404,97.1936738928833,109.77192644909668,1
Aras,reservoir,1993-04,1993,4,1,1,0,0,0,130.41790910015868,130.32737813189698,0.9993058394442424,104.80477483288574,111.61570140045166,1
Aras,reservoir,1993-05,1993,5,2,2,0,0,0,130.41790910015868,130.4025510248413,0.9998822395219849,129.87472921984863,130.35863070812988,1
Aras,reservoir,1993-06,1993,6,2,2,0,0,0,130.41790910015868,130.41233725195312,0.9999572769702872,128.88482025073242,129.78538365698242,1
Aras,reservoir,1993-07,1993,7,2,2,0,0,0,130.41790910015868,130.41790910015868,1.0,125.58847044598387,129.26512067095948,1
Aras,reservoir,1993-08,1993,8,1,1,0,0,0,130.41790910015868,129.58241881622314,0.9935937457539372,105.34569589746094,118.83123814294431,1
Aras,reservoir,1993-09,1993,9,0,0,0,0,0,130.41790910015868,0.0,0.0,,,0
Aras,reservoir,1993-10,1993,10,2,2,0,0,0,130.41790910015868,130.41790910015868,1.0,93.78584424407958,101.83311874639892,1
Aras,reservoir,1993-11,1993,11,1,1,0,0,0,130.41790910015868,0.0,0.0,,,0
Aras,reservoir,1993-12,1993,12,1,1,0,0,0,130.41790910015868,0.0,0.0,,,0
Aras,reservoir,1994-01,1994,1,1,1,0,0,0,130.41790910015868,14.19699094592285,0.108857679469618,14.19699094592285,14.19699094592285,1
Aras,reservoir,1994-02,1994,2,2,2,0,0,0,130.41790910015868,128.3715130540161,0.98430893379397,123.87093809661866,126.55441162591552,1
Aras,reservoir,1994-03,1994,3,1,1,0,0,0,130.41790910015868,129.54485210131836,0.9933056970099878,121.46476852624512,125.94508623699951,1
Aras,reservoir,1994-04,1994,4,1,1,0,0,0,130.41790910015868,22.56539322058105,0.1730237309912032,22.18516345831299,22.56330422229004,1
Aras,reservoir,1994-05,1994,5,2,2,0,0,0,130.41790910015868,130.41790910015868,1.0,127.93579725793457,129.46683749224854,1
Aras,reservoir,1994-06,1994,6,2,2,0,0,0,130.41790910015868,127.95685464526368,0.9811294746873686,125.5512742055664,127.16368957897949,1
Aras,reservoir,1994-07,1994,7,1,1,0,0,0,130.41790910015868,130.41790910015868,1.0,127.34298009344482,128.7731214529419,1
Aras,reservoir,1994-08,1994,8,2,2,0,0,0,130.41790910015868,130.41790910015868,1.0,100.59525004449463,115.44331477526856,1
Aras,reservoir,1994-09,1994,9,1,1,0,0,0,130.41790910015868,130.38098172387694,0.9997168534863308,83.39256319848633,95.91962614672852,1
Aras,reservoir,1994-10,1994,10,1,1,0,0,0,130.41790910015868,116.97393285357666,0.8969161801523955,70.17357155212402,86.86226881512451,1
Aras,reservoir,1994-11,1994,11,1,1,0,0,0,130.41790910015868,34.752833899536135,0.2664728651097033,29.510456891784667,34.73541786401367,1
Aras,reservoir,1994-12,1994,12,2,2,0,0,0,130.41790910015868,0.0,0.0,,,0
Aras,reservoir,1995-01,1995,1,2,2,0,0,0,130.41790910015868,0.1050558937988281,0.0008055327257098336,0.1022741163330078,0.1050558937988281,1
Aras,reservoir,1995-02,1995,2,2,2,0,0,0,130.41790910015868,118.60377636383056,0.9094132637316316,36.69930955462647,110.30051065588378,1
Aras,reservoir,1995-03,1995,3,2,2,0,0,0,130.41790910015868,128.93378871453857,0.9886202715880046,69.07919468371583,78.89387508306885,1
Aras,reservoir,1995-04,1995,4,2,2,0,0,0,130.41790910015868,130.38722496905518,0.9997647245588032,105.82420361309816,116.85713808666992,1
Aras,reservoir,1995-05,1995,5,2,2,0,0,0,130.41790910015868,130.37115595184326,0.9996415128210688,128.5784139588623,129.78591338122558,1
Aras,reservoir,1995-06,1995,6,2,2,0,0,0,130.41790910015868,130.41790910015868,1.0,126.92911507946778,128.58093715246582,1
Aras,reservoir,1995-07,1995,7,1,1,0,0,0,130.41790910015868,130.41582020178222,0.999983983040436,117.71900230725096,122.60095320709227,1
Aras,reservoir,1995-08,1995,8,2,2,0,0,0,130.41790910015868,130.41442833319093,0.9999733106672868,93.4685262086792,107.5624109654541,1
Aras,reservoir,1995-09,1995,9,2,2,0,0,0,130.41790910015868,130.40606056390382,0.9999091494692977,59.03027002478027,85.86831425885009,1
Aras,reservoir,1995-10,1995,10,2,2,0,0,0,130.41790910015868,130.34267025549318,0.9994230942269768,73.01399979846191,84.07850322729492,1
Aras,reservoir,1995-11,1995,11,1,1,0,0,0,130.41790910015868,127.85371234228516,0.9803386147227352,82.3333882286377,91.92989882476806,1
Aras,reservoir,1995-12,1995,12,2,2,0,0,0,130.41790910015868,123.35249617089843,0.9458248259153262,89.95546989654541,98.09763158447264,1
Aras,reservoir,1996-01,1996,1,0,0,0,0,0,130.41790910015868,0.0,0.0,,,0
Aras,reservoir,1996-02,1996,2,2,2,0,0,0,130.41790910015868,123.3501567545166,0.9458068880692284,73.8393755949707,94.65864963171389,1
Aras,reservoir,1996-03,1996,3,2,2,0,0,0,130.41790910015868,123.6663410970459,0.9482312816568184,71.17326813018799,94.61647926757811,1
Aras,reservoir,1996-04,1996,4,2,2,0,0,0,130.41790910015868,130.41372420123292,0.9999679116238358,97.39102777441406,106.6670507470703,1
Aras,reservoir,1996-05,1996,5,2,2,0,0,0,130.41790910015868,130.41790910015868,1.0,126.1346724395752,128.65153478961182,1
Aras,reservoir,1996-06,1996,6,1,1,0,0,0,130.41790910015868,130.41303311242677,0.99996261259082,125.453676814209,127.89619842425536,1
Aras,reservoir,1996-07,1996,7,2,2,0,0,0,130.41790910015868,130.41790910015868,1.0,108.5139541539917,119.564927460083,1
Aras,reservoir,1996-08,1996,8,2,2,0,0,0,130.41790910015868,130.41790910015868,1.0,69.35015029943848,95.2785298357544,1
Aras,reservoir,1996-09,1996,9,2,2,0,0,0,130.41790910015868,130.41790910015868,1.0,45.61921964715576,69.61902114642334,1
Aras,reservoir,1996-10,1996,10,2,2,0,0,0,130.41790910015868,130.41790910015868,1.0,52.62779271325684,79.51127338006592,1
Aras,reservoir,1996-11,1996,11,1,1,0,0,0,130.41790910015868,125.82151223840332,0.964756398155215,60.22040263793945,67.4538191663208,1
Aras,reservoir,1996-12,1996,12,1,1,0,0,0,130.41790910015868,0.0,0.0,,,0
Aras,reservoir,1997-01,1997,1,2,2,0,0,0,130.41790910015868,1.778860488708496,0.0136396948929948,0.7409405969848633,1.404066500915527,1
Aras,reservoir,1997-02,1997,2,2,2,0,0,0,130.41790910015868,22.935317678466795,0.1758601854355207,16.413345843322755,22.868403296203613,1
Aras,reservoir,1997-03,1997,3,1,1,0,0,0,130.41790910015868,130.2680619088745,0.9988510228977132,65.15823639294433,81.52367512426758,1
Aras,reservoir,1997-04,1997,4,1,1,0,0,0,130.41790910015868,126.9131818062744,0.9731269476863588,73.12106594189453,90.99965306335449,1
Aras,reservoir,1997-05,1997,5,2,2,0,0,0,130.41790910015868,109.15541729431152,0.8369664722233974,88.66064221746826,98.4646520578003,1
Aras,reservoir,1997-06,1997,6,2,2,0,0,0,130.41790910015868,130.41790910015868,1.0,125.85374089337158,127.44849489764404,1
Aras,reservoir,1997-07,1997,7,0,0,0,0,0,130.41790910015868,0.0,0.0,,,0
Aras,reservoir,1997-08,1997,8,2,2,0,0,0,130.41790910015868,130.41790910015868,1.0,100.04598192578123,113.0345138862915,1
Aras,reservoir,1997-09,1997,9,2,2,0,0,0,130.41790910015868,130.41303290655517,0.999962611012267,71.31984719238281,84.15389790887451,1
Aras,reservoir,1997-10,1997,10,1,1,0,0,0,130.41790910015868,130.32800979980468,0.999310682858096,71.88708347143555,86.14470385583496,1
Aras,reservoir,1997-11,1997,11,2,2,0,0,0,130.41790910015868,126.4724323666382,0.9697474314628796,66.76133218682861,86.23815832550049,1
Aras,reservoir,1997-12,1997,12,2,2,0,0,0,130.41790910015868,2.0397504509887696,0.0156401100513141,0.5980812249755859,1.7184572010498047,1
Aras,reservoir,1998-01,1998,1,2,2,0,0,0,130.41790910015868,84.92949462322998,0.6512103683398698,46.73654191522217,73.62965873626709,1
Aras,reservoir,1998-02,1998,2,0,0,0,0,0,130.41790910015868,0.0,0.0,,,0
Aras,reservoir,1998-03,1998,3,2,2,0,0,0,130.41790910015868,124.2773740657959,0.9529164738437343,59.96324629541016,86.61023561553955,1
Aras,reservoir,1998-04,1998,4,2,2,0,0,0,130.41790910015868,3.983948387207031,0.030547556042686,0.7873044048461914,2.439965314453125,1
Aras,reservoir,1998-05,1998,5,2,2,0,0,0,130.41790910015868,130.41790910015868,1.0,120.79777152911376,126.70709902532958,1
Aras,reservoir,1998-06,1998,6,2,2,0,0,0,130.41790910015868,130.41790910015868,1.0,127.37762914074708,129.57254367401123,1
Aras,reservoir,1998-07,1998,7,2,2,0,0,0,130.41790910015868,130.1421944937744,0.9978859145320867,120.74013473565674,126.30261934881592,1
Aras,reservoir,1998-08,1998,8,2,2,0,0,0,130.41790910015868,130.41790910015868,1.0,95.09437478430176,108.26996090979004,1
Aras,reservoir,1998-09,1998,9,2,2,0,0,0,130.41790910015868,130.40258686010742,0.9998825142945704,72.85493457739258,92.21681474560548,1
Aras,reservoir,1998-10,1998,10,2,2,0,0,0,130.41790910015868,130.41721267004394,0.9999946600116536,68.0731263972168,82.52232769354248,1
Aras,reservoir,1998-11,1998,11,1,1,0,0,0,130.41790910015868,124.50574924804688,0.95466757676991,57.16460278546143,84.4722939944458,1
Aras,reservoir,1998-12,1998,12,2,2,0,0,0,130.41790910015868,0.0,0.0,,,0
Aras,reservoir,1999-01,1999,1,1,1,0,0,0,130.41790910015868,0.0,0.0,,,0
Aras,reservoir,1999-02,1999,2,2,2,0,0,0,130.41790910015868,105.98437882141113,0.8126520318617972,49.70283921801758,70.48479939691163,1
Aras,reservoir,1999-03,1999,3,2,2,0,0,0,130.41790910015868,130.2869298439331,0.9989956957818962,58.51313269927979,89.27116480682373,1
Aras,reservoir,1999-04,1999,4,2,2,0,0,0,130.41790910015868,96.47066528985596,0.7397041246518388,53.38375119519043,70.85375643078613,1
Aras,reservoir,1999-05,1999,5,2,2,0,0,0,130.41790910015868,125.77606584460447,0.9644079307237678,94.74441403729249,102.53648538372802,1
Aras,reservoir,1999-06,1999,6,2,2,0,0,0,130.41790910015868,130.41721251232912,0.9999946588023504,96.0355480941162,106.01189514727784,1
Aras,reservoir,1999-07,1999,7,2,1,1,0,0,130.41790910015868,130.41790910015868,1.0,82.88755933117676,94.58446876257324,1
Aras,reservoir,1999-08,1999,8,3,2,1,0,0,130.41790910015868,130.41790910015868,1.0,45.429143909912106,67.92510777935792,1
Aras,reservoir,1999-09,1999,9,2,2,0,0,0,130.41790910015868,130.2040018394165,0.9983598321563496,44.79203694708252,76.56130973773193,1
Aras,reservoir,1999-10,1999,10,1,1,0,0,0,130.41790910015868,78.40554677209472,0.6011869636085074,30.613220429748534,44.03144223510742,1
Aras,reservoir,1999-11,1999,11,1,0,1,0,0,130.41790910015868,119.4703648885498,0.9160579686705348,43.27940061499024,60.84079577716064,1
Aras,reservoir,1999-12,1999,12,3,2,1,0,0,130.41790910015868,126.5839144654541,0.9706022381346404,44.62251193035889,77.71905563244628,1
Aras,reservoir,2000-01,2000,1,1,1,0,0,0,130.41790910015868,0.0,0.0,,,0
Aras,reservoir,2000-02,2000,2,3,2,1,0,0,130.41790910015868,130.27170854229738,0.9988789840377748,61.81509938342285,76.20123997235108,1
Aras,reservoir,2000-03,2000,3,2,1,1,0,0,130.41790910015868,127.7315985809326,0.979402288092481,59.050232841552734,69.82715544976807,1
Aras,reservoir,2000-04,2000,4,1,0,1,0,0,130.41790910015868,130.40886066326905,0.9999306196752268,76.62610804498291,85.05972634222412,1
Aras,reservoir,2000-05,2000,5,1,1,0,0,0,130.41790910015868,130.41790910015868,1.0,90.04970557427978,95.09825514605711,1
Aras,reservoir,2000-06,2000,6,3,2,1,0,0,130.41790910015868,130.4137237764282,0.9999679083665785,84.8216377769165,92.41516415161132,1
Aras,reservoir,2000-07,2000,7,2,2,0,0,0,130.41790910015868,130.41721158294678,0.999994651676164,70.96352576452637,83.60524655615234,1
Aras,reservoir,2000-08,2000,8,3,2,1,0,0,130.41790910015868,130.4165154963379,0.9999893143217032,44.90928393341064,64.25071771557617,1
Aras,reservoir,2000-09,2000,9,1,1,0,0,0,130.41790910015868,130.41581837316895,0.999983969019254,43.256017601013184,67.73436929553223,1
Aras,reservoir,2000-10,2000,10,1,1,0,0,0,130.41790910015868,130.40188266479493,0.9998771147653392,46.289621217651366,75.10238973223876,1
Aras,reservoir,2000-11,2000,11,3,2,1,0,0,130.41790910015868,130.23968209173583,0.9986334161492654,52.12089072601319,64.33726867156983,1
Aras,reservoir,2000-12,2000,12,3,2,1,0,0,130.41790910015868,40.70637000396729,0.312122547315994,17.356196113098143,37.336986461792,1
Aras,reservoir,2001-01,2001,1,4,2,2,0,0,130.41790910015868,128.54690470043946,0.9856537770569352,58.91088887060547,80.40334439611816,1
Aras,reservoir,2001-02,2001,2,2,2,0,0,0,130.41790910015868,127.45424733209228,0.9772756534089934,59.29365489282227,78.16184300415038,1
Aras,reservoir,2001-03,2001,3,2,1,1,0,0,130.41790910015868,130.41790910015868,1.0,74.70159182073975,81.15447214727783,1
Aras,reservoir,2001-04,2001,4,3,2,1,0,0,130.41790910015868,130.41790910015868,1.0,98.14730523968504,105.74374425201415,1
Aras,reservoir,2001-05,2001,5,2,1,1,0,0,130.41790910015868,130.41651630841065,0.9999893205483998,102.06130752990722,107.36111125897216,1
Aras,reservoir,2001-06,2001,6,3,2,1,0,0,130.41790910015868,130.41790910015868,1.0,98.27008360601806,104.1535686850586,1
Aras,reservoir,2001-07,2001,7,2,1,1,0,0,130.41790910015868,130.4172115855713,0.9999946516962878,75.11055063323974,86.57297764453125,1
Aras,reservoir,2001-08,2001,8,2,2,0,0,0,130.41790910015868,118.63496918560791,0.9096524396392396,45.48777581048584,63.16831808654785,1
Aras,reservoir,2001-09,2001,9,3,2,1,0,0,130.41790910015868,130.41790910015868,1.0,43.461045003356936,52.724955529663085,1
Aras,reservoir,2001-10,2001,10,3,2,1,0,0,130.41790910015868,130.41790910015868,1.0,46.26026387963867,55.96903680340576,1
Aras,reservoir,2001-11,2001,11,3,2,1,0,0,130.41790910015868,130.4046866907959,0.9998986150793704,49.93468309124756,54.79209899761963,1
Aras,reservoir,2001-12,2001,12,4,2,2,0,0,130.41790910015868,129.2356886737671,0.9909351374013852,67.65969828424072,75.15185991912841,1
Aras,reservoir,2002-01,2002,1,2,1,1,0,0,130.41790910015868,127.13548727337648,0.9748315101090804,71.08753985601807,81.96958660986328,1
Aras,reservoir,2002-02,2002,2,4,2,2,0,0,130.41790910015868,127.11362469970705,0.9746638753584524,71.92657970666504,77.5904702642212,1
Aras,reservoir,2002-03,2002,3,1,1,0,0,0,130.41790910015868,6.204093094116211,0.0475708676586094,5.13891187286377,5.425011978515625,1
Aras,reservoir,2002-04,2002,4,1,0,1,0,0,130.41790910015868,37.30668360186768,0.2860549126977399,33.02225283862305,37.27814240826416,1
Aras,reservoir,2002-05,2002,5,2,1,1,0,0,130.41790910015868,130.41790910015868,1.0,128.53537048071288,129.79572316107178,1
Aras,reservoir,2002-06,2002,6,2,1,1,0,0,130.41790910015868,130.41790910015868,1.0,127.57796742584227,129.69424641918943,1
Aras,reservoir,2002-07,2002,7,4,2,2,0,0,130.41790910015868,130.41790910015868,1.0,125.50330348742676,128.2851931621704,1
Aras,reservoir,2002-08,2002,8,3,1,2,0,0,130.41790910015868,130.41790910015868,1.0,107.77270646350098,113.67268559503174,1
Aras,reservoir,2002-09,2002,9,2,0,2,0,0,130.41790910015868,130.41790910015868,1.0,93.44432708569336,98.54136475109864,1
Aras,reservoir,2002-10,2002,10,2,0,2,0,0,130.41790910015868,130.10130151239014,0.997572361112419,92.67570666357422,97.51791753723144,1
Aras,reservoir,2002-11,2002,11,0,0,0,0,0,130.41790910015868,0.0,0.0,,,0
Aras,reservoir,2002-12,2002,12,1,0,1,0,0,130.41790910015868,98.75853344293212,0.7572467165309889,98.7334496548462,98.75853344293212,1
Aras,reservoir,2003-01,2003,1,1,0,1,0,0,130.41790910015868,6.551714087646484,0.0502363067530463,6.333755635742188,6.551714087646484,1
Aras,reservoir,2003-02,2003,2,2,0,2,0,0,130.41790910015868,1.5052509670410157,0.0115417504959768,1.468285329040527,1.5052509670410157,1
Aras,reservoir,2003-03,2003,3,2,0,2,0,0,130.41790910015868,70.86748024371337,0.5433876430980685,39.76286238751221,51.22893024237061,1
Aras,reservoir,2003-04,2003,4,2,0,2,0,0,130.41790910015868,0.6814805008544922,0.0052253598110603,0.0139442499389648,0.6807825693969727,1
Aras,reservoir,2003-05,2003,5,2,0,2,0,0,130.41790910015868,130.41790910015868,1.0,128.87336293103027,129.95700242626953,1
Aras,reservoir,2003-06,2003,6,0,0,0,0,0,130.41790910015868,0.0,0.0,,,0
Aras,reservoir,2003-07,2003,7,1,0,1,0,0,130.41790910015868,125.63317166082764,0.9633122669091678,107.81252435546875,113.59050663806153,1
Aras,reservoir,2003-08,2003,8,0,0,0,0,0,130.41790910015868,0.0,0.0,,,0
Aras,reservoir,2003-09,2003,9,1,1,0,0,0,130.41790910015868,130.3886382695923,0.999775561264796,83.63894498309327,95.95514288879394,1
Aras,reservoir,2003-10,2003,10,2,2,0,0,0,130.41790910015868,130.38654062646484,0.9997594772534673,84.69263962402344,95.27938696343996,1
Aras,reservoir,2003-11,2003,11,2,0,2,0,0,130.41790910015868,128.06414026373292,0.9819521041805838,87.08050321368408,97.25275955932617,1
Aras,reservoir,2003-12,2003,12,1,0,1,0,0,130.41790910015868,122.56723229473876,0.9398036906159052,88.02183761047364,96.11201953320312,1
Aras,reservoir,2004-01,2004,1,2,2,0,0,0,130.41790910015868,1.4849761217041015,0.011386289904124,1.4585058291625976,1.4849761217041015,1
Aras,reservoir,2004-02,2004,2,1,1,0,0,0,130.41790910015868,123.08871525323488,0.9438022438981511,85.56594862011718,97.32893103179931,1
Aras,reservoir,2004-03,2004,3,4,2,2,0,0,130.41790910015868,130.3942558762207,0.9998186351544724,104.51847738903808,110.38003045666504,1
Aras,reservoir,2004-04,2004,4,2,0,2,0,0,130.41790910015868,130.41790910015868,1.0,112.78575446307372,121.03961927026369,1
Aras,reservoir,2004-05,2004,5,1,1,0,0,0,130.41790910015868,1.2739830872192384,0.0097684673524465,1.1181383716430664,1.266330892944336,1
Aras,reservoir,2004-06,2004,6,3,1,2,0,0,130.41790910015868,130.41790910015868,1.0,127.026197003479,128.56984388238524,1
Aras,reservoir,2004-07,2004,7,2,1,1,0,0,130.41790910015868,130.41790910015868,1.0,120.74350384698486,125.67734465161132,1
Aras,reservoir,2004-08,2004,8,4,2,2,0,0,130.41790910015868,130.41790910015868,1.0,104.50884309802248,114.18418635131836,1
Aras,reservoir,2004-09,2004,9,2,1,1,0,0,130.41790910015868,130.41790910015868,1.0,85.03527163897705,100.30857580718994,1
Aras,reservoir,2004-10,2004,10,2,1,1,0,0,130.41790910015868,130.41721285150146,0.999994661403008,83.04722698498536,98.06531308532716,1
Aras,reservoir,2004-11,2004,11,1,0,1,0,0,130.41790910015868,121.62756987493896,0.932598679998244,86.24043568267822,92.03855757489012,1
Aras,reservoir,2004-12,2004,12,4,2,2,0,0,130.41790910015868,124.48586705407716,0.9545151268946828,124.4733319784546,124.48586705407716,1
Aras,reservoir,2005-01,2005,1,1,1,0,0,0,130.41790910015868,0.0,0.0,,,0
Aras,reservoir,2005-02,2005,2,2,1,1,0,0,130.41790910015868,49.308205593017576,0.378078485794077,21.537914241638184,33.55751129418945,1
Aras,reservoir,2005-03,2005,3,3,2,1,0,0,130.41790910015868,124.45888094573976,0.954308206629486,87.69498099298096,95.74864024749756,1
Aras,reservoir,2005-04,2005,4,3,1,2,0,0,130.41790910015868,130.4151241425171,0.999978645895638,107.26317737200928,115.54585012878418,1
Aras,reservoir,2005-05,2005,5,1,1,0,0,0,130.41790910015868,25.37922482470703,0.1945992310397817,23.59872275201416,24.936058613952635,1
Aras,reservoir,2005-06,2005,6,2,2,0,0,0,130.41790910015868,129.06964282000732,0.9896619544857452,125.02247322869871,127.0681357645874,1
Aras,reservoir,2005-07,2005,7,4,2,2,0,0,130.41790910015868,130.41790910015868,1.0,118.29289614727784,123.38373868377684,1
Aras,reservoir,2005-08,2005,8,4,2,2,0,0,130.41790910015868,130.41790910015868,1.0,89.8352356916504,104.29895587548828,1
Aras,reservoir,2005-09,2005,9,3,2,1,0,0,130.41790910015868,130.41790910015868,1.0,75.45381726464844,92.85109475177002,1
Aras,reservoir,2005-10,2005,10,3,1,2,0,0,130.41790910015868,128.96194880236817,0.98883619352713,78.2692345643921,88.58112488714599,1
Aras,reservoir,2005-11,2005,11,2,1,1,0,0,130.41790910015868,125.65213883459472,0.9634577007218852,75.10250798999023,91.40236435498046,1
Aras,reservoir,2005-12,2005,12,2,0,2,0,0,130.41790910015868,0.0,0.0,,,0
Aras,reservoir,2006-01,2006,1,0,0,0,0,0,130.41790910015868,0.0,0.0,,,0
Aras,reservoir,2006-02,2006,2,2,1,1,0,0,130.41790910015868,0.0,0.0,,,0
Aras,reservoir,2006-03,2006,3,0,0,0,0,0,130.41790910015868,0.0,0.0,,,0
Aras,reservoir,2006-04,2006,4,1,0,1,0,0,130.41790910015868,0.0,0.0,,,0
Aras,reservoir,2006-05,2006,5,2,0,2,0,0,130.41790910015868,130.3523591767578,0.9994973855672648,129.12726281274414,129.91540651751708,1
Aras,reservoir,2006-06,2006,6,3,1,2,0,0,130.41790910015868,130.41790910015868,1.0,124.7101707261963,127.44401208740234,1
Aras,reservoir,2006-07,2006,7,4,2,2,0,0,130.41790910015868,130.41372499346923,0.9999679176984332,107.36203688769533,114.69326296582032,1
Aras,reservoir,2006-08,2006,8,3,1,2,0,0,130.41790910015868,130.41790910015868,1.0,78.79330317047119,95.8486719298706,1
Aras,reservoir,2006-09,2006,9,3,1,2,0,0,130.41790910015868,130.41790910015868,1.0,61.8456071182251,75.21290893023682,1
Aras,reservoir,2006-10,2006,10,1,1,0,0,0,130.41790910015868,27.173801915649413,0.2083594354727801,15.858759478027345,22.5639295670166,1
Aras,reservoir,2006-11,2006,11,3,1,2,0,0,130.41790910015868,128.83022741534424,0.987826198903441,74.51478198651122,81.22031336358643,1
Aras,reservoir,2006-12,2006,12,4,2,2,0,0,130.41790910015868,13.385406813720705,0.1026347294330638,12.86689245098877,12.94075099847412,1
Aras,reservoir,2007-01,2007,1,2,2,0,0,0,130.41790910015868,0.0202202199096679,0.00015504174272675382,0.0202202199096679,0.0202202199096679,1
Aras,reservoir,2007-02,2007,2,0,0,0,0,0,130.41790910015868,0.0,0.0,,,0
Aras,reservoir,2007-03,2007,3,2,1,1,0,0,130.41790910015868,107.73409163269044,0.8260682323157974,63.95194194958496,74.67492073535156,1
Aras,reservoir,2007-04,2007,4,4,2,2,0,0,130.41790910015868,115.244140854187,0.8836527256826477,81.13069391925049,86.287252394104,1
Aras,reservoir,2007-05,2007,5,4,2,2,0,0,130.41790910015868,129.55530804083253,0.99338586958434,121.29352308935547,127.30170959448242,1
Aras,reservoir,2007-06,2007,6,2,1,1,0,0,130.41790910015868,130.36559359759522,0.999598862587781,126.5284939744873,128.70500309332274,1
Aras,reservoir,2007-07,2007,7,3,2,1,0,0,130.41790910015868,130.1327168933716,0.9978132435280184,115.88172515020752,125.30791586437988,1
Aras,reservoir,2007-08,2007,8,3,2,1,0,0,130.41790910015868,130.41790910015868,1.0,97.1169838795166,106.98851845672608,1
Aras,reservoir,2007-09,2007,9,4,2,2,0,0,130.41790910015868,130.41790910015868,1.0,64.77176563537597,79.54812085125732,1
Aras,reservoir,2007-10,2007,10,1,1,0,0,0,130.41790910015868,3.250913021606445,0.0249268911304949,0.7088818321533203,3.243946231567383,1
Aras,reservoir,2007-11,2007,11,1,0,1,0,0,130.41790910015868,121.63025420056152,0.9326192624906416,70.4816235706787,77.52120648864746,1
Aras,reservoir,2007-12,2007,12,1,0,1,0,0,130.41790910015868,121.1460676326294,0.928906685197593,71.36652616766358,78.29181085955811,1
Aras,reservoir,2008-01,2008,1,2,0,2,0,0,130.41790910015868,21.30503022863769,0.1633596978791908,21.291115117553712,21.30503022863769,1
Aras,reservoir,2008-02,2008,2,2,0,2,0,0,130.41790910015868,42.94017388446045,0.3292505928114761,27.895769855895995,38.93490329260254,1
Aras,reservoir,2008-03,2008,3,3,2,1,0,0,130.41790910015868,129.61981136645508,0.9938804590626378,84.10756439849854,99.75841705285644,1
Aras,reservoir,2008-04,2008,4,4,2,2,0,0,130.41790910015868,55.17812368377685,0.4230870136202,26.98112816223145,42.17324585675049,1
Aras,reservoir,2008-05,2008,5,1,0,1,0,0,130.41790910015868,123.26642263885498,0.9451648434586428,95.64416659558104,100.30042189868163,1
Aras,reservoir,2008-06,2008,6,4,2,2,0,0,130.41790910015868,130.41790910015868,1.0,97.76412670465088,105.17155461968994,1
Aras,reservoir,2008-07,2008,7,4,2,2,0,0,130.41790910015868,130.3614148690796,0.9995668215242148,87.41974681402588,102.06836667382812,1
Aras,reservoir,2008-08,2008,8,4,2,2,0,0,130.41790910015868,129.08512093670657,0.9897806354000924,64.45435417694092,85.64529212780762,1
Aras,reservoir,2008-09,2008,9,3,1,2,0,0,130.41790910015868,130.41790910015868,1.0,54.867007343444826,72.66300281536866,1
Aras,reservoir,2008-10,2008,10,1,1,0,0,0,130.41790910015868,130.41790910015868,1.0,57.50531102258301,81.561569640625,1
Aras,reservoir,2008-11,2008,11,1,1,0,0,0,130.41790910015868,129.18494864587402,0.9905460801910436,68.62446597106934,80.48541694097901,1
Aras,reservoir,2008-12,2008,12,2,0,2,0,0,130.41790910015868,123.12329574969482,0.9440673953386132,71.45411443872071,78.76174470031738,1
Aras,reservoir,2009-01,2009,1,2,0,2,0,0,130.41790910015868,12.613647485473631,0.096717142396345,10.648293414855956,12.613647485473631,1
Aras,reservoir,2009-02,2009,2,3,2,1,0,0,130.41790910015868,125.63036167022705,0.9632907208606228,90.77523310601806,102.59985291418457,1
Aras,reservoir,2009-03,2009,3,1,1,0,0,0,130.41790910015868,11.75462081854248,0.090130419201209,2.2983202857055662,5.863211237304688,1
Aras,reservoir,2009-04,2009,4,1,1,0,0,0,130.41790910015868,130.31289783111572,0.9991948094416824,102.06400597052,107.68835576013184,1
Aras,reservoir,2009-05,2009,5,3,2,1,0,0,130.41790910015868,130.41790910015868,1.0,123.92371034747316,126.66822277685549,1
Aras,reservoir,2009-06,2009,6,4,2,2,0,0,130.41790910015868,130.41790910015868,1.0,124.41389486578367,128.53678098413087,1
Aras,reservoir,2009-07,2009,7,4,2,2,0,0,130.41790910015868,130.41790910015868,1.0,120.36138222003174,125.03740852404783,1
Aras,reservoir,2009-08,2009,8,4,2,2,0,0,130.41790910015868,130.41790910015868,1.0,95.42863051861572,106.14431807171631,1
Aras,reservoir,2009-09,2009,9,2,2,0,0,0,130.41790910015868,130.40397858459474,0.99989318556278,81.8311317857666,93.67561797442627,1
Aras,reservoir,2009-10,2009,10,4,2,2,0,0,130.41790910015868,130.41790910015868,1.0,79.02331642767334,88.75183713317871,1
Aras,reservoir,2009-11,2009,11,2,2,0,0,0,130.41790910015868,130.40955152911377,0.99993591699865,79.93849239422607,88.16839205041504,1
Aras,reservoir,2009-12,2009,12,3,1,2,0,0,130.41790910015868,105.48634633459471,0.8088332887899855,68.73987301715088,76.97396640844727,1
Aras,reservoir,2010-01,2010,1,4,2,2,0,0,130.41790910015868,76.57810465899658,0.5871747614063183,40.70817414508057,57.73062713031006,1
Aras,reservoir,2010-02,2010,2,3,1,2,0,0,130.41790910015868,108.8807850067749,0.8348606856068851,75.12885378070068,98.49453826672364,1
Aras,reservoir,2010-03,2010,3,1,1,0,0,0,130.41790910015868,110.052464720459,0.8438447256192446,88.95518820904542,93.227708277771,1
Aras,reservoir,2010-04,2010,4,2,2,0,0,0,130.41790910015868,127.21685702062987,0.9754554255499492,124.41582539453124,126.215367107666,1
Aras,reservoir,2010-05,2010,5,4,2,2,0,0,130.41790910015868,130.41790910015868,1.0,129.4523486732788,130.15929511212158,1
Aras,reservoir,2010-06,2010,6,1,0,1,0,0,130.41790910015868,127.85203852923584,0.9803257804957424,123.62735436657717,126.35224707214356,1
Aras,reservoir,2010-07,2010,7,3,1,2,0,0,130.41790910015868,130.41790910015868,1.0,121.8571108222046,125.91457399920654,1
Aras,reservoir,2010-08,2010,8,2,1,1,0,0,130.41790910015868,129.75201044464112,0.9948941164590656,83.36972025219727,100.43303062530518,1
Aras,reservoir,2010-09,2010,9,3,1,2,0,0,130.41790910015868,130.41651398699952,0.999989302748612,64.63840478326416,79.90749468847656,1
Aras,reservoir,2010-10,2010,10,2,2,0,0,0,130.41790910015868,129.3732944038086,0.991990251158314,69.29215249737548,82.5632715559082,1
Aras,reservoir,2010-11,2010,11,2,2,0,0,0,130.41790910015868,129.1174317197876,0.9900283834532853,77.4876341774292,84.30627658496094,1
Aras,reservoir,2010-12,2010,12,2,1,1,0,0,130.41790910015868,125.81571464263916,0.9647119441702972,78.34355549761963,87.02192477862549,1
Aras,reservoir,2011-01,2011,1,2,0,2,0,0,130.41790910015868,65.3681295421753,0.5012204994942352,45.51089518432617,57.2366111741333,1
Aras,reservoir,2011-02,2011,2,3,2,1,0,0,130.41790910015868,126.2978387942505,0.9684087075591432,86.92955595239258,95.57784949578856,1
Aras,reservoir,2011-03,2011,3,3,1,2,0,0,130.41790910015868,130.3398766535034,0.9994016738407044,88.99925808624268,98.45495264599607,1
Aras,reservoir,2011-04,2011,4,2,1,1,0,0,130.41790910015868,130.01703887139894,0.996926263950054,99.13632913659669,106.425699664917,1
Aras,reservoir,2011-05,2011,5,3,2,1,0,0,130.41790910015868,130.41790910015868,1.0,128.42196423791503,129.89109349261474,1
Aras,reservoir,2011-06,2011,6,3,2,1,0,0,130.41790910015868,130.41790910015868,1.0,126.6889712623291,128.97617974853517,1
Aras,reservoir,2011-07,2011,7,3,2,1,0,0,130.41790910015868,130.41302702514648,0.9999625659156332,111.96562582055664,121.17919442480468,1
Aras,reservoir,2011-08,2011,8,3,2,1,0,0,130.41790910015868,130.41790910015868,1.0,80.14142242303467,91.89737929071045,1
Aras,reservoir,2011-09,2011,9,3,1,2,0,0,130.41790910015868,130.4151189734497,0.999978606260994,66.41608471618652,81.25141007818604,1
Aras,reservoir,2011-10,2011,10,1,0,1,0,0,130.41790910015868,127.87245146105955,0.9804822998876308,69.22490847918701,79.4066195890503,1
Aras,reservoir,2011-11,2011,11,3,1,2,0,0,130.41790910015868,126.38901699584962,0.9691078308791552,74.84784956860352,88.18056948779297,1
Aras,reservoir,2011-12,2011,12,2,0,2,0,0,130.41790910015868,1.7258800765991211,0.0132334591813895,0.319117508605957,1.67845098638916,1
Aras,reservoir,2012-01,2012,1,1,0,1,0,0,130.41790910015868,19.67145588751221,0.150834007562603,11.576825837036132,15.558715077209472,1
Aras,reservoir,2012-02,2012,2,2,0,2,0,0,130.41790910015868,100.90389474017334,0.7736966144939565,73.94024223046875,88.02859770367432,1
Aras,reservoir,2012-03,2012,3,0,0,0,0,0,130.41790910015868,0.0,0.0,,,0
Aras,reservoir,2012-04,2012,4,2,0,2,0,0,130.41790910015868,127.86342946643066,0.9804131223130848,76.47590086462402,90.9033368100586,1
Aras,reservoir,2012-05,2012,5,3,0,3,0,0,130.41790910015868,99.39591500201416,0.7621339407126964,62.1464770444336,72.18958006292725,1
Aras,reservoir,2012-06,2012,6,2,0,2,0,0,130.41790910015868,125.5058091954956,0.9623356950087992,97.58108359680176,102.5654730692749,1
Aras,reservoir,2012-07,2012,7,2,0,2,0,0,130.41790910015868,130.2637783739624,0.998818178214482,98.19485924078369,105.72383597619628,1
Aras,reservoir,2012-08,2012,8,2,0,2,0,0,130.41790910015868,128.25025943292238,0.9833792024255534,69.78137542144775,83.59738926550293,1
Aras,reservoir,2012-09,2012,9,2,0,2,0,0,130.41790910015868,130.41790910015868,1.0,63.3248068571167,74.56296392602539,1
Aras,reservoir,2012-10,2012,10,2,0,2,0,0,130.41790910015868,128.49617169995116,0.9852647737303344,59.81271267089844,78.48480416485596,1
Aras,reservoir,2012-11,2012,11,2,0,2,0,0,130.41790910015868,129.5140917426758,0.993069837082047,61.51068029144288,89.06706697595214,1
Aras,reservoir,2012-12,2012,12,2,0,2,0,0,130.41790910015868,119.494368769104,0.916242022231275,70.54846113140869,88.08987199682618,1
Aras,reservoir,2013-01,2013,1,2,0,2,0,0,130.41790910015868,72.49157378198242,0.5558406378552669,52.17935961889648,59.26720041125488,1
Aras,reservoir,2013-02,2013,2,1,0,1,0,0,130.41790910015868,120.17237765252686,0.9214407628651412,74.85063458221435,88.27752147265625,1
Aras,reservoir,2013-03,2013,3,3,0,2,1,0,130.41790910015868,130.326579515625,0.9992997159273308,83.93467499334717,92.58561030395508,1
Aras,reservoir,2013-04,2013,4,5,0,2,3,0,130.41790910015868,130.41790910015868,1.0,95.58437544256591,101.3274892109375,1
Aras,reservoir,2013-05,2013,5,4,0,2,2,0,130.41790910015868,119.4524466847534,0.9159205780014156,96.15875662335203,101.95545343164062,1
Aras,reservoir,2013-06,2013,6,3,0,2,1,0,130.41790910015868,130.41790910015868,1.0,112.23276115362548,116.45028451416016,1
Aras,reservoir,2013-07,2013,7,4,0,2,2,0,130.41790910015868,130.41790910015868,1.0,104.25554225878906,111.26080621405028,1
Aras,reservoir,2013-08,2013,8,4,0,2,2,0,130.41790910015868,130.41790910015868,1.0,71.45378021063233,82.70092267492676,1
Aras,reservoir,2013-09,2013,9,4,0,2,2,0,130.41790910015868,130.41790910015868,1.0,53.30985897149658,62.49604477136231,1
Aras,reservoir,2013-10,2013,10,3,0,1,2,0,130.41790910015868,130.41790910015868,1.0,62.53377360986328,69.6988544019165,1
Aras,reservoir,2013-11,2013,11,4,0,2,2,0,130.41790910015868,130.41790910015868,1.0,68.06537025860595,76.68745097875977,1
Aras,reservoir,2013-12,2013,12,2,0,0,2,0,130.41790910015868,125.86371797583008,0.9650800173400184,73.78473906939698,78.88287153411865,1
Aras,reservoir,2014-01,2014,1,4,0,2,2,0,130.41790910015868,0.0,0.0,,,0
Aras,reservoir,2014-02,2014,2,4,0,2,2,0,130.41790910015868,127.83224962182616,0.980174045910008,77.52367334375,86.69796751751709,1
Aras,reservoir,2014-03,2014,3,3,0,2,1,0,130.41790910015868,129.2725188722534,0.9912175387888972,89.72928773620606,97.05756290759275,1
Aras,reservoir,2014-04,2014,4,3,0,2,1,0,130.41790910015868,127.86481294232178,0.9804237303338748,100.76979320196531,104.34457822564696,1
Aras,reservoir,2014-05,2014,5,4,0,2,2,0,130.41790910015868,130.41790910015868,1.0,102.53409468688965,106.55274903033448,1
Aras,reservoir,2014-06,2014,6,4,0,2,2,0,130.41790910015868,130.41790910015868,1.0,100.81828094232178,105.03552317834472,1
Aras,reservoir,2014-07,2014,7,4,0,2,2,0,130.41790910015868,130.41790910015868,1.0,79.4433805571289,89.27552266241455,1
Aras,reservoir,2014-08,2014,8,4,0,2,2,0,130.41790910015868,130.41721160125732,0.9999946518165628,46.573210210632325,57.81699609899902,1
Aras,reservoir,2014-09,2014,9,4,0,2,2,0,130.41790910015868,130.41790910015868,1.0,42.89730836529541,52.65914781524658,1
Aras,reservoir,2014-10,2014,10,3,0,1,2,0,130.41790910015868,130.41790910015868,1.0,47.47280225738525,54.88415585583496,1
Aras,reservoir,2014-11,2014,11,2,0,1,1,0,130.41790910015868,128.6680762888794,0.98658287942697,50.38310613439941,56.94030014056396,1
Aras,reservoir,2014-12,2014,12,3,0,1,2,0,130.41790910015868,88.78922992706299,0.6808055008677866,14.451698926818848,52.50085403033447,1
Aras,reservoir,2015-01,2015,1,4,0,2,2,0,130.41790910015868,121.1353334182129,0.928824378906298,72.15000212530518,88.74226247644043,1
Aras,reservoir,2015-02,2015,2,2,0,1,1,0,130.41790910015868,128.8405592833252,0.9879054201396368,83.24284572576904,90.44769292224122,1
Aras,reservoir,2015-03,2015,3,3,0,1,2,0,130.41790910015868,130.4116388272095,0.9999519216878076,92.5871445750122,99.98749775439452,1
Aras,reservoir,2015-04,2015,4,4,0,2,2,0,130.41790910015868,130.41790910015868,1.0,112.03183005358886,116.43110371948242,1
Aras,reservoir,2015-05,2015,5,4,0,2,2,0,130.41790910015868,128.17713071850585,0.9828184764108436,120.8482364500122,124.0918261687622,1
Aras,reservoir,2015-06,2015,6,4,0,2,2,0,130.41790910015868,130.41790910015868,1.0,119.97109201696776,124.2296927109375,1
Aras,reservoir,2015-07,2015,7,4,0,2,2,0,130.41790910015868,130.32097288189698,0.999256726174108,104.91117709942628,112.2323389204712,1
Aras,reservoir,2015-08,2015,8,3,0,1,2,0,130.41790910015868,129.83910717828368,0.995561944476272,76.21104150201415,86.82631313500977,1
Aras,reservoir,2015-09,2015,9,4,0,2,2,0,130.41790910015868,130.41790910015868,1.0,51.98917401690674,61.85600267736817,1
Aras,reservoir,2015-10,2015,10,3,0,2,1,0,130.41790910015868,130.41790910015868,1.0,56.07512782055664,62.70265485687256,1
Aras,reservoir,2015-11,2015,11,4,0,2,2,0,130.41790910015868,129.73143413165283,0.9947363443161886,63.055423869750975,69.95826007971192,1
Aras,reservoir,2015-12,2015,12,2,0,2,0,0,130.41790910015868,120.68731067584228,0.9253890934806854,66.67454880999756,77.82349237243652,1
Aras,reservoir,2016-01,2016,1,2,0,1,1,0,130.41790910015868,110.84773108166505,0.8499425565589762,81.02715565716552,86.180057102417,1
Aras,reservoir,2016-02,2016,2,2,0,1,1,0,130.41790910015868,126.5758504321289,0.9705404058803064,88.15972284985351,92.49790608325196,1
Aras,reservoir,2016-03,2016,3,2,0,0,2,0,130.41790910015868,47.791200409667965,0.3664466079805432,29.37811339855957,32.407829653869626,1
Aras,reservoir,2016-04,2016,4,3,0,1,2,0,130.41790910015868,124.9615771729126,0.9581627096700676,106.2433390275879,111.00014199493408,1
Aras,reservoir,2016-05,2016,5,3,0,1,2,0,130.41790910015868,112.09296786334228,0.8594906070550237,101.3260403833618,104.65370628326416,1
Aras,reservoir,2016-06,2016,6,3,0,1,2,0,130.41790910015868,130.41790910015868,1.0,120.1508883670044,123.74367394250488,1
Aras,reservoir,2016-07,2016,7,3,0,1,2,0,130.41790910015868,116.94449201379396,0.8966904378445648,96.40685373706054,101.12709510192872,1
Aras,reservoir,2016-08,2016,8,4,0,2,2,0,130.41790910015868,130.41790910015868,1.0,77.16600561950683,86.63247380706787,1
Aras,reservoir,2016-09,2016,9,4,0,2,2,0,130.41790910015868,130.41790910015868,1.0,53.56729223626709,61.80147477905273,1
Aras,reservoir,2016-10,2016,10,4,0,2,2,0,130.41790910015868,130.33306523291014,0.9993494461931346,53.48602369525147,63.77617735357666,1
Aras,reservoir,2016-11,2016,11,4,0,2,2,0,130.41790910015868,130.3224809715576,0.9992682896907372,63.6847483862915,70.97748642279053,1
Aras,reservoir,2016-12,2016,12,2,0,1,1,0,130.41790910015868,88.2342167019043,0.6765498489485977,43.08027666552734,55.84472511895752,1
Aras,reservoir,2017-01,2017,1,3,0,1,2,0,130.41790910015868,0.2353097459106445,0.0018042747927351,0.1191274100341796,0.1219102122192382,1
Aras,reservoir,2017-02,2017,2,4,0,2,2,0,130.41790910015868,5.213378895629883,0.0399744094319599,4.142474962280273,4.64111383013916,1
Aras,reservoir,2017-03,2017,3,3,0,1,2,0,130.41790910015868,127.93876199169922,0.9809907463969882,100.505300663208,104.23684055407716,1
Aras,reservoir,2017-04,2017,4,3,0,1,2,0,130.41790910015868,128.2020734442749,0.9830097287161532,108.09182484661864,111.8735139558716,1
Aras,reservoir,2017-05,2017,5,4,0,2,2,0,130.41790910015868,130.41790910015868,1.0,118.98021247113036,121.94004602954102,1
Aras,reservoir,2017-06,2017,6,3,0,1,2,0,130.41790910015868,130.41790910015868,1.0,111.72075552832032,115.71632275933838,1
Aras,reservoir,2017-07,2017,7,4,0,2,2,0,130.41790910015868,130.41790910015868,1.0,87.88179747271728,96.08455638690184,1
Aras,reservoir,2017-08,2017,8,4,0,2,2,0,130.41790910015868,130.41790910015868,1.0,47.066505214172366,59.86842880529785,1
Aras,reservoir,2017-09,2017,9,4,0,2,2,0,130.41790910015868,130.41790910015868,1.0,44.83889644372559,54.50474112225342,1
Aras,reservoir,2017-10,2017,10,3,0,2,1,0,130.41790910015868,129.71020528881837,0.9945735687972362,46.35912332391357,57.77951733398437,1
Aras,reservoir,2017-11,2017,11,2,0,1,1,0,130.41790910015868,130.2771931608887,0.9989210382205872,56.5098335178833,62.65937992834473,1
Aras,reservoir,2017-12,2017,12,4,0,2,2,0,130.41790910015868,122.04068890960691,0.9357663357099354,59.295831416564944,68.34502684106445,1
Aras,reservoir,2018-01,2018,1,3,0,2,1,0,130.41790910015868,125.66799767901612,0.9635793009264186,66.77638632360839,70.62449961669923,1
Aras,reservoir,2018-02,2018,2,3,0,1,2,0,130.41790910015868,123.25901618347169,0.9451080532874584,79.48490907073975,83.64444557733154,1
Aras,reservoir,2018-03,2018,3,4,0,2,2,0,130.41790910015868,130.38791241845703,0.9997699956861092,94.84910700286864,104.55777445324708,1
Aras,reservoir,2018-04,2018,4,4,0,2,2,0,130.41790910015868,130.41790910015868,1.0,115.98277147680663,119.1874663199463,1
Aras,reservoir,2018-05,2018,5,4,0,2,2,0,130.41790910015868,130.41790910015868,1.0,115.79335357617188,120.92291518688964,1
Aras,reservoir,2018-06,2018,6,4,0,2,2,0,130.41790910015868,130.41790910015868,1.0,119.92204527520752,123.30075526379396,1
Aras,reservoir,2018-07,2018,7,4,0,2,2,0,130.41790910015868,130.41790910015868,1.0,106.70296060327148,114.45719485614012,1
Aras,reservoir,2018-08,2018,8,3,0,2,1,0,130.41790910015868,130.41790910015868,1.0,65.02828171569824,79.80777891674805,1
Aras,reservoir,2018-09,2018,9,4,0,2,2,0,130.41790910015868,130.41581643566894,0.9999839541631652,48.408818358520506,59.70721381640625,1
Aras,reservoir,2018-10,2018,10,4,0,2,2,0,130.41790910015868,130.41790910015868,1.0,49.82076987579346,57.7740634362793,1
Aras,reservoir,2018-11,2018,11,4,0,2,2,0,130.41790910015868,129.97134270013427,0.9965758813102772,58.705068116699216,71.43628752020264,1
Aras,reservoir,2018-12,2018,12,3,0,1,2,0,130.41790910015868,127.89754563500976,0.9806747134458864,63.218343059631344,97.37086945446778,1
Aras,reservoir,2019-01,2019,1,4,0,2,2,0,130.41790910015868,127.43932187420654,0.9771612100937408,84.22964239794922,90.24202257128906,1
Aras,reservoir,2019-02,2019,2,3,0,1,2,0,130.41790910015868,129.7004533555908,0.9944987943027296,93.4409937442627,99.30826210394288,1
Aras,reservoir,2019-03,2019,3,3,0,1,2,0,130.41790910015868,130.40954901129152,0.9999358976928489,99.1330517029419,103.28091338513184,1
Aras,reservoir,2019-04,2019,4,4,0,2,2,0,130.41790910015868,130.41790910015868,1.0,117.08587847283935,120.87737428826904,1
Aras,reservoir,2019-05,2019,5,4,0,2,2,0,130.41790910015868,130.41790910015868,1.0,125.01528121551512,127.6014225980835,1
Aras,reservoir,2019-06,2019,6,3,0,2,1,0,130.41790910015868,129.64231940130614,0.9940530429892348,119.13500456835938,123.0794813274536,1
Aras,reservoir,2019-07,2019,7,4,0,2,2,0,130.41790910015868,130.41790910015868,1.0,102.18277151049804,108.58432985949707,1
Aras,reservoir,2019-08,2019,8,4,0,2,2,0,130.41790910015868,130.41790910015868,1.0,63.4276053963623,77.94940684887695,1
Aras,reservoir,2019-09,2019,9,4,0,2,2,0,130.41790910015868,130.41790910015868,1.0,50.03589955596924,58.33700642895508,1
Aras,reservoir,2019-10,2019,10,4,0,2,2,0,130.41790910015868,130.41790910015868,1.0,52.08753152178955,58.89065966937256,1
Aras,reservoir,2019-11,2019,11,3,0,1,2,0,130.41790910015868,130.2465340661621,0.9986859547497808,57.58079410375976,66.19187512658691,1
Aras,reservoir,2019-12,2019,12,3,0,1,2,0,130.41790910015868,126.38361178247072,0.9690663855484012,64.6751404430542,81.43615384802246,1
Aras,reservoir,2020-01,2020,1,4,0,2,2,0,130.41790910015868,127.96756185089112,0.9812115738844904,79.79317319354249,85.78276128356934,1
Aras,reservoir,2020-02,2020,2,3,0,1,2,0,130.41790910015868,129.95466527618407,0.9964480045173946,86.55325996765137,91.90525072204588,1
Aras,reservoir,2020-03,2020,3,3,0,2,1,0,130.41790910015868,74.46146384155273,0.5709450822767571,53.11547607684327,57.09120095617676,1
Aras,reservoir,2020-04,2020,4,2,0,1,1,0,130.41790910015868,130.41790910015868,1.0,112.70282504205322,116.10290027648924,1
Aras,reservoir,2020-05,2020,5,4,0,2,2,0,130.41790910015868,130.41790910015868,1.0,117.40949713317872,121.36263841699218,1
Aras,reservoir,2020-06,2020,6,4,0,2,2,0,130.41790910015868,130.41790910015868,1.0,117.65176705749512,121.8064949251709,1
Aras,reservoir,2020-07,2020,7,4,0,2,2,0,130.41790910015868,130.41790910015868,1.0,87.31352815466309,95.80163403271484,1
Aras,reservoir,2020-08,2020,8,4,0,2,2,0,130.41790910015868,130.41790910015868,1.0,54.95987148242188,65.39657264727784,1
Aras,reservoir,2020-09,2020,9,4,0,2,2,0,130.41790910015868,130.41790910015868,1.0,44.98154539160157,53.46859597521973,1
Aras,reservoir,2020-10,2020,10,3,0,1,2,0,130.41790910015868,130.41790910015868,1.0,49.25462328479004,55.94714855383301,1
Aras,reservoir,2020-11,2020,11,2,0,1,1,0,130.41790910015868,123.40696114324952,0.94624244472801,52.1080543447876,63.91611445513916,1
Aras,reservoir,2020-12,2020,12,4,0,2,2,0,130.41790910015868,126.0637387357788,0.9666137082366814,63.5864822331543,74.1685630413208,1
Aras,reservoir,2021-01,2021,1,2,0,1,1,0,130.41790910015868,0.0,0.0,,,0
Aras,reservoir,2021-02,2021,2,3,0,2,1,0,130.41790910015868,130.15600692181397,0.997991823514487,92.0033907677002,118.12394835650636,1
Aras,reservoir,2021-03,2021,3,5,0,3,2,0,130.41790910015868,130.11709034448242,0.9976934244863164,95.15805061297608,101.5475906132202,1
Aras,reservoir,2021-04,2021,4,4,0,2,2,0,130.41790910015868,32.00020340332031,0.2453666342614396,29.012949438049315,31.952826781188964,1
Aras,reservoir,2021-05,2021,5,4,0,2,2,0,130.41790910015868,130.41790910015868,1.0,118.25545288092042,121.45260351464844,1
Aras,reservoir,2021-06,2021,6,4,0,2,2,0,130.41790910015868,130.41790910015868,1.0,110.81149608111572,115.4572170880127,1
Aras,reservoir,2021-07,2021,7,4,0,2,2,0,130.41790910015868,130.41790910015868,1.0,87.04111129907227,97.19678227862548,1
Aras,reservoir,2021-08,2021,8,3,0,1,2,0,130.41790910015868,126.90778285632324,0.9730855503814302,45.95917407232666,57.567009239562985,1
Aras,reservoir,2021-09,2021,9,4,0,2,2,0,130.41790910015868,130.41721261749268,0.9999946596087086,40.74762155169677,50.63856923394776,1
Aras,reservoir,2021-10,2021,10,5,0,3,2,0,130.41790910015868,130.41790910015868,1.0,44.64353607641601,53.69157269659424,1
Aras,reservoir,2021-11,2021,11,4,0,2,2,0,130.41790910015868,129.6936184138794,0.9944463863032564,54.60693192395019,90.8908198237915,1
Aras,reservoir,2021-12,2021,12,7,0,3,2,2,130.41790910015868,126.79987194067382,0.972258126322925,55.18695910620117,66.2196883930664,1
Aras,reservoir,2022-01,2022,1,6,0,2,2,2,130.41790910015868,128.68592990905762,0.9867197748909552,74.06151355657958,82.5237030142212,1
Aras,reservoir,2022-02,2022,2,7,0,4,1,2,130.41790910015868,130.41373015161133,0.999967957249306,90.4120737387085,97.63351449395752,1
Aras,reservoir,2022-03,2022,3,6,0,3,2,1,130.41790910015868,130.00777222741698,0.9968552104877964,102.69070899609376,107.3625179520874,1
Aras,reservoir,2022-04,2022,4,5,0,1,2,2,130.41790910015868,130.41790910015868,1.0,108.36754996984864,112.71449904071044,1
Aras,reservoir,2022-05,2022,5,7,0,3,2,2,130.41790910015868,130.41790910015868,1.0,110.97855664624024,115.28088533050536,1
Aras,reservoir,2022-06,2022,6,5,0,2,2,1,130.41790910015868,130.41790910015868,1.0,109.11597055084228,113.0178532045288,1
Aras,reservoir,2022-07,2022,7,8,0,4,2,2,130.41790910015868,130.41790910015868,1.0,92.31863107946778,98.9117623032837,1
Aras,reservoir,2022-08,2022,8,8,0,4,2,2,130.41790910015868,130.41790910015868,1.0,50.04675853131104,66.2933763704834,1
Aras,reservoir,2022-09,2022,9,7,0,3,2,2,130.41790910015868,130.41790910015868,1.0,40.88687585308838,52.83524023394775,1
Aras,reservoir,2022-10,2022,10,7,0,3,2,2,130.41790910015868,130.41790910015868,1.0,46.4085690300293,60.51159015423584,1
Aras,reservoir,2022-11,2022,11,6,0,3,1,2,130.41790910015868,130.2890373475342,0.9990118553999704,53.89167210681153,62.48445726953125,1
Aras,reservoir,2022-12,2022,12,4,0,1,1,2,130.41790910015868,126.80686270324708,0.9723117291035668,79.95141024212647,117.17177944586182,1
Aras,reservoir,2023-01,2023,1,5,0,1,2,2,130.41790910015868,129.0388672838745,0.9894259781819912,80.31515452032471,85.82719082061767,1
Aras,reservoir,2023-02,2023,2,7,0,3,2,2,130.41790910015868,130.13797808532715,0.9978535845516696,98.05636214849854,103.2845873203125,1
Aras,reservoir,2023-03,2023,3,6,0,2,2,2,130.41790910015868,130.41233657153322,0.9999572717530596,103.01623365856932,106.87183936602784,1
Aras,reservoir,2023-04,2023,4,6,0,3,2,1,130.41790910015868,130.41790910015868,1.0,109.46422925061034,113.46328016900635,1
Aras,reservoir,2023-05,2023,5,6,0,2,2,2,130.41790910015868,130.41790910015868,1.0,101.1213528703003,106.60882143859864,1
Aras,reservoir,2023-06,2023,6,7,0,3,2,2,130.41790910015868,130.41790910015868,1.0,97.23756239770508,101.5702238378296,1
Aras,reservoir,2023-07,2023,7,8,0,4,2,2,130.41790910015868,130.41790910015868,1.0,76.95559261450195,85.80694283355713,1
Aras,reservoir,2023-08,2023,8,6,0,2,2,2,130.41790910015868,130.41790910015868,1.0,51.81697528967285,59.45274476470947,1
Aras,reservoir,2023-09,2023,9,6,0,3,1,2,130.41790910015868,130.41790910015868,1.0,43.06193598223877,51.126683763549806,1
Aras,reservoir,2023-10,2023,10,8,0,4,2,2,130.41790910015868,130.41790910015868,1.0,47.93339595648193,56.76123120544434,1
Aras,reservoir,2023-11,2023,11,6,0,2,2,2,130.41790910015868,130.41790910015868,1.0,54.10396911755371,59.92532287164307,1
Aras,reservoir,2023-12,2023,12,4,0,0,2,2,130.41790910015868,126.24173052563476,0.9679784885117528,65.32508766082763,74.96042542407227,1
Aras,reservoir,2024-01,2024,1,4,0,0,2,2,130.41790910015868,18.535279533447262,0.1421221951903284,8.596478598999024,17.70213622906494,1
Aras,reservoir,2024-02,2024,2,3,0,0,2,1,130.41790910015868,101.7057282802124,0.7798448003188286,74.35870067547607,78.29537071276856,1
Aras,reservoir,2024-03,2024,3,3,0,0,1,2,130.41790910015868,130.15402953833006,0.997976661613046,108.58298802661132,111.76601094140624,1
Aras,reservoir,2024-04,2024,4,4,0,0,2,2,130.41790910015868,130.41790910015868,1.0,118.9614288340454,125.1982122154541,1
Aras,reservoir,2024-05,2024,5,4,0,0,2,2,130.41790910015868,128.4161608026123,0.9846512774866748,115.67529225335691,123.2651819512329,1
Aras,reservoir,2024-06,2024,6,4,0,0,2,2,130.41790910015868,130.41790910015868,1.0,118.41087185601806,122.39803440014649,1
Aras,reservoir,2024-07,2024,7,4,0,0,2,2,130.41790910015868,130.41790910015868,1.0,110.16657543225098,114.77768761608888,1
Aras,reservoir,2024-08,2024,8,3,0,0,1,2,130.41790910015868,130.41790910015868,1.0,84.66701907122803,91.8871248208618,1
Aras,reservoir,2024-09,2024,9,4,0,0,2,2,130.41790910015868,130.41790910015868,1.0,65.11495801904297,71.9169922689209,1
Aras,reservoir,2024-10,2024,10,4,0,0,2,2,130.41790910015868,130.41790910015868,1.0,65.95754702288818,71.9678815491333,1
Aras,reservoir,2024-11,2024,11,2,0,0,1,1,130.41790910015868,3.2371235892944337,0.0248211584714824,0.6542969968261719,1.726829669799805,1
Aras,reservoir,2024-12,2024,12,4,0,0,2,2,130.41790910015868,129.09916780200194,0.9898883419673292,90.28469247875977,93.88708514892578,1
Aras,reservoir,2025-01,2025,1,4,0,0,2,2,130.41790910015868,127.7337849395752,0.9794190523440908,103.21393971728516,106.12034605822754,1
Aras,reservoir,2025-02,2025,2,3,0,0,2,1,130.41790910015868,127.97569752563476,0.9812739554607616,106.10405900817872,113.108187303833,1
Aras,reservoir,2025-03,2025,3,4,0,0,2,2,130.41790910015868,130.41790910015868,1.0,112.74989290301514,116.62948440008545,1
Aras,reservoir,2025-04,2025,4,3,0,0,2,1,130.41790910015868,121.5182826854248,0.9317607031416282,115.16571658581545,118.3068789421997,1
Aras,reservoir,2025-05,2025,5,4,0,0,2,2,130.41790910015868,130.41790910015868,1.0,122.90421918304445,125.94258030535887,1
Aras,reservoir,2025-06,2025,6,3,0,0,1,2,130.41790910015868,130.41721233630372,0.9999946574526476,118.24580578900148,121.98768117126464,1
Aras,reservoir,2025-07,2025,7,4,0,0,2,2,130.41790910015868,130.41581823620606,0.9999839679690692,106.61302030603028,111.45124055053712,1
Aras,reservoir,2025-08,2025,8,4,0,0,2,2,130.41790910015868,130.41790910015868,1.0,86.7801408258667,93.41528986676023,1
Aras,reservoir,2025-09,2025,9,4,0,0,2,2,130.41790910015868,130.41790910015868,1.0,62.97281898236084,71.52507256182861,1
Aras,reservoir,2025-10,2025,10,4,0,0,2,2,130.41790910015868,130.41790910015868,1.0,57.872976213256834,65.48835774951172,1
Aras,reservoir,2025-11,2025,11,2,0,0,2,0,130.41790910015868,129.82639602783203,0.9954644797144204,63.71157524987793,72.26437450488281,1
Aras,reservoir,2025-12,2025,12,3,0,0,1,2,130.41790910015868,44.8685351137085,0.3440366083407321,8.74022593878174,17.03087079949951,1
Aras,reservoir,2026-01,2026,1,4,0,0,2,2,130.41790910015868,74.97753868243409,0.5749021679595603,47.450226583374025,61.09788054498291,1
Aras,reservoir,2026-02,2026,2,3,0,0,1,2,130.41790910015868,17.286315016540527,0.1325455616932559,8.400000503295898,9.620227981079102,1
Aras,reservoir,2026-03,2026,3,3,0,0,1,2,130.41790910015868,111.08553350427246,0.8517659443455784,95.05475784735108,98.33706788391112,1
Aras,reservoir,2026-04,2026,4,3,0,0,1,2,130.41790910015868,130.41790910015868,1.0,120.57237626446532,123.80055452954102,1
Aras,reservoir,2026-05,2026,5,4,0,0,2,2,130.41790910015868,130.41790910015868,1.0,121.42559046429444,124.96587954309082,1
Aras,reservoir,2026-06,2026,6,4,0,0,2,2,130.41790910015868,130.41790910015868,1.0,122.13509179284668,125.05293159429932,1
Bakhtegan-Tashk,lake,1991-01,1991,1,6,6,0,0,0,1428.987128677045,1269.3449628815126,0.888282992483404,874.2936520308905,1162.9295915381442,1
Bakhtegan-Tashk,lake,1991-02,1991,2,8,8,0,0,0,1428.987128677045,1317.8306285163394,0.9222130851076216,971.7190338820352,1240.6286762170748,1
Bakhtegan-Tashk,lake,1991-03,1991,3,7,7,0,0,0,1428.987128677045,1423.4820481156437,0.9961475646274728,1236.0484079287971,1372.247903662634,1
Bakhtegan-Tashk,lake,1991-04,1991,4,6,6,0,0,0,1428.987128677045,1423.8109679527406,0.9963777415342456,1170.334619759132,1374.6321725956172,1
Bakhtegan-Tashk,lake,1991-05,1991,5,2,2,0,0,0,1428.987128677045,399.2502221527162,0.2793938546684754,320.9732700795892,397.1282728673223,1
Bakhtegan-Tashk,lake,1991-06,1991,6,8,8,0,0,0,1428.987128677045,1425.162886647626,0.9973238093243294,1090.4129745181715,1304.743216216369,1
Bakhtegan-Tashk,lake,1991-07,1991,7,6,6,0,0,0,1428.987128677045,1416.8446206366395,0.9915027169967257,1010.5134971842652,1257.512623790987,1
Bakhtegan-Tashk,lake,1991-08,1991,8,5,5,0,0,0,1428.987128677045,1396.935208613873,0.9775701828099423,950.5978694165648,1258.6582751960643,1
Bakhtegan-Tashk,lake,1991-09,1991,9,4,4,0,0,0,1428.987128677045,1277.0972081017276,0.8937079855184302,839.9261788290405,1059.6752848200315,1
Bakhtegan-Tashk,lake,1991-10,1991,10,8,8,0,0,0,1428.987128677045,1384.7075728448915,0.9690133277315468,903.1725651092528,1238.5856643426662,1
Bakhtegan-Tashk,lake,1991-11,1991,11,8,8,0,0,0,1428.987128677045,1390.9670484531066,0.9733936860165164,906.6443131757202,1261.6261478775982,1
Bakhtegan-Tashk,lake,1991-12,1991,12,4,4,0,0,0,1428.987128677045,557.7165388167706,0.3902880072356594,374.2768004026444,543.6841931329327,1
Bakhtegan-Tashk,lake,1992-01,1992,1,3,3,0,0,0,1428.987128677045,120.5805527363626,0.0843818326397355,108.29313842027994,120.5805527363626,1
Bakhtegan-Tashk,lake,1992-02,1992,2,8,8,0,0,0,1428.987128677045,1255.5279514233828,0.8786138980732104,937.8090670027466,1154.823410909126,1
Bakhtegan-Tashk,lake,1992-03,1992,3,4,4,0,0,0,1428.987128677045,536.3027594850255,0.3753027222726171,426.6580050372204,529.9706885872957,1
Bakhtegan-Tashk,lake,1992-04,1992,4,4,4,0,0,0,1428.987128677045,1410.664408684674,0.9871778271303716,1200.1344328402713,1378.1325008620136,1
Bakhtegan-Tashk,lake,1992-05,1992,5,8,8,0,0,0,1428.987128677045,1428.7355631991395,0.9998239553926996,1232.0165555578333,1390.6428660620008,1
Bakhtegan-Tashk,lake,1992-06,1992,6,8,8,0,0,0,1428.987128677045,1426.9043350685245,0.9985424686012052,1194.944329240419,1372.0444246283546,1
Bakhtegan-Tashk,lake,1992-07,1992,7,8,8,0,0,0,1428.987128677045,1422.1073376185732,0.9951855472170412,1133.0587519495616,1335.1100952622862,1
Bakhtegan-Tashk,lake,1992-08,1992,8,4,4,0,0,0,1428.987128677045,1322.028154278058,0.9251504983827186,985.702747075648,1181.160011667231,1
Bakhtegan-Tashk,lake,1992-09,1992,9,8,8,0,0,0,1428.987128677045,1299.739166861188,0.9095527459820336,952.7905013988036,1142.1555656676308,1
Bakhtegan-Tashk,lake,1992-10,1992,10,6,6,0,0,0,1428.987128677045,1216.7499633786438,0.8514772029508131,878.1593431383667,1054.7125634054537,1
Bakhtegan-Tashk,lake,1992-11,1992,11,6,6,0,0,0,1428.987128677045,1081.0541215372134,0.7565177459212333,694.07510003656,958.5345910878848,1
Bakhtegan-Tashk,lake,1992-12,1992,12,6,6,0,0,0,1428.987128677045,980.5850369991272,0.6862098456456722,646.3123389180556,891.8032432725306,1
Bakhtegan-Tashk,lake,1993-01,1993,1,8,8,0,0,0,1428.987128677045,1261.9416573195049,0.8831021861532156,1049.6900782490543,1220.2946920657475,1
Bakhtegan-Tashk,lake,1993-02,1993,2,6,6,0,0,0,1428.987128677045,1038.7605654117767,0.7269208690308221,975.6386716355388,1033.429056953971,1
Bakhtegan-Tashk,lake,1993-03,1993,3,8,8,0,0,0,1428.987128677045,533.0669808730315,0.3730383361581041,530.658902310259,532.3005431629485,1
Bakhtegan-Tashk,lake,1993-04,1993,4,8,8,0,0,0,1428.987128677045,1428.824927814374,0.9998864924257078,1405.2534516350668,1420.6300211533508,1
Bakhtegan-Tashk,lake,1993-05,1993,5,8,8,0,0,0,1428.987128677045,1162.3353503719911,0.813398054500379,1129.6893539556636,1147.1852751097774,1
Bakhtegan-Tashk,lake,1993-06,1993,6,6,6,0,0,0,1428.987128677045,1428.987128677045,1.0,1386.2005114581634,1395.5329543785765,1
Bakhtegan-Tashk,lake,1993-07,1993,7,6,6,0,0,0,1428.987128677045,1428.987128677045,1.0,1375.2786940333108,1391.04925280332,1
Bakhtegan-Tashk,lake,1993-08,1993,8,8,8,0,0,0,1428.987128677045,1427.5321083694275,0.9989817820759768,1358.897971579204,1383.9249588737543,1
Bakhtegan-Tashk,lake,1993-09,1993,9,4,4,0,0,0,1428.987128677045,1379.6004602120329,0.9654393888692796,1315.9252458013332,1330.0418898245748,1
Bakhtegan-Tashk,lake,1993-10,1993,10,7,7,0,0,0,1428.987128677045,1378.5894506123775,0.964731888025244,1298.2189469588163,1325.4971348255667,1
Bakhtegan-Tashk,lake,1993-11,1993,11,8,8,0,0,0,1428.987128677045,1428.985566457074,0.9999989067641412,1338.233959072719,1374.4438159969598,1
Bakhtegan-Tashk,lake,1993-12,1993,12,6,6,0,0,0,1428.987128677045,1411.0750876910486,0.9874652188067088,1322.7818425967182,1360.2847419608406,1
Bakhtegan-Tashk,lake,1994-01,1994,1,6,6,0,0,0,1428.987128677045,1410.975589271262,0.9873955901740992,1323.0935323601827,1354.0754952731752,1
Bakhtegan-Tashk,lake,1994-02,1994,2,6,6,0,0,0,1428.987128677045,1417.646700062452,0.992064009264316,1334.3249609215543,1368.7058867702503,1
Bakhtegan-Tashk,lake,1994-03,1994,3,8,8,0,0,0,1428.987128677045,1427.2298942878235,0.9987702937598548,1335.81251381457,1376.839278555692,1
Bakhtegan-Tashk,lake,1994-04,1994,4,6,6,0,0,0,1428.987128677045,1428.703284073102,0.9998013665775942,1339.668256609281,1383.6346541444154,1
Bakhtegan-Tashk,lake,1994-05,1994,5,8,8,0,0,0,1428.987128677045,1428.7401856177185,0.999827190144424,1337.1716541137737,1390.8347450664703,1
Bakhtegan-Tashk,lake,1994-06,1994,6,6,6,0,0,0,1428.987128677045,1426.4420532374472,0.9982189654556554,1316.473153243135,1380.7561988247808,1
Bakhtegan-Tashk,lake,1994-07,1994,7,6,6,0,0,0,1428.987128677045,1428.962970430524,0.9999830941468708,1274.817502287896,1366.9567666294606,1
Bakhtegan-Tashk,lake,1994-08,1994,8,6,6,0,0,0,1428.987128677045,1421.3060440588808,0.994624804895706,1211.3633798821222,1340.2126889090223,1
Bakhtegan-Tashk,lake,1994-09,1994,9,6,6,0,0,0,1428.987128677045,1409.9350507690249,0.9866674251113384,1189.2705039580485,1314.4124935382258,1
Bakhtegan-Tashk,lake,1994-10,1994,10,4,4,0,0,0,1428.987128677045,1396.794345017316,0.977471606976941,1143.5629044471716,1292.3654794731492,1
Bakhtegan-Tashk,lake,1994-11,1994,11,6,6,0,0,0,1428.987128677045,920.86700162438,0.6444193814936022,726.901727219094,863.5674735932477,1
Bakhtegan-Tashk,lake,1994-12,1994,12,8,8,0,0,0,1428.987128677045,1384.966721659955,0.9691946791306344,1152.2703876932285,1300.3815263292065,1
Bakhtegan-Tashk,lake,1995-01,1995,1,7,7,0,0,0,1428.987128677045,1362.1706884987002,0.95324209796053,1143.134303751333,1246.3060841558126,1
Bakhtegan-Tashk,lake,1995-02,1995,2,4,4,0,0,0,1428.987128677045,1406.4496150355626,0.9842283298504252,1305.133786263047,1359.99558194246,1
Bakhtegan-Tashk,lake,1995-03,1995,3,6,6,0,0,0,1428.987128677045,1428.7672170994692,0.9998461066771264,1358.3309085305098,1396.115676221089,1
Bakhtegan-Tashk,lake,1995-04,1995,4,8,8,0,0,0,1428.987128677045,670.3664754274045,0.4691200235288537,634.4745890167198,664.8559234017332,1
Bakhtegan-Tashk,lake,1995-05,1995,5,8,8,0,0,0,1428.987128677045,1426.0651604806335,0.9979552172739888,1352.2488741651778,1392.3710346711855,1
Bakhtegan-Tashk,lake,1995-06,1995,6,8,8,0,0,0,1428.987128677045,1428.9277781421329,0.9999584667113364,1331.1183464800338,1374.4778253747368,1
Bakhtegan-Tashk,lake,1995-07,1995,7,8,8,0,0,0,1428.987128677045,1428.878751751874,0.9999241582215852,1297.467387577155,1358.2833991890927,1
Bakhtegan-Tashk,lake,1995-08,1995,8,6,6,0,0,0,1428.987128677045,1409.7959704000064,0.9865700971744892,1261.9486122742246,1328.9145380064274,1
Bakhtegan-Tashk,lake,1995-09,1995,9,6,6,0,0,0,1428.987128677045,1375.5240700799234,0.962586745867601,1229.5539200623336,1285.799130609785,1
Bakhtegan-Tashk,lake,1995-10,1995,10,2,2,0,0,0,1428.987128677045,237.979891193857,0.1665374630870038,153.54125830877948,178.7934494227053,1
Bakhtegan-Tashk,lake,1995-11,1995,11,4,4,0,0,0,1428.987128677045,1371.638320216623,0.9598675122332868,1199.314824134534,1294.5878021891638,1
Bakhtegan-Tashk,lake,1995-12,1995,12,1,1,0,0,0,1428.987128677045,0.0,0.0,,,0
Bakhtegan-Tashk,lake,1996-01,1996,1,4,4,0,0,0,1428.987128677045,953.3034712508996,0.6671183050707162,891.4984924756365,950.8949785813812,1
Bakhtegan-Tashk,lake,1996-02,1996,2,8,8,0,0,0,1428.987128677045,1408.9396345722885,0.985970836474002,1291.2164295996838,1366.3844135423913,1
Bakhtegan-Tashk,lake,1996-03,1996,3,4,4,0,0,0,1428.987128677045,1065.1318560815248,0.7453754024136123,989.0476999939596,1032.1931568437094,1
Bakhtegan-Tashk,lake,1996-04,1996,4,8,8,0,0,0,1428.987128677045,1298.264754771039,0.9085209577590608,1254.2120033373517,1280.8878524041504,1
Bakhtegan-Tashk,lake,1996-05,1996,5,8,8,0,0,0,1428.987128677045,1428.9363556199155,0.99996446919912,1372.0180971688617,1398.070335610998,1
Bakhtegan-Tashk,lake,1996-06,1996,6,6,6,0,0,0,1428.987128677045,1427.864132658246,0.9992141314667834,1360.0635802210977,1394.5764662710037,1
Bakhtegan-Tashk,lake,1996-07,1996,7,8,8,0,0,0,1428.987128677045,1428.8903781971865,0.9999322943657666,1338.7408830802217,1388.8416938130376,1
Bakhtegan-Tashk,lake,1996-08,1996,8,8,8,0,0,0,1428.987128677045,1425.5626479485902,0.9976035608300928,1304.1759231853175,1360.1663632209616,1
Bakhtegan-Tashk,lake,1996-09,1996,9,8,8,0,0,0,1428.987128677045,1421.9538897024966,0.9950781649229692,1286.495362777062,1358.074206156325,1
Bakhtegan-Tashk,lake,1996-10,1996,10,8,8,0,0,0,1428.987128677045,1360.6903685501004,0.9522061754396812,1234.6796532725812,1269.7707220075663,1
Bakhtegan-Tashk,lake,1996-11,1996,11,4,4,0,0,0,1428.987128677045,1307.2909203759011,0.9148374356500956,1190.5721877855858,1228.536658131955,1
Bakhtegan-Tashk,lake,1996-12,1996,12,8,8,0,0,0,1428.987128677045,1340.311659477518,0.9379452288827664,1193.1139473363564,1267.8526383819385,1
Bakhtegan-Tashk,lake,1997-01,1997,1,4,4,0,0,0,1428.987128677045,1328.539679754157,0.9297072402493352,1188.6613044709964,1250.8809175577353,1
Bakhtegan-Tashk,lake,1997-02,1997,2,8,8,0,0,0,1428.987128677045,1365.3323071281543,0.955454587188744,1229.0212640701725,1301.1634273866557,1
Bakhtegan-Tashk,lake,1997-03,1997,3,6,6,0,0,0,1428.987128677045,1422.3003243885928,0.9953205986574262,1307.2258098222103,1375.1275454776028,1
Bakhtegan-Tashk,lake,1997-04,1997,4,5,5,0,0,0,1428.987128677045,341.6840890696105,0.2391092839205216,322.84606726899125,340.3051816929568,1
Bakhtegan-Tashk,lake,1997-05,1997,5,6,6,0,0,0,1428.987128677045,462.951158757245,0.3239715386280944,409.0093929637571,452.7108682104576,1
Bakhtegan-Tashk,lake,1997-06,1997,6,8,8,0,0,0,1428.987128677045,1424.820115733136,0.9970839394839288,1231.6496894966688,1355.5483120349727,1
Bakhtegan-Tashk,lake,1997-07,1997,7,6,6,0,0,0,1428.987128677045,1426.7040322523012,0.9984022974182718,1201.818045487454,1334.5198644481602,1
Bakhtegan-Tashk,lake,1997-08,1997,8,8,8,0,0,0,1428.987128677045,1424.7888765651671,0.9970620784277012,1122.9787316971097,1317.6701246215068,1
Bakhtegan-Tashk,lake,1997-09,1997,9,6,6,0,0,0,1428.987128677045,1382.8148532839784,0.9676888094605772,1038.3064812837868,1260.6894243374793,1
Bakhtegan-Tashk,lake,1997-10,1997,10,8,8,0,0,0,1428.987128677045,1281.4813223284118,0.8967759727232856,957.7757690571996,1141.4997404081107,1
Bakhtegan-Tashk,lake,1997-11,1997,11,6,6,0,0,0,1428.987128677045,1180.6223152111022,0.8261952060436831,851.8888934200439,1052.3660229820134,1
Bakhtegan-Tashk,lake,1997-12,1997,12,8,8,0,0,0,1428.987128677045,1208.7065573255184,0.8458484566229354,987.79556575551,1146.1323093717172,1
Bakhtegan-Tashk,lake,1998-01,1998,1,7,7,0,0,0,1428.987128677045,1149.015338019635,0.8040767582584124,903.06834572535,1071.7631771447482,1
Bakhtegan-Tashk,lake,1998-02,1998,2,3,3,0,0,0,1428.987128677045,291.13879923190603,0.2037378737633851,235.3377375242017,285.37459238548706,1
Bakhtegan-Tashk,lake,1998-03,1998,3,6,6,0,0,0,1428.987128677045,220.0015002848243,0.1539562504586738,209.28965187653375,219.26344360286413,1
Bakhtegan-Tashk,lake,1998-04,1998,4,6,6,0,0,0,1428.987128677045,1428.5295942129949,0.9996798190446446,1299.8438463258456,1403.447104800314,1
Bakhtegan-Tashk,lake,1998-05,1998,5,8,8,0,0,0,1428.987128677045,1374.5389563469057,0.9618973668569378,1234.6742820297825,1334.6332641884137,1
Bakhtegan-Tashk,lake,1998-06,1998,6,8,8,0,0,0,1428.987128677045,1415.5021973102007,0.9905632940309766,1246.9211641227046,1353.6170929684622,1
Bakhtegan-Tashk,lake,1998-07,1998,7,6,6,0,0,0,1428.987128677045,1391.6336632094697,0.9738601806006768,1180.0934567215477,1309.50190065617,1
Bakhtegan-Tashk,lake,1998-08,1998,8,8,8,0,0,0,1428.987128677045,1355.0874257953308,0.9482852564598462,1102.9777151484932,1257.3923661289828,1
Bakhtegan-Tashk,lake,1998-09,1998,9,8,8,0,0,0,1428.987128677045,1311.5960944158755,0.9178501807991442,1023.4584380594648,1211.4439077689908,1
Bakhtegan-Tashk,lake,1998-10,1998,10,8,8,0,0,0,1428.987128677045,1297.7257142854432,0.9081437391860042,1004.3878654189432,1187.633562471104,1
Bakhtegan-Tashk,lake,1998-11,1998,11,8,8,0,0,0,1428.987128677045,1245.4203818156811,0.8715406575905903,976.4760877057456,1134.091577631827,1
Bakhtegan-Tashk,lake,1998-12,1998,12,8,8,0,0,0,1428.987128677045,803.2804567321865,0.5621327446636016,585.8159383959351,688.8725628010101,1
Bakhtegan-Tashk,lake,1999-01,1999,1,8,8,0,0,0,1428.987128677045,1186.713981255414,0.8304581318056187,937.6596753757332,1104.0519548841166,1
Bakhtegan-Tashk,lake,1999-02,1999,2,6,6,0,0,0,1428.987128677045,1385.906173849408,0.9698521043590356,1165.6940801354965,1333.3262781427288,1
Bakhtegan-Tashk,lake,1999-03,1999,3,8,8,0,0,0,1428.987128677045,1428.7107313534975,0.9998065781573532,1335.3826534324198,1412.3261817601344,1
Bakhtegan-Tashk,lake,1999-04,1999,4,8,8,0,0,0,1428.987128677045,1414.9942861919983,0.9902078596761044,1265.7372117094542,1363.4382672590853,1
Bakhtegan-Tashk,lake,1999-05,1999,5,6,6,0,0,0,1428.987128677045,1388.7593840861766,0.9718487705147414,1224.744603097482,1328.71605618433,1
Bakhtegan-Tashk,lake,1999-06,1999,6,8,8,0,0,0,1428.987128677045,1326.7956635919322,0.9284867840764098,1128.0271104969102,1231.9663793831255,1
Bakhtegan-Tashk,lake,1999-07,1999,7,8,8,0,0,0,1428.987128677045,1266.1376311488464,0.8860385133916745,1026.919255605066,1192.9563729284505,1
Bakhtegan-Tashk,lake,1999-08,1999,8,9,8,1,0,0,1428.987128677045,1193.8642652452857,0.8354618745590552,913.324204904338,1094.5553365849717,1
Bakhtegan-Tashk,lake,1999-09,1999,9,6,6,0,0,0,1428.987128677045,1142.9283250020571,0.799817088667677,888.4014549131707,1044.4010895828708,1
Bakhtegan-Tashk,lake,1999-10,1999,10,8,8,0,0,0,1428.987128677045,1211.290224574699,0.8476564975753916,957.3209204328432,1092.8079592422323,1
Bakhtegan-Tashk,lake,1999-11,1999,11,6,3,3,0,0,1428.987128677045,1353.4118732695931,0.9471127108909518,997.9974630141804,1210.768544075631,1
Bakhtegan-Tashk,lake,1999-12,1999,12,7,6,1,0,0,1428.987128677045,1251.1446289484195,0.8755464649333323,887.5837235045002,1125.9184939918184,1
Bakhtegan-Tashk,lake,2000-01,2000,1,9,7,2,0,0,1428.987128677045,1204.9891495774357,0.8432470281891296,896.1358215402779,1099.7274949015184,1
Bakhtegan-Tashk,lake,2000-02,2000,2,5,4,1,0,0,1428.987128677045,1377.258644199994,0.9638005945337372,1092.312791371942,1297.2892587065644,1
Bakhtegan-Tashk,lake,2000-03,2000,3,8,6,2,0,0,1428.987128677045,1403.5710458116885,0.9822139175676924,1092.0271985045777,1313.2800083654813,1
Bakhtegan-Tashk,lake,2000-04,2000,4,6,2,4,0,0,1428.987128677045,1255.0308733619204,0.8782660446520795,900.1668673635254,1127.945981272278,1
Bakhtegan-Tashk,lake,2000-05,2000,5,12,6,6,0,0,1428.987128677045,1307.4675250361147,0.9149610229495678,902.061834696167,1176.4324435956116,1
Bakhtegan-Tashk,lake,2000-06,2000,6,6,6,0,0,0,1428.987128677045,1182.1884746926698,0.8272911987577796,757.1862709860229,1066.6350179617662,1
Bakhtegan-Tashk,lake,2000-07,2000,7,8,8,0,0,0,1428.987128677045,1392.9210651766784,0.974761099819173,884.1385180180664,1271.7171986638214,1
Bakhtegan-Tashk,lake,2000-08,2000,8,12,8,4,0,0,1428.987128677045,1428.5986648060732,0.9997281543946926,866.4725882418824,1282.8347185858888,1
Bakhtegan-Tashk,lake,2000-09,2000,9,10,8,2,0,0,1428.987128677045,1416.9507038735169,0.9915769536604074,812.6225128879395,1242.6748811063585,1
Bakhtegan-Tashk,lake,2000-10,2000,10,10,6,4,0,0,1428.987128677045,1427.569398703351,0.999007877716151,865.2286588944702,1262.0721855714446,1
Bakhtegan-Tashk,lake,2000-11,2000,11,4,4,0,0,0,1428.987128677045,1316.7605955322083,0.9214642799136088,795.3410260479126,1203.106844495228,1
Bakhtegan-Tashk,lake,2000-12,2000,12,10,8,2,0,0,1428.987128677045,1428.0381959966246,0.99933594035847,1013.0356569612984,1319.3342865726934,1
Bakhtegan-Tashk,lake,2001-01,2001,1,9,8,1,0,0,1428.987128677045,987.824177891236,0.6912757701364063,597.7578880516968,877.1755870527069,1
Bakhtegan-Tashk,lake,2001-02,2001,2,7,5,2,0,0,1428.987128677045,1172.744902772748,0.8206826214442353,708.2033537161254,1025.331838441734,1
Bakhtegan-Tashk,lake,2001-03,2001,3,12,8,4,0,0,1428.987128677045,1427.2843368437927,0.9988083924626888,1040.9613792007935,1322.709531313635,1
Bakhtegan-Tashk,lake,2001-04,2001,4,10,8,2,0,0,1428.987128677045,1314.3375618149232,0.9197686497230636,801.1376990190568,1238.4834074150249,1
Bakhtegan-Tashk,lake,2001-05,2001,5,12,8,4,0,0,1428.987128677045,1411.1040331540344,0.9874854747365244,826.2836652098999,1299.9029100806044,1
Bakhtegan-Tashk,lake,2001-06,2001,6,6,6,0,0,0,1428.987128677045,1403.8048783469055,0.9823775527261376,778.7354664840698,1289.524479079171,1
Bakhtegan-Tashk,lake,2001-07,2001,7,8,8,0,0,0,1428.987128677045,1424.3605460617491,0.9967623342978752,744.1077203706665,1294.8493872922093,1
Bakhtegan-Tashk,lake,2001-08,2001,8,8,4,4,0,0,1428.987128677045,1428.9019888471498,0.9999404194564202,693.2507565198974,1216.099141136323,1
Bakhtegan-Tashk,lake,2001-09,2001,9,7,6,1,0,0,1428.987128677045,1428.296369411542,0.9995166091760797,646.3383465141602,1219.2883933072198,1
Bakhtegan-Tashk,lake,2001-10,2001,10,9,8,1,0,0,1428.987128677045,1391.849944437848,0.974011533418374,590.6161605996704,1169.4533193064594,1
Bakhtegan-Tashk,lake,2001-11,2001,11,9,8,1,0,0,1428.987128677045,1422.5729471902284,0.9955113791033552,658.6132248588867,1264.7132606465643,1
Bakhtegan-Tashk,lake,2001-12,2001,12,11,8,3,0,0,1428.987128677045,1427.8310883557558,0.999191007183977,975.8435465559784,1321.9168755824112,1
Bakhtegan-Tashk,lake,2002-01,2002,1,6,6,0,0,0,1428.987128677045,1274.5890786282168,0.891952805626899,913.1710236870682,1202.2862211732574,1
Bakhtegan-Tashk,lake,2002-02,2002,2,10,6,4,0,0,1428.987128677045,1423.968858155927,0.9964882325246944,1112.0437740223235,1320.3316141465302,1
Bakhtegan-Tashk,lake,2002-03,2002,3,11,7,4,0,0,1428.987128677045,1428.9496960461852,0.9999738047809468,1101.0352394149518,1340.25240201957,1
Bakhtegan-Tashk,lake,2002-04,2002,4,1,0,1,0,0,1428.987128677045,880.5466019499605,0.6162033123175643,698.46875551105,825.1450092735479,1
Bakhtegan-Tashk,lake,2002-05,2002,5,6,4,2,0,0,1428.987128677045,1370.3520527562073,0.958967386938522,1133.5102344825616,1298.8986218507966,1
Bakhtegan-Tashk,lake,2002-06,2002,6,8,6,2,0,0,1428.987128677045,1419.7095436351744,0.9935075797005536,1137.5166044233274,1345.5969324510197,1
Bakhtegan-Tashk,lake,2002-07,2002,7,12,8,4,0,0,1428.987128677045,1418.8117139814883,0.992879281771434,1093.7032435071358,1324.6807040101785,1
Bakhtegan-Tashk,lake,2002-08,2002,8,5,4,1,0,0,1428.987128677045,1231.693132363108,0.8619343783057083,876.7782525332782,1135.675270723994,1
Bakhtegan-Tashk,lake,2002-09,2002,9,4,0,4,0,0,1428.987128677045,1320.552436663434,0.924117796558462,911.6328881907394,1152.388313203437,1
Bakhtegan-Tashk,lake,2002-10,2002,10,4,0,4,0,0,1428.987128677045,1157.767515542266,0.8102015002851188,798.4196620760498,972.2703495755576,1
Bakhtegan-Tashk,lake,2002-11,2002,11,0,0,0,0,0,1428.987128677045,0.0,0.0,,,0
Bakhtegan-Tashk,lake,2002-12,2002,12,3,0,3,0,0,1428.987128677045,892.7374511059388,0.6247344242578549,430.87708679693606,726.253588024055,1
Bakhtegan-Tashk,lake,2003-01,2003,1,3,0,3,0,0,1428.987128677045,448.77304541745553,0.3140497464332861,334.0941158293804,440.7968284263,1
Bakhtegan-Tashk,lake,2003-02,2003,2,3,0,3,0,0,1428.987128677045,408.4668933022796,0.2858436476474339,333.94717983069467,405.1914762306361,1
Bakhtegan-Tashk,lake,2003-03,2003,3,3,0,3,0,0,1428.987128677045,504.0879876824738,0.3527589420271112,391.9712287992188,456.5794743435389,1
Bakhtegan-Tashk,lake,2003-04,2003,4,3,0,3,0,0,1428.987128677045,1428.8887505630312,0.9999311553532992,1041.9727684390868,1300.1957495948875,1
Bakhtegan-Tashk,lake,2003-05,2003,5,4,0,4,0,0,1428.987128677045,1354.5710691995666,0.9479239119904652,926.2404164976195,1254.902897961192,1
Bakhtegan-Tashk,lake,2003-06,2003,6,0,0,0,0,0,1428.987128677045,0.0,0.0,,,0
Bakhtegan-Tashk,lake,2003-07,2003,7,0,0,0,0,0,1428.987128677045,0.0,0.0,,,0
Bakhtegan-Tashk,lake,2003-08,2003,8,4,0,4,0,0,1428.987128677045,1217.4075864669069,0.8519374051983111,675.1971189182739,1071.8328262305604,1
Bakhtegan-Tashk,lake,2003-09,2003,9,0,0,0,0,0,1428.987128677045,0.0,0.0,,,0
Bakhtegan-Tashk,lake,2003-10,2003,10,6,0,6,0,0,1428.987128677045,1329.5683052337604,0.930427068622146,655.623154635376,1138.933988980147,1
Bakhtegan-Tashk,lake,2003-11,2003,11,2,0,2,0,0,1428.987128677045,178.35922471894557,0.1248151373372203,106.7939622364502,165.95007139596976,1
Bakhtegan-Tashk,lake,2003-12,2003,12,3,0,3,0,0,1428.987128677045,1171.886280226705,0.8200817605065737,712.0844751134644,1030.004491936436,1
Bakhtegan-Tashk,lake,2004-01,2004,1,3,0,3,0,0,1428.987128677045,1181.5688672653296,0.8268575997316541,728.9054441516928,999.3972859863268,1
Bakhtegan-Tashk,lake,2004-02,2004,2,0,0,0,0,0,1428.987128677045,0.0,0.0,,,0
Bakhtegan-Tashk,lake,2004-03,2004,3,4,0,4,0,0,1428.987128677045,1279.1237560506088,0.8951261564089947,1099.386649348667,1183.8475600814154,1
Bakhtegan-Tashk,lake,2004-04,2004,4,4,0,4,0,0,1428.987128677045,1201.668159438718,0.840923011357857,1051.4323371533903,1129.022902377886,1
Bakhtegan-Tashk,lake,2004-05,2004,5,3,0,3,0,0,1428.987128677045,1122.3702282723152,0.7854306072801402,972.7534389721732,1054.4693362763724,1
Bakhtegan-Tashk,lake,2004-06,2004,6,7,0,7,0,0,1428.987128677045,1419.3120074423643,0.9932293853173908,1200.0620508518784,1325.5549139542209,1
Bakhtegan-Tashk,lake,2004-07,2004,7,6,0,6,0,0,1428.987128677045,1216.7855671073123,0.8515021183107587,981.1218531178682,1116.5990663573489,1
Bakhtegan-Tashk,lake,2004-08,2004,8,3,0,3,0,0,1428.987128677045,274.88907846780216,0.1923663782208411,216.1695020062785,271.26582302087473,1
Bakhtegan-Tashk,lake,2004-09,2004,9,4,0,4,0,0,1428.987128677045,430.4702873570892,0.3012415428511369,331.01009026829786,422.8767491839303,1
Bakhtegan-Tashk,lake,2004-10,2004,10,6,0,6,0,0,1428.987128677045,1191.821299013532,0.8340322142137973,894.2720310499878,1047.823378510434,1
Bakhtegan-Tashk,lake,2004-11,2004,11,0,0,0,0,0,1428.987128677045,0.0,0.0,,,0
Bakhtegan-Tashk,lake,2004-12,2004,12,3,0,3,0,0,1428.987128677045,1116.310190706559,0.7811898150125663,976.2086848732016,1076.8546076762643,1
Bakhtegan-Tashk,lake,2005-01,2005,1,4,0,4,0,0,1428.987128677045,1228.1560542316251,0.8594591438823183,1087.4687624476758,1186.05934649375,1
Bakhtegan-Tashk,lake,2005-02,2005,2,4,0,4,0,0,1428.987128677045,1156.0179505807305,0.8089771610825989,1033.0008013598792,1098.43096653368,1
Bakhtegan-Tashk,lake,2005-03,2005,3,4,0,4,0,0,1428.987128677045,289.7445123272918,0.2027621568540907,274.427243518649,286.1684769976421,1
Bakhtegan-Tashk,lake,2005-04,2005,4,7,0,7,0,0,1428.987128677045,1270.4855498016443,0.8890811710654516,1162.864370054644,1209.9584508395055,1
Bakhtegan-Tashk,lake,2005-05,2005,5,6,0,6,0,0,1428.987128677045,1359.6094701795955,0.9514497666877664,1220.9997982514722,1284.0570156860515,1
Bakhtegan-Tashk,lake,2005-06,2005,6,2,0,2,0,0,1428.987128677045,1064.7042988075864,0.7450761993869663,934.7293259103288,992.4374406536608,1
Bakhtegan-Tashk,lake,2005-07,2005,7,5,0,5,0,0,1428.987128677045,1385.3951258365607,0.9694944748166896,1192.5723659996108,1299.1895907063297,1
Bakhtegan-Tashk,lake,2005-08,2005,8,4,0,4,0,0,1428.987128677045,428.6181810311401,0.299945445574415,351.85511358008654,421.9246864572963,1
Bakhtegan-Tashk,lake,2005-09,2005,9,5,0,5,0,0,1428.987128677045,1239.290115313804,0.8672507193687166,973.467238653334,1125.4242911793644,1
Bakhtegan-Tashk,lake,2005-10,2005,10,4,0,4,0,0,1428.987128677045,1186.9906738605953,0.83065176028528,953.5473658049926,1060.0012375163888,1
Bakhtegan-Tashk,lake,2005-11,2005,11,1,0,1,0,0,1428.987128677045,721.9404096748983,0.5052112753060766,535.0344719611817,610.9529725778225,1
Bakhtegan-Tashk,lake,2005-12,2005,12,6,0,6,0,0,1428.987128677045,1199.7566621439237,0.8395853524969518,930.0674153431396,1066.517002878587,1
Bakhtegan-Tashk,lake,2006-01,2006,1,5,0,5,0,0,1428.987128677045,1161.044451050498,0.8124946878460635,919.4411073406728,1062.888716152008,1
Bakhtegan-Tashk,lake,2006-02,2006,2,0,0,0,0,0,1428.987128677045,0.0,0.0,,,0
Bakhtegan-Tashk,lake,2006-03,2006,3,8,0,8,0,0,1428.987128677045,1404.546475640957,0.9828965198177012,1157.5125136130118,1313.9203028847726,1
Bakhtegan-Tashk,lake,2006-04,2006,4,1,0,1,0,0,1428.987128677045,0.0,0.0,,,0
Bakhtegan-Tashk,lake,2006-05,2006,5,6,0,6,0,0,1428.987128677045,1211.1411680719104,0.8475521883763809,913.3991869576416,1125.2752293580795,1
Bakhtegan-Tashk,lake,2006-06,2006,6,8,0,8,0,0,1428.987128677045,1313.92896207399,0.9194827131091268,980.0707907434082,1219.1669269276103,1
Bakhtegan-Tashk,lake,2006-07,2006,7,8,0,8,0,0,1428.987128677045,1324.6131782974512,0.926959488798039,941.6824560161132,1216.4686806445247,1
Bakhtegan-Tashk,lake,2006-08,2006,8,4,0,4,0,0,1428.987128677045,1149.8560719998832,0.8046651008427339,769.2686026045532,1018.953006022287,1
Bakhtegan-Tashk,lake,2006-09,2006,9,5,0,5,0,0,1428.987128677045,1340.1364951228456,0.9378226495038784,872.0502744504395,1184.0660092656574,1
Bakhtegan-Tashk,lake,2006-10,2006,10,8,0,8,0,0,1428.987128677045,1304.2248972531788,0.9126918438101184,855.4625845598144,1120.4405321015615,1
Bakhtegan-Tashk,lake,2006-11,2006,11,0,0,0,0,0,1428.987128677045,0.0,0.0,,,0
Bakhtegan-Tashk,lake,2006-12,2006,12,2,0,2,0,0,1428.987128677045,199.6133849996673,0.1396887214683796,85.73897766790772,191.2606632182751,1
Bakhtegan-Tashk,lake,2007-01,2007,1,2,0,2,0,0,1428.987128677045,961.7853857882076,0.6730539180423742,629.0881982406617,830.2498483651306,1
Bakhtegan-Tashk,lake,2007-02,2007,2,2,0,2,0,0,1428.987128677045,552.1220412544394,0.3863729981708048,468.56829966775047,538.270740455704,1
Bakhtegan-Tashk,lake,2007-03,2007,3,6,0,6,0,0,1428.987128677045,1098.376865569248,0.7686401392475274,721.8459590160522,976.6404228846444,1
Bakhtegan-Tashk,lake,2007-04,2007,4,4,0,4,0,0,1428.987128677045,1293.4269183921135,0.9051354574408008,971.4890044633815,1219.588772930291,1
Bakhtegan-Tashk,lake,2007-05,2007,5,8,0,8,0,0,1428.987128677045,1363.1894580334292,0.9539550291789324,958.1595440998536,1253.3016630230622,1
Bakhtegan-Tashk,lake,2007-06,2007,6,6,0,6,0,0,1428.987128677045,1398.7664352355775,0.9788516685455064,945.112247248108,1266.3610037493956,1
Bakhtegan-Tashk,lake,2007-07,2007,7,4,0,4,0,0,1428.987128677045,1232.29759142738,0.8623573765624047,809.7556189685669,1080.975600305626,1
Bakhtegan-Tashk,lake,2007-08,2007,8,7,0,7,0,0,1428.987128677045,1390.1591509564028,0.972828322284058,863.3919050142212,1230.617717099171,1
Bakhtegan-Tashk,lake,2007-09,2007,9,8,0,8,0,0,1428.987128677045,1417.4523311631897,0.9919279906149092,831.5361502519531,1239.1023885821237,1
Bakhtegan-Tashk,lake,2007-10,2007,10,6,0,6,0,0,1428.987128677045,1282.6598671745198,0.897600714124,737.510813218628,1085.413806960795,1
Bakhtegan-Tashk,lake,2007-11,2007,11,4,0,4,0,0,1428.987128677045,1208.555730040009,0.8457429082366115,637.3964185829468,1023.1208270519328,1
Bakhtegan-Tashk,lake,2007-12,2007,12,3,0,3,0,0,1428.987128677045,862.4229547631908,0.6035204498739056,349.72032250183105,727.148496128682,1
Bakhtegan-Tashk,lake,2008-01,2008,1,4,0,4,0,0,1428.987128677045,808.5020821385098,0.5657868191486234,454.0270207745972,700.3991955828136,1
Bakhtegan-Tashk,lake,2008-02,2008,2,7,0,7,0,0,1428.987128677045,1219.3222979125917,0.8532773133103299,835.5336678878784,1074.0762035248551,1
Bakhtegan-Tashk,lake,2008-03,2008,3,7,0,7,0,0,1428.987128677045,1320.9105692603575,0.924368416448408,914.865190554016,1196.291332926655,1
Bakhtegan-Tashk,lake,2008-04,2008,4,11,6,5,0,0,1428.987128677045,1379.7499022815368,0.9655439678864765,821.3941823857422,1237.745071441651,1
Bakhtegan-Tashk,lake,2008-05,2008,5,10,6,4,0,0,1428.987128677045,1424.4349989297305,0.9968144361443416,743.3546270211792,1243.951317436977,1
Bakhtegan-Tashk,lake,2008-06,2008,6,12,5,7,0,0,1428.987128677045,1399.0877747837342,0.9790765407936238,677.9942255710449,1220.3596766417595,1
Bakhtegan-Tashk,lake,2008-07,2008,7,13,7,6,0,0,1428.987128677045,1423.0102301258364,0.9958173881126964,646.0577641594849,1295.2614146146611,1
Bakhtegan-Tashk,lake,2008-08,2008,8,5,2,3,0,0,1428.987128677045,1417.904553361676,0.9922444540661264,617.1458809989624,1277.5513787886982,1
Bakhtegan-Tashk,lake,2008-09,2008,9,10,4,6,0,0,1428.987128677045,1428.935578057294,0.9999639250636227,583.2809080735474,1235.6766444785746,1
Bakhtegan-Tashk,lake,2008-10,2008,10,11,6,5,0,0,1428.987128677045,1426.202187795148,0.9980511084907564,569.3113673890991,1223.3437354930709,1
Bakhtegan-Tashk,lake,2008-11,2008,11,5,4,1,0,0,1428.987128677045,1172.749162559247,0.8206856024273481,610.7201441699774,1073.1351047942603,1
Bakhtegan-Tashk,lake,2008-12,2008,12,10,6,4,0,0,1428.987128677045,1113.6739468470885,0.7793449811392821,347.68389161883545,951.61166190018,1
Bakhtegan-Tashk,lake,2009-01,2009,1,6,4,2,0,0,1428.987128677045,287.2164351081878,0.2009930176026795,176.45512226416017,284.6250207931095,1
Bakhtegan-Tashk,lake,2009-02,2009,2,12,6,6,0,0,1428.987128677045,1289.2919497098694,0.9022418213826005,597.0445049007568,1118.6706177704723,1
Bakhtegan-Tashk,lake,2009-03,2009,3,14,8,6,0,0,1428.987128677045,1428.1431972079286,0.9994094198245874,773.0367521571045,1276.095590156982,1
Bakhtegan-Tashk,lake,2009-04,2009,4,8,5,3,0,0,1428.987128677045,1273.1717754954132,0.890960982044754,677.9012097794192,1128.201332069743,1
Bakhtegan-Tashk,lake,2009-05,2009,5,11,8,3,0,0,1428.987128677045,1285.6061461255922,0.8996625094277828,506.90793832147216,1154.414070227767,1
Bakhtegan-Tashk,lake,2009-06,2009,6,14,8,6,0,0,1428.987128677045,1422.3249111175353,0.995337804360997,571.888448538086,1230.4735871861978,1
Bakhtegan-Tashk,lake,2009-07,2009,7,16,8,8,0,0,1428.987128677045,1428.987128677045,1.0,528.0887258691406,1223.334195387294,1
Bakhtegan-Tashk,lake,2009-08,2009,8,16,8,8,0,0,1428.987128677045,1428.9559347428408,0.9999781705981964,512.211481720398,1173.8229141987426,1
Bakhtegan-Tashk,lake,2009-09,2009,9,11,5,6,0,0,1428.987128677045,1428.9021023624691,0.9999404988940284,513.427062017456,1180.1164675057191,1
Bakhtegan-Tashk,lake,2009-10,2009,10,14,8,6,0,0,1428.987128677045,1422.889583458905,0.9957329600135832,484.7984941409912,1128.7863195590392,1
Bakhtegan-Tashk,lake,2009-11,2009,11,10,8,2,0,0,1428.987128677045,1424.481762002545,0.99684716077277,486.54058091522217,1189.6715190706316,1
Bakhtegan-Tashk,lake,2009-12,2009,12,7,4,3,0,0,1428.987128677045,1360.7176700895204,0.952225280957759,741.8561861225586,1259.276192794655,1
Bakhtegan-Tashk,lake,2010-01,2010,1,8,6,2,0,0,1428.987128677045,1292.4156270553408,0.904427759438154,580.4092435804444,1132.467152137989,1
Bakhtegan-Tashk,lake,2010-02,2010,2,11,6,5,0,0,1428.987128677045,1427.762587232648,0.9991430703469452,783.7272989176025,1268.2081196255974,1
Bakhtegan-Tashk,lake,2010-03,2010,3,8,2,6,0,0,1428.987128677045,1406.1823418149845,0.984041293021881,668.5273944866943,1287.61828565772,1
Bakhtegan-Tashk,lake,2010-04,2010,4,11,6,5,0,0,1428.987128677045,1428.1877578570984,0.9994406032049522,654.4384576466855,1280.7491771814898,1
Bakhtegan-Tashk,lake,2010-05,2010,5,6,1,5,0,0,1428.987128677045,1358.681027324933,0.9508000457518456,572.4186190856933,1195.065214505365,1
Bakhtegan-Tashk,lake,2010-06,2010,6,10,2,8,0,0,1428.987128677045,1428.4681482167784,0.9996368193597748,541.710652305481,1213.8947669478562,1
Bakhtegan-Tashk,lake,2010-07,2010,7,10,4,6,0,0,1428.987128677045,1427.7097159628725,0.9991060712244798,511.8101240691528,1223.259277196542,1
Bakhtegan-Tashk,lake,2010-08,2010,8,5,3,2,0,0,1428.987128677045,1415.869681186933,0.990820457912552,482.1079984107056,1227.04214783088,1
Bakhtegan-Tashk,lake,2010-09,2010,9,1,0,1,0,0,1428.987128677045,0.1270099884643554,8.88811283989249e-05,0.0,0.0031158106079101,1
Bakhtegan-Tashk,lake,2010-10,2010,10,9,7,2,0,0,1428.987128677045,1426.857449120038,0.9985096579848284,415.1284068376465,1012.6134860404152,1
Bakhtegan-Tashk,lake,2010-11,2010,11,14,8,6,0,0,1428.987128677045,1425.0370988335387,0.9972357834691185,398.07132546411134,884.8447405161276,1
Bakhtegan-Tashk,lake,2010-12,2010,12,10,6,4,0,0,1428.987128677045,1385.760586558209,0.9697502229016892,380.1493100784912,907.686878787012,1
Bakhtegan-Tashk,lake,2011-01,2011,1,9,5,4,0,0,1428.987128677045,401.40292896091,0.2809003110703512,155.66743847265624,383.8731474074901,1
Bakhtegan-Tashk,lake,2011-02,2011,2,0,0,0,0,0,1428.987128677045,0.0,0.0,,,0
Bakhtegan-Tashk,lake,2011-03,2011,3,10,6,4,0,0,1428.987128677045,1419.5694253988463,0.9934095254679324,773.1973965696411,1277.157512799345,1
Bakhtegan-Tashk,lake,2011-04,2011,4,7,0,7,0,0,1428.987128677045,1227.3397372536217,0.8588878882274409,630.1490986240053,1109.348979225562,1
Bakhtegan-Tashk,lake,2011-05,2011,5,4,0,4,0,0,1428.987128677045,798.7552272406317,0.558966005509174,362.73749320648193,730.4622813624709,1
Bakhtegan-Tashk,lake,2011-06,2011,6,4,1,3,0,0,1428.987128677045,1248.9072910898676,0.8739807840299478,489.5401158317871,1055.589614676617,1
Bakhtegan-Tashk,lake,2011-07,2011,7,0,0,0,0,0,1428.987128677045,0.0,0.0,,,0
Bakhtegan-Tashk,lake,2011-08,2011,8,6,0,6,0,0,1428.987128677045,585.0207915245106,0.4093954240624423,186.2113297852173,481.00561376270224,1
Bakhtegan-Tashk,lake,2011-09,2011,9,8,0,8,0,0,1428.987128677045,1402.6059503897525,0.981538547298382,496.9454005564575,1073.246137783576,1
Bakhtegan-Tashk,lake,2011-10,2011,10,10,4,6,0,0,1428.987128677045,1349.1609544301575,0.944137933334088,430.4788069579468,1040.2863093594326,1
Bakhtegan-Tashk,lake,2011-11,2011,11,2,0,2,0,0,1428.987128677045,1184.3281700558346,0.828788549797705,455.5565095545654,986.404622119796,1
Bakhtegan-Tashk,lake,2011-12,2011,12,6,0,6,0,0,1428.987128677045,1280.259854003339,0.8959211936279665,524.6596755631103,1088.3364167635798,1
Bakhtegan-Tashk,lake,2012-01,2012,1,6,0,6,0,0,1428.987128677045,1201.2870173162655,0.8406562894855577,418.1007708326416,965.3946778684292,1
Bakhtegan-Tashk,lake,2012-02,2012,2,6,0,6,0,0,1428.987128677045,1380.101899115927,0.9657902939920978,806.6171371496582,1227.716104695128,1
Bakhtegan-Tashk,lake,2012-03,2012,3,7,0,7,0,0,1428.987128677045,1351.2761042875045,0.9456181075182354,843.9577530867782,1249.3913613121035,1
Bakhtegan-Tashk,lake,2012-04,2012,4,6,0,6,0,0,1428.987128677045,627.4340703566008,0.4390760824679217,372.5076711350098,621.2886501765438,1
Bakhtegan-Tashk,lake,2012-05,2012,5,4,0,4,0,0,1428.987128677045,1352.2340847758308,0.9462884987828604,588.9026902346192,1214.5905690163845,1
Bakhtegan-Tashk,lake,2012-06,2012,6,4,0,4,0,0,1428.987128677045,1402.4601191899844,0.981436495154705,517.1995005817871,1203.4778371341347,1
Bakhtegan-Tashk,lake,2012-07,2012,7,4,0,4,0,0,1428.987128677045,1172.525928548844,0.820529384078055,359.5957675395508,932.894595228246,1
Bakhtegan-Tashk,lake,2012-08,2012,8,6,0,6,0,0,1428.987128677045,1292.6018896206697,0.904558105304531,381.245465979248,1030.2253019301957,1
Bakhtegan-Tashk,lake,2012-09,2012,9,6,0,6,0,0,1428.987128677045,1428.9355753264588,0.9999639231525942,391.4657807496338,999.4650942294874,1
Bakhtegan-Tashk,lake,2012-10,2012,10,7,0,7,0,0,1428.987128677045,1420.1598425428342,0.9938226972398394,402.2489610482788,1078.8915966524198,1
Bakhtegan-Tashk,lake,2012-11,2012,11,3,0,3,0,0,1428.987128677045,1030.587588408602,0.7212014494229343,238.16308546417235,761.6289459027245,1
Bakhtegan-Tashk,lake,2012-12,2012,12,5,0,5,0,0,1428.987128677045,1369.6057763367128,0.9584451454119765,866.662434521732,1260.0945284567115,1
Bakhtegan-Tashk,lake,2013-01,2013,1,4,0,4,0,0,1428.987128677045,597.2226787780315,0.417934260423283,265.5020309516602,550.1762180038941,1
Bakhtegan-Tashk,lake,2013-02,2013,2,5,0,5,0,0,1428.987128677045,1236.9557529913995,0.8656171410980953,590.846779480896,1060.910019356307,1
Bakhtegan-Tashk,lake,2013-03,2013,3,7,0,7,0,0,1428.987128677045,1269.725573735383,0.8885493425758803,639.0608766082763,1130.236197421211,1
Bakhtegan-Tashk,lake,2013-04,2013,4,10,0,6,4,0,1428.987128677045,1423.5309514519472,0.9961817870045134,731.8933866077881,1302.9052930113264,1
Bakhtegan-Tashk,lake,2013-05,2013,5,14,0,6,8,0,1428.987128677045,1428.984791877362,0.9999983647160734,696.9267265802612,1316.1936515221948,1
Bakhtegan-Tashk,lake,2013-06,2013,6,11,0,3,8,0,1428.987128677045,1428.987128677045,1.0,571.4134867179565,1300.6591353796728,1
Bakhtegan-Tashk,lake,2013-07,2013,7,11,0,5,6,0,1428.987128677045,1428.987128677045,1.0,511.8903647484741,1297.1748980079683,1
Bakhtegan-Tashk,lake,2013-08,2013,8,16,0,8,8,0,1428.987128677045,1428.987128677045,1.0,532.9339919838256,1234.294424158015,1
Bakhtegan-Tashk,lake,2013-09,2013,9,14,0,6,8,0,1428.987128677045,1428.9449487960633,0.9999704826725622,478.28091136657713,1173.3017966330242,1
Bakhtegan-Tashk,lake,2013-10,2013,10,14,0,7,7,0,1428.987128677045,1421.479553481,0.994746226158807,453.051917178772,1197.6963581164698,1
Bakhtegan-Tashk,lake,2013-11,2013,11,9,0,4,5,0,1428.987128677045,1428.9277622621887,0.9999584555986092,717.9366690192871,1262.3976247804678,1
Bakhtegan-Tashk,lake,2013-12,2013,12,14,0,8,6,0,1428.987128677045,1428.8552885624206,0.999907738766866,544.7694481582031,1216.7870201131348,1
Bakhtegan-Tashk,lake,2014-01,2014,1,14,0,6,8,0,1428.987128677045,1184.126930419429,0.8286477230314123,397.8064176549073,974.3722485325704,1
Bakhtegan-Tashk,lake,2014-02,2014,2,16,0,8,8,0,1428.987128677045,1409.4280724734926,0.9863126435423808,571.4768741628418,1179.515606603142,1
Bakhtegan-Tashk,lake,2014-03,2014,3,16,0,8,8,0,1428.987128677045,1427.8827045279356,0.9992271279937056,592.9405407327271,1231.6551567065226,1
Bakhtegan-Tashk,lake,2014-04,2014,4,12,0,6,6,0,1428.987128677045,1405.6672956699645,0.983680865601169,609.9467952706299,1228.6432078556743,1
Bakhtegan-Tashk,lake,2014-05,2014,5,13,0,7,6,0,1428.987128677045,1358.6726734360168,0.9507941997307384,404.22771053918456,1170.4293245045997,1
Bakhtegan-Tashk,lake,2014-06,2014,6,16,0,8,8,0,1428.987128677045,1428.987128677045,1.0,419.14790031506345,1221.449880522893,1
Bakhtegan-Tashk,lake,2014-07,2014,7,16,0,8,8,0,1428.987128677045,1428.987128677045,1.0,377.2001314663086,1189.4809065184234,1
Bakhtegan-Tashk,lake,2014-08,2014,8,14,0,8,6,0,1428.987128677045,1428.987128677045,1.0,353.3985487369385,1127.9718631876428,1
Bakhtegan-Tashk,lake,2014-09,2014,9,14,0,6,8,0,1428.987128677045,1428.945729899945,0.9999710292862204,335.7254775722656,1009.7769968761768,1
Bakhtegan-Tashk,lake,2014-10,2014,10,14,0,8,6,0,1428.987128677045,1427.3955067091492,0.9988861887304968,325.4602825923462,1040.771993665175,1
Bakhtegan-Tashk,lake,2014-11,2014,11,11,0,5,6,0,1428.987128677045,1421.5327184630555,0.9947834308200588,348.8843809879761,1156.368891446999,1
Bakhtegan-Tashk,lake,2014-12,2014,12,16,0,8,8,0,1428.987128677045,1385.071650972333,0.9692681082821446,505.64018635406495,1146.811252341647,1
Bakhtegan-Tashk,lake,2015-01,2015,1,13,0,5,8,0,1428.987128677045,1262.9348862012755,0.8837972441154874,345.147895989563,1012.9796275702504,1
Bakhtegan-Tashk,lake,2015-02,2015,2,12,0,6,6,0,1428.987128677045,1427.2993179805114,0.9988188762077262,638.9938560226441,1214.1251487208924,1
Bakhtegan-Tashk,lake,2015-03,2015,3,12,0,6,6,0,1428.987128677045,1427.323359139874,0.9988357001236876,646.7552642382813,1236.6458938442215,1
Bakhtegan-Tashk,lake,2015-04,2015,4,16,0,8,8,0,1428.987128677045,1428.984012479962,0.999997819296605,563.1989695660401,1255.6949535114666,1
Bakhtegan-Tashk,lake,2015-05,2015,5,16,0,8,8,0,1428.987128677045,1428.987128677045,1.0,523.7873534232177,1267.9760369274468,1
Bakhtegan-Tashk,lake,2015-06,2015,6,14,0,6,8,0,1428.987128677045,1428.987128677045,1.0,462.38714601641846,1257.9598208580776,1
Bakhtegan-Tashk,lake,2015-07,2015,7,14,0,6,8,0,1428.987128677045,1428.987128677045,1.0,434.15721833081057,1208.2118566964716,1
Bakhtegan-Tashk,lake,2015-08,2015,8,14,0,8,6,0,1428.987128677045,1428.987128677045,1.0,407.0634248800049,1139.6975543182914,1
Bakhtegan-Tashk,lake,2015-09,2015,9,12,0,4,8,0,1428.987128677045,1428.987128677045,1.0,371.96457842724607,1087.911467318292,1
Bakhtegan-Tashk,lake,2015-10,2015,10,16,0,8,8,0,1428.987128677045,1428.4769401631895,0.9996429719319252,347.40067544610594,1055.9317152906938,1
Bakhtegan-Tashk,lake,2015-11,2015,11,16,0,8,8,0,1428.987128677045,1428.943386348859,0.999969389277686,566.2754960818481,1195.6050615652675,1
Bakhtegan-Tashk,lake,2015-12,2015,12,16,0,8,8,0,1428.987128677045,1424.157813934369,0.9966204630918216,561.494595173767,1215.4034709797174,1
Bakhtegan-Tashk,lake,2016-01,2016,1,16,0,8,8,0,1428.987128677045,1417.0879607934387,0.9916730055542052,593.3721286633911,1178.3119080186743,1
Bakhtegan-Tashk,lake,2016-02,2016,2,12,0,6,6,0,1428.987128677045,1428.5113897308163,0.9996670796141678,562.4628278181152,1183.75344779327,1
Bakhtegan-Tashk,lake,2016-03,2016,3,16,0,8,8,0,1428.987128677045,1428.6321707143982,0.9997516017075848,531.4413574797363,1197.5147285438893,1
Bakhtegan-Tashk,lake,2016-04,2016,4,16,0,8,8,0,1428.987128677045,1428.702583824445,0.9998008765461284,548.9495841900025,1237.0721156934007,1
Bakhtegan-Tashk,lake,2016-05,2016,5,14,0,6,8,0,1428.987128677045,1428.987128677045,1.0,489.7572895025635,1207.8919828893895,1
Bakhtegan-Tashk,lake,2016-06,2016,6,12,0,6,6,0,1428.987128677045,1428.987128677045,1.0,458.4961978260498,1192.8158737500607,1
Bakhtegan-Tashk,lake,2016-07,2016,7,12,0,4,8,0,1428.987128677045,1428.987128677045,1.0,436.3409626134033,1175.649212075614,1
Bakhtegan-Tashk,lake,2016-08,2016,8,14,0,6,8,0,1428.987128677045,1428.9855664510314,0.9999989067599128,411.6348398867798,1089.9289433548174,1
Bakhtegan-Tashk,lake,2016-09,2016,9,16,0,8,8,0,1428.987128677045,1428.9371377107973,0.9999650165034768,372.48322738024905,1078.9404677921818,1
Bakhtegan-Tashk,lake,2016-10,2016,10,16,0,8,8,0,1428.987128677045,1428.9308890709658,0.9999606437280292,348.85743977191163,1062.0344859626157,1
Bakhtegan-Tashk,lake,2016-11,2016,11,16,0,8,8,0,1428.987128677045,1428.9347943971986,0.9999633766611356,340.0901573064575,1079.0370335596667,1
Bakhtegan-Tashk,lake,2016-12,2016,12,14,0,6,8,0,1428.987128677045,1427.9854111206482,0.9992990016940712,360.8656589094238,1135.0365548485488,1
Bakhtegan-Tashk,lake,2017-01,2017,1,14,0,8,6,0,1428.987128677045,1380.1910723394592,0.9658526970898884,315.39737849432373,1130.1937658314314,1
Bakhtegan-Tashk,lake,2017-02,2017,2,13,0,7,6,0,1428.987128677045,1412.3196279822207,0.988336143580065,775.3122370377434,1270.734974966615,1
Bakhtegan-Tashk,lake,2017-03,2017,3,14,0,6,8,0,1428.987128677045,1428.8818133913394,0.9999263007457576,929.5503225006466,1313.1512352673117,1
Bakhtegan-Tashk,lake,2017-04,2017,4,14,0,8,6,0,1428.987128677045,1428.936358851361,0.9999644714604736,741.2969087556153,1269.8795508566834,1
Bakhtegan-Tashk,lake,2017-05,2017,5,14,0,6,8,0,1428.987128677045,1428.9520191620911,0.9999754304890162,669.1456478463745,1261.4074209158182,1
Bakhtegan-Tashk,lake,2017-06,2017,6,16,0,8,8,0,1428.987128677045,1428.987128677045,1.0,637.7233133045654,1263.4644207241292,1
Bakhtegan-Tashk,lake,2017-07,2017,7,16,0,8,8,0,1428.987128677045,1428.987128677045,1.0,603.6401325004883,1262.1684250968449,1
Bakhtegan-Tashk,lake,2017-08,2017,8,16,0,8,8,0,1428.987128677045,1428.98244198692,0.9999967202712812,573.8330059872436,1257.453534891349,1
Bakhtegan-Tashk,lake,2017-09,2017,9,16,0,8,8,0,1428.987128677045,1428.937137710797,0.9999650165034768,539.7947965054932,1201.4710153721028,1
Bakhtegan-Tashk,lake,2017-10,2017,10,14,0,6,8,0,1428.987128677045,1427.5488544146544,0.9989935008975748,512.5770585926514,1179.2931589458408,1
Bakhtegan-Tashk,lake,2017-11,2017,11,14,0,8,6,0,1428.987128677045,1427.2863893521546,0.998809828800582,511.1065319959106,1146.9812935407745,1
Bakhtegan-Tashk,lake,2017-12,2017,12,16,0,8,8,0,1428.987128677045,1425.8712087791566,0.997819490578076,552.222114383728,1170.2224944357183,1
Bakhtegan-Tashk,lake,2018-01,2018,1,16,0,8,8,0,1428.987128677045,1216.029289264813,0.8509728778247373,335.7305288465576,982.7120247822662,1
Bakhtegan-Tashk,lake,2018-02,2018,2,12,0,6,6,0,1428.987128677045,1427.3105034711125,0.9988267037734028,509.97968568560793,1177.9400068276425,1
Bakhtegan-Tashk,lake,2018-03,2018,3,14,0,6,8,0,1428.987128677045,1428.659593191266,0.9997707918572492,552.6496061218872,1203.7492567450229,1
Bakhtegan-Tashk,lake,2018-04,2018,4,16,0,8,8,0,1428.987128677045,1428.292089965985,0.9995136144356296,574.5871901705933,1240.1681305047264,1
Bakhtegan-Tashk,lake,2018-05,2018,5,15,0,7,8,0,1428.987128677045,1398.9913305556458,0.9790090494732664,484.1441382279663,1205.9578993141918,1
Bakhtegan-Tashk,lake,2018-06,2018,6,14,0,6,8,0,1428.987128677045,1428.987128677045,1.0,435.2998473894043,1031.93825177314,1
Bakhtegan-Tashk,lake,2018-07,2018,7,14,0,6,8,0,1428.987128677045,1428.987128677045,1.0,401.250973689209,935.8024321475748,1
Bakhtegan-Tashk,lake,2018-08,2018,8,11,0,3,8,0,1428.987128677045,1428.987128677045,1.0,341.9847678721924,824.8241372337122,1
Bakhtegan-Tashk,lake,2018-09,2018,9,14,0,8,6,0,1428.987128677045,1428.987128677045,1.0,327.4911622755127,833.322471459401,1
Bakhtegan-Tashk,lake,2018-10,2018,10,16,0,8,8,0,1428.987128677045,1428.9605711438417,0.999981415134769,310.89620763189697,776.6697861489965,1
Bakhtegan-Tashk,lake,2018-11,2018,11,15,0,7,8,0,1428.987128677045,1428.9551033171203,0.9999775887694984,477.7100341267701,1198.631486364956,1
Bakhtegan-Tashk,lake,2018-12,2018,12,16,0,8,8,0,1428.987128677045,1370.345295778058,0.9589626584297668,412.7602491126709,1157.5300240075965,1
Bakhtegan-Tashk,lake,2019-01,2019,1,16,0,8,8,0,1428.987128677045,1364.3245420067565,0.9547493568188028,385.08945468865966,1141.5704362722954,1
Bakhtegan-Tashk,lake,2019-02,2019,2,12,0,6,6,0,1428.987128677045,1420.30783027525,0.9939262585172268,506.7272736079712,1239.4226366504236,1
Bakhtegan-Tashk,lake,2019-03,2019,3,16,0,8,8,0,1428.987128677045,1428.928583454022,0.99995903026567,587.8968561793213,1215.3937031423295,1
Bakhtegan-Tashk,lake,2019-04,2019,4,14,0,6,8,0,1428.987128677045,1426.4866095596133,0.9982501458079984,755.241724047398,1276.145430076944,1
Bakhtegan-Tashk,lake,2019-05,2019,5,16,0,8,8,0,1428.987128677045,1428.987128677045,1.0,582.8522360146484,1236.1645090493591,1
Bakhtegan-Tashk,lake,2019-06,2019,6,12,0,6,6,0,1428.987128677045,1428.987128677045,1.0,518.8053193300171,1230.1620505689216,1
Bakhtegan-Tashk,lake,2019-07,2019,7,14,0,6,8,0,1428.987128677045,1428.987128677045,1.0,467.3755741732789,1166.5919289656772,1
Bakhtegan-Tashk,lake,2019-08,2019,8,14,0,6,8,0,1428.987128677045,1428.987128677045,1.0,422.51989680340574,1106.12993409078,1
Bakhtegan-Tashk,lake,2019-09,2019,9,16,0,8,8,0,1428.987128677045,1428.987128677045,1.0,394.1340449028931,1047.7139930656183,1
Bakhtegan-Tashk,lake,2019-10,2019,10,16,0,8,8,0,1428.987128677045,1428.9847889194152,0.999998362646113,395.3561578897095,1033.3370842965005,1
Bakhtegan-Tashk,lake,2019-11,2019,11,14,0,8,6,0,1428.987128677045,1428.7502091999331,0.9998342046108344,446.89390027246094,1124.296605870401,1
Bakhtegan-Tashk,lake,2019-12,2019,12,11,0,4,7,0,1428.987128677045,1322.2859300725524,0.925330888947001,475.432927107584,1119.0062555641505,1
Bakhtegan-Tashk,lake,2020-01,2020,1,15,0,7,8,0,1428.987128677045,1411.132682118146,0.9875055231775052,628.2285393741346,1221.6539412602497,1
Bakhtegan-Tashk,lake,2020-02,2020,2,16,0,8,8,0,1428.987128677045,1240.827637714464,0.8683266719576553,517.9738964662475,1061.7103635980643,1
Bakhtegan-Tashk,lake,2020-03,2020,3,13,0,6,7,0,1428.987128677045,1424.0200200935485,0.9965240354627302,655.7165382992554,1239.3668212136226,1
Bakhtegan-Tashk,lake,2020-04,2020,4,11,0,4,7,0,1428.987128677045,1424.135834930524,0.9966050822647982,811.531833416787,1271.559866916205,1
Bakhtegan-Tashk,lake,2020-05,2020,5,14,0,8,6,0,1428.987128677045,1428.937137710797,0.9999650165034768,597.5262856025277,1247.5797047460671,1
Bakhtegan-Tashk,lake,2020-06,2020,6,16,0,8,8,0,1428.987128677045,1428.987128677045,1.0,521.5735875957031,1238.864213181168,1
Bakhtegan-Tashk,lake,2020-07,2020,7,14,0,6,8,0,1428.987128677045,1428.987128677045,1.0,476.3593179085083,1212.6772343951675,1
Bakhtegan-Tashk,lake,2020-08,2020,8,14,0,6,8,0,1428.987128677045,1428.987128677045,1.0,438.1947785319214,1122.7325362988086,1
Bakhtegan-Tashk,lake,2020-09,2020,9,14,0,6,8,0,1428.987128677045,1428.9402621180236,0.9999672029523003,424.0423007592773,1147.8626462686914,1
Bakhtegan-Tashk,lake,2020-10,2020,10,14,0,8,6,0,1428.987128677045,1391.9458527949648,0.974078649738173,371.4602872764893,1088.719745407596,1
Bakhtegan-Tashk,lake,2020-11,2020,11,11,0,5,6,0,1428.987128677045,1428.635600420636,0.9997540018035472,489.620136916626,1159.71801868219,1
Bakhtegan-Tashk,lake,2020-12,2020,12,16,0,8,8,0,1428.987128677045,1405.36272187547,0.9834677259665408,617.9948381794434,1204.3083193972595,1
Bakhtegan-Tashk,lake,2021-01,2021,1,16,0,8,8,0,1428.987128677045,1328.4332431715518,0.9296327563155968,434.4162915949707,1066.8921021848655,1
Bakhtegan-Tashk,lake,2021-02,2021,2,13,0,6,7,0,1428.987128677045,1428.925468382428,0.999956850349888,496.875980687561,1185.225335430487,1
Bakhtegan-Tashk,lake,2021-03,2021,3,14,0,8,6,0,1428.987128677045,1426.3366749223449,0.99814522209367,490.00407494781496,1285.3561498473084,1
Bakhtegan-Tashk,lake,2021-04,2021,4,14,0,6,8,0,1428.987128677045,1428.9567446106385,0.9999787373407384,441.5561078762207,1206.082252373225,1
Bakhtegan-Tashk,lake,2021-05,2021,5,15,0,7,8,0,1428.987128677045,1428.987128677045,1.0,405.4175772997437,1204.8269768364974,1
Bakhtegan-Tashk,lake,2021-06,2021,6,16,0,8,8,0,1428.987128677045,1428.987128677045,1.0,364.68600684265135,1179.3549444485984,1
Bakhtegan-Tashk,lake,2021-07,2021,7,16,0,8,8,0,1428.987128677045,1428.2949141547058,0.9995155907926336,376.4519712867432,1117.1941654555192,1
Bakhtegan-Tashk,lake,2021-08,2021,8,14,0,8,6,0,1428.987128677045,1428.987128677045,1.0,348.21051764556887,1107.6870485956442,1
Bakhtegan-Tashk,lake,2021-09,2021,9,14,0,6,8,0,1428.987128677045,1428.9535409570128,0.9999764954355724,307.18520805291746,1107.4068118540774,1
Bakhtegan-Tashk,lake,2021-10,2021,10,16,0,8,8,0,1428.987128677045,1424.7469651501892,0.9970327489717972,278.79879623431395,1105.0782919845772,1
Bakhtegan-Tashk,lake,2021-11,2021,11,22,0,8,8,6,1428.987128677045,1428.984785481305,0.999998360240136,286.53417058618163,1111.138796041991,1
Bakhtegan-Tashk,lake,2021-12,2021,12,22,0,8,6,8,1428.987128677045,1300.8311145507018,0.91031688700724,175.13613100634765,1025.9301975939677,1
Bakhtegan-Tashk,lake,2022-01,2022,1,24,0,8,8,8,1428.987128677045,1412.0419527356387,0.9881418274515222,575.587970670044,1210.022742000064,1
Bakhtegan-Tashk,lake,2022-02,2022,2,18,0,6,6,6,1428.987128677045,1428.9512043850527,0.9999748603110056,529.7589078081055,1193.610997391397,1
Bakhtegan-Tashk,lake,2022-03,2022,3,24,0,8,8,8,1428.987128677045,1426.1207307658508,0.9979941051576526,530.6349738913574,1207.883918663169,1
Bakhtegan-Tashk,lake,2022-04,2022,4,17,0,1,8,8,1428.987128677045,1428.0092532491883,0.9993156863289864,432.489450685852,1216.033648653779,1
Bakhtegan-Tashk,lake,2022-05,2022,5,22,0,6,8,8,1428.987128677045,1428.9832231008727,0.9999972668919868,376.2025678850098,1186.126320810101,1
Bakhtegan-Tashk,lake,2022-06,2022,6,18,0,6,6,6,1428.987128677045,1428.987128677045,1.0,339.7210597057495,1142.0385729103352,1
Bakhtegan-Tashk,lake,2022-07,2022,7,24,0,8,8,8,1428.987128677045,1428.987128677045,1.0,290.8885984297485,1086.681538944228,1
Bakhtegan-Tashk,lake,2022-08,2022,8,24,0,8,8,8,1428.987128677045,1428.987128677045,1.0,450.05680070977786,1200.9509117249254,1
Bakhtegan-Tashk,lake,2022-09,2022,9,22,0,6,8,8,1428.987128677045,1428.9472921259585,0.9999721225263076,362.6020276707764,1133.853639972692,1
Bakhtegan-Tashk,lake,2022-10,2022,10,24,0,8,8,8,1428.987128677045,1410.3369572806214,0.9869486778277072,316.6934978771973,1128.2977028234009,1
Bakhtegan-Tashk,lake,2022-11,2022,11,20,0,6,8,6,1428.987128677045,1428.9355755619936,0.9999639233174206,451.2243480371094,1174.120993764244,1
Bakhtegan-Tashk,lake,2022-12,2022,12,21,0,8,6,7,1428.987128677045,1426.0139059454164,0.9979193495364922,451.0532207805786,1257.7874804680455,1
Bakhtegan-Tashk,lake,2023-01,2023,1,20,0,8,4,8,1428.987128677045,1417.2036105955628,0.9917539368654836,440.6928387605997,1172.549933810445,1
Bakhtegan-Tashk,lake,2023-02,2023,2,20,0,5,7,8,1428.987128677045,1415.740221219403,0.990729862297706,640.2739475240826,1214.859308345493,1
Bakhtegan-Tashk,lake,2023-03,2023,3,24,0,8,8,8,1428.987128677045,1428.9855664470033,0.9999989067570936,503.97110808392335,1196.6497759509066,1
Bakhtegan-Tashk,lake,2023-04,2023,4,16,0,6,4,6,1428.987128677045,1428.457713826459,0.9996295174113458,449.145618973816,1198.408641969604,1
Bakhtegan-Tashk,lake,2023-05,2023,5,24,0,8,8,8,1428.987128677045,1428.987128677045,1.0,389.6231848080444,1225.9827481310929,1
Bakhtegan-Tashk,lake,2023-06,2023,6,20,0,6,6,8,1428.987128677045,1428.987128677045,1.0,354.33595175067137,1158.0200448485682,1
Bakhtegan-Tashk,lake,2023-07,2023,7,24,0,8,8,8,1428.987128677045,1428.987128677045,1.0,321.01964980200194,1097.3948397408233,1
Bakhtegan-Tashk,lake,2023-08,2023,8,26,0,10,8,8,1428.987128677045,1428.987128677045,1.0,297.6622959883423,1097.2006449296337,1
Bakhtegan-Tashk,lake,2023-09,2023,9,20,0,6,8,6,1428.987128677045,1428.9847853370177,0.9999983601391642,266.9121227225342,1058.78865446195,1
Bakhtegan-Tashk,lake,2023-10,2023,10,21,0,7,6,8,1428.987128677045,1428.7759952932556,0.99985224962524,249.07771866827392,1023.8632349439922,1
Bakhtegan-Tashk,lake,2023-11,2023,11,23,0,7,8,8,1428.987128677045,1428.987128677045,1.0,344.6552044769287,1041.6417228456637,1
Bakhtegan-Tashk,lake,2023-12,2023,12,17,0,1,8,8,1428.987128677045,1425.8206597895326,0.997784116578822,404.73071310491946,1169.5161503413358,1
Bakhtegan-Tashk,lake,2024-01,2024,1,16,0,0,8,8,1428.987128677045,1419.3634205932435,0.993265364053551,319.971322454895,1122.4857224055029,1
Bakhtegan-Tashk,lake,2024-02,2024,2,14,0,0,6,8,1428.987128677045,1420.386007688031,0.99398096678661,311.8853273447876,1142.9620773798758,1
Bakhtegan-Tashk,lake,2024-03,2024,3,12,0,0,7,5,1428.987128677045,1428.650662229291,0.9997645420025122,485.0800459129029,1159.2713727255043,1
Bakhtegan-Tashk,lake,2024-04,2024,4,16,0,0,8,8,1428.987128677045,1419.7834641638613,0.9935593090179164,531.176255359601,1178.3974463687125,1
Bakhtegan-Tashk,lake,2024-05,2024,5,16,0,0,8,8,1428.987128677045,1428.987128677045,1.0,492.5959724108887,1210.6469497025405,1
Bakhtegan-Tashk,lake,2024-06,2024,6,16,0,0,8,8,1428.987128677045,1428.987128677045,1.0,346.6378569296875,1190.3438454724164,1
Bakhtegan-Tashk,lake,2024-07,2024,7,16,0,0,8,8,1428.987128677045,1428.987128677045,1.0,284.76767953448484,1022.288806991461,1
Bakhtegan-Tashk,lake,2024-08,2024,8,14,0,0,8,6,1428.987128677045,1428.987128677045,1.0,276.76581898846433,1018.9393617803504,1
Bakhtegan-Tashk,lake,2024-09,2024,9,14,0,0,6,8,1428.987128677045,1428.987128677045,1.0,279.72876119018554,1073.2135444459957,1
Bakhtegan-Tashk,lake,2024-10,2024,10,16,0,0,8,8,1428.987128677045,1428.9402621730162,0.999967202990784,254.82882548969008,1078.1794731370674,1
Bakhtegan-Tashk,lake,2024-11,2024,11,16,0,0,8,8,1428.987128677045,1428.9036645863464,0.9999415921326208,374.12726010491946,1132.9093059394927,1
Bakhtegan-Tashk,lake,2024-12,2024,12,15,0,0,7,8,1428.987128677045,1420.3833309981508,0.9939790936487584,330.885398888794,1158.7057005018,1
Bakhtegan-Tashk,lake,2025-01,2025,1,16,0,0,8,8,1428.987128677045,1348.252773003766,0.9435023912720454,285.9289353207397,1072.1595317873548,1
Bakhtegan-Tashk,lake,2025-02,2025,2,11,0,0,5,6,1428.987128677045,754.4416842222626,0.5279555491313096,239.43342075585937,541.0276184896977,1
Bakhtegan-Tashk,lake,2025-03,2025,3,16,0,0,8,8,1428.987128677045,1427.3712602406436,0.9988692211399433,567.5982958395019,1199.0909380603928,1
Bakhtegan-Tashk,lake,2025-04,2025,4,16,0,0,8,8,1428.987128677045,1428.974656317792,0.9999912718883168,407.000680135376,1217.913007045335,1
Bakhtegan-Tashk,lake,2025-05,2025,5,16,0,0,8,8,1428.987128677045,1428.987128677045,1.0,342.6010460892944,1204.1211281991502,1
Bakhtegan-Tashk,lake,2025-06,2025,6,12,0,0,6,6,1428.987128677045,1428.987128677045,1.0,307.101534822876,1211.4473947745316,1
Bakhtegan-Tashk,lake,2025-07,2025,7,16,0,0,8,8,1428.987128677045,1428.987128677045,1.0,290.22677188793944,1168.114658441689,1
Bakhtegan-Tashk,lake,2025-08,2025,8,16,0,0,8,8,1428.987128677045,1428.987128677045,1.0,269.7016414154663,1111.185023945492,1
Bakhtegan-Tashk,lake,2025-09,2025,9,16,0,0,8,8,1428.987128677045,1428.9777553088195,0.9999934405509768,211.95102053076167,1122.3629544856035,1
Bakhtegan-Tashk,lake,2025-10,2025,10,14,0,0,8,6,1428.987128677045,1428.6729386877869,0.9997801309872196,194.43976568328856,1131.6356049044696,1
Bakhtegan-Tashk,lake,2025-11,2025,11,14,0,0,6,8,1428.987128677045,1428.9207624604308,0.9999535571627748,188.80978590130616,1108.3402610705962,1
Bakhtegan-Tashk,lake,2025-12,2025,12,12,0,0,8,4,1428.987128677045,1392.3848732140325,0.9743858746321256,565.9865426500962,1217.9947351249248,1
Bakhtegan-Tashk,lake,2026-01,2026,1,14,0,0,6,8,1428.987128677045,1406.0957555953185,0.9839807002999956,540.5259788341411,1129.9873826503688,1
Bakhtegan-Tashk,lake,2026-02,2026,2,16,0,0,8,8,1428.987128677045,1428.0070590086489,0.99931415080743,586.9713293783569,1184.826664287993,1
Bakhtegan-Tashk,lake,2026-03,2026,3,16,0,0,8,8,1428.987128677045,1428.927774123273,0.9999584638989526,742.7995728957935,1224.120715782441,1
Bakhtegan-Tashk,lake,2026-04,2026,4,12,0,0,6,6,1428.987128677045,1424.764067249066,0.9970447169584457,651.37541328451,1205.932892114563,1
Bakhtegan-Tashk,lake,2026-05,2026,5,16,0,0,8,8,1428.987128677045,1428.987128677045,1.0,552.9022818376465,1233.199023422525,1
Bakhtegan-Tashk,lake,2026-06,2026,6,16,0,0,8,8,1428.987128677045,1428.987128677045,1.0,444.98618546795655,1221.3264791213885,1
Dez,reservoir,1991-01,1991,1,3,3,0,0,0,57.44077381347656,49.93180635455322,0.8692746117364873,23.02781610748291,49.13735797711182,1
Dez,reservoir,1991-02,1991,2,4,4,0,0,0,57.44077381347656,54.88782101525879,0.955555041676357,34.13378306689453,45.5116135166626,1
Dez,reservoir,1991-03,1991,3,4,4,0,0,0,57.44077381347656,18.68801180114746,0.32534401193535,14.025238028259276,17.81310480065918,1
Dez,reservoir,1991-04,1991,4,6,6,0,0,0,57.44077381347656,57.44077381347656,1.0,56.14936664221192,57.2980507689209,1
Dez,reservoir,1991-05,1991,5,6,6,0,0,0,57.44077381347656,57.43926262542725,0.999973691370276,56.40843259497071,57.34033277307129,1
Dez,reservoir,1991-06,1991,6,6,6,0,0,0,57.44077381347656,57.44077381347656,1.0,56.53231251531982,57.389423008667,1
Dez,reservoir,1991-07,1991,7,5,5,0,0,0,57.44077381347656,57.44077381347656,1.0,55.47428469720459,57.16821633886719,1
Dez,reservoir,1991-08,1991,8,6,6,0,0,0,57.44077381347656,57.44077381347656,1.0,52.29768951306152,55.87074652380371,1
Dez,reservoir,1991-09,1991,9,6,6,0,0,0,57.44077381347656,57.44077381347656,1.0,47.76781139605713,52.792100430236815,1
Dez,reservoir,1991-10,1991,10,6,6,0,0,0,57.44077381347656,57.44077381347656,1.0,42.38580232598877,51.66090830578613,1
Dez,reservoir,1991-11,1991,11,6,6,0,0,0,57.44077381347656,57.44077381347656,1.0,37.93846123608398,53.39030517700196,1
Dez,reservoir,1991-12,1991,12,4,4,0,0,0,57.44077381347656,55.801293104125975,0.971457893052166,44.99607738269043,53.24218435528565,1
Dez,reservoir,1992-01,1992,1,2,2,0,0,0,57.44077381347656,48.98703119439697,0.8528267977981835,41.54575772113037,46.19133137408447,1
Dez,reservoir,1992-02,1992,2,5,5,0,0,0,57.44077381347656,49.57726874389648,0.8631023827235564,37.01033019598389,48.12393409783935,1
Dez,reservoir,1992-03,1992,3,6,6,0,0,0,57.44077381347656,57.44077381347656,1.0,52.21226803320312,55.42130385601806,1
Dez,reservoir,1992-04,1992,4,3,3,0,0,0,57.44077381347656,2.9300725872802733,0.0510103258148104,2.7244871796875,2.9300725872802733,1
Dez,reservoir,1992-05,1992,5,3,3,0,0,0,57.44077381347656,56.82016233764649,0.989195628216198,55.58761073406983,56.74083190722656,1
Dez,reservoir,1992-06,1992,6,4,4,0,0,0,57.44077381347656,36.06824291864014,0.6279205610245092,35.00871656109619,35.92097785119629,1
Dez,reservoir,1992-07,1992,7,6,6,0,0,0,57.44077381347656,57.20907565490722,0.9959663120256402,56.04823415802002,57.11693049713135,1
Dez,reservoir,1992-08,1992,8,2,2,0,0,0,57.44077381347656,57.21058148883056,0.9959925274441204,55.64196540332031,57.08673704534912,1
Dez,reservoir,1992-09,1992,9,3,3,0,0,0,57.44077381347656,57.43397312884522,0.9998816052747926,53.42540217663574,56.1592725232544,1
Dez,reservoir,1992-10,1992,10,3,3,0,0,0,57.44077381347656,57.43019772235108,0.999815878331308,50.961125314086914,55.07112148822021,1
Dez,reservoir,1992-11,1992,11,3,3,0,0,0,57.44077381347656,57.44077381347656,1.0,45.822927748840335,54.88750297558594,1
Dez,reservoir,1992-12,1992,12,6,6,0,0,0,57.44077381347656,27.99655246130371,0.4873985951549847,21.289220756469728,27.65836843688965,1
Dez,reservoir,1993-01,1993,1,4,4,0,0,0,57.44077381347656,56.63395546026612,0.9859539087020246,52.74168633172607,55.59111266992188,1
Dez,reservoir,1993-02,1993,2,3,3,0,0,0,57.44077381347656,57.44077381347656,1.0,55.69324433129883,57.30861273822021,1
Dez,reservoir,1993-03,1993,3,4,4,0,0,0,57.44077381347656,57.44077381347656,1.0,55.50362770770264,56.91365653015136,1
Dez,reservoir,1993-04,1993,4,5,5,0,0,0,57.44077381347656,18.184337431030272,0.3165754258478308,16.804356999389647,18.12696879119873,1
Dez,reservoir,1993-05,1993,5,5,5,0,0,0,57.44077381347656,5.026710773803711,0.0875111952726577,4.222697789855957,4.921797405639649,1
Dez,reservoir,1993-06,1993,6,6,6,0,0,0,57.44077381347656,57.44001909106445,0.9999868608592468,55.90676712017822,57.14471114752197,1
Dez,reservoir,1993-07,1993,7,6,6,0,0,0,57.44077381347656,57.44077381347656,1.0,56.30857557763672,57.260271105285646,1
Dez,reservoir,1993-08,1993,8,4,4,0,0,0,57.44077381347656,57.43247164318848,0.999855465556313,56.3003565458374,57.30104843786621,1
Dez,reservoir,1993-09,1993,9,1,1,0,0,0,57.44077381347656,55.79143946508789,0.9712863487225216,52.6234134798584,54.70409986383056,1
Dez,reservoir,1993-10,1993,10,5,5,0,0,0,57.44077381347656,13.290684027404785,0.2313806577634678,9.962532801330566,12.022547346618651,1
Dez,reservoir,1993-11,1993,11,5,5,0,0,0,57.44077381347656,57.43473378540039,0.9998948477244444,48.644940122253416,53.82844376947021,1
Dez,reservoir,1993-12,1993,12,2,2,0,0,0,57.44077381347656,57.3863979720459,0.999053358131852,48.31022802746582,53.21630339916992,1
Dez,reservoir,1994-01,1994,1,5,5,0,0,0,57.44077381347656,57.246003543640136,0.9966091983637112,48.11069632971192,52.683682764709474,1
Dez,reservoir,1994-02,1994,2,3,3,0,0,0,57.44077381347656,0.9953234458618164,0.0173278209846869,0.5384460756835937,0.9870160654296876,1
Dez,reservoir,1994-03,1994,3,4,4,0,0,0,57.44077381347656,57.44077381347656,1.0,52.261375048034665,55.436586337585446,1
Dez,reservoir,1994-04,1994,4,6,6,0,0,0,57.44077381347656,57.44077381347656,1.0,55.82608341265869,57.32595389648438,1
Dez,reservoir,1994-05,1994,5,6,6,0,0,0,57.44077381347656,57.09435419628906,0.9939690990530106,55.22673134582519,56.93498220977783,1
Dez,reservoir,1994-06,1994,6,4,4,0,0,0,57.44077381347656,57.43398207861328,0.9998817610834192,56.16065944085693,57.15982644152832,1
Dez,reservoir,1994-07,1994,7,6,6,0,0,0,57.44077381347656,57.44077381347656,1.0,55.27634002160645,56.97562498937988,1
Dez,reservoir,1994-08,1994,8,6,6,0,0,0,57.44077381347656,57.44077381347656,1.0,52.08317707250976,55.61939138928223,1
Dez,reservoir,1994-09,1994,9,6,6,0,0,0,57.44077381347656,52.67619337310791,0.9170522936226392,43.75744384423828,48.60251560571289,1
Dez,reservoir,1994-10,1994,10,4,4,0,0,0,57.44077381347656,57.44077381347656,1.0,39.1243952689209,45.86473684991455,1
Dez,reservoir,1994-11,1994,11,3,3,0,0,0,57.44077381347656,57.44077381347656,1.0,50.32156543060303,56.15612416430664,1
Dez,reservoir,1994-12,1994,12,5,5,0,0,0,57.44077381347656,55.84963365582276,0.9722994651356788,48.894165899963376,51.936310100708006,1
Dez,reservoir,1995-01,1995,1,4,4,0,0,0,57.44077381347656,15.95519619921875,0.2777677795746441,11.374144975524905,12.730859129089357,1
Dez,reservoir,1995-02,1995,2,5,5,0,0,0,57.44077381347656,14.70049164819336,0.2559243316590623,10.882945788757324,12.105949307800293,1
Dez,reservoir,1995-03,1995,3,6,6,0,0,0,57.44077381347656,57.44077381347656,1.0,50.40737782684326,53.33189436108398,1
Dez,reservoir,1995-04,1995,4,4,4,0,0,0,57.44077381347656,57.44077381347656,1.0,54.58990824822998,56.29685832098389,1
Dez,reservoir,1995-05,1995,5,6,6,0,0,0,57.44077381347656,57.44077381347656,1.0,56.20813859637451,57.156792539733885,1
Dez,reservoir,1995-06,1995,6,6,6,0,0,0,57.44077381347656,57.44077381347656,1.0,56.17492843176269,57.06691390759277,1
Dez,reservoir,1995-07,1995,7,6,6,0,0,0,57.44077381347656,57.44077381347656,1.0,55.86674735131836,57.05183639331055,1
Dez,reservoir,1995-08,1995,8,6,6,0,0,0,57.44077381347656,57.44077381347656,1.0,54.09367122857666,56.30661706628418,1
Dez,reservoir,1995-09,1995,9,3,3,0,0,0,57.44077381347656,57.44077381347656,1.0,49.40016544818116,53.59404482427978,1
Dez,reservoir,1995-10,1995,10,5,5,0,0,0,57.44077381347656,57.44077381347656,1.0,44.30096972253418,50.38228393280029,1
Dez,reservoir,1995-11,1995,11,4,4,0,0,0,57.44077381347656,57.43548496264648,0.9999079251465648,38.82311036914062,46.62623634411621,1
Dez,reservoir,1995-12,1995,12,2,2,0,0,0,57.44077381347656,56.62537072015381,0.985804454933519,34.47540646118164,44.201752033691406,1
Dez,reservoir,1996-01,1996,1,2,2,0,0,0,57.44077381347656,1.5547812864379882,0.0270675546866189,0.07622916796875,1.3698763018798827,1
Dez,reservoir,1996-02,1996,2,3,3,0,0,0,57.44077381347656,57.44077381347656,1.0,37.98830915008545,56.64616223028565,1
Dez,reservoir,1996-03,1996,3,2,2,0,0,0,57.44077381347656,56.81886673278809,0.98917307272517,50.81835878338623,54.59868231713868,1
Dez,reservoir,1996-04,1996,4,4,4,0,0,0,57.44077381347656,6.417003053527832,0.1117151219857399,5.239516104003906,5.963373388732911,1
Dez,reservoir,1996-05,1996,5,4,4,0,0,0,57.44077381347656,53.38374936761475,0.9293703030701518,52.04697154034424,53.14660582739258,1
Dez,reservoir,1996-06,1996,6,4,4,0,0,0,57.44077381347656,57.44077381347656,1.0,56.26788303588867,57.15982884039307,1
Dez,reservoir,1996-07,1996,7,4,4,0,0,0,57.44077381347656,57.44077381347656,1.0,55.99520347064209,57.23310751623535,1
Dez,reservoir,1996-08,1996,8,3,3,0,0,0,57.44077381347656,57.44077381347656,1.0,53.65045061303711,56.40103665081787,1
Dez,reservoir,1996-09,1996,9,3,3,0,0,0,57.44077381347656,57.25284662615967,0.9967283312037694,48.096675311340334,52.03997714581299,1
Dez,reservoir,1996-10,1996,10,4,4,0,0,0,57.44077381347656,57.44077381347656,1.0,42.43106394952392,48.84595987860107,1
Dez,reservoir,1996-11,1996,11,3,3,0,0,0,57.44077381347656,57.44077381347656,1.0,33.980907357299806,40.689118698913575,1
Dez,reservoir,1996-12,1996,12,4,4,0,0,0,57.44077381347656,2.4023473109130857,0.0418230318190709,0.702667978515625,1.3419405443725585,1
Dez,reservoir,1997-01,1997,1,3,3,0,0,0,57.44077381347656,56.965721029541015,0.9917296938673188,29.136861062194825,34.17919538989258,1
Dez,reservoir,1997-02,1997,2,3,3,0,0,0,57.44077381347656,57.44077381347656,1.0,29.389751564697267,38.60752089428711,1
Dez,reservoir,1997-03,1997,3,3,3,0,0,0,57.44077381347656,57.28820069323731,0.997343818508875,31.0982427923584,39.510702846496585,1
Dez,reservoir,1997-04,1997,4,4,4,0,0,0,57.44077381347656,57.309447539917,0.9977137098816596,55.92147714007568,57.054979473144535,1
Dez,reservoir,1997-05,1997,5,3,3,0,0,0,57.44077381347656,54.21629150775146,0.9438642258512092,52.99342020471192,53.976826976196286,1
Dez,reservoir,1997-06,1997,6,3,3,0,0,0,57.44077381347656,57.409801990600585,0.9994608042193764,55.93329155096436,57.19003829376221,1
Dez,reservoir,1997-07,1997,7,3,3,0,0,0,57.44077381347656,57.44077381347656,1.0,55.499764600708005,57.09488328240967,1
Dez,reservoir,1997-08,1997,8,4,4,0,0,0,57.44077381347656,57.44077381347656,1.0,54.4850593569336,56.66612363116455,1
Dez,reservoir,1997-09,1997,9,4,4,0,0,0,57.44077381347656,57.44077381347656,1.0,50.37140075683594,54.19380260803223,1
Dez,reservoir,1997-10,1997,10,4,4,0,0,0,57.44077381347656,57.40223609118652,0.9993290876892575,45.478930406188965,50.307586627807616,1
Dez,reservoir,1997-11,1997,11,3,3,0,0,0,57.44077381347656,57.43926335656738,0.9999737040988674,40.942487393981935,51.07940278186035,1
Dez,reservoir,1997-12,1997,12,2,2,0,0,0,57.44077381347656,57.28208696765137,0.9972373832159628,36.03971563299561,40.74883543597412,1
Dez,reservoir,1998-01,1998,1,2,2,0,0,0,57.44077381347656,4.606788993774414,0.0802006778100469,0.7450359744262696,4.122908992980957,1
Dez,reservoir,1998-02,1998,2,3,3,0,0,0,57.44077381347656,6.47511802520752,0.1127268592556521,2.631354842529297,5.360939909057617,1
Dez,reservoir,1998-03,1998,3,2,2,0,0,0,57.44077381347656,5.616636624328613,0.0977813537569519,3.515264768737793,4.427066742370606,1
Dez,reservoir,1998-04,1998,4,4,4,0,0,0,57.44077381347656,57.43699854632568,0.9999342754823752,52.259956462646485,55.23194196948242,1
Dez,reservoir,1998-05,1998,5,3,3,0,0,0,57.44077381347656,57.368272904113766,0.998737814542711,55.56799245117188,56.7891538112793,1
Dez,reservoir,1998-06,1998,6,6,6,0,0,0,57.44077381347656,52.4149942802124,0.9125050169138734,51.3569560826416,52.14160656170655,1
Dez,reservoir,1998-07,1998,7,6,6,0,0,0,57.44077381347656,57.439264561401366,0.9999737250741068,56.00056994787597,57.118305828125,1
Dez,reservoir,1998-08,1998,8,4,4,0,0,0,57.44077381347656,57.44077381347656,1.0,54.34165711297607,56.47131927154541,1
Dez,reservoir,1998-09,1998,9,6,6,0,0,0,57.44077381347656,57.44077381347656,1.0,49.57771454644775,53.916699049194335,1
Dez,reservoir,1998-10,1998,10,3,3,0,0,0,57.44077381347656,57.44077381347656,1.0,43.29977708929443,49.22967392755127,1
Dez,reservoir,1998-11,1998,11,5,5,0,0,0,57.44077381347656,57.44077381347656,1.0,36.55300028717041,43.072272595703126,1
Dez,reservoir,1998-12,1998,12,6,6,0,0,0,57.44077381347656,57.30102106677246,0.997567011420182,30.744581950256347,40.38683183435059,1
Dez,reservoir,1999-01,1999,1,5,5,0,0,0,57.44077381347656,57.26245488928223,0.9968956037261376,33.482931039550785,43.93556021343994,1
Dez,reservoir,1999-02,1999,2,6,6,0,0,0,57.44077381347656,33.521769347961424,0.5835884011036192,21.020064528442383,32.4659156741333,1
Dez,reservoir,1999-03,1999,3,4,4,0,0,0,57.44077381347656,18.36149431402588,0.3196595918719668,12.43163253857422,14.809317140197754,1
Dez,reservoir,1999-04,1999,4,4,4,0,0,0,57.44077381347656,56.92074139501953,0.9909466327848282,51.10337070056153,54.376770293396,1
Dez,reservoir,1999-05,1999,5,3,3,0,0,0,57.44077381347656,33.801260854309085,0.5884541347592143,30.105605650268554,32.27834914855957,1
Dez,reservoir,1999-06,1999,6,4,4,0,0,0,57.44077381347656,57.4392645390625,0.9999737246852042,55.23332433862305,56.87975289160156,1
Dez,reservoir,1999-07,1999,7,8,6,2,0,0,57.44077381347656,57.44077381347656,1.0,54.59373622259521,57.02555074822998,1
Dez,reservoir,1999-08,1999,8,5,4,1,0,0,57.44077381347656,57.44077381347656,1.0,51.44011777911377,54.44912314923096,1
Dez,reservoir,1999-09,1999,9,5,4,1,0,0,57.44077381347656,57.44077381347656,1.0,45.17874306518555,50.471404500915526,1
Dez,reservoir,1999-10,1999,10,7,6,1,0,0,57.44077381347656,57.44077381347656,1.0,37.28006146044922,43.32852859777832,1
Dez,reservoir,1999-11,1999,11,10,6,4,0,0,57.44077381347656,57.44077381347656,1.0,32.72641297143554,38.99113221887207,1
Dez,reservoir,1999-12,1999,12,8,6,2,0,0,57.44077381347656,57.44077381347656,1.0,31.117869063903807,39.407650274902345,1
Dez,reservoir,2000-01,2000,1,8,6,2,0,0,57.44077381347656,57.43095945269776,0.9998291394748496,34.49940529498291,44.35893153839111,1
Dez,reservoir,2000-02,2000,2,6,5,1,0,0,57.44077381347656,57.44077381347656,1.0,36.16137854602051,41.87391979119873,1
Dez,reservoir,2000-03,2000,3,5,2,3,0,0,57.44077381347656,57.44077381347656,1.0,38.9308091126709,46.26673664245605,1
Dez,reservoir,2000-04,2000,4,4,1,3,0,0,57.44077381347656,56.487376195373535,0.9834020756545008,49.94185935296631,52.66850816235352,1
Dez,reservoir,2000-05,2000,5,11,6,5,0,0,57.44077381347656,48.85289871929932,0.8504916538543849,43.015062938964846,46.77716824261475,1
Dez,reservoir,2000-06,2000,6,5,4,1,0,0,57.44077381347656,57.44077381347656,1.0,52.71073103833008,55.9585144296875,1
Dez,reservoir,2000-07,2000,7,7,5,2,0,0,57.44077381347656,57.44077381347656,1.0,51.64471055688477,55.4045050380249,1
Dez,reservoir,2000-08,2000,8,8,6,2,0,0,57.44077381347656,57.44077381347656,1.0,48.83369826464844,53.07465742840576,1
Dez,reservoir,2000-09,2000,9,8,6,2,0,0,57.44077381347656,57.44077381347656,1.0,43.29489309979248,49.12463913214111,1
Dez,reservoir,2000-10,2000,10,8,5,3,0,0,57.44077381347656,57.44077381347656,1.0,37.54155944073487,44.014628488708496,1
Dez,reservoir,2000-11,2000,11,7,6,1,0,0,57.44077381347656,57.44077381347656,1.0,33.240243460876464,40.67226695410156,1
Dez,reservoir,2000-12,2000,12,8,6,2,0,0,57.44077381347656,57.140791031555175,0.994777528887485,43.51941072833252,48.4338524954834,1
Dez,reservoir,2001-01,2001,1,6,4,2,0,0,57.44077381347656,55.98672885595703,0.974686187859496,46.93730334375,50.84853869598388,1
Dez,reservoir,2001-02,2001,2,8,5,3,0,0,57.44077381347656,57.44077381347656,1.0,50.69541537951661,53.56621012774658,1
Dez,reservoir,2001-03,2001,3,9,5,4,0,0,57.44077381347656,57.44077381347656,1.0,52.32504127868653,54.89447453668213,1
Dez,reservoir,2001-04,2001,4,6,2,4,0,0,57.44077381347656,57.44077381347656,1.0,53.00393135394287,55.33544840039063,1
Dez,reservoir,2001-05,2001,5,8,4,4,0,0,57.44077381347656,55.53819850775147,0.9668776170755778,52.98188181274414,54.632058015686034,1
Dez,reservoir,2001-06,2001,6,6,6,0,0,0,57.44077381347656,57.44077381347656,1.0,55.80041770617676,57.11300055609131,1
Dez,reservoir,2001-07,2001,7,8,5,3,0,0,57.44077381347656,57.44077381347656,1.0,55.74157642602539,57.08434784844971,1
Dez,reservoir,2001-08,2001,8,6,5,1,0,0,57.44077381347656,57.44077381347656,1.0,54.56052531939697,56.45842363671875,1
Dez,reservoir,2001-09,2001,9,7,4,3,0,0,57.44077381347656,57.44077381347656,1.0,45.879087182861326,50.540618173767086,1
Dez,reservoir,2001-10,2001,10,5,5,0,0,0,57.44077381347656,57.44077381347656,1.0,33.90597996295166,41.75027035430908,1
Dez,reservoir,2001-11,2001,11,4,3,1,0,0,57.44077381347656,57.44077381347656,1.0,34.074665111999515,40.34512430004883,1
Dez,reservoir,2001-12,2001,12,3,3,0,0,0,57.44077381347656,11.313925430480955,0.1969668003989619,5.296145809143066,8.961807937255859,1
Dez,reservoir,2002-01,2002,1,8,5,3,0,0,57.44077381347656,57.43699985424805,0.9999342982523048,52.12326899938965,55.03568988800049,1
Dez,reservoir,2002-02,2002,2,7,4,3,0,0,57.44077381347656,57.44077381347656,1.0,40.84354358789062,46.64362373413086,1
Dez,reservoir,2002-03,2002,3,8,4,4,0,0,57.44077381347656,57.09618116113281,0.9940009051155416,53.36882458984375,55.32403972442627,1
Dez,reservoir,2002-04,2002,4,3,1,2,0,0,57.44077381347656,56.594112893005374,0.985260280036956,54.66836895367432,56.03988940142822,1
Dez,reservoir,2002-05,2002,5,8,2,6,0,0,57.44077381347656,40.767989460998535,0.7097395587563218,39.51197143591308,40.53687134320069,1
Dez,reservoir,2002-06,2002,6,3,3,0,0,0,57.44077381347656,56.44899881335449,0.9827339547454116,55.27374694293213,56.248064105407714,1
Dez,reservoir,2002-07,2002,7,4,4,0,0,0,57.44077381347656,57.44077381347656,1.0,55.4063428380127,57.04661419897461,1
Dez,reservoir,2002-08,2002,8,5,2,3,0,0,57.44077381347656,57.44077381347656,1.0,53.87029864874268,56.11710709521484,1
Dez,reservoir,2002-09,2002,9,3,0,3,0,0,57.44077381347656,57.44077381347656,1.0,45.7806843270874,50.03909692425537,1
Dez,reservoir,2002-10,2002,10,2,0,2,0,0,57.44077381347656,57.43699875354004,0.999934279089819,38.176486153137205,42.80062922259521,1
Dez,reservoir,2002-11,2002,11,3,0,3,0,0,57.44077381347656,57.44077381347656,1.0,35.691152904663085,40.1377667802124,1
Dez,reservoir,2002-12,2002,12,3,0,3,0,0,57.44077381347656,57.23990726409912,0.9965030667931164,36.17987897332764,43.9575517668457,1
Dez,reservoir,2003-01,2003,1,4,0,4,0,0,57.44077381347656,57.41132031915283,0.9994872371598026,36.908590377197264,43.38944260882568,1
Dez,reservoir,2003-02,2003,2,2,0,2,0,0,57.44077381347656,13.012589840637206,0.2265392503745177,4.760670659118652,6.790768750061035,1
Dez,reservoir,2003-03,2003,3,4,0,4,0,0,57.44077381347656,11.275774249328611,0.1963026174741944,7.51245480267334,11.023447963500976,1
Dez,reservoir,2003-04,2003,4,2,0,2,0,0,57.44077381347656,13.655985120788577,0.2377402707897478,12.840687696838378,13.37593203125,1
Dez,reservoir,2003-05,2003,5,1,0,1,0,0,57.44077381347656,57.2128440814209,0.996031917452996,55.87149124206543,56.87598015826416,1
Dez,reservoir,2003-06,2003,6,0,0,0,0,0,57.44077381347656,0.0,0.0,,,0
Dez,reservoir,2003-07,2003,7,2,0,2,0,0,57.44077381347656,8.014828742126465,0.1395320468375384,7.155756865112305,7.635898469238281,1
Dez,reservoir,2003-08,2003,8,2,0,2,0,0,57.44077381347656,8.959076049438476,0.1559706712609872,6.920179325317383,7.685676227539062,1
Dez,reservoir,2003-09,2003,9,1,0,1,0,0,57.44077381347656,42.325369416503904,0.7368523542865933,32.649807825256346,35.70970819268799,1
Dez,reservoir,2003-10,2003,10,2,0,2,0,0,57.44077381347656,11.213610570861816,0.1952203953114384,6.275918217895508,7.354945815795898,1
Dez,reservoir,2003-11,2003,11,3,0,3,0,0,57.44077381347656,47.63851775482178,0.8293502087822673,30.890733487304686,36.124822999633786,1
Dez,reservoir,2003-12,2003,12,3,0,3,0,0,57.44077381347656,8.684034398498536,0.1511824061893316,2.742213154296875,3.963782229003906,1
Dez,reservoir,2004-01,2004,1,1,0,1,0,0,57.44077381347656,0.3414207087402344,0.0059438737689869,0.141291500793457,0.3331184465332031,1
Dez,reservoir,2004-02,2004,2,4,0,4,0,0,57.44077381347656,57.43775468865967,0.999947439342884,49.764820083557126,52.93395245916748,1
Dez,reservoir,2004-03,2004,3,1,0,1,0,0,57.44077381347656,41.413150904174806,0.7209713267208561,36.0135515178833,38.09529316094971,1
Dez,reservoir,2004-04,2004,4,3,0,3,0,0,57.44077381347656,44.38766655480957,0.7727553723239621,40.57366507775879,42.31835340887452,1
Dez,reservoir,2004-05,2004,5,4,0,4,0,0,57.44077381347656,51.25160581341553,0.8922513122793455,50.262933956542966,51.01592846026611,1
Dez,reservoir,2004-06,2004,6,4,0,4,0,0,57.44077381347656,54.43166155371094,0.947613653856111,53.15289350274658,54.1657428100586,1
Dez,reservoir,2004-07,2004,7,4,0,4,0,0,57.44077381347656,7.947244531677246,0.1383554573530604,7.352367241333008,7.811352637084961,1
Dez,reservoir,2004-08,2004,8,4,0,4,0,0,57.44077381347656,8.033416112243652,0.1398556387546241,6.944135104919433,7.568424663269043,1
Dez,reservoir,2004-09,2004,9,5,0,5,0,0,57.44077381347656,44.56799871710205,0.775894817535443,36.69642199584961,39.80819918218994,1
Dez,reservoir,2004-10,2004,10,4,0,4,0,0,57.44077381347656,9.540132421447757,0.1660864188986514,4.069145367004395,5.507377763610839,1
Dez,reservoir,2004-11,2004,11,3,0,3,0,0,57.44077381347656,44.67889395166016,0.7778254188695791,26.161977385803223,30.720259263671878,1
Dez,reservoir,2004-12,2004,12,5,0,5,0,0,57.44077381347656,55.91252986779785,0.97339444014732,32.28162137823486,37.56800029992676,1
Dez,reservoir,2005-01,2005,1,4,0,4,0,0,57.44077381347656,6.267122036987304,0.1091058079638358,1.6117735119018557,2.5841872263793944,1
Dez,reservoir,2005-02,2005,2,2,0,2,0,0,57.44077381347656,20.359599753845213,0.3544450814669999,13.55303389996338,16.8465977678833,1
Dez,reservoir,2005-03,2005,3,4,0,4,0,0,57.44077381347656,4.6564620542602535,0.0810654478538339,4.312876492858886,4.610400503173828,1
Dez,reservoir,2005-04,2005,4,3,0,3,0,0,57.44077381347656,5.508621397644043,0.0959008911602028,5.029287041687012,5.368211879638672,1
Dez,reservoir,2005-05,2005,5,6,0,6,0,0,57.44077381347656,54.476112555847166,0.948387511852533,52.249874562683104,54.16263955773925,1
Dez,reservoir,2005-06,2005,6,6,0,6,0,0,57.44077381347656,56.7831640493164,0.98855151627491,55.539196420288086,56.52708267108154,1
Dez,reservoir,2005-07,2005,7,6,0,6,0,0,57.44077381347656,52.491174679260254,0.91383125947626,50.72253556414795,52.12722284753418,1
Dez,reservoir,2005-08,2005,8,6,0,6,0,0,57.44077381347656,57.42492524841309,0.999724088587056,52.9813045489502,55.62322100518799,1
Dez,reservoir,2005-09,2005,9,5,0,5,0,0,57.44077381347656,47.27047677471924,0.8229428964208835,40.27371147155762,43.31964509106445,1
Dez,reservoir,2005-10,2005,10,6,0,6,0,0,57.44077381347656,54.54281976965332,0.9495488334952874,42.43095134979248,47.368951437438966,1
Dez,reservoir,2005-11,2005,11,5,0,5,0,0,57.44077381347656,46.75210627075195,0.8139184618676416,30.566558668945312,36.38104516271973,1
Dez,reservoir,2005-12,2005,12,0,0,0,0,0,57.44077381347656,0.0,0.0,,,0
Dez,reservoir,2006-01,2006,1,5,0,5,0,0,57.44077381347656,45.6395345737915,0.7945494383831526,29.26477845001221,34.14061532739258,1
Dez,reservoir,2006-02,2006,2,1,0,1,0,0,57.44077381347656,42.9094401907959,0.7470205803656605,41.81881760192872,42.59073569335938,1
Dez,reservoir,2006-03,2006,3,3,0,3,0,0,57.44077381347656,44.70130589221191,0.7782155936368017,41.23347271142578,44.03083923364258,1
Dez,reservoir,2006-04,2006,4,1,0,1,0,0,57.44077381347656,44.538612152160646,0.7753832198846727,42.59021228900146,43.70952875665283,1
Dez,reservoir,2006-05,2006,5,3,0,3,0,0,57.44077381347656,32.837145771118166,0.5716696275323162,31.923278072753902,32.60752099719238,1
Dez,reservoir,2006-06,2006,6,5,0,5,0,0,57.44077381347656,47.26978692956543,0.8229308867436453,46.07426228234864,46.98809227478027,1
Dez,reservoir,2006-07,2006,7,6,0,6,0,0,57.44077381347656,56.76906471160888,0.988306057574209,55.4435976539917,56.47527142779541,1
Dez,reservoir,2006-08,2006,8,6,0,6,0,0,57.44077381347656,53.05419567474365,0.9236330249836616,50.1114231484375,51.98211059448242,1
Dez,reservoir,2006-09,2006,9,6,0,6,0,0,57.44077381347656,49.747654729736325,0.8660686725996839,43.684536653625486,46.599831449401854,1
Dez,reservoir,2006-10,2006,10,1,0,1,0,0,57.44077381347656,44.723618815795895,0.7786040445942424,37.715289531799314,40.570320145812985,1
Dez,reservoir,2006-11,2006,11,3,0,3,0,0,57.44077381347656,46.54560547589112,0.8103234407502139,37.01039964801026,40.642805682922365,1
Dez,reservoir,2006-12,2006,12,2,0,2,0,0,57.44077381347656,13.242781830688475,0.2305467171053587,8.892271841125488,12.088643429138184,1
Dez,reservoir,2007-01,2007,1,6,0,6,0,0,57.44077381347656,54.46986232958984,0.9482787001871884,37.12193398101807,41.75941076672363,1
Dez,reservoir,2007-02,2007,2,1,0,1,0,0,57.44077381347656,21.3419882232666,0.3715477143913304,16.43552397253418,21.199932838623045,1
Dez,reservoir,2007-03,2007,3,5,0,5,0,0,57.44077381347656,48.26146628857422,0.8401952669595004,38.11342197393799,41.1615427779541,1
Dez,reservoir,2007-04,2007,4,0,0,0,0,0,57.44077381347656,0.0,0.0,,,0
Dez,reservoir,2007-05,2007,5,3,0,3,0,0,57.44077381347656,39.20283446405029,0.682491405692948,38.22387421838379,39.1000848447876,1
Dez,reservoir,2007-06,2007,6,5,0,5,0,0,57.44077381347656,49.13873073034668,0.8554677708540535,47.57084572064209,48.79055360650635,1
Dez,reservoir,2007-07,2007,7,4,0,4,0,0,57.44077381347656,46.24174991516113,0.8050335475165908,42.93149190789795,45.84535063787842,1
Dez,reservoir,2007-08,2007,8,6,0,6,0,0,57.44077381347656,57.44077381347656,1.0,49.47966273748779,53.76356853656006,1
Dez,reservoir,2007-09,2007,9,4,0,4,0,0,57.44077381347656,57.20523435400391,0.9958994379108208,43.94484337493896,48.3687632980957,1
Dez,reservoir,2007-10,2007,10,3,0,3,0,0,57.44077381347656,19.43627448840332,0.3383706938126806,8.909538137268067,11.57665101550293,1
Dez,reservoir,2007-11,2007,11,3,0,3,0,0,57.44077381347656,44.58157060180664,0.7761310936822209,23.94881161468506,28.06376453668213,1
Dez,reservoir,2007-12,2007,12,4,0,4,0,0,57.44077381347656,55.70653740942383,0.9698082687798706,34.431209628479,39.84299494470215,1
Dez,reservoir,2008-01,2008,1,3,0,3,0,0,57.44077381347656,17.71329720965576,0.3083749753646237,8.588260251281739,13.439436018188475,1
Dez,reservoir,2008-02,2008,2,5,0,5,0,0,57.44077381347656,14.306804292785644,0.2490705354917943,3.9742617297973633,6.647950808288575,1
Dez,reservoir,2008-03,2008,3,5,0,5,0,0,57.44077381347656,32.84091033642578,0.5717351657390234,12.074765954406738,23.18475044744873,1
Dez,reservoir,2008-04,2008,4,5,1,4,0,0,57.44077381347656,24.832196893859862,0.4323095815960929,12.566079633666993,18.433480394348145,1
Dez,reservoir,2008-05,2008,5,5,2,3,0,0,57.44077381347656,26.15891325628662,0.4554067001470183,10.23528096282959,14.520550652526856,1
Dez,reservoir,2008-06,2008,6,7,1,6,0,0,57.44077381347656,55.8575574533081,0.9724374123978636,31.79953592932129,45.49058263812256,1
Dez,reservoir,2008-07,2008,7,7,1,6,0,0,57.44077381347656,57.44077381347656,1.0,38.49470176495361,44.16188720318603,1
Dez,reservoir,2008-08,2008,8,3,0,3,0,0,57.44077381347656,37.02862707598877,0.6446401156820983,21.1378344508667,28.915870523010256,1
Dez,reservoir,2008-09,2008,9,4,0,4,0,0,57.44077381347656,18.37596117932129,0.319911448947263,4.767665880554199,13.722292828491211,1
Dez,reservoir,2008-10,2008,10,6,1,5,0,0,57.44077381347656,52.54517430895996,0.9147713517855148,26.52137101147461,39.0977340557251,1
Dez,reservoir,2008-11,2008,11,4,0,4,0,0,57.44077381347656,46.340371241577145,0.8067504694845341,24.73227766101074,29.009829766418456,1
Dez,reservoir,2008-12,2008,12,4,0,4,0,0,57.44077381347656,57.35466645452881,0.998500936647766,30.827001862304687,35.8281195848999,1
Dez,reservoir,2009-01,2009,1,6,1,5,0,0,57.44077381347656,45.558132837463376,0.7931322963266675,22.41697664569092,25.92554168511963,1
Dez,reservoir,2009-02,2009,2,3,1,2,0,0,57.44077381347656,9.651093465148923,0.1680181659197045,2.3176437666015626,5.44909693927002,1
Dez,reservoir,2009-03,2009,3,7,2,5,0,0,57.44077381347656,16.63828736669922,0.2896598750693641,4.322426008422852,7.418371030029297,1
Dez,reservoir,2009-04,2009,4,5,2,3,0,0,57.44077381347656,47.566447347595215,0.8280955180383613,29.25043749731445,33.45221026544189,1
Dez,reservoir,2009-05,2009,5,7,2,5,0,0,57.44077381347656,41.00980728814697,0.713949422431447,30.76972001092529,34.40968600604248,1
Dez,reservoir,2009-06,2009,6,5,2,3,0,0,57.44077381347656,26.623027910400392,0.463486581793823,15.70870060357666,20.8571666484375,1
Dez,reservoir,2009-07,2009,7,7,2,5,0,0,57.44077381347656,48.89295341821289,0.8511889755695072,34.26593337969971,41.84147153442383,1
Dez,reservoir,2009-08,2009,8,6,0,6,0,0,57.44077381347656,57.44001807537842,0.9999868431769288,39.56959411602783,44.94589653375244,1
Dez,reservoir,2009-09,2009,9,3,0,3,0,0,57.44077381347656,45.184092888427735,0.7866205464980487,28.57829176080322,33.59552535797119,1
Dez,reservoir,2009-10,2009,10,2,0,2,0,0,57.44077381347656,14.830759343261718,0.2581921927343913,6.600133591613769,7.87864552331543,1
Dez,reservoir,2009-11,2009,11,7,2,5,0,0,57.44077381347656,53.97206637176514,0.9396124527678698,36.234756676391605,41.120430425598144,1
Dez,reservoir,2009-12,2009,12,1,1,0,0,0,57.44077381347656,14.066861382385254,0.2448933126852294,5.866299955505371,7.669991193359375,1
Dez,reservoir,2010-01,2010,1,4,0,4,0,0,57.44077381347656,10.367307621704102,0.1804869073555509,7.271988451660156,8.157603097351075,1
Dez,reservoir,2010-02,2010,2,5,1,4,0,0,57.44077381347656,23.08520950164795,0.4018958654110571,14.954874478149414,22.08570539801025,1
Dez,reservoir,2010-03,2010,3,3,1,2,0,0,57.44077381347656,49.59765097180176,0.8634572217438569,44.25413437103271,47.75616520843506,1
Dez,reservoir,2010-04,2010,4,2,0,2,0,0,57.44077381347656,44.245734685180665,0.7702844468783928,41.8682781897583,43.50873998059082,1
Dez,reservoir,2010-05,2010,5,2,0,2,0,0,57.44077381347656,52.423175571411136,0.9126474469449398,50.951934159912106,52.17238656555176,1
Dez,reservoir,2010-06,2010,6,2,0,2,0,0,57.44077381347656,47.84662413684082,0.8329731819458047,46.29540145770264,47.58150496264648,1
Dez,reservoir,2010-07,2010,7,6,0,6,0,0,57.44077381347656,50.528313938476565,0.8796593531722545,47.5923363737793,49.61250993334961,1
Dez,reservoir,2010-08,2010,8,2,0,2,0,0,57.44077381347656,55.69244192700195,0.969562877196748,50.339588762695314,53.15831905767822,1
Dez,reservoir,2010-09,2010,9,5,0,5,0,0,57.44077381347656,44.78953520892334,0.7797515986529933,36.83434735992432,39.92866903625488,1
Dez,reservoir,2010-10,2010,10,4,0,4,0,0,57.44077381347656,8.067824600708008,0.1404546642582861,2.7470259990844728,4.253232870056152,1
Dez,reservoir,2010-11,2010,11,2,0,2,0,0,57.44077381347656,6.564793022583008,0.1142880324680235,1.7585744192504882,2.4992280352783203,1
Dez,reservoir,2010-12,2010,12,4,0,4,0,0,57.44077381347656,50.21680527246094,0.8742362252208943,30.829800947937013,36.517050942993166,1
Dez,reservoir,2011-01,2011,1,2,0,2,0,0,57.44077381347656,43.6537050881958,0.7599776637750293,26.222882356689453,31.438325643249517,1
Dez,reservoir,2011-02,2011,2,2,0,2,0,0,57.44077381347656,7.012531628723145,0.1220828196272991,2.022100573120117,2.81256866381836,1
Dez,reservoir,2011-03,2011,3,4,0,4,0,0,57.44077381347656,8.940216436950683,0.1556423398121625,4.905741934143067,6.200580633666992,1
Dez,reservoir,2011-04,2011,4,6,0,6,0,0,57.44077381347656,46.09491865252686,0.8024773273808548,41.92313955236816,44.27063336181641,1
Dez,reservoir,2011-05,2011,5,4,0,4,0,0,57.44077381347656,40.21583570819092,0.7001269836437268,37.88921051800537,39.87447172998047,1
Dez,reservoir,2011-06,2011,6,2,0,2,0,0,57.44077381347656,55.79904584020996,0.9714187699038028,53.7221666328125,55.559587166015625,1
Dez,reservoir,2011-07,2011,7,2,0,2,0,0,57.44077381347656,57.302658743225095,0.9975955221163983,53.84855572674561,56.01986870605469,1
Dez,reservoir,2011-08,2011,8,5,0,5,0,0,57.44077381347656,46.337670974121096,0.8067034598905335,39.97326602850342,42.83557043304443,1
Dez,reservoir,2011-09,2011,9,6,0,6,0,0,57.44077381347656,57.43926404833984,0.9999737161420976,43.802970187744144,48.54563146496582,1
Dez,reservoir,2011-10,2011,10,6,0,6,0,0,57.44077381347656,56.93891029272461,0.9912629394168396,36.291153615478514,42.52340861187744,1
Dez,reservoir,2011-11,2011,11,3,0,3,0,0,57.44077381347656,45.826903808166506,0.797811393644818,26.189762858581545,30.12043422821045,1
Dez,reservoir,2011-12,2011,12,4,0,4,0,0,57.44077381347656,57.15680113336182,0.9950562525317492,33.86506209448242,38.00209336096192,1
Dez,reservoir,2012-01,2012,1,4,0,4,0,0,57.44077381347656,56.60421011566162,0.9854360649713484,29.82623238891601,36.38867849676514,1
Dez,reservoir,2012-02,2012,2,3,0,3,0,0,57.44077381347656,11.544479006713868,0.2009805620690531,2.4374937994384767,4.381840213928223,1
Dez,reservoir,2012-03,2012,3,6,0,6,0,0,57.44077381347656,39.69902084344483,0.6911296315811605,17.242401073181153,25.446132256103517,1
Dez,reservoir,2012-04,2012,4,4,0,4,0,0,57.44077381347656,9.20982461279297,0.1603360122323455,1.929112729370117,3.234475914855957,1
Dez,reservoir,2012-05,2012,5,4,0,4,0,0,57.44077381347656,6.03747442944336,0.1051078185166591,0.7587141328735352,1.9246835267333984,1
Dez,reservoir,2012-06,2012,6,3,0,3,0,0,57.44077381347656,41.57075084356689,0.7237150212940499,29.05617903302002,32.77816094268799,1
Dez,reservoir,2012-07,2012,7,6,0,6,0,0,57.44077381347656,57.44077381347656,1.0,39.79756642132568,45.48976011914063,1
Dez,reservoir,2012-08,2012,8,6,0,6,0,0,57.44077381347656,57.36000719464111,0.9985939148539726,36.70311364776612,41.76386446734619,1
Dez,reservoir,2012-09,2012,9,6,0,6,0,0,57.44077381347656,49.06786358081055,0.8542340279075141,26.390242397521973,30.519592344055177,1
Dez,reservoir,2012-10,2012,10,5,0,5,0,0,57.44077381347656,49.337473754455566,0.8589277351079169,23.673101482421878,27.73820290753174,1
Dez,reservoir,2012-11,2012,11,4,0,4,0,0,57.44077381347656,57.44077381347656,1.0,27.47074263934326,32.079041915466306,1
Dez,reservoir,2012-12,2012,12,5,0,5,0,0,57.44077381347656,10.825825878173829,0.1884693599937873,2.2387801810302737,6.454049018554688,1
Dez,reservoir,2013-01,2013,1,3,0,3,0,0,57.44077381347656,0.0,0.0,,,0
Dez,reservoir,2013-02,2013,2,6,0,6,0,0,57.44077381347656,57.44077381347656,1.0,50.87662355859375,54.03899875964356,1
Dez,reservoir,2013-03,2013,3,7,0,6,1,0,57.44077381347656,57.44077381347656,1.0,53.04266248492432,55.22531020031738,1
Dez,reservoir,2013-04,2013,4,10,0,5,5,0,57.44077381347656,48.300155700866696,0.8408688200773277,43.91515582147217,47.13666354827881,1
Dez,reservoir,2013-05,2013,5,9,0,6,3,0,57.44077381347656,45.39581440649414,0.7903064564190033,43.76240185772705,44.902727218566895,1
Dez,reservoir,2013-06,2013,6,12,0,6,6,0,57.44077381347656,57.44077381347656,1.0,53.68567186907959,56.94232984173584,1
Dez,reservoir,2013-07,2013,7,11,0,5,6,0,57.44077381347656,57.44077381347656,1.0,49.58464590185547,56.03271117700195,1
Dez,reservoir,2013-08,2013,8,12,0,6,6,0,57.44077381347656,57.44077381347656,1.0,48.21366840783691,52.72360737231445,1
Dez,reservoir,2013-09,2013,9,10,0,4,6,0,57.44077381347656,57.44077381347656,1.0,42.41695884509277,46.76467939129639,1
Dez,reservoir,2013-10,2013,10,11,0,6,5,0,57.44077381347656,57.44077381347656,1.0,36.37596142254639,40.65652985687256,1
Dez,reservoir,2013-11,2013,11,6,0,2,4,0,57.44077381347656,57.44077381347656,1.0,31.682752067993164,35.785933188171384,1
Dez,reservoir,2013-12,2013,12,10,0,6,4,0,57.44077381347656,57.44077381347656,1.0,34.22232596679687,39.0559277970581,1
Dez,reservoir,2014-01,2014,1,9,0,3,6,0,57.44077381347656,57.44077381347656,1.0,41.83921690557861,45.38095021252441,1
Dez,reservoir,2014-02,2014,2,9,0,5,4,0,57.44077381347656,57.44077381347656,1.0,45.88902512670899,49.00247292181397,1
Dez,reservoir,2014-03,2014,3,10,0,4,6,0,57.44077381347656,57.42188821105957,0.9996712160863584,47.848954029907226,52.098300081604,1
Dez,reservoir,2014-04,2014,4,11,0,5,6,0,57.44077381347656,18.620907930236815,0.3241757847953651,16.896838088867188,18.341550346557614,1
Dez,reservoir,2014-05,2014,5,12,0,6,6,0,57.44077381347656,57.44077381347656,1.0,55.74527970635987,56.89474682470704,1
Dez,reservoir,2014-06,2014,6,12,0,6,6,0,57.44077381347656,57.14871502703858,0.9949154795966648,52.95524443847656,56.643493179382325,1
Dez,reservoir,2014-07,2014,7,10,0,4,6,0,57.44077381347656,57.44077381347656,1.0,53.76532523156738,56.06586375219727,1
Dez,reservoir,2014-08,2014,8,11,0,6,5,0,57.44077381347656,57.44077381347656,1.0,50.639464105773925,53.75504178668213,1
Dez,reservoir,2014-09,2014,9,12,0,6,6,0,57.44077381347656,57.44077381347656,1.0,45.64958890057373,49.5901069407959,1
Dez,reservoir,2014-10,2014,10,12,0,6,6,0,57.44077381347656,57.44077381347656,1.0,38.901093304321286,43.42480028161621,1
Dez,reservoir,2014-11,2014,11,12,0,6,6,0,57.44077381347656,57.44077381347656,1.0,36.336410467895504,44.11992237609864,1
Dez,reservoir,2014-12,2014,12,12,0,6,6,0,57.44077381347656,57.44077381347656,1.0,39.25752472113037,43.32425699291992,1
Dez,reservoir,2015-01,2015,1,8,0,5,3,0,57.44077381347656,57.0586089352417,0.993346801359678,36.37504793145752,43.52441892358399,1
Dez,reservoir,2015-02,2015,2,10,0,4,6,0,57.44077381347656,57.353908097595216,0.9984877342327696,39.66010897363281,44.042736671936034,1
Dez,reservoir,2015-03,2015,3,12,0,6,6,0,57.44077381347656,57.43548391033936,0.9999079068267016,41.35689372900391,45.74715347052002,1
Dez,reservoir,2015-04,2015,4,12,0,6,6,0,57.44077381347656,57.30328129046631,0.997606360188379,49.37022293304443,54.76608602099609,1
Dez,reservoir,2015-05,2015,5,10,0,4,6,0,57.44077381347656,35.326557510131835,0.6150083845465821,32.87365309967041,34.829721491455075,1
Dez,reservoir,2015-06,2015,6,11,0,6,5,0,57.44077381347656,57.44077381347656,1.0,55.26345783496094,56.921201155700686,1
Dez,reservoir,2015-07,2015,7,10,0,4,6,0,57.44077381347656,57.44077381347656,1.0,53.28189130499268,55.95947844793701,1
Dez,reservoir,2015-08,2015,8,12,0,6,6,0,57.44077381347656,57.44077381347656,1.0,50.65317520117188,53.63656785974121,1
Dez,reservoir,2015-09,2015,9,10,0,4,6,0,57.44077381347656,57.44077381347656,1.0,44.43443827941895,49.14398865106201,1
Dez,reservoir,2015-10,2015,10,10,0,5,5,0,57.44077381347656,57.44077381347656,1.0,38.26392249224853,43.04384749139404,1
Dez,reservoir,2015-11,2015,11,9,0,5,4,0,57.44077381347656,48.51204036828613,0.8445575703039083,33.22412248364258,37.16276775146484,1
Dez,reservoir,2015-12,2015,12,11,0,5,6,0,57.44077381347656,57.44077381347656,1.0,44.39878104992676,47.71909019183349,1
Dez,reservoir,2016-01,2016,1,12,0,6,6,0,57.44077381347656,57.44077381347656,1.0,48.42928147351074,52.38236210925293,1
Dez,reservoir,2016-02,2016,2,11,0,5,6,0,57.44077381347656,57.44077381347656,1.0,44.997691522521976,52.17350458691406,1
Dez,reservoir,2016-03,2016,3,11,0,5,6,0,57.44077381347656,57.44077381347656,1.0,50.70266428967285,53.97336752984619,1
Dez,reservoir,2016-04,2016,4,9,0,4,5,0,57.44077381347656,52.65735646704101,0.9167243574752596,49.96586082720948,51.71198649084473,1
Dez,reservoir,2016-05,2016,5,12,0,6,6,0,57.44077381347656,57.44077381347656,1.0,55.78526695935059,56.93702227593994,1
Dez,reservoir,2016-06,2016,6,8,0,2,6,0,57.44077381347656,57.44077381347656,1.0,40.68289191656494,57.01939550494384,1
Dez,reservoir,2016-07,2016,7,11,0,5,6,0,57.44077381347656,57.44077381347656,1.0,52.99492641333008,56.05914421105957,1
Dez,reservoir,2016-08,2016,8,12,0,6,6,0,57.44077381347656,57.44077381347656,1.0,50.305936838378905,53.30293679943848,1
Dez,reservoir,2016-09,2016,9,9,0,5,4,0,57.44077381347656,57.44077381347656,1.0,45.36327373352051,49.2117491751709,1
Dez,reservoir,2016-10,2016,10,11,0,5,6,0,57.44077381347656,57.44077381347656,1.0,38.4977202744751,43.07584605749512,1
Dez,reservoir,2016-11,2016,11,12,0,6,6,0,57.44077381347656,57.44077381347656,1.0,31.86837040496826,37.68396508679199,1
Dez,reservoir,2016-12,2016,12,9,0,5,4,0,57.44077381347656,57.44077381347656,1.0,34.10241206848144,39.3293503369751,1
Dez,reservoir,2017-01,2017,1,11,0,6,5,0,57.44077381347656,57.44077381347656,1.0,40.06701186358642,44.61961070715332,1
Dez,reservoir,2017-02,2017,2,8,0,4,4,0,57.44077381347656,53.02852278179932,0.9231860795259332,37.21386426470947,41.28972156994629,1
Dez,reservoir,2017-03,2017,3,10,0,4,6,0,57.44077381347656,57.44077381347656,1.0,40.00033949377441,44.94274433074951,1
Dez,reservoir,2017-04,2017,4,12,0,6,6,0,57.44077381347656,47.94032559863281,0.834604452828336,38.28111748052979,46.02757419763184,1
Dez,reservoir,2017-05,2017,5,12,0,6,6,0,57.44077381347656,55.60960019787598,0.9681206659654896,49.738167473632814,54.82501127801514,1
Dez,reservoir,2017-06,2017,6,12,0,6,6,0,57.44077381347656,57.44077381347656,1.0,55.41078841650391,56.74755489477539,1
Dez,reservoir,2017-07,2017,7,10,0,6,4,0,57.44077381347656,57.44077381347656,1.0,50.94823864019775,54.93621839239502,1
Dez,reservoir,2017-08,2017,8,10,0,4,6,0,57.44077381347656,57.44077381347656,1.0,46.958004544067386,51.046655988220216,1
Dez,reservoir,2017-09,2017,9,12,0,6,6,0,57.44077381347656,57.44077381347656,1.0,39.561395375854495,43.866804688293456,1
Dez,reservoir,2017-10,2017,10,12,0,6,6,0,57.44077381347656,57.43699534863281,0.9999342198129848,32.06365173797607,37.0580098984375,1
Dez,reservoir,2017-11,2017,11,10,0,6,4,0,57.44077381347656,57.44077381347656,1.0,28.143530036499023,33.66154987866211,1
Dez,reservoir,2017-12,2017,12,12,0,6,6,0,57.44077381347656,51.0939957767334,0.8895074419200443,20.31036487231445,26.65748432507324,1
Dez,reservoir,2018-01,2018,1,10,0,4,6,0,57.44077381347656,57.44077381347656,1.0,27.382921401672363,32.10481507318115,1
Dez,reservoir,2018-02,2018,2,9,0,5,4,0,57.44077381347656,47.50789929693604,0.8270762411941932,21.5155370378418,25.122258228149413,1
Dez,reservoir,2018-03,2018,3,12,0,6,6,0,57.44077381347656,57.44001823620606,0.9999868459768152,36.67990755456543,41.41620157495117,1
Dez,reservoir,2018-04,2018,4,10,0,4,6,0,57.44077381347656,53.05539000958252,0.9236538174409976,34.669630608276364,40.28868063531494,1
Dez,reservoir,2018-05,2018,5,8,0,4,4,0,57.44077381347656,45.55624817419434,0.793099485778621,35.83672824395752,39.920074685180666,1
Dez,reservoir,2018-06,2018,6,11,0,5,6,0,57.44077381347656,57.44077381347656,1.0,48.89084281695557,52.902542624267575,1
Dez,reservoir,2018-07,2018,7,12,0,6,6,0,57.44077381347656,57.44077381347656,1.0,48.06861844824219,52.00986242675781,1
Dez,reservoir,2018-08,2018,8,12,0,6,6,0,57.44077381347656,57.44077381347656,1.0,44.48648273345948,48.669483965515134,1
Dez,reservoir,2018-09,2018,9,12,0,6,6,0,57.44077381347656,57.44077381347656,1.0,39.02667210723877,43.33661738537597,1
Dez,reservoir,2018-10,2018,10,12,0,6,6,0,57.44077381347656,57.44077381347656,1.0,33.00664883947754,37.59999963989258,1
Dez,reservoir,2018-11,2018,11,5,0,2,3,0,57.44077381347656,34.59509910095215,0.6022742523157925,23.437049516052245,27.19193338421631,1
Dez,reservoir,2018-12,2018,12,12,0,6,6,0,57.44077381347656,56.44290752081299,0.982627909994669,44.90928253588867,50.4456072345581,1
Dez,reservoir,2019-01,2019,1,8,0,4,4,0,57.44077381347656,57.38564320831299,0.9990402182717352,43.85211426483154,54.59379362664795,1
Dez,reservoir,2019-02,2019,2,12,0,6,6,0,57.44077381347656,57.44077381347656,1.0,51.49409764849854,54.65216436151123,1
Dez,reservoir,2019-03,2019,3,9,0,5,4,0,57.44077381347656,57.44077381347656,1.0,50.4039227130127,53.16681682562256,1
Dez,reservoir,2019-04,2019,4,8,0,4,4,0,57.44077381347656,57.44077381347656,1.0,54.779252965026856,56.33974675152588,1
Dez,reservoir,2019-05,2019,5,12,0,6,6,0,57.44077381347656,57.41359677307129,0.999526868483814,54.4233629607544,56.77630384698487,1
Dez,reservoir,2019-06,2019,6,12,0,6,6,0,57.44077381347656,57.44077381347656,1.0,56.07757451916504,56.99972590856934,1
Dez,reservoir,2019-07,2019,7,12,0,6,6,0,57.44077381347656,57.44077381347656,1.0,55.87592316265869,56.95974239984131,1
Dez,reservoir,2019-08,2019,8,11,0,5,6,0,57.44077381347656,57.44077381347656,1.0,53.558714444458005,55.42038128735352,1
Dez,reservoir,2019-09,2019,9,9,0,4,5,0,57.44077381347656,57.44077381347656,1.0,49.820471914733886,52.627163969055175,1
Dez,reservoir,2019-10,2019,10,11,0,5,6,0,57.44077381347656,57.44077381347656,1.0,43.92567565771484,47.93637098748779,1
Dez,reservoir,2019-11,2019,11,12,0,6,6,0,57.44077381347656,57.44077381347656,1.0,37.51641263568115,41.98037776312256,1
Dez,reservoir,2019-12,2019,12,10,0,6,4,0,57.44077381347656,57.44077381347656,1.0,36.2771592913208,47.30081102099609,1
Dez,reservoir,2020-01,2020,1,10,0,4,6,0,57.44077381347656,57.43850592938232,0.999960517870083,37.55588332910156,43.59299592266846,1
Dez,reservoir,2020-02,2020,2,9,0,5,4,0,57.44077381347656,57.44077381347656,1.0,39.83514680743408,44.27671539892578,1
Dez,reservoir,2020-03,2020,3,10,0,6,4,0,57.44077381347656,57.44077381347656,1.0,50.00799880786133,53.1893579208374,1
Dez,reservoir,2020-04,2020,4,12,0,6,6,0,57.44077381347656,56.026412227478026,0.975377045048326,49.18970261175537,52.48359887457276,1
Dez,reservoir,2020-05,2020,5,12,0,6,6,0,57.44077381347656,57.44077381347656,1.0,54.80515415246582,56.37537419299316,1
Dez,reservoir,2020-06,2020,6,12,0,6,6,0,57.44077381347656,57.44077381347656,1.0,55.14276044134522,56.46219729052734,1
Dez,reservoir,2020-07,2020,7,10,0,4,6,0,57.44077381347656,57.44077381347656,1.0,53.27090573522949,55.2413913359375,1
Dez,reservoir,2020-08,2020,8,11,0,6,5,0,57.44077381347656,57.44077381347656,1.0,50.48199229034424,53.03639273876953,1
Dez,reservoir,2020-09,2020,9,12,0,6,6,0,57.44077381347656,57.44077381347656,1.0,44.81077252154541,48.55338577514649,1
Dez,reservoir,2020-10,2020,10,12,0,6,6,0,57.44077381347656,57.44077381347656,1.0,36.72819754003906,41.10167974072266,1
Dez,reservoir,2020-11,2020,11,3,0,3,0,0,57.44077381347656,35.659242595031735,0.6208001777766002,20.699876092407223,24.934723648376465,1
Dez,reservoir,2020-12,2020,12,11,0,6,5,0,57.44077381347656,57.44077381347656,1.0,41.01210413024902,44.713242609375,1
Dez,reservoir,2021-01,2021,1,9,0,5,4,0,57.44077381347656,57.43473164825439,0.9998948105183648,38.97956496575928,43.63476769989013,1
Dez,reservoir,2021-02,2021,2,10,0,5,5,0,57.44077381347656,57.44077381347656,1.0,39.47508175708008,44.08890081469727,1
Dez,reservoir,2021-03,2021,3,11,0,6,5,0,57.44077381347656,57.44077381347656,1.0,43.0203875234375,46.72154668713379,1
Dez,reservoir,2021-04,2021,4,12,0,6,6,0,57.44077381347656,56.78490902471924,0.9885818949638968,42.90238639453125,46.68288267541504,1
Dez,reservoir,2021-05,2021,5,10,0,4,6,0,57.44077381347656,57.44077381347656,1.0,43.48261285192872,47.72166970611572,1
Dez,reservoir,2021-06,2021,6,11,0,6,5,0,57.44077381347656,57.44077381347656,1.0,43.71452091809082,47.50712643676758,1
Dez,reservoir,2021-07,2021,7,12,0,6,6,0,57.44077381347656,57.44077381347656,1.0,40.99942575665283,45.1545821461792,1
Dez,reservoir,2021-08,2021,8,12,0,6,6,0,57.44077381347656,57.44077381347656,1.0,34.864127719665525,39.189902087524416,1
Dez,reservoir,2021-09,2021,9,12,0,6,6,0,57.44077381347656,57.44077381347656,1.0,31.110966402709963,35.48601183947754,1
Dez,reservoir,2021-10,2021,10,12,0,6,6,0,57.44077381347656,57.44077381347656,1.0,28.38988142614746,33.22786988128662,1
Dez,reservoir,2021-11,2021,11,9,0,5,4,0,57.44077381347656,57.44077381347656,1.0,28.384261949035643,33.116555876586915,1
Dez,reservoir,2021-12,2021,12,16,0,6,5,5,57.44077381347656,57.44077381347656,1.0,32.557079758239745,38.28500075115967,1
Dez,reservoir,2022-01,2022,1,11,0,2,6,3,57.44077381347656,57.4377539767456,0.9999474269490038,39.68406538293457,43.56656702471924,1
Dez,reservoir,2022-02,2022,2,15,0,5,5,5,57.44077381347656,57.44077381347656,1.0,43.45625476660156,47.65674504827881,1
Dez,reservoir,2022-03,2022,3,12,0,4,6,2,57.44077381347656,51.7744234432373,0.90135316789709,38.877411330078125,47.35824040533447,1
Dez,reservoir,2022-04,2022,4,13,0,2,5,6,57.44077381347656,34.53148987774658,0.6011668643232121,17.65110908673096,30.37724892773437,1
Dez,reservoir,2022-05,2022,5,15,0,3,6,6,57.44077381347656,57.44077381347656,1.0,46.09345295153808,53.897953636291504,1
Dez,reservoir,2022-06,2022,6,18,0,6,6,6,57.44077381347656,57.44077381347656,1.0,50.92580595788574,53.84582617730713,1
Dez,reservoir,2022-07,2022,7,18,0,6,6,6,57.44077381347656,57.44077381347656,1.0,47.22497135986328,52.76541544445801,1
Dez,reservoir,2022-08,2022,8,18,0,6,6,6,57.44077381347656,57.44077381347656,1.0,45.48078816394043,49.47724292071533,1
Dez,reservoir,2022-09,2022,9,14,0,5,4,5,57.44077381347656,57.44077381347656,1.0,39.76113656378174,43.68061756121826,1
Dez,reservoir,2022-10,2022,10,16,0,4,6,6,57.44077381347656,57.44077381347656,1.0,34.69876856848145,39.031417172668455,1
Dez,reservoir,2022-11,2022,11,17,0,5,6,6,57.44077381347656,55.92696394604492,0.9736457264251466,28.839932781433102,36.60374348846435,1
Dez,reservoir,2022-12,2022,12,15,0,3,6,6,57.44077381347656,57.44077381347656,1.0,33.1626811918335,37.43356883514405,1
Dez,reservoir,2023-01,2023,1,11,0,1,6,4,57.44077381347656,57.44077381347656,1.0,37.91094177624512,42.728457953063966,1
Dez,reservoir,2023-02,2023,2,11,0,4,5,2,57.44077381347656,57.44077381347656,1.0,47.31916041534424,51.72743673071289,1
Dez,reservoir,2023-03,2023,3,15,0,4,6,5,57.44077381347656,57.44077381347656,1.0,48.68433934167481,52.887746698425296,1
Dez,reservoir,2023-04,2023,4,16,0,4,6,6,57.44077381347656,57.44077381347656,1.0,55.38056054107666,56.47345084564209,1
Dez,reservoir,2023-05,2023,5,15,0,3,6,6,57.44077381347656,57.44077381347656,1.0,55.94175229577637,56.970346010986326,1
Dez,reservoir,2023-06,2023,6,16,0,6,4,6,57.44077381347656,57.44077381347656,1.0,55.671327102600095,56.79513017633057,1
Dez,reservoir,2023-07,2023,7,15,0,4,6,5,57.44077381347656,57.44077381347656,1.0,53.73748841558838,55.54334620080567,1
Dez,reservoir,2023-08,2023,8,16,0,4,6,6,57.44077381347656,57.44077381347656,1.0,50.11174760681153,53.16626626037598,1
Dez,reservoir,2023-09,2023,9,15,0,3,6,6,57.44077381347656,57.44077381347656,1.0,44.45441394152832,48.28467482873536,1
Dez,reservoir,2023-10,2023,10,15,0,3,6,6,57.44077381347656,57.44077381347656,1.0,35.33683825543213,40.20738237280273,1
Dez,reservoir,2023-11,2023,11,16,0,4,6,6,57.44077381347656,57.44077381347656,1.0,32.66417855517578,38.28931094750977,1
Dez,reservoir,2023-12,2023,12,9,0,0,6,3,57.44077381347656,57.44077381347656,1.0,25.918055500976564,38.21412343463135,1
Dez,reservoir,2024-01,2024,1,10,0,0,5,5,57.44077381347656,57.44077381347656,1.0,32.83163560546875,37.200277357543946,1
Dez,reservoir,2024-02,2024,2,9,0,0,5,4,57.44077381347656,57.44077381347656,1.0,38.52460865881348,42.234938158569335,1
Dez,reservoir,2024-03,2024,3,12,0,0,6,6,57.44077381347656,57.44077381347656,1.0,48.443703247680666,51.43261400543213,1
Dez,reservoir,2024-04,2024,4,12,0,0,6,6,57.44077381347656,57.44077381347656,1.0,55.58756382281494,56.657008072998046,1
Dez,reservoir,2024-05,2024,5,10,0,0,4,6,57.44077381347656,57.44077381347656,1.0,56.06702910180664,56.92573722869873,1
Dez,reservoir,2024-06,2024,6,11,0,0,6,5,57.44077381347656,57.44077381347656,1.0,55.8948664586792,56.85929222424316,1
Dez,reservoir,2024-07,2024,7,12,0,0,6,6,57.44077381347656,57.44077381347656,1.0,54.08848868554688,55.93828689715576,1
Dez,reservoir,2024-08,2024,8,12,0,0,6,6,57.44077381347656,57.44077381347656,1.0,51.30361632781983,53.83009975201416,1
Dez,reservoir,2024-09,2024,9,12,0,0,6,6,57.44077381347656,57.44077381347656,1.0,45.9300454967041,49.84346772509765,1
Dez,reservoir,2024-10,2024,10,11,0,0,6,5,57.44077381347656,57.44077381347656,1.0,37.243613667053225,41.61548119506836,1
Dez,reservoir,2024-11,2024,11,9,0,0,5,4,57.44077381347656,57.44077381347656,1.0,32.751271507385255,36.827182455810544,1
Dez,reservoir,2024-12,2024,12,12,0,0,6,6,57.44077381347656,57.44077381347656,1.0,33.836688842895505,37.60895704168701,1
Dez,reservoir,2025-01,2025,1,10,0,0,4,6,57.44077381347656,57.44077381347656,1.0,33.006477684143064,36.90791379034424,1
Dez,reservoir,2025-02,2025,2,12,0,0,6,6,57.44077381347656,57.44077381347656,1.0,31.623052435791017,35.671998552856444,1
Dez,reservoir,2025-03,2025,3,7,0,0,3,4,57.44077381347656,57.38635531103515,0.9990526154362384,40.52993138262939,44.18672581097413,1
Dez,reservoir,2025-04,2025,4,11,0,0,6,5,57.44077381347656,57.44077381347656,1.0,50.14267662609864,53.21673792358399,1
Dez,reservoir,2025-05,2025,5,12,0,0,6,6,57.44077381347656,57.44077381347656,1.0,50.49777157263184,55.01710668798828,1
Dez,reservoir,2025-06,2025,6,12,0,0,6,6,57.44077381347656,57.44077381347656,1.0,50.56786129943848,54.42964126141357,1
Dez,reservoir,2025-07,2025,7,12,0,0,6,6,57.44077381347656,57.44077381347656,1.0,48.67004686755371,52.414876563842775,1
Dez,reservoir,2025-08,2025,8,12,0,0,6,6,57.44077381347656,57.44077381347656,1.0,45.47663070776368,49.84793118890381,1
Dez,reservoir,2025-09,2025,9,9,0,0,5,4,57.44077381347656,57.44077381347656,1.0,40.72784070892334,44.60281007513428,1
Dez,reservoir,2025-10,2025,10,10,0,0,6,4,57.44077381347656,57.44077381347656,1.0,35.66397408831787,39.89928246392822,1
Dez,reservoir,2025-11,2025,11,12,0,0,6,6,57.44077381347656,57.44077381347656,1.0,30.017597912536623,35.25142040667725,1
Dez,reservoir,2025-12,2025,12,11,0,0,6,5,57.44077381347656,57.44077381347656,1.0,30.94105416790772,35.48464869140625,1
Dez,reservoir,2026-01,2026,1,11,0,0,6,5,57.44077381347656,57.39696267510986,0.9992372815430904,32.009017592834475,36.52477101727295,1
Dez,reservoir,2026-02,2026,2,7,0,0,4,3,57.44077381347656,57.44077381347656,1.0,39.16858502349854,45.53492005340576,1
Dez,reservoir,2026-03,2026,3,11,0,0,5,6,57.44077381347656,57.44077381347656,1.0,42.77869693304444,46.48518064538574,1
Dez,reservoir,2026-04,2026,4,10,0,0,5,5,57.44077381347656,57.44077381347656,1.0,53.01061151000977,56.03402555004883,1
Dez,reservoir,2026-05,2026,5,12,0,0,6,6,57.44077381347656,53.10546467315674,0.9245255790878172,50.55941446844482,52.54360225933838,1
Dez,reservoir,2026-06,2026,6,10,0,0,6,4,57.44077381347656,57.44077381347656,1.0,55.82310025506592,56.80946222235107,1
Doroudzan,reservoir,1991-01,1991,1,1,1,0,0,0,54.59599335778809,49.86611033502197,0.913365748439278,36.72145321258545,46.72781208276367,1
Doroudzan,reservoir,1991-02,1991,2,1,1,0,0,0,54.59599335778809,0.0,0.0,,,0
Doroudzan,reservoir,1991-03,1991,3,1,1,0,0,0,54.59599335778809,50.15775931549072,0.9187076968595124,47.020510649414064,47.89689211395264,1
Doroudzan,reservoir,1991-04,1991,4,2,2,0,0,0,54.59599335778809,54.59056845367432,0.99990063549026,54.22493624108887,54.40079338024902,1
Doroudzan,reservoir,1991-05,1991,5,2,2,0,0,0,54.59599335778809,54.59444345941162,0.9999716114996514,52.059090742736814,53.63903829205322,1
Doroudzan,reservoir,1991-06,1991,6,2,2,0,0,0,54.59599335778809,54.58746636743164,0.9998438165544388,50.00278142608643,51.809067060180666,1
Doroudzan,reservoir,1991-07,1991,7,2,2,0,0,0,54.59599335778809,54.59599335778809,1.0,45.03073523602295,49.209876698364255,1
Doroudzan,reservoir,1991-08,1991,8,2,2,0,0,0,54.59599335778809,54.59521841375732,0.9999858058442918,40.28742515368652,43.3482597666626,1
Doroudzan,reservoir,1991-09,1991,9,1,1,0,0,0,54.59599335778809,54.55646232775879,0.9992759353278868,35.33298338897705,40.31105957952881,1
Doroudzan,reservoir,1991-10,1991,10,2,2,0,0,0,54.59599335778809,54.59134307305908,0.9999148236996342,36.08641236016846,37.497616913940426,1
Doroudzan,reservoir,1991-11,1991,11,1,1,0,0,0,54.59599335778809,54.58824495874023,0.9998580775150095,36.618844400024415,38.10054552844238,1
Doroudzan,reservoir,1991-12,1991,12,2,2,0,0,0,54.59599335778809,53.74514320477295,0.9844155202481764,35.58272009552002,38.77117387475586,1
Doroudzan,reservoir,1992-01,1992,1,1,1,0,0,0,54.59599335778809,49.4552041484375,0.9058394418128624,45.289460808288574,49.362973840698245,1
Doroudzan,reservoir,1992-02,1992,2,2,2,0,0,0,54.59599335778809,54.08231360821533,0.9905912555486184,52.22822084289551,52.98837676647949,1
Doroudzan,reservoir,1992-03,1992,3,2,2,0,0,0,54.59599335778809,54.01890882751465,0.98942991060733,53.88257942858887,53.97088567010498,1
Doroudzan,reservoir,1992-04,1992,4,1,1,0,0,0,54.59599335778809,26.55741528076172,0.4864352427241498,26.549665869506835,26.554315512939453,1
Doroudzan,reservoir,1992-05,1992,5,2,2,0,0,0,54.59599335778809,54.59599335778809,1.0,54.449584838500975,54.57740119226074,1
Doroudzan,reservoir,1992-06,1992,6,2,2,0,0,0,54.59599335778809,54.59289367327881,0.9999432250551984,53.74599000323487,54.36044761224365,1
Doroudzan,reservoir,1992-07,1992,7,2,2,0,0,0,54.59599335778809,54.59599335778809,1.0,51.322258917236326,53.33132808178711,1
Doroudzan,reservoir,1992-08,1992,8,2,2,0,0,0,54.59599335778809,54.589017882995606,0.9998722346757798,47.97948753735351,50.79287057440185,1
Doroudzan,reservoir,1992-09,1992,9,1,1,0,0,0,54.59599335778809,39.60989810198975,0.7255092483144538,31.93078555377197,35.20726800402832,1
Doroudzan,reservoir,1992-10,1992,10,2,2,0,0,0,54.59599335778809,54.59289287182617,0.9999432103755014,44.18003355792237,45.86466277075196,1
Doroudzan,reservoir,1992-11,1992,11,2,2,0,0,0,54.59599335778809,54.59134449963379,0.9999148498292936,45.59746329638672,47.41295351983643,1
Doroudzan,reservoir,1992-12,1992,12,1,1,0,0,0,54.59599335778809,0.1487668542480468,0.002724867615708,0.1487668542480468,0.1487668542480468,1
Doroudzan,reservoir,1993-01,1993,1,1,1,0,0,0,54.59599335778809,17.030257728515625,0.3119323723429655,16.913235882751465,17.030257728515625,1
Doroudzan,reservoir,1993-02,1993,2,2,2,0,0,0,54.59599335778809,50.052616903015135,0.9167818703288628,49.99141189025879,50.052616903015135,1
Doroudzan,reservoir,1993-03,1993,3,2,2,0,0,0,54.59599335778809,44.10322193780517,0.807810596077631,44.08772651281738,44.10322193780517,1
Doroudzan,reservoir,1993-04,1993,4,2,2,0,0,0,54.59599335778809,45.10424737762451,0.8261457408062787,44.89278162127685,45.08100735015869,1
Doroudzan,reservoir,1993-05,1993,5,2,2,0,0,0,54.59599335778809,54.58746922973633,0.999843868981449,53.91974868322754,54.3589637911377,1
Doroudzan,reservoir,1993-06,1993,6,2,2,0,0,0,54.59599335778809,54.59599335778809,1.0,53.09062592340088,53.86080067089844,1
Doroudzan,reservoir,1993-07,1993,7,1,1,0,0,0,54.59599335778809,54.5797209019165,0.9997019478010968,51.341068185241696,53.000713096618654,1
Doroudzan,reservoir,1993-08,1993,8,2,2,0,0,0,54.59599335778809,54.59289374200439,0.999943226314001,49.39690615478516,51.2890667868042,1
Doroudzan,reservoir,1993-09,1993,9,0,0,0,0,0,54.59599335778809,0.0,0.0,,,0
Doroudzan,reservoir,1993-10,1993,10,2,2,0,0,0,54.59599335778809,54.589793482543946,0.9998864408381856,45.26345654486084,46.59945088549805,1
Doroudzan,reservoir,1993-11,1993,11,1,1,0,0,0,54.59599335778809,0.0,0.0,,,0
Doroudzan,reservoir,1993-12,1993,12,2,2,0,0,0,54.59599335778809,54.43948902667236,0.997133409953912,44.0089239631958,45.46654219494629,1
Doroudzan,reservoir,1994-01,1994,1,2,2,0,0,0,54.59599335778809,54.024941158081056,0.9895404009601086,43.71293398046875,44.862945781860354,1
Doroudzan,reservoir,1994-02,1994,2,2,2,0,0,0,54.59599335778809,54.58669347747803,0.9998296600219524,45.90128003070068,47.01489081512451,1
Doroudzan,reservoir,1994-03,1994,3,1,1,0,0,0,54.59599335778809,54.583591715637205,0.9997728470279932,47.69909314764404,48.68405397180176,1
Doroudzan,reservoir,1994-04,1994,4,2,2,0,0,0,54.59599335778809,54.58669287817383,0.9998296490448794,48.707303023132326,49.60235320495605,1
Doroudzan,reservoir,1994-05,1994,5,1,1,0,0,0,54.59599335778809,54.59599335778809,1.0,45.99414691314697,48.67740200811768,1
Doroudzan,reservoir,1994-06,1994,6,2,2,0,0,0,54.59599335778809,54.56886141229248,0.9995030414536502,43.348034359375,47.16341913690186,1
Doroudzan,reservoir,1994-07,1994,7,1,1,0,0,0,54.59599335778809,54.55104038330078,0.9991766250282742,41.987555870788576,46.560109387390135,1
Doroudzan,reservoir,1994-08,1994,8,2,2,0,0,0,54.59599335778809,54.59599335778809,1.0,34.32559099456787,37.0557163258667,1
Doroudzan,reservoir,1994-09,1994,9,2,2,0,0,0,54.59599335778809,54.50220309985352,0.9982821036459594,30.560427580810547,35.76630830010986,1
Doroudzan,reservoir,1994-10,1994,10,2,2,0,0,0,54.59599335778809,54.58669242211914,0.9998296406916164,27.40148981488037,31.051359413085937,1
Doroudzan,reservoir,1994-11,1994,11,0,0,0,0,0,54.59599335778809,0.0,0.0,,,0
Doroudzan,reservoir,1994-12,1994,12,2,2,0,0,0,54.59599335778809,54.43873010571289,0.9971195092825844,39.76983182623291,42.20944583972168,1
Doroudzan,reservoir,1995-01,1995,1,2,2,0,0,0,54.59599335778809,54.56268269573975,0.9993898698420954,45.93067023553467,47.70367175238037,1
Doroudzan,reservoir,1995-02,1995,2,2,2,0,0,0,54.59599335778809,54.49452139001465,0.998141402664689,54.16609303552246,54.308621731140136,1
Doroudzan,reservoir,1995-03,1995,3,1,1,0,0,0,54.59599335778809,4.20520149383545,0.0770239945315617,3.9395249083862303,4.071202104980468,1
Doroudzan,reservoir,1995-04,1995,4,2,2,0,0,0,54.59599335778809,54.59599335778809,1.0,54.14439867584228,54.29390354144287,1
Doroudzan,reservoir,1995-05,1995,5,1,1,0,0,0,54.59599335778809,54.58979357458496,0.999886442524042,53.70355143682861,54.10488945922852,1
Doroudzan,reservoir,1995-06,1995,6,2,2,0,0,0,54.59599335778809,54.5928925055542,0.9999432036667312,51.94365598980713,53.22607512817383,1
Doroudzan,reservoir,1995-07,1995,7,2,2,0,0,0,54.59599335778809,54.577392706848144,0.999659303736484,48.99572066516113,51.03449250549316,1
Doroudzan,reservoir,1995-08,1995,8,2,2,0,0,0,54.59599335778809,54.59521841790772,0.9999858059203118,42.22711347174072,44.42483598962402,1
Doroudzan,reservoir,1995-09,1995,9,1,1,0,0,0,54.59599335778809,54.29840666864013,0.9945492943557642,37.48136285888672,39.45505609918213,1
Doroudzan,reservoir,1995-10,1995,10,2,2,0,0,0,54.59599335778809,54.59599335778809,1.0,35.416058551757814,37.29371857159424,1
Doroudzan,reservoir,1995-11,1995,11,1,1,0,0,0,54.59599335778809,53.9527382265625,0.9882179058999788,36.74675987310791,38.91102545758056,1
Doroudzan,reservoir,1995-12,1995,12,1,1,0,0,0,54.59599335778809,52.92829747033692,0.9694538777502932,37.45349390838623,40.761225049560544,1
Doroudzan,reservoir,1996-01,1996,1,0,0,0,0,0,54.59599335778809,0.0,0.0,,,0
Doroudzan,reservoir,1996-02,1996,2,1,1,0,0,0,54.59599335778809,53.97072134075928,0.9885472911367108,46.48401625238037,47.80292332165527,1
Doroudzan,reservoir,1996-03,1996,3,2,2,0,0,0,54.59599335778809,54.50536085772705,0.9983399422835464,54.077004734069824,54.20636963903809,1
Doroudzan,reservoir,1996-04,1996,4,1,1,0,0,0,54.59599335778809,53.928510747436526,0.9877741466122376,53.66824354406738,53.80070349285889,1
Doroudzan,reservoir,1996-05,1996,5,2,2,0,0,0,54.59599335778809,0.2718795888671875,0.0049798450792067,0.1130949202270507,0.1719612706298828,1
Doroudzan,reservoir,1996-06,1996,6,2,2,0,0,0,54.59599335778809,54.592892771850586,0.9999432085443124,52.38226021166992,53.636775360595706,1
Doroudzan,reservoir,1996-07,1996,7,1,1,0,0,0,54.59599335778809,54.53863923083496,0.9989494810255164,46.50872807232666,48.28469823504639,1
Doroudzan,reservoir,1996-08,1996,8,2,2,0,0,0,54.59599335778809,54.59211850219727,0.9999290267407458,43.22218997747802,46.07837237628174,1
Doroudzan,reservoir,1996-09,1996,9,2,2,0,0,0,54.59599335778809,54.585143641418455,0.9998012726630224,37.854076522766114,41.68736874102783,1
Doroudzan,reservoir,1996-10,1996,10,2,2,0,0,0,54.59599335778809,54.59521829711914,0.9999858037079046,36.55686443591309,39.10701294500733,1
Doroudzan,reservoir,1996-11,1996,11,2,2,0,0,0,54.59599335778809,54.59056995355225,0.9999006629625676,38.15878970550537,39.55061391613769,1
Doroudzan,reservoir,1996-12,1996,12,1,1,0,0,0,54.59599335778809,27.166257778930664,0.4975870225659226,16.180971618286133,20.2805329385376,1
Doroudzan,reservoir,1997-01,1997,1,1,1,0,0,0,54.59599335778809,0.0,0.0,,,0
Doroudzan,reservoir,1997-02,1997,2,1,1,0,0,0,54.59599335778809,53.82718282232666,0.985918187614554,38.65782622070312,39.90162683709717,1
Doroudzan,reservoir,1997-03,1997,3,2,2,0,0,0,54.59599335778809,0.3680369686279297,0.0067410984944635,0.0,0.2370927041015625,1
Doroudzan,reservoir,1997-04,1997,4,2,2,0,0,0,54.59599335778809,51.82494014257812,0.9492443850769376,44.97914998419189,46.78758980627441,1
Doroudzan,reservoir,1997-05,1997,5,2,2,0,0,0,54.59599335778809,48.77680318707275,0.8934136039511179,41.19079116723633,43.32780364361573,1
Doroudzan,reservoir,1997-06,1997,6,2,2,0,0,0,54.59599335778809,54.58359252532959,0.9997728618586124,45.01010752270508,47.94602876489258,1
Doroudzan,reservoir,1997-07,1997,7,2,2,0,0,0,54.59599335778809,54.33169545092773,0.9951590237560416,40.99392040325928,45.40261343811035,1
Doroudzan,reservoir,1997-08,1997,8,2,2,0,0,0,54.59599335778809,54.58514148510742,0.999801233167248,35.91819983758545,38.72106583105469,1
Doroudzan,reservoir,1997-09,1997,9,2,2,0,0,0,54.59599335778809,54.471212117370605,0.99771446157963,32.54225697930908,36.4700212062378,1
Doroudzan,reservoir,1997-10,1997,10,2,2,0,0,0,54.59599335778809,54.18987158251953,0.9925613263851234,30.905531950256343,33.245830049560546,1
Doroudzan,reservoir,1997-11,1997,11,1,1,0,0,0,54.59599335778809,48.25419751599121,0.8838413690866158,26.38060496020508,27.57707409991455,1
Doroudzan,reservoir,1997-12,1997,12,2,2,0,0,0,54.59599335778809,54.58050005328369,0.9997162190199038,34.04122841845703,35.387372340942385,1
Doroudzan,reservoir,1998-01,1998,1,2,2,0,0,0,54.59599335778809,51.19126986749268,0.9376378506755436,36.05835515826416,37.43312537408448,1
Doroudzan,reservoir,1998-02,1998,2,2,2,0,0,0,54.59599335778809,54.59599335778809,1.0,45.21643120599365,50.44298644964599,1
Doroudzan,reservoir,1998-03,1998,3,1,1,0,0,0,54.59599335778809,1.8699855892333983,0.0342513337376001,1.4571276723022462,1.7855538554077148,1
Doroudzan,reservoir,1998-04,1998,4,2,2,0,0,0,54.59599335778809,54.593668542297365,0.9999574178369558,54.20016591760254,54.455790573181154,1
Doroudzan,reservoir,1998-05,1998,5,1,1,0,0,0,54.59599335778809,2.471868604492188,0.0452756411682649,1.8095950455322265,2.221681855895996,1
Doroudzan,reservoir,1998-06,1998,6,2,2,0,0,0,54.59599335778809,54.57274097369385,0.9995741009062358,50.143515699646,51.86525609173584,1
Doroudzan,reservoir,1998-07,1998,7,2,2,0,0,0,54.59599335778809,54.59444290979004,0.9999716014325832,45.58797208508301,47.95051686853027,1
Doroudzan,reservoir,1998-08,1998,8,2,2,0,0,0,54.59599335778809,54.5928924140625,0.999943201990936,40.284376131347656,42.92371571911621,1
Doroudzan,reservoir,1998-09,1998,9,1,1,0,0,0,54.59599335778809,52.51131461462403,0.9618162686499286,34.87737843371582,38.2781669866333,1
Doroudzan,reservoir,1998-10,1998,10,2,2,0,0,0,54.59599335778809,54.5711915736084,0.999545721532766,34.08776450360107,36.57290234130859,1
Doroudzan,reservoir,1998-11,1998,11,2,2,0,0,0,54.59599335778809,54.58049105908203,0.9997160542788468,35.2510927913208,37.588246196533206,1
Doroudzan,reservoir,1998-12,1998,12,2,2,0,0,0,54.59599335778809,54.55802387634277,0.9993045372176584,34.642702500915526,36.7017025335083,1
Doroudzan,reservoir,1999-01,1999,1,2,2,0,0,0,54.59599335778809,53.34057546551514,0.9770053109200574,35.41304255773926,38.56591783709717,1
Doroudzan,reservoir,1999-02,1999,2,2,2,0,0,0,54.59599335778809,52.50625449621582,0.9617235856873704,37.18463187573242,39.44562157208252,1
Doroudzan,reservoir,1999-03,1999,3,2,2,0,0,0,54.59599335778809,54.38981938769531,0.9962236428460668,48.60642722039795,49.70367556323242,1
Doroudzan,reservoir,1999-04,1999,4,2,2,0,0,0,54.59599335778809,54.58592062042237,0.9998155040920363,53.99642543829346,54.21334155853271,1
Doroudzan,reservoir,1999-05,1999,5,0,0,0,0,0,54.59599335778809,0.0,0.0,,,0
Doroudzan,reservoir,1999-06,1999,6,1,1,0,0,0,54.59599335778809,43.79651331677246,0.802192809823194,39.1206115657959,40.54409384460449,1
Doroudzan,reservoir,1999-07,1999,7,1,1,0,0,0,54.59599335778809,54.42779157617188,0.996919155211374,44.60982923736572,47.99265402526856,1
Doroudzan,reservoir,1999-08,1999,8,3,2,1,0,0,54.59599335778809,54.59599335778809,1.0,38.2865558624878,41.19861521905518,1
Doroudzan,reservoir,1999-09,1999,9,2,2,0,0,0,54.59599335778809,54.53243056457519,0.998835760844274,34.64789724658203,39.95795022686767,1
Doroudzan,reservoir,1999-10,1999,10,3,2,1,0,0,54.59599335778809,54.568867955078126,0.9995031612936832,30.793203663269043,33.08314060675049,1
Doroudzan,reservoir,1999-11,1999,11,3,2,1,0,0,54.59599335778809,54.59521841790772,0.9999858059203118,32.52852131494141,33.95909443511963,1
Doroudzan,reservoir,1999-12,1999,12,2,2,0,0,0,54.59599335778809,54.04350483239746,0.9898804199463876,31.56135398828125,33.566182010498046,1
Doroudzan,reservoir,2000-01,2000,1,4,4,0,0,0,54.59599335778809,48.60151929620361,0.8902030406828495,27.873978124694823,31.36202610925293,1
Doroudzan,reservoir,2000-02,2000,2,1,0,1,0,0,54.59599335778809,53.89630478875733,0.9871842506015884,34.51952012353516,35.80517917822266,1
Doroudzan,reservoir,2000-03,2000,3,3,2,1,0,0,54.59599335778809,54.586692137146,0.999829635471945,38.204500587097165,39.70097122229004,1
Doroudzan,reservoir,2000-04,2000,4,3,2,1,0,0,54.59599335778809,54.59056780419922,0.9999006235942386,35.28364424786377,37.14353312298584,1
Doroudzan,reservoir,2000-05,2000,5,2,1,1,0,0,54.59599335778809,53.93557320513916,0.9879035051469628,32.9687344932251,34.857244098999026,1
Doroudzan,reservoir,2000-06,2000,6,3,2,1,0,0,54.59599335778809,54.406875797790526,0.9965360542346358,29.50070978509521,32.8971330758667,1
Doroudzan,reservoir,2000-07,2000,7,3,2,1,0,0,54.59599335778809,53.85192838751221,0.9863714363543176,29.592634759155278,32.7478767946167,1
Doroudzan,reservoir,2000-08,2000,8,3,2,1,0,0,54.59599335778809,54.5735159854126,0.9995882963017416,27.8799946739502,30.022691892456056,1
Doroudzan,reservoir,2000-09,2000,9,2,2,0,0,0,54.59599335778809,54.50375785406494,0.9983105810875408,27.790863643371583,32.11221783312988,1
Doroudzan,reservoir,2000-10,2000,10,3,2,1,0,0,54.59599335778809,54.58746766375732,0.99984384029841,28.425619636901857,30.494006642028808,1
Doroudzan,reservoir,2000-11,2000,11,1,1,0,0,0,54.59599335778809,26.092119817504884,0.4779127223954587,0.8843827973022461,25.704650465698244,1
Doroudzan,reservoir,2000-12,2000,12,1,0,1,0,0,54.59599335778809,54.03187703692627,0.9896674410306092,31.941890130981445,33.2879852833252,1
Doroudzan,reservoir,2001-01,2001,1,3,2,1,0,0,54.59599335778809,54.42164348803711,0.9968065446010224,34.67530769598389,36.00668537390137,1
Doroudzan,reservoir,2001-02,2001,2,2,2,0,0,0,54.59599335778809,54.5735141091919,0.9995882619362032,37.50080752313232,39.05691699462891,1
Doroudzan,reservoir,2001-03,2001,3,2,1,1,0,0,54.59599335778809,54.59599335778809,1.0,37.4535181328125,38.73609720483398,1
Doroudzan,reservoir,2001-04,2001,4,2,2,0,0,0,54.59599335778809,54.3231628560791,0.9950027376565708,35.03564471453858,36.80409275341797,1
Doroudzan,reservoir,2001-05,2001,5,3,2,1,0,0,54.59599335778809,50.60724976525879,0.9269407268333856,24.384940425842284,26.80414153607178,1
Doroudzan,reservoir,2001-06,2001,6,2,2,0,0,0,54.59599335778809,54.2975831027832,0.9945342096250672,26.52502707635498,29.018704512451173,1
Doroudzan,reservoir,2001-07,2001,7,3,2,1,0,0,54.59599335778809,53.98678233691406,0.9888414701628078,26.145172999389647,28.27915899078369,1
Doroudzan,reservoir,2001-08,2001,8,3,2,1,0,0,54.59599335778809,54.56808880438233,0.9994888900871738,25.94309750024414,26.973875546447758,1
Doroudzan,reservoir,2001-09,2001,9,2,2,0,0,0,54.59599335778809,54.56188798449707,0.9993753136229702,25.63228668182373,26.51508342657471,1
Doroudzan,reservoir,2001-10,2001,10,1,1,0,0,0,54.59599335778809,54.46190061706543,0.9975439087655408,25.691942391174315,26.857480438354493,1
Doroudzan,reservoir,2001-11,2001,11,3,2,1,0,0,54.59599335778809,54.54948689361572,0.999148170748216,26.39338506616211,27.599287451293947,1
Doroudzan,reservoir,2001-12,2001,12,1,1,0,0,0,54.59599335778809,53.95975465490723,0.9883464213443036,41.72970560253906,43.14393014068604,1
Doroudzan,reservoir,2002-01,2002,1,3,2,1,0,0,54.59599335778809,54.49760562121582,0.9981978945610992,51.11475323931885,52.29015310528565,1
Doroudzan,reservoir,2002-02,2002,2,1,1,0,0,0,54.59599335778809,53.46224252856445,0.97923380893917,52.36987339025879,52.835536374572754,1
Doroudzan,reservoir,2002-03,2002,3,3,2,1,0,0,54.59599335778809,54.5921199855957,0.9999290539112092,54.2079014710083,54.41629028118896,1
Doroudzan,reservoir,2002-04,2002,4,1,0,1,0,0,54.59599335778809,48.70705037390137,0.892135986146561,48.37241903625488,48.55368452862549,1
Doroudzan,reservoir,2002-05,2002,5,1,1,0,0,0,54.59599335778809,52.08219384643554,0.9539563371458658,50.3381208772583,51.27953452282715,1
Doroudzan,reservoir,2002-06,2002,6,3,2,1,0,0,54.59599335778809,54.59599335778809,1.0,49.72510227325439,51.45072994342041,1
Doroudzan,reservoir,2002-07,2002,7,1,1,0,0,0,54.59599335778809,54.57196249145508,0.9995598419434274,43.398111121704105,46.206933246521,1
Doroudzan,reservoir,2002-08,2002,8,2,1,1,0,0,54.59599335778809,54.59599335778809,1.0,40.60219638195801,42.89823796075439,1
Doroudzan,reservoir,2002-09,2002,9,0,0,0,0,0,54.59599335778809,0.0,0.0,,,0
Doroudzan,reservoir,2002-10,2002,10,1,0,1,0,0,54.59599335778809,54.5673158772583,0.9994747328738603,29.697324056091308,31.216228218444822,1
Doroudzan,reservoir,2002-11,2002,11,1,0,1,0,0,54.59599335778809,54.57894458880615,0.9996877285688308,32.20539314801025,33.40658918670654,1
Doroudzan,reservoir,2002-12,2002,12,1,0,1,0,0,54.59599335778809,44.4766734654541,0.8146508695973662,24.72603718017578,33.207952312805176,1
Doroudzan,reservoir,2003-01,2003,1,1,0,1,0,0,54.59599335778809,54.20001630133056,0.9927471407313256,33.76392436206055,34.872888401916505,1
Doroudzan,reservoir,2003-02,2003,2,2,0,2,0,0,54.59599335778809,54.51386989465332,0.998495796887574,41.136769317504886,43.1547983192749,1
Doroudzan,reservoir,2003-03,2003,3,1,0,1,0,0,54.59599335778809,52.73736468768311,0.9659566837089182,49.06017818280029,50.07520336901855,1
Doroudzan,reservoir,2003-04,2003,4,1,0,1,0,0,54.59599335778809,53.87273278094482,0.9867524971639684,51.29114074938965,52.03189276617432,1
Doroudzan,reservoir,2003-05,2003,5,0,0,0,0,0,54.59599335778809,0.0,0.0,,,0
Doroudzan,reservoir,2003-06,2003,6,0,0,0,0,0,54.59599335778809,0.0,0.0,,,0
Doroudzan,reservoir,2003-07,2003,7,0,0,0,0,0,54.59599335778809,0.0,0.0,,,0
Doroudzan,reservoir,2003-08,2003,8,1,0,1,0,0,54.59599335778809,4.393222010009765,0.0804678464446892,3.2395828621826173,3.361299204711914,1
Doroudzan,reservoir,2003-09,2003,9,0,0,0,0,0,54.59599335778809,0.0,0.0,,,0
Doroudzan,reservoir,2003-10,2003,10,1,0,1,0,0,54.59599335778809,43.3731464934082,0.7944382696577686,25.486521149108885,26.617165303344727,1
Doroudzan,reservoir,2003-11,2003,11,0,0,0,0,0,54.59599335778809,0.0,0.0,,,0
Doroudzan,reservoir,2003-12,2003,12,0,0,0,0,0,54.59599335778809,0.0,0.0,,,0
Doroudzan,reservoir,2004-01,2004,1,1,0,1,0,0,54.59599335778809,43.32928619561768,0.7936349085484087,39.99602402661133,40.23392379418945,1
Doroudzan,reservoir,2004-02,2004,2,1,0,1,0,0,54.59599335778809,43.83964254296875,0.8029827803602926,43.56618360754395,43.70099479553223,1
Doroudzan,reservoir,2004-03,2004,3,0,0,0,0,0,54.59599335778809,0.0,0.0,,,0
Doroudzan,reservoir,2004-04,2004,4,1,0,1,0,0,54.59599335778809,26.980739335144044,0.4941889995174024,26.90324055395508,26.96524486602783,1
Doroudzan,reservoir,2004-05,2004,5,2,0,2,0,0,54.59599335778809,37.53487328918457,0.6875023418514326,36.87631970690918,37.24746129199219,1
Doroudzan,reservoir,2004-06,2004,6,2,0,2,0,0,54.59599335778809,44.39535452160644,0.8131614023517619,41.10149204492188,42.46983495788575,1
Doroudzan,reservoir,2004-07,2004,7,0,0,0,0,0,54.59599335778809,0.0,0.0,,,0
Doroudzan,reservoir,2004-08,2004,8,2,0,2,0,0,54.59599335778809,54.51925853637695,0.9985944972022348,41.745956049194334,43.97149939477539,1
Doroudzan,reservoir,2004-09,2004,9,1,0,1,0,0,54.59599335778809,43.5994868682251,0.7985840019889602,27.930717749145508,29.79748659063721,1
Doroudzan,reservoir,2004-10,2004,10,1,0,1,0,0,54.59599335778809,43.7901252880249,0.8020758043736238,28.133919008239747,29.230476176635744,1
Doroudzan,reservoir,2004-11,2004,11,1,0,1,0,0,54.59599335778809,43.63826486846924,0.7992942738946294,28.60735545550537,29.53729281500244,1
Doroudzan,reservoir,2004-12,2004,12,0,0,0,0,0,54.59599335778809,0.0,0.0,,,0
Doroudzan,reservoir,2005-01,2005,1,2,0,2,0,0,54.59599335778809,52.96046724987793,0.9700431110907364,44.14236293603516,46.06640017547608,1
Doroudzan,reservoir,2005-02,2005,2,1,0,1,0,0,54.59599335778809,0.0,0.0,,,0
Doroudzan,reservoir,2005-03,2005,3,1,0,1,0,0,54.59599335778809,5.841157719055176,0.1069887616253425,5.804754355651856,5.832637842529297,1
Doroudzan,reservoir,2005-04,2005,4,2,0,2,0,0,54.59599335778809,50.92290506982422,0.9327223837856976,50.500731388793945,50.69827725421143,1
Doroudzan,reservoir,2005-05,2005,5,2,0,2,0,0,54.59599335778809,47.12991361651611,0.8632485777418877,45.3130108371582,46.20486956677246,1
Doroudzan,reservoir,2005-06,2005,6,2,0,2,0,0,54.59599335778809,49.13806811303711,0.9000306632579584,43.22094115930176,45.30765100042725,1
Doroudzan,reservoir,2005-07,2005,7,2,0,2,0,0,54.59599335778809,53.588330996215824,0.9815432910072964,43.53696028424072,47.1165933215332,1
Doroudzan,reservoir,2005-08,2005,8,0,0,0,0,0,54.59599335778809,0.0,0.0,,,0
Doroudzan,reservoir,2005-09,2005,9,1,0,1,0,0,54.59599335778809,43.27009071911621,0.7925506627482904,24.13860105151367,26.75930005352783,1
Doroudzan,reservoir,2005-10,2005,10,1,0,1,0,0,54.59599335778809,43.98469638616943,0.8056396391200571,23.844974413757324,25.621899739257813,1
Doroudzan,reservoir,2005-11,2005,11,2,0,2,0,0,54.59599335778809,44.383024781921385,0.8129355663713768,26.787697432617183,28.00744814123535,1
Doroudzan,reservoir,2005-12,2005,12,0,0,0,0,0,54.59599335778809,0.0,0.0,,,0
Doroudzan,reservoir,2006-01,2006,1,2,0,2,0,0,54.59599335778809,54.28604323352051,0.9943228411975884,37.93787116998291,39.428836660095214,1
Doroudzan,reservoir,2006-02,2006,2,2,0,2,0,0,54.59599335778809,48.20100026251221,0.8828669889131409,40.531885587524414,42.86772747235108,1
Doroudzan,reservoir,2006-03,2006,3,2,0,2,0,0,54.59599335778809,53.65301410662842,0.9827280502988568,49.878144409973146,50.64761945843506,1
Doroudzan,reservoir,2006-04,2006,4,1,0,1,0,0,54.59599335778809,42.62889159906006,0.7808062272939498,39.76367447406006,40.40684847894287,1
Doroudzan,reservoir,2006-05,2006,5,1,0,1,0,0,54.59599335778809,17.94015156274414,0.3285983175573998,12.90132101525879,14.00228993548584,1
Doroudzan,reservoir,2006-06,2006,6,2,0,2,0,0,54.59599335778809,49.6720371852417,0.9098110342955416,39.138824765441896,42.23727468371582,1
Doroudzan,reservoir,2006-07,2006,7,2,0,2,0,0,54.59599335778809,52.96514634515381,0.9701288150955196,39.63516988977051,43.96642385211182,1
Doroudzan,reservoir,2006-08,2006,8,2,0,2,0,0,54.59599335778809,52.12810895294189,0.9547973348763302,33.77121790905762,35.94643259924317,1
Doroudzan,reservoir,2006-09,2006,9,2,0,2,0,0,54.59599335778809,53.31860401965332,0.976602873955172,30.390068625061037,32.95734426055908,1
Doroudzan,reservoir,2006-10,2006,10,1,0,1,0,0,54.59599335778809,30.51606640563965,0.5589433313477123,17.730071471069337,19.075432615234376,1
Doroudzan,reservoir,2006-11,2006,11,2,0,2,0,0,54.59599335778809,43.5250715368042,0.7972209838104424,24.64861901550293,25.52045992388916,1
Doroudzan,reservoir,2006-12,2006,12,1,0,1,0,0,54.59599335778809,36.359542969543455,0.6659745657756547,22.415322490234374,28.29340339013672,1
Doroudzan,reservoir,2007-01,2007,1,2,0,2,0,0,54.59599335778809,45.72542170367432,0.8375233948765878,26.38337988311768,27.99834104498291,1
Doroudzan,reservoir,2007-02,2007,2,2,0,2,0,0,54.59599335778809,54.06992607666016,0.9903643610313964,34.91787798614502,36.76988126391601,1
Doroudzan,reservoir,2007-03,2007,3,1,0,1,0,0,54.59599335778809,21.695800358032223,0.3973881419438874,12.672573041137696,13.779123899230957,1
Doroudzan,reservoir,2007-04,2007,4,0,0,0,0,0,54.59599335778809,0.0,0.0,,,0
Doroudzan,reservoir,2007-05,2007,5,1,0,1,0,0,54.59599335778809,0.6657946354370117,0.0121949358275031,0.0953389002685546,0.2968478682861328,1
Doroudzan,reservoir,2007-06,2007,6,1,0,1,0,0,54.59599335778809,37.38324674926758,0.6847250951966584,31.789369374206544,33.15846720996094,1
Doroudzan,reservoir,2007-07,2007,7,2,0,2,0,0,54.59599335778809,52.971989813293455,0.970254162538047,41.55218944488525,45.9661871194458,1
Doroudzan,reservoir,2007-08,2007,8,0,0,0,0,0,54.59599335778809,0.0,0.0,,,0
Doroudzan,reservoir,2007-09,2007,9,2,0,2,0,0,54.59599335778809,47.53637157080078,0.870693408933455,29.27945683276367,32.57023713708496,1
Doroudzan,reservoir,2007-10,2007,10,0,0,0,0,0,54.59599335778809,0.0,0.0,,,0
Doroudzan,reservoir,2007-11,2007,11,0,0,0,0,0,54.59599335778809,0.0,0.0,,,0
Doroudzan,reservoir,2007-12,2007,12,1,0,1,0,0,54.59599335778809,22.91907615032959,0.4197941046723385,13.949707854919431,15.65123040600586,1
Doroudzan,reservoir,2008-01,2008,1,1,0,1,0,0,54.59599335778809,26.46230890167236,0.4846932398180741,26.4196794239502,26.46230890167236,1
Doroudzan,reservoir,2008-02,2008,2,1,0,1,0,0,54.59599335778809,44.7636341586914,0.8199069456496278,34.7909035894165,35.44885591247559,1
Doroudzan,reservoir,2008-03,2008,3,1,0,1,0,0,54.59599335778809,36.65603267266846,0.6714051786263451,26.29279125195313,27.119617073852535,1
Doroudzan,reservoir,2008-04,2008,4,2,1,1,0,0,54.59599335778809,51.224507840881344,0.9382466494416152,30.2638262041626,32.41977553582764,1
Doroudzan,reservoir,2008-05,2008,5,3,2,1,0,0,54.59599335778809,42.03462289355469,0.7699213863201644,17.581014317199706,19.36725973071289,1
Doroudzan,reservoir,2008-06,2008,6,2,1,1,0,0,54.59599335778809,54.458023559143065,0.997472895167584,26.980101059631348,28.80989345959473,1
Doroudzan,reservoir,2008-07,2008,7,4,2,2,0,0,54.59599335778809,52.00339101098633,0.9525129558535282,26.063779013061524,28.71468601367188,1
Doroudzan,reservoir,2008-08,2008,8,3,1,2,0,0,54.59599335778809,54.58126667730713,0.9997302607833426,28.824061362792968,30.754468648132324,1
Doroudzan,reservoir,2008-09,2008,9,2,1,1,0,0,54.59599335778809,54.32705030285644,0.9950739415405604,27.911834930175782,29.268903465881348,1
Doroudzan,reservoir,2008-10,2008,10,4,2,2,0,0,54.59599335778809,54.59599335778809,1.0,28.425669035949703,30.459942515319824,1
Doroudzan,reservoir,2008-11,2008,11,1,1,0,0,0,54.59599335778809,0.0,0.0,,,0
Doroudzan,reservoir,2008-12,2008,12,2,0,2,0,0,54.59599335778809,46.54773428814697,0.8525851701809353,24.84978431072998,25.89213201574707,1
Doroudzan,reservoir,2009-01,2009,1,2,1,1,0,0,54.59599335778809,54.365053261779785,0.9957700175085218,29.863390102722168,31.291672402404785,1
Doroudzan,reservoir,2009-02,2009,2,2,1,1,0,0,54.59599335778809,54.48517532946777,0.997970216832688,32.88898479949951,34.584543023132326,1
Doroudzan,reservoir,2009-03,2009,3,3,2,1,0,0,54.59599335778809,53.38089239849854,0.97774377047549,32.95495639251709,34.60636024133301,1
Doroudzan,reservoir,2009-04,2009,4,2,2,0,0,0,54.59599335778809,51.858391044006346,0.9498570839101468,32.473316252929685,34.07123779003906,1
Doroudzan,reservoir,2009-05,2009,5,2,2,0,0,0,54.59599335778809,19.41091544921875,0.3555373619088074,0.586725378540039,2.046480249938965,1
Doroudzan,reservoir,2009-06,2009,6,3,2,1,0,0,54.59599335778809,50.62166947015381,0.9272048433739628,27.663942772338867,29.417609398986816,1
Doroudzan,reservoir,2009-07,2009,7,4,2,2,0,0,54.59599335778809,54.573516711792,0.99958830960637,33.415176681640624,37.36530460595703,1
Doroudzan,reservoir,2009-08,2009,8,3,1,2,0,0,54.59599335778809,53.62024602020264,0.9821278581526852,29.71456869555664,31.56982637408447,1
Doroudzan,reservoir,2009-09,2009,9,3,2,1,0,0,54.59599335778809,54.594443234375,0.9999716073777992,30.023811128112797,31.672154170776366,1
Doroudzan,reservoir,2009-10,2009,10,1,1,0,0,0,54.59599335778809,54.27823359936524,0.9941797971081788,29.761849727233887,32.53596306549072,1
Doroudzan,reservoir,2009-11,2009,11,2,2,0,0,0,54.59599335778809,54.59599335778809,1.0,30.10518805395508,31.42344821008301,1
Doroudzan,reservoir,2009-12,2009,12,1,1,0,0,0,54.59599335778809,54.075217551086425,0.990461281594625,30.75225988824463,32.29520848059082,1
Doroudzan,reservoir,2010-01,2010,1,3,1,2,0,0,54.59599335778809,54.502232035583496,0.998282633643276,32.69216601049805,34.075472927734374,1
Doroudzan,reservoir,2010-02,2010,2,2,1,1,0,0,54.59599335778809,54.1744785065918,0.9922793812279604,34.39626970843506,36.12900035504151,1
Doroudzan,reservoir,2010-03,2010,3,0,0,0,0,0,54.59599335778809,0.0,0.0,,,0
Doroudzan,reservoir,2010-04,2010,4,3,2,1,0,0,54.59599335778809,53.53862742614746,0.9806329024052862,33.95049100714111,35.435296805419924,1
Doroudzan,reservoir,2010-05,2010,5,2,1,1,0,0,54.59599335778809,53.56206409979248,0.9810621770132492,30.284933201416017,32.36493232458496,1
Doroudzan,reservoir,2010-06,2010,6,3,1,2,0,0,54.59599335778809,52.8495236875,0.9680110285961312,28.191280809570312,29.98681286627197,1
Doroudzan,reservoir,2010-07,2010,7,3,2,1,0,0,54.59599335778809,51.30389331707764,0.9397007025930258,28.099029138305664,32.190696591308594,1
Doroudzan,reservoir,2010-08,2010,8,0,0,0,0,0,54.59599335778809,0.0,0.0,,,0
Doroudzan,reservoir,2010-09,2010,9,0,0,0,0,0,54.59599335778809,0.0,0.0,,,0
Doroudzan,reservoir,2010-10,2010,10,2,1,1,0,0,54.59599335778809,54.559565603637694,0.999332776053516,28.52875700628662,29.49674900036621,1
Doroudzan,reservoir,2010-11,2010,11,3,1,2,0,0,54.59599335778809,54.59599335778809,1.0,28.67368945361328,29.619208511535646,1
Doroudzan,reservoir,2010-12,2010,12,2,1,1,0,0,54.59599335778809,54.56188784368896,0.999375311043878,28.708562327331546,29.614570122558597,1
Doroudzan,reservoir,2011-01,2011,1,2,2,0,0,0,54.59599335778809,54.58901814746094,0.9998722395198228,29.079806351989745,30.22604743902588,1
Doroudzan,reservoir,2011-02,2011,2,2,1,1,0,0,54.59599335778809,44.82952872674561,0.8211138944383856,25.913728736999516,26.97853658239746,1
Doroudzan,reservoir,2011-03,2011,3,3,1,2,0,0,54.59599335778809,54.59599335778809,1.0,38.77326712994385,40.96330844934082,1
Doroudzan,reservoir,2011-04,2011,4,1,1,0,0,0,54.59599335778809,3.235695057373047,0.0592661632909272,0.6941068314208985,2.0799685900878906,1
Doroudzan,reservoir,2011-05,2011,5,0,0,0,0,0,54.59599335778809,0.0,0.0,,,0
Doroudzan,reservoir,2011-06,2011,6,0,0,0,0,0,54.59599335778809,0.0,0.0,,,0
Doroudzan,reservoir,2011-07,2011,7,1,1,0,0,0,54.59599335778809,53.83648973120117,0.9860886563303354,33.07052691149902,37.32207223657227,1
Doroudzan,reservoir,2011-08,2011,8,1,0,1,0,0,54.59599335778809,29.328395964660643,0.5371895291374338,12.085542895812988,15.172238665771484,1
Doroudzan,reservoir,2011-09,2011,9,2,0,2,0,0,54.59599335778809,54.5029782144165,0.9982963009251976,29.036424246521,31.2959939095459,1
Doroudzan,reservoir,2011-10,2011,10,3,1,2,0,0,54.59599335778809,54.58746693121338,0.9998438268808696,29.404572299499517,31.14200333319092,1
Doroudzan,reservoir,2011-11,2011,11,0,0,0,0,0,54.59599335778809,0.0,0.0,,,0
Doroudzan,reservoir,2011-12,2011,12,2,0,2,0,0,54.59599335778809,50.18770798016357,0.919256247455095,31.19902261199951,33.45856141296387,1
Doroudzan,reservoir,2012-01,2012,1,2,0,2,0,0,54.59599335778809,46.38886219451904,0.8496752113385935,30.874580799987797,32.00370198474121,1
Doroudzan,reservoir,2012-02,2012,2,1,0,1,0,0,54.59599335778809,0.0,0.0,,,0
Doroudzan,reservoir,2012-03,2012,3,2,0,2,0,0,54.59599335778809,53.64534169830322,0.9825875196874816,44.60791327850342,45.8385381416626,1
Doroudzan,reservoir,2012-04,2012,4,2,0,2,0,0,54.59599335778809,53.47599026263428,0.9794856174185896,45.28486264086914,46.79357892755127,1
Doroudzan,reservoir,2012-05,2012,5,4,0,4,0,0,54.59599335778809,13.73219670275879,0.251523891373613,6.247307710327148,7.449765906311035,1
Doroudzan,reservoir,2012-06,2012,6,2,0,2,0,0,54.59599335778809,51.90018005279541,0.9506225065395184,36.80394520007325,40.44326772021484,1
Doroudzan,reservoir,2012-07,2012,7,2,0,2,0,0,54.59599335778809,52.09323590374756,0.9541585874692486,36.969231152160646,41.761314721008304,1
Doroudzan,reservoir,2012-08,2012,8,1,0,1,0,0,54.59599335778809,5.373595877197266,0.0984247294848556,2.4775704943847656,3.053352838317871,1
Doroudzan,reservoir,2012-09,2012,9,2,0,2,0,0,54.59599335778809,54.5649901005249,0.9994321331043468,37.19248669012451,40.24535901702881,1
Doroudzan,reservoir,2012-10,2012,10,1,0,1,0,0,54.59599335778809,45.51538477642822,0.8336762823994937,30.9093594442749,31.865674832092285,1
Doroudzan,reservoir,2012-11,2012,11,2,0,2,0,0,54.59599335778809,54.59444307421875,0.9999716044443192,37.22888171191406,38.33709842614746,1
Doroudzan,reservoir,2012-12,2012,12,2,0,2,0,0,54.59599335778809,54.09465108575439,0.9908172332583416,36.76388119555664,38.1472130645752,1
Doroudzan,reservoir,2013-01,2013,1,2,0,2,0,0,54.59599335778809,54.530904470031736,0.9988078083435572,40.51863366003418,41.609754081604,1
Doroudzan,reservoir,2013-02,2013,2,2,0,2,0,0,54.59599335778809,54.57739617980957,0.999659367348504,43.764008311767576,44.83574392773438,1
Doroudzan,reservoir,2013-03,2013,3,3,0,2,1,0,54.59599335778809,53.98747848266601,0.9888542210206848,44.20940357739258,45.37725797631836,1
Doroudzan,reservoir,2013-04,2013,4,4,0,2,2,0,54.59599335778809,54.57816985540772,0.9996735382711408,42.4868866071167,43.829884753967285,1
Doroudzan,reservoir,2013-05,2013,5,3,0,2,1,0,54.59599335778809,52.44926894494629,0.96067981767868,34.865904087646484,37.09840813153076,1
Doroudzan,reservoir,2013-06,2013,6,4,0,2,2,0,54.59599335778809,54.07044608105469,0.9903738856203368,36.49786572363281,39.91563588024902,1
Doroudzan,reservoir,2013-07,2013,7,4,0,2,2,0,54.59599335778809,54.59599335778809,1.0,37.094119574646,41.99479725372314,1
Doroudzan,reservoir,2013-08,2013,8,3,0,1,2,0,54.59599335778809,54.58436568811035,0.9997870233883,33.76013002197266,35.17754702642822,1
Doroudzan,reservoir,2013-09,2013,9,4,0,2,2,0,54.59599335778809,54.5882417880249,0.9998580194390384,33.66869241900635,35.23170941625977,1
Doroudzan,reservoir,2013-10,2013,10,4,0,2,2,0,54.59599335778809,54.58126629254151,0.999730253735836,33.854706176330566,35.08069598913574,1
Doroudzan,reservoir,2013-11,2013,11,3,0,1,2,0,54.59599335778809,54.59599335778809,1.0,34.58397210449219,36.15554339135742,1
Doroudzan,reservoir,2013-12,2013,12,4,0,2,2,0,54.59599335778809,54.38366028814697,0.9961108305466736,32.19382163775635,33.790297001708986,1
Doroudzan,reservoir,2014-01,2014,1,3,0,1,2,0,54.59599335778809,37.81341077825928,0.6926041354436719,27.34597096270752,28.816964152893068,1
Doroudzan,reservoir,2014-02,2014,2,4,0,3,1,0,54.59599335778809,49.72439197174072,0.9107699835385,28.55695256665039,29.794464966003417,1
Doroudzan,reservoir,2014-03,2014,3,3,0,2,1,0,54.59599335778809,51.348137809326175,0.9405111007473114,34.4236781472168,35.441987759155275,1
Doroudzan,reservoir,2014-04,2014,4,4,0,2,2,0,54.59599335778809,54.58669183740234,0.9998296299817316,38.84917531329346,40.34549170135498,1
Doroudzan,reservoir,2014-05,2014,5,4,0,2,2,0,54.59599335778809,53.39314928161621,0.9779682719885836,30.66930071936035,32.95147553411865,1
Doroudzan,reservoir,2014-06,2014,6,3,0,1,2,0,54.59599335778809,53.12572740258789,0.9730700759382654,31.12732995172119,34.41890894366455,1
Doroudzan,reservoir,2014-07,2014,7,4,0,2,2,0,54.59599335778809,54.59289302362061,0.9999432131558232,35.0078221807251,38.82624760211181,1
Doroudzan,reservoir,2014-08,2014,8,4,0,2,2,0,54.59599335778809,54.591342883605954,0.999914820229542,29.571187134521484,31.58990058178711,1
Doroudzan,reservoir,2014-09,2014,9,4,0,2,2,0,54.59599335778809,54.563435180542,0.9994036526264348,29.23329584405517,30.841222825927733,1
Doroudzan,reservoir,2014-10,2014,10,4,0,2,2,0,54.59599335778809,54.59599335778809,1.0,29.44333500567627,30.684846447875977,1
Doroudzan,reservoir,2014-11,2014,11,2,0,1,1,0,54.59599335778809,54.594442782958986,0.9999715991094998,29.887401104553224,31.12349143804932,1
Doroudzan,reservoir,2014-12,2014,12,4,0,2,2,0,54.59599335778809,54.59599335778809,1.0,30.78027465447998,32.05819940899658,1
Doroudzan,reservoir,2015-01,2015,1,3,0,1,2,0,54.59599335778809,54.56732132397461,0.9994748326378902,30.98173536242676,32.581344790405275,1
Doroudzan,reservoir,2015-02,2015,2,2,0,1,1,0,54.59599335778809,42.381512510864255,0.7762751422640533,25.317892592712404,26.16880023651123,1
Doroudzan,reservoir,2015-03,2015,3,4,0,2,2,0,54.59599335778809,54.59521817852783,0.9999858015357432,35.61913973083496,37.550932923034665,1
Doroudzan,reservoir,2015-04,2015,4,3,0,1,2,0,54.59599335778809,20.25383469189453,0.3709765762326831,2.18953032989502,4.854086630249023,1
Doroudzan,reservoir,2015-05,2015,5,4,0,2,2,0,54.59599335778809,51.57708689202881,0.9447046151175372,28.971144655578613,30.28396187298584,1
Doroudzan,reservoir,2015-06,2015,6,3,0,1,2,0,54.59599335778809,37.39219869122314,0.6848890622097119,17.00328340197754,18.94267425610352,1
Doroudzan,reservoir,2015-07,2015,7,4,0,2,2,0,54.59599335778809,54.58359027960205,0.9997728207250528,33.69073432617188,36.49335318835449,1
Doroudzan,reservoir,2015-08,2015,8,4,0,2,2,0,54.59599335778809,54.59056760028077,0.9999006198591944,29.379775950866694,30.65379128857422,1
Doroudzan,reservoir,2015-09,2015,9,3,0,2,1,0,54.59599335778809,54.58591590679932,0.9998154177556084,28.7822123225708,29.560363971984863,1
Doroudzan,reservoir,2015-10,2015,10,4,0,2,2,0,54.59599335778809,54.59211763214111,0.999929010804482,28.496208399353023,30.086256433288572,1
Doroudzan,reservoir,2015-11,2015,11,3,0,1,2,0,54.59599335778809,54.583594915161136,0.999772905631633,28.720185073486327,29.671867849548335,1
Doroudzan,reservoir,2015-12,2015,12,4,0,2,2,0,54.59599335778809,54.59599335778809,1.0,29.262722540222168,30.33455404888916,1
Doroudzan,reservoir,2016-01,2016,1,4,0,2,2,0,54.59599335778809,54.592118995788574,0.9999290357815432,32.190659739624024,33.49027423339844,1
Doroudzan,reservoir,2016-02,2016,2,3,0,1,2,0,54.59599335778809,54.59444303259277,0.9999716036818826,34.074755848571776,35.277533293762204,1
Doroudzan,reservoir,2016-03,2016,3,4,0,2,2,0,54.59599335778809,54.59599335778809,1.0,33.981802641418454,35.2775486270752,1
Doroudzan,reservoir,2016-04,2016,4,4,0,2,2,0,54.59599335778809,54.56033923919678,0.9993469462427828,31.528830986633302,32.954747756835935,1
Doroudzan,reservoir,2016-05,2016,5,4,0,2,2,0,54.59599335778809,52.26533861169434,0.9573108830382462,27.82491271234131,29.35081466937256,1
Doroudzan,reservoir,2016-06,2016,6,3,0,1,2,0,54.59599335778809,45.22435091711426,0.8283456007612513,23.90708782263184,25.9836683392334,1
Doroudzan,reservoir,2016-07,2016,7,4,0,2,2,0,54.59599335778809,52.89223039587402,0.9687932601436764,29.003678880615237,33.14196444024658,1
Doroudzan,reservoir,2016-08,2016,8,3,0,2,1,0,54.59599335778809,54.58514164733887,0.999801236138738,27.6947946842041,28.91309170336914,1
Doroudzan,reservoir,2016-09,2016,9,4,0,2,2,0,54.59599335778809,54.59521827844238,0.9999858033658142,26.979425367614745,27.712654803039552,1
Doroudzan,reservoir,2016-10,2016,10,4,0,2,2,0,54.59599335778809,54.59211784863281,0.9999290147698224,26.25860327038574,27.042996738708496,1
Doroudzan,reservoir,2016-11,2016,11,4,0,2,2,0,54.59599335778809,54.59599335778809,1.0,26.268650237121584,27.22502180609131,1
Doroudzan,reservoir,2016-12,2016,12,4,0,2,2,0,54.59599335778809,49.50441350036621,0.9067407781363216,24.39980803051758,25.79792987225342,1
Doroudzan,reservoir,2017-01,2017,1,4,0,2,2,0,54.59599335778809,54.39450462939453,0.9963094594309672,26.7321712623291,27.79626250238037,1
Doroudzan,reservoir,2017-02,2017,2,3,0,1,2,0,54.59599335778809,54.499896133361815,0.9982398484116496,27.210344575317382,30.026686164733885,1
Doroudzan,reservoir,2017-03,2017,3,3,0,1,2,0,54.59599335778809,54.36037181506347,0.9956842704339036,28.269850412597656,30.074857246704106,1
Doroudzan,reservoir,2017-04,2017,4,4,0,2,2,0,54.59599335778809,54.43400467840576,0.997032956643526,31.557573995666505,32.97189446484375,1
Doroudzan,reservoir,2017-05,2017,5,4,0,2,2,0,54.59599335778809,53.69386276013184,0.9834762490400304,31.528159219299315,32.65965670892334,1
Doroudzan,reservoir,2017-06,2017,6,3,0,2,1,0,54.59599335778809,54.24103802075195,0.993498509410572,31.808618140808104,33.24226323602295,1
Doroudzan,reservoir,2017-07,2017,7,4,0,2,2,0,54.59599335778809,54.53244171844482,0.9988359651425922,34.51309450280762,37.30415691369629,1
Doroudzan,reservoir,2017-08,2017,8,4,0,2,2,0,54.59599335778809,54.55181789941406,0.999190866295178,30.22532662756348,32.70341920184326,1
Doroudzan,reservoir,2017-09,2017,9,4,0,2,2,0,54.59599335778809,54.59366815924072,0.9999574108207514,29.52240226513672,30.429196335876465,1
Doroudzan,reservoir,2017-10,2017,10,4,0,2,2,0,54.59599335778809,54.59599335778809,1.0,28.93956052319336,29.66504372894287,1
Doroudzan,reservoir,2017-11,2017,11,3,0,1,2,0,54.59599335778809,54.58436702581787,0.9997870478902356,28.615583925476077,29.36041960949707,1
Doroudzan,reservoir,2017-12,2017,12,4,0,2,2,0,54.59599335778809,54.59444324902344,0.9999716076461052,28.656647893798823,29.47350827557373,1
Doroudzan,reservoir,2018-01,2018,1,4,0,2,2,0,54.59599335778809,54.36350554498291,0.9957416689667756,28.41562995635986,29.216234816345214,1
Doroudzan,reservoir,2018-02,2018,2,3,0,1,2,0,54.59599335778809,49.48599447479248,0.9064034085888344,24.23729222937012,25.21453680291748,1
Doroudzan,reservoir,2018-03,2018,3,4,0,2,2,0,54.59599335778809,54.58204219970703,0.9997444655326696,28.705461952697757,29.724589567443847,1
Doroudzan,reservoir,2018-04,2018,4,3,0,2,1,0,54.59599335778809,43.98743912841797,0.8056898761810547,21.34597494592285,22.572705489807127,1
Doroudzan,reservoir,2018-05,2018,5,4,0,2,2,0,54.59599335778809,41.7894613312378,0.7654309182979002,18.412521721252443,19.498272406433102,1
Doroudzan,reservoir,2018-06,2018,6,4,0,2,2,0,54.59599335778809,54.58591774853516,0.9998154514895096,30.965694198547364,33.64209744940185,1
Doroudzan,reservoir,2018-07,2018,7,4,0,2,2,0,54.59599335778809,54.16653580175781,0.9921338997677746,32.66590936395264,35.46389394659424,1
Doroudzan,reservoir,2018-08,2018,8,4,0,2,2,0,54.59599335778809,54.59599335778809,1.0,27.98468530456543,29.3238478805542,1
Doroudzan,reservoir,2018-09,2018,9,3,0,1,2,0,54.59599335778809,54.56576395709229,0.9994463073416816,27.213498861083984,28.23341722076416,1
Doroudzan,reservoir,2018-10,2018,10,4,0,2,2,0,54.59599335778809,54.59599335778809,1.0,26.54539393847656,27.73733636572265,1
Doroudzan,reservoir,2018-11,2018,11,4,0,2,2,0,54.59599335778809,54.5634424989624,0.9994037866732752,26.532168597595216,28.354047931396483,1
Doroudzan,reservoir,2018-12,2018,12,4,0,2,2,0,54.59599335778809,54.58359169866943,0.9997728467172052,27.63898346673584,28.644905774597166,1
Doroudzan,reservoir,2019-01,2019,1,4,0,2,2,0,54.59599335778809,54.061235230041504,0.9902051763351548,28.16055524542236,29.552395409057617,1
Doroudzan,reservoir,2019-02,2019,2,3,0,2,1,0,54.59599335778809,48.17139564654541,0.8823247400383418,27.70392926763916,28.680436781555176,1
Doroudzan,reservoir,2019-03,2019,3,3,0,1,2,0,54.59599335778809,54.58437129541016,0.9997871260936352,33.80656552600097,34.81406535083008,1
Doroudzan,reservoir,2019-04,2019,4,4,0,2,2,0,54.59599335778809,52.06789265777588,0.953694391391606,42.05024197784424,43.48385172283936,1
Doroudzan,reservoir,2019-05,2019,5,4,0,2,2,0,54.59599335778809,54.50919937634277,0.9984102499815962,42.61321606097412,44.034434439392086,1
Doroudzan,reservoir,2019-06,2019,6,4,0,2,2,0,54.59599335778809,54.57196838342285,0.9995599498628444,43.116887046203615,46.10467418218994,1
Doroudzan,reservoir,2019-07,2019,7,3,0,1,2,0,54.59599335778809,54.27433736083984,0.9941084321913458,43.80716839556885,47.399216839111325,1
Doroudzan,reservoir,2019-08,2019,8,4,0,2,2,0,54.59599335778809,54.59134312115479,0.9999148245805728,39.27867884729004,40.794497655029296,1
Doroudzan,reservoir,2019-09,2019,9,4,0,2,2,0,54.59599335778809,54.59134374975586,0.9999148360942576,38.918318055725095,40.36280970819092,1
Doroudzan,reservoir,2019-10,2019,10,4,0,2,2,0,54.59599335778809,54.59134341247559,0.99991482991651,39.097360302246095,40.13429893359375,1
Doroudzan,reservoir,2019-11,2019,11,4,0,2,2,0,54.59599335778809,54.59599335778809,1.0,39.54763054467774,40.43265250183106,1
Doroudzan,reservoir,2019-12,2019,12,4,0,2,2,0,54.59599335778809,54.59599335778809,1.0,39.68782599017334,40.6627282197876,1
Doroudzan,reservoir,2020-01,2020,1,3,0,2,1,0,54.59599335778809,54.46655174523926,0.9976291005147474,41.56857916516113,42.53802440673828,1
Doroudzan,reservoir,2020-02,2020,2,4,0,2,2,0,54.59599335778809,54.59444336352539,0.9999716097433644,43.756221551696775,44.68849793145752,1
Doroudzan,reservoir,2020-03,2020,3,3,0,1,2,0,54.59599335778809,54.59599335778809,1.0,44.979828637939455,45.86869503302002,1
Doroudzan,reservoir,2020-04,2020,4,3,0,1,2,0,54.59599335778809,54.5401936392212,0.9989779521328384,43.3377527668457,44.67447520117187,1
Doroudzan,reservoir,2020-05,2020,5,4,0,2,2,0,54.59599335778809,54.035766777771,0.9897386869335684,44.892981415100095,46.250666024475095,1
Doroudzan,reservoir,2020-06,2020,6,3,0,1,2,0,54.59599335778809,50.18066584680176,0.919127261188362,42.758145049865725,45.24619469293213,1
Doroudzan,reservoir,2020-07,2020,7,4,0,2,2,0,54.59599335778809,54.54172863763428,0.9990060677200578,47.14405929394531,49.799368755615234,1
Doroudzan,reservoir,2020-08,2020,8,4,0,2,2,0,54.59599335778809,54.59134356854248,0.9999148327750876,42.20799269195557,43.705981299621584,1
Doroudzan,reservoir,2020-09,2020,9,4,0,2,2,0,54.59599335778809,54.59366840698242,0.9999574153584784,41.79959672143555,45.21506396130371,1
Doroudzan,reservoir,2020-10,2020,10,5,0,3,2,0,54.59599335778809,54.59289372113037,0.999943225931665,41.92359528521729,42.98760880273438,1
Doroudzan,reservoir,2020-11,2020,11,4,0,3,1,0,54.59599335778809,54.59599335778809,1.0,42.42107690869141,43.932972241271976,1
Doroudzan,reservoir,2020-12,2020,12,5,0,3,2,0,54.59599335778809,53.946724100219726,0.9881077489823574,43.033914987243655,45.22594140057373,1
Doroudzan,reservoir,2021-01,2021,1,6,0,4,2,0,54.59599335778809,54.59521862622071,0.999985809735848,43.84461818640137,44.62656365948487,1
Doroudzan,reservoir,2021-02,2021,2,6,0,4,2,0,54.59599335778809,54.59599335778809,1.0,41.17562299609375,42.51315244848633,1
Doroudzan,reservoir,2021-03,2021,3,6,0,4,2,0,54.59599335778809,54.532426988830565,0.9988356953496396,42.03126140063477,43.35563914233399,1
Doroudzan,reservoir,2021-04,2021,4,5,0,3,2,0,54.59599335778809,54.58746793035888,0.9998438451815808,39.847467020812985,41.19978271783447,1
Doroudzan,reservoir,2021-05,2021,5,6,0,4,2,0,54.59599335778809,53.24290949700928,0.9752164256466304,35.86104928570557,37.12575833074951,1
Doroudzan,reservoir,2021-06,2021,6,6,0,4,2,0,54.59599335778809,54.58979193634033,0.9998864125173598,41.7547848984375,44.74806405596924,1
Doroudzan,reservoir,2021-07,2021,7,6,0,4,2,0,54.59599335778809,54.50531820593262,0.9983391610578226,40.85000307849121,45.45160253961182,1
Doroudzan,reservoir,2021-08,2021,8,6,0,4,2,0,54.59599335778809,54.5952182409668,0.999985802679398,35.30077178265381,36.83518252874756,1
Doroudzan,reservoir,2021-09,2021,9,4,0,3,1,0,54.59599335778809,54.58746671484375,0.9998438229177652,34.66452612896728,35.86804911157227,1
Doroudzan,reservoir,2021-10,2021,10,6,0,4,2,0,54.59599335778809,54.595218151489256,0.9999858010404948,34.35065195898437,35.48598391485596,1
Doroudzan,reservoir,2021-11,2021,11,6,0,4,2,0,54.59599335778809,54.59521843664551,0.99998580626352,34.35299327148437,35.286089085388184,1
Doroudzan,reservoir,2021-12,2021,12,8,0,4,2,2,54.59599335778809,54.59599335778809,1.0,34.63586784228516,35.613107723937986,1
Doroudzan,reservoir,2022-01,2022,1,8,0,4,2,2,54.59599335778809,54.50999845483398,0.9984248861928284,36.801874793823245,38.67650239672852,1
Doroudzan,reservoir,2022-02,2022,2,6,0,3,2,1,54.59599335778809,54.59599335778809,1.0,38.77645718127442,39.79633472686768,1
Doroudzan,reservoir,2022-03,2022,3,7,0,4,2,1,54.59599335778809,54.29445689758301,0.9944769489176798,40.65584310815429,41.70280326721191,1
Doroudzan,reservoir,2022-04,2022,4,5,0,1,2,2,54.59599335778809,54.58359289367676,0.9997728686053926,41.96238858453369,43.016311546569824,1
Doroudzan,reservoir,2022-05,2022,5,7,0,3,2,2,54.59599335778809,52.447144539245606,0.960640906293979,41.544695897094726,42.6079070201416,1
Doroudzan,reservoir,2022-06,2022,6,7,0,4,1,2,54.59599335778809,54.59366793450928,0.9999574067044888,48.17148203894043,50.24192515063476,1
Doroudzan,reservoir,2022-07,2022,7,7,0,4,1,2,54.59599335778809,53.51617977886963,0.980221743162689,44.65904095172119,48.68099945117188,1
Doroudzan,reservoir,2022-08,2022,8,6,0,2,2,2,54.59599335778809,54.59599335778809,1.0,42.68381709973144,44.18484506213379,1
Doroudzan,reservoir,2022-09,2022,9,5,0,1,2,2,54.59599335778809,54.57816985314941,0.9996735382297768,41.745368229492186,45.03836308746338,1
Doroudzan,reservoir,2022-10,2022,10,8,0,4,2,2,54.59599335778809,54.59444337390137,0.9999716099334148,41.22075538531495,42.20261381536865,1
Doroudzan,reservoir,2022-11,2022,11,8,0,4,2,2,54.59599335778809,54.59599335778809,1.0,41.67714970446777,42.703184009277344,1
Doroudzan,reservoir,2022-12,2022,12,7,0,3,2,2,54.59599335778809,54.56577972662353,0.9994465961821308,42.7985283135376,44.179402986816406,1
Doroudzan,reservoir,2023-01,2023,1,4,0,1,2,1,54.59599335778809,54.468935612121584,0.9976727642844806,44.337475947387695,46.01808948150635,1
Doroudzan,reservoir,2023-02,2023,2,6,0,3,2,1,54.59599335778809,54.59599335778809,1.0,47.973944678710936,49.30923653405762,1
Doroudzan,reservoir,2023-03,2023,3,4,0,1,1,2,54.59599335778809,54.59599335778809,1.0,50.13460106323242,50.83899145129394,1
Doroudzan,reservoir,2023-04,2023,4,7,0,3,2,2,54.59599335778809,54.59599335778809,1.0,48.636669218688965,49.509225751647946,1
Doroudzan,reservoir,2023-05,2023,5,5,0,2,1,2,54.59599335778809,53.37861644299316,0.9777020832496444,43.16971298999024,44.83727512432861,1
Doroudzan,reservoir,2023-06,2023,6,7,0,3,2,2,54.59599335778809,54.19211386676025,0.9926023968758833,44.40147766137695,47.09331912109375,1
Doroudzan,reservoir,2023-07,2023,7,8,0,4,2,2,54.59599335778809,54.59521821807861,0.9999858022601696,46.61840803717041,49.45274372021484,1
Doroudzan,reservoir,2023-08,2023,8,7,0,3,2,2,54.59599335778809,54.59599335778809,1.0,41.21690704034424,42.735807079040526,1
Doroudzan,reservoir,2023-09,2023,9,6,0,2,2,2,54.59599335778809,54.59599335778809,1.0,41.973336660827634,45.45931369177246,1
Doroudzan,reservoir,2023-10,2023,10,6,0,2,2,2,54.59599335778809,54.59599335778809,1.0,42.28482758026123,43.73778150726319,1
Doroudzan,reservoir,2023-11,2023,11,4,0,1,2,1,54.59599335778809,54.59599335778809,1.0,42.39009836791992,43.534009369750976,1
Doroudzan,reservoir,2023-12,2023,12,4,0,0,2,2,54.59599335778809,54.59599335778809,1.0,42.02130600524902,43.15194875567627,1
Doroudzan,reservoir,2024-01,2024,1,4,0,0,2,2,54.59599335778809,54.57429688256836,0.9996025994970448,40.47524446130371,41.34324179803467,1
Doroudzan,reservoir,2024-02,2024,2,4,0,0,2,2,54.59599335778809,54.59599335778809,1.0,40.747264731262206,41.61757832867432,1
Doroudzan,reservoir,2024-03,2024,3,4,0,0,2,2,54.59599335778809,54.59521821807861,0.9999858022601696,43.21228943615723,44.87443701135254,1
Doroudzan,reservoir,2024-04,2024,4,3,0,0,1,2,54.59599335778809,38.03571144476318,0.6966758750134071,31.674062098999023,32.622513652526855,1
Doroudzan,reservoir,2024-05,2024,5,3,0,0,1,2,54.59599335778809,54.35731213195801,0.9956282281693108,41.02386506970215,42.567521159118655,1
Doroudzan,reservoir,2024-06,2024,6,4,0,0,2,2,54.59599335778809,53.21845698602295,0.9747685445937831,43.81409732757568,46.805830140625,1
Doroudzan,reservoir,2024-07,2024,7,4,0,0,2,2,54.59599335778809,54.59599335778809,1.0,42.84189611608887,47.44040032659912,1
Doroudzan,reservoir,2024-08,2024,8,4,0,0,2,2,54.59599335778809,54.58824279772949,0.9998580379331538,38.54709586749268,40.20006662994385,1
Doroudzan,reservoir,2024-09,2024,9,3,0,0,2,1,54.59599335778809,54.58591850274658,0.9998154653039192,38.361110222717286,40.08835154541016,1
Doroudzan,reservoir,2024-10,2024,10,4,0,0,2,2,54.59599335778809,54.59599335778809,1.0,38.95086812506104,40.21014977703857,1
Doroudzan,reservoir,2024-11,2024,11,4,0,0,2,2,54.59599335778809,54.595218317993165,0.9999858040902408,38.83603592834473,40.37447821917725,1
Doroudzan,reservoir,2024-12,2024,12,4,0,0,2,2,54.59599335778809,54.51540955218506,0.9985239978128994,39.03908456774902,40.650445834350585,1
Doroudzan,reservoir,2025-01,2025,1,4,0,0,2,2,54.59599335778809,54.53787667687988,0.9989355138109248,39.84755711364746,40.79071469152832,1
Doroudzan,reservoir,2025-02,2025,2,3,0,0,1,2,54.59599335778809,54.59134214508057,0.9999148067024436,40.67593692327881,41.683392302307126,1
Doroudzan,reservoir,2025-03,2025,3,4,0,0,2,2,54.59599335778809,54.59599335778809,1.0,42.62485622845459,43.880234318725584,1
Doroudzan,reservoir,2025-04,2025,4,4,0,0,2,2,54.59599335778809,54.53089486657715,0.9988076324432028,41.0378270600586,42.38235067248535,1
Doroudzan,reservoir,2025-05,2025,5,4,0,0,2,2,54.59599335778809,53.4529204072876,0.9790630615875144,36.64377872839356,38.09453635150147,1
Doroudzan,reservoir,2025-06,2025,6,4,0,0,2,2,54.59599335778809,54.59056793560791,0.9999006260011678,41.88244660778808,45.29342682641602,1
Doroudzan,reservoir,2025-07,2025,7,3,0,0,2,1,54.59599335778809,54.41538647979736,0.9966919389705552,40.69705683166504,44.92762924713135,1
Doroudzan,reservoir,2025-08,2025,8,4,0,0,2,2,54.59599335778809,54.59211764056396,0.999929010958758,33.317587668395994,35.73614759613037,1
Doroudzan,reservoir,2025-09,2025,9,4,0,0,2,2,54.59599335778809,54.58824203356934,0.9998580239365192,31.80792755981445,32.93790183959961,1
Doroudzan,reservoir,2025-10,2025,10,3,0,0,2,1,54.59599335778809,54.54251109979248,0.9990203995805128,31.2932721930542,32.540183128845214,1
Doroudzan,reservoir,2025-11,2025,11,4,0,0,2,2,54.59599335778809,54.57273842401123,0.9995740542053247,31.08788460113525,32.041132900634764,1
Doroudzan,reservoir,2025-12,2025,12,4,0,0,2,2,54.59599335778809,54.585917097595214,0.9998154395666576,31.49399699499512,32.52858197265625,1
Doroudzan,reservoir,2026-01,2026,1,3,0,0,1,2,54.59599335778809,54.459608511474606,0.9975019257288772,31.88228170776367,33.04086315679932,1
Doroudzan,reservoir,2026-02,2026,2,4,0,0,2,2,54.59599335778809,54.59599335778809,1.0,33.12532783911133,34.253722894348144,1
Doroudzan,reservoir,2026-03,2026,3,4,0,0,2,2,54.59599335778809,54.59599335778809,1.0,35.14880883935547,36.70265577648926,1
Doroudzan,reservoir,2026-04,2026,4,4,0,0,2,2,54.59599335778809,54.59444286822509,0.9999716006712648,37.46524943353271,38.58046406134033,1
Doroudzan,reservoir,2026-05,2026,5,3,0,0,2,1,54.59599335778809,49.207757533447264,0.9013071199377272,30.4247942243042,31.50204769390869,1
Doroudzan,reservoir,2026-06,2026,6,4,0,0,2,2,54.59599335778809,49.86135386584473,0.913278627226077,34.44823565026856,37.57942169421387,1
Gheshlagh,reservoir,1991-01,1991,1,4,4,0,0,0,7.878876983093262,6.437124470520019,0.8170104044438059,6.392499870788575,6.437124470520019,1
Gheshlagh,reservoir,1991-02,1991,2,2,2,0,0,0,7.878876983093262,7.518262473083496,0.9542302144349272,7.075702291259765,7.482423402099609,1
Gheshlagh,reservoir,1991-03,1991,3,4,4,0,0,0,7.878876983093262,7.761141722473145,0.9850568474577333,7.06254404083252,7.635323414245605,1
Gheshlagh,reservoir,1991-04,1991,4,4,4,0,0,0,7.878876983093262,0.0,0.0,,,0
Gheshlagh,reservoir,1991-05,1991,5,4,4,0,0,0,7.878876983093262,7.878876983093262,1.0,7.757454357177735,7.87375680883789,1
Gheshlagh,reservoir,1991-06,1991,6,2,2,0,0,0,7.878876983093262,7.878876983093262,1.0,7.636030106384277,7.867174434753418,1
Gheshlagh,reservoir,1991-07,1991,7,4,4,0,0,0,7.878876983093262,7.878876983093262,1.0,7.395376423461914,7.817439814636231,1
Gheshlagh,reservoir,1991-08,1991,8,4,4,0,0,0,7.878876983093262,7.878876983093262,1.0,7.13789388671875,7.689440135314942,1
Gheshlagh,reservoir,1991-09,1991,9,4,4,0,0,0,7.878876983093262,7.878876983093262,1.0,6.989393136230468,7.59947234588623,1
Gheshlagh,reservoir,1991-10,1991,10,4,4,0,0,0,7.878876983093262,7.878876983093262,1.0,6.834315457885742,7.516083017700195,1
Gheshlagh,reservoir,1991-11,1991,11,4,4,0,0,0,7.878876983093262,7.870099294860839,0.9988859214008218,6.756776460449219,7.458296009277344,1
Gheshlagh,reservoir,1991-12,1991,12,4,4,0,0,0,7.878876983093262,0.0,0.0,,,0
Gheshlagh,reservoir,1992-01,1992,1,0,0,0,0,0,7.878876983093262,0.0,0.0,,,0
Gheshlagh,reservoir,1992-02,1992,2,2,2,0,0,0,7.878876983093262,0.0417011658935546,0.0052927804283577,0.0417011658935546,0.0417011658935546,1
Gheshlagh,reservoir,1992-03,1992,3,4,4,0,0,0,7.878876983093262,0.53463838671875,0.067857181660025,0.53463838671875,0.53463838671875,1
Gheshlagh,reservoir,1992-04,1992,4,0,0,0,0,0,7.878876983093262,0.0,0.0,,,0
Gheshlagh,reservoir,1992-05,1992,5,0,0,0,0,0,7.878876983093262,0.0,0.0,,,0
Gheshlagh,reservoir,1992-06,1992,6,4,4,0,0,0,7.878876983093262,7.878876983093262,1.0,7.699667227172852,7.875219798583984,1
Gheshlagh,reservoir,1992-07,1992,7,4,4,0,0,0,7.878876983093262,7.878876983093262,1.0,7.477299788757324,7.831337879211426,1
Gheshlagh,reservoir,1992-08,1992,8,3,3,0,0,0,7.878876983093262,7.878876983093262,1.0,6.9959768650512695,7.595805990356445,1
Gheshlagh,reservoir,1992-09,1992,9,4,4,0,0,0,7.878876983093262,7.878876983093262,1.0,6.331759131774902,7.1561968931884765,1
Gheshlagh,reservoir,1992-10,1992,10,4,4,0,0,0,7.878876983093262,7.878876983093262,1.0,5.603134672973633,6.734826429565429,1
Gheshlagh,reservoir,1992-11,1992,11,2,2,0,0,0,7.878876983093262,0.0,0.0,,,0
Gheshlagh,reservoir,1992-12,1992,12,2,2,0,0,0,7.878876983093262,6.650795783813477,0.8441299182719771,3.6002440267333986,6.054577019470215,1
Gheshlagh,reservoir,1993-01,1993,1,4,4,0,0,0,7.878876983093262,5.918198600341797,0.7511474811754583,3.5832245739746096,5.779950708068848,1
Gheshlagh,reservoir,1993-02,1993,2,3,3,0,0,0,7.878876983093262,1.9123692809448245,0.2427210483230599,1.300073456604004,1.8955439856567384,1
Gheshlagh,reservoir,1993-03,1993,3,4,4,0,0,0,7.878876983093262,6.534459386291504,0.8293643117303835,3.090273150085449,5.667528321533204,1
Gheshlagh,reservoir,1993-04,1993,4,2,2,0,0,0,7.878876983093262,6.276700650390625,0.7966491498546511,3.548172896850586,4.911753942321777,1
Gheshlagh,reservoir,1993-05,1993,5,2,2,0,0,0,7.878876983093262,7.873023942504883,0.9992571224806608,5.172273818237304,6.189821494812012,1
Gheshlagh,reservoir,1993-06,1993,6,4,4,0,0,0,7.878876983093262,7.878876983093262,1.0,5.038400510986328,5.661671461425781,1
Gheshlagh,reservoir,1993-07,1993,7,4,4,0,0,0,7.878876983093262,7.878876983093262,1.0,4.8591715258789066,5.730444048095703,1
Gheshlagh,reservoir,1993-08,1993,8,0,0,0,0,0,7.878876983093262,0.0,0.0,,,0
Gheshlagh,reservoir,1993-09,1993,9,0,0,0,0,0,7.878876983093262,0.0,0.0,,,0
Gheshlagh,reservoir,1993-10,1993,10,1,1,0,0,0,7.878876983093262,7.852552593261719,0.9966588652306628,4.002531719177246,4.998901559570313,1
Gheshlagh,reservoir,1993-11,1993,11,2,2,0,0,0,7.878876983093262,0.0,0.0,,,0
Gheshlagh,reservoir,1993-12,1993,12,4,4,0,0,0,7.878876983093262,7.875220282409668,0.999535885546704,5.19273902734375,7.115886345825196,1
Gheshlagh,reservoir,1994-01,1994,1,2,2,0,0,0,7.878876983093262,0.00073176171875,9.287639854261424e-05,0.0,0.00073176171875,1
Gheshlagh,reservoir,1994-02,1994,2,4,4,0,0,0,7.878876983093262,7.305315840148926,0.9272026782274808,6.044936408569336,6.946182487243652,1
Gheshlagh,reservoir,1994-03,1994,3,4,4,0,0,0,7.878876983093262,7.873756334716797,0.9993500789024308,7.848153789245606,7.873756334716797,1
Gheshlagh,reservoir,1994-04,1994,4,3,3,0,0,0,7.878876983093262,7.878876983093262,1.0,7.79695219744873,7.876682778137207,1
Gheshlagh,reservoir,1994-05,1994,5,4,4,0,0,0,7.878876983093262,7.878876983093262,1.0,7.709175465942383,7.875219406188965,1
Gheshlagh,reservoir,1994-06,1994,6,4,4,0,0,0,7.878876983093262,7.878876983093262,1.0,7.698941830322266,7.869367501525879,1
Gheshlagh,reservoir,1994-07,1994,7,0,0,0,0,0,7.878876983093262,0.0,0.0,,,0
Gheshlagh,reservoir,1994-08,1994,8,0,0,0,0,0,7.878876983093262,0.0,0.0,,,0
Gheshlagh,reservoir,1994-09,1994,9,4,4,0,0,0,7.878876983093262,7.878876983093262,1.0,6.982814450927735,7.617757020751953,1
Gheshlagh,reservoir,1994-10,1994,10,4,4,0,0,0,7.878876983093262,7.87668214038086,0.9997214269600716,6.651437573791504,7.36759506628418,1
Gheshlagh,reservoir,1994-11,1994,11,2,2,0,0,0,7.878876983093262,0.0,0.0,,,0
Gheshlagh,reservoir,1994-12,1994,12,4,4,0,0,0,7.878876983093262,7.85913235736084,0.997493979690914,5.515344630859375,6.7940673602294925,1
Gheshlagh,reservoir,1995-01,1995,1,4,4,0,0,0,7.878876983093262,7.841566999084472,0.9952645555846537,4.875237745666504,5.538008326660156,1
Gheshlagh,reservoir,1995-02,1995,2,3,3,0,0,0,7.878876983093262,7.814509348083496,0.991830354104032,5.284219413024903,6.171535211303711,1
Gheshlagh,reservoir,1995-03,1995,3,3,3,0,0,0,7.878876983093262,7.851808950012207,0.9965644808087322,6.363932639465332,6.915494238830567,1
Gheshlagh,reservoir,1995-04,1995,4,3,3,0,0,0,7.878876983093262,0.5938762443847656,0.0753757477949108,0.4695501072998047,0.5814452854003906,1
Gheshlagh,reservoir,1995-05,1995,5,4,4,0,0,0,7.878876983093262,7.878876983093262,1.0,7.7523316430053715,7.872294397094727,1
Gheshlagh,reservoir,1995-06,1995,6,0,0,0,0,0,7.878876983093262,0.0,0.0,,,0
Gheshlagh,reservoir,1995-07,1995,7,4,4,0,0,0,7.878876983093262,7.878876983093262,1.0,7.543136075378418,7.836453893371582,1
Gheshlagh,reservoir,1995-08,1995,8,4,4,0,0,0,7.878876983093262,7.878876983093262,1.0,7.200065164916992,7.7011410270996095,1
Gheshlagh,reservoir,1995-09,1995,9,2,2,0,0,0,7.878876983093262,7.878876983093262,1.0,7.063271324707031,7.582641669494629,1
Gheshlagh,reservoir,1995-10,1995,10,4,4,0,0,0,7.878876983093262,7.878876983093262,1.0,6.95939729486084,7.508767465698242,1
Gheshlagh,reservoir,1995-11,1995,11,4,4,0,0,0,7.878876983093262,7.849613024841308,0.9962857703813944,6.87965967779541,7.40635191394043,1
Gheshlagh,reservoir,1995-12,1995,12,1,1,0,0,0,7.878876983093262,0.0,0.0,,,0
Gheshlagh,reservoir,1996-01,1996,1,0,0,0,0,0,7.878876983093262,0.0,0.0,,,0
Gheshlagh,reservoir,1996-02,1996,2,3,3,0,0,0,7.878876983093262,0.2391283728637695,0.030350565617016,0.2201148159179687,0.2391283728637695,1
Gheshlagh,reservoir,1996-03,1996,3,4,4,0,0,0,7.878876983093262,6.80895657244873,0.8642039451890924,5.843277811828614,6.436578079772949,1
Gheshlagh,reservoir,1996-04,1996,4,0,0,0,0,0,7.878876983093262,0.0,0.0,,,0
Gheshlagh,reservoir,1996-05,1996,5,4,4,0,0,0,7.878876983093262,7.878876983093262,1.0,7.737704628723145,7.873756929199219,1
Gheshlagh,reservoir,1996-06,1996,6,4,4,0,0,0,7.878876983093262,7.878876983093262,1.0,7.660900999084473,7.86497933215332,1
Gheshlagh,reservoir,1996-07,1996,7,4,4,0,0,0,7.878876983093262,7.857660844909668,0.9973072129150994,7.336858060974121,7.749418334716797,1
Gheshlagh,reservoir,1996-08,1996,8,4,4,0,0,0,7.878876983093262,7.878876983093262,1.0,6.884805062561036,7.557786023376464,1
Gheshlagh,reservoir,1996-09,1996,9,4,4,0,0,0,7.878876983093262,7.878876983093262,1.0,6.194984246154785,7.608962896118164,1
Gheshlagh,reservoir,1996-10,1996,10,4,4,0,0,0,7.878876983093262,7.878876983093262,1.0,6.19275991607666,6.905276806030273,1
Gheshlagh,reservoir,1996-11,1996,11,4,4,0,0,0,7.878876983093262,7.878876983093262,1.0,6.212508170349121,6.924296146972656,1
Gheshlagh,reservoir,1996-12,1996,12,4,4,0,0,0,7.878876983093262,7.840833425292969,0.9951714491948628,6.047178435058593,6.6433819218139645,1
Gheshlagh,reservoir,1997-01,1997,1,4,4,0,0,0,7.878876983093262,7.878876983093262,1.0,6.361740047546387,7.2915233508300785,1
Gheshlagh,reservoir,1997-02,1997,2,2,2,0,0,0,7.878876983093262,7.152583954406738,0.9078176965771866,5.691746703918457,6.563754809143067,1
Gheshlagh,reservoir,1997-03,1997,3,2,2,0,0,0,7.878876983093262,0.0,0.0,,,0
Gheshlagh,reservoir,1997-04,1997,4,4,4,0,0,0,7.878876983093262,7.875950248718261,0.9996285340688424,7.15689945892334,7.622874683837891,1
Gheshlagh,reservoir,1997-05,1997,5,3,3,0,0,0,7.878876983093262,7.317641200073242,0.9287670331413554,6.979708825256347,7.259863586791992,1
Gheshlagh,reservoir,1997-06,1997,6,4,4,0,0,0,7.878876983093262,7.873755742919922,0.9993500037906,7.503645440185547,7.819633771484375,1
Gheshlagh,reservoir,1997-07,1997,7,4,4,0,0,0,7.878876983093262,7.878876983093262,1.0,7.271030201965332,7.742101964660645,1
Gheshlagh,reservoir,1997-08,1997,8,2,2,0,0,0,7.878876983093262,7.878876983093262,1.0,7.098397453857422,7.6601904596557615,1
Gheshlagh,reservoir,1997-09,1997,9,4,4,0,0,0,7.878876983093262,7.878876983093262,1.0,6.920643849853516,7.511701644226074,1
Gheshlagh,reservoir,1997-10,1997,10,4,4,0,0,0,7.878876983093262,7.878876983093262,1.0,6.631693394897461,7.373456870788575,1
Gheshlagh,reservoir,1997-11,1997,11,3,3,0,0,0,7.878876983093262,7.872292397277832,0.9991642735596,6.719473092773438,7.322980774658203,1
Gheshlagh,reservoir,1997-12,1997,12,4,4,0,0,0,7.878876983093262,0.0095105743408203,0.0012070977071006,0.0095105743408203,0.0095105743408203,1
Gheshlagh,reservoir,1998-01,1998,1,3,3,0,0,0,7.878876983093262,0.4938426190185547,0.0626793158565944,0.4923792446289062,0.4938426190185547,1
Gheshlagh,reservoir,1998-02,1998,2,2,2,0,0,0,7.878876983093262,4.178946338317871,0.5303987290682649,4.178946338317871,4.178946338317871,1
Gheshlagh,reservoir,1998-03,1998,3,4,4,0,0,0,7.878876983093262,7.434906403747559,0.943650525284455,7.264468690612793,7.434906403747559,1
Gheshlagh,reservoir,1998-04,1998,4,4,4,0,0,0,7.878876983093262,0.3992814024047851,0.0506774510201867,0.3824554448242187,0.3992814024047851,1
Gheshlagh,reservoir,1998-05,1998,5,4,4,0,0,0,7.878876983093262,7.878876983093262,1.0,7.739903151489258,7.875220243591309,1
Gheshlagh,reservoir,1998-06,1998,6,2,2,0,0,0,7.878876983093262,7.878876983093262,1.0,7.537286584106445,7.817438764282227,1
Gheshlagh,reservoir,1998-07,1998,7,4,4,0,0,0,7.878876983093262,7.878876983093262,1.0,7.1049823346557615,7.640441333740235,1
Gheshlagh,reservoir,1998-08,1998,8,4,4,0,0,0,7.878876983093262,7.878876983093262,1.0,6.705583072753906,7.498536632751465,1
Gheshlagh,reservoir,1998-09,1998,9,4,4,0,0,0,7.878876983093262,7.878876983093262,1.0,6.347857894592285,7.1049960221557615,1
Gheshlagh,reservoir,1998-10,1998,10,4,4,0,0,0,7.878876983093262,7.878876983093262,1.0,6.164238426208496,7.017945555969238,1
Gheshlagh,reservoir,1998-11,1998,11,2,2,0,0,0,7.878876983093262,7.875950335388183,0.9996285450691312,6.084495188598633,6.925036336364746,1
Gheshlagh,reservoir,1998-12,1998,12,4,4,0,0,0,7.878876983093262,7.878876983093262,1.0,6.0318257461547855,6.95210427935791,1
Gheshlagh,reservoir,1999-01,1999,1,3,3,0,0,0,7.878876983093262,7.747189927307128,0.983286062713162,5.708470024658203,6.339057947631836,1
Gheshlagh,reservoir,1999-02,1999,2,4,4,0,0,0,7.878876983093262,7.875218886291504,0.9995357083490948,6.063994310668945,7.052275967224121,1
Gheshlagh,reservoir,1999-03,1999,3,4,4,0,0,0,7.878876983093262,7.878145384887695,0.999907144354819,6.0054822142944335,6.815299661010743,1
Gheshlagh,reservoir,1999-04,1999,4,2,2,0,0,0,7.878876983093262,3.5699223649292,0.4531004066429326,2.6724441646728514,3.0828185,1
Gheshlagh,reservoir,1999-05,1999,5,4,4,0,0,0,7.878876983093262,7.878876983093262,1.0,5.914058092895508,6.762642245544433,1
Gheshlagh,reservoir,1999-06,1999,6,4,4,0,0,0,7.878876983093262,7.878876983093262,1.0,5.64997279888916,6.705590462158203,1
Gheshlagh,reservoir,1999-07,1999,7,4,2,2,0,0,7.878876983093262,7.878876983093262,1.0,5.614121803955078,6.467102469604492,1
Gheshlagh,reservoir,1999-08,1999,8,6,4,2,0,0,7.878876983093262,7.878876983093262,1.0,5.345647276672364,6.339820115966797,1
Gheshlagh,reservoir,1999-09,1999,9,2,2,0,0,0,7.878876983093262,7.878876983093262,1.0,5.122520536743164,6.038431892700196,1
Gheshlagh,reservoir,1999-10,1999,10,6,4,2,0,0,7.878876983093262,7.878876983093262,1.0,4.992313048461914,6.0764785397949215,1
Gheshlagh,reservoir,1999-11,1999,11,2,2,0,0,0,7.878876983093262,7.878145731506348,0.9999071883482274,4.791142635192871,5.43490311907959,1
Gheshlagh,reservoir,1999-12,1999,12,4,2,2,0,0,7.878876983093262,6.460278705078125,0.8199491779019765,3.578125955078125,4.655739988098144,1
Gheshlagh,reservoir,2000-01,2000,1,3,3,0,0,0,7.878876983093262,0.6861780416259765,0.0870908434156794,0.4806183076171875,0.6430176124267578,1
Gheshlagh,reservoir,2000-02,2000,2,4,4,0,0,0,7.878876983093262,7.779413920959473,0.9873759848837316,5.001817301513672,6.843096575622559,1
Gheshlagh,reservoir,2000-03,2000,3,6,4,2,0,0,7.878876983093262,7.866444487854004,0.9984220472960884,4.769916295959472,5.686537335021972,1
Gheshlagh,reservoir,2000-04,2000,4,6,4,2,0,0,7.878876983093262,7.878876983093262,1.0,5.369786588500976,6.487563440246582,1
Gheshlagh,reservoir,2000-05,2000,5,6,4,2,0,0,7.878876983093262,7.878876983093262,1.0,5.315659598815918,6.399817712036133,1
Gheshlagh,reservoir,2000-06,2000,6,6,4,2,0,0,7.878876983093262,7.878876983093262,1.0,5.1305791972045895,6.121100590087891,1
Gheshlagh,reservoir,2000-07,2000,7,4,4,0,0,0,7.878876983093262,7.878876983093262,1.0,4.823336089172363,6.11306116607666,1
Gheshlagh,reservoir,2000-08,2000,8,4,2,2,0,0,7.878876983093262,7.878876983093262,1.0,4.776518534667969,5.865812293334961,1
Gheshlagh,reservoir,2000-09,2000,9,4,4,0,0,0,7.878876983093262,7.878876983093262,1.0,4.499988831359864,5.67342899194336,1
Gheshlagh,reservoir,2000-10,2000,10,6,4,2,0,0,7.878876983093262,7.878876983093262,1.0,4.30027544708252,5.29594902319336,1
Gheshlagh,reservoir,2000-11,2000,11,5,3,2,0,0,7.878876983093262,7.878876983093262,1.0,4.12104564239502,5.012098258361816,1
Gheshlagh,reservoir,2000-12,2000,12,4,4,0,0,0,7.878876983093262,7.859858927734375,0.9975861971954002,4.194183333984375,5.392471401428223,1
Gheshlagh,reservoir,2001-01,2001,1,6,4,2,0,0,7.878876983093262,7.510255523620605,0.9532139592655584,5.169946827575684,7.392461679870605,1
Gheshlagh,reservoir,2001-02,2001,2,5,4,1,0,0,7.878876983093262,7.6945590692138675,0.9766060678095484,4.683599004577637,7.107145462280274,1
Gheshlagh,reservoir,2001-03,2001,3,7,4,3,0,0,7.878876983093262,7.878876983093262,1.0,4.576792987182618,5.534395897216797,1
Gheshlagh,reservoir,2001-04,2001,4,6,4,2,0,0,7.878876983093262,7.878876983093262,1.0,4.786035194458008,6.03772815991211,1
Gheshlagh,reservoir,2001-05,2001,5,4,2,2,0,0,7.878876983093262,7.878876983093262,1.0,4.611187141296386,5.470773744262695,1
Gheshlagh,reservoir,2001-06,2001,6,0,0,0,0,0,7.878876983093262,0.0,0.0,,,0
Gheshlagh,reservoir,2001-07,2001,7,4,2,2,0,0,7.878876983093262,7.856929121582032,0.99721434138922,4.326618264953614,5.332522183776855,1
Gheshlagh,reservoir,2001-08,2001,8,6,4,2,0,0,7.878876983093262,7.878876983093262,1.0,4.031069112304688,4.876772689697265,1
Gheshlagh,reservoir,2001-09,2001,9,4,4,0,0,0,7.878876983093262,7.878876983093262,1.0,3.902316003845215,4.903840852111816,1
Gheshlagh,reservoir,2001-10,2001,10,6,4,2,0,0,7.878876983093262,7.878876983093262,1.0,3.743553216979981,4.9323507518920895,1
Gheshlagh,reservoir,2001-11,2001,11,3,3,0,0,0,7.878876983093262,7.875950693847656,0.999628590565396,3.787443686462402,6.231562197143555,1
Gheshlagh,reservoir,2001-12,2001,12,6,4,2,0,0,7.878876983093262,7.878145625549316,0.999907174899987,3.541637024658203,4.719460767211914,1
Gheshlagh,reservoir,2002-01,2002,1,6,4,2,0,0,7.878876983093262,6.798559906677246,0.8628843833030782,4.390282622619629,6.184091607849121,1
Gheshlagh,reservoir,2002-02,2002,2,5,3,2,0,0,7.878876983093262,7.222775958129882,0.9167265809110536,3.984255498840332,6.080898340820313,1
Gheshlagh,reservoir,2002-03,2002,3,4,2,2,0,0,7.878876983093262,7.878876983093262,1.0,3.9344980850219726,4.723112229125976,1
Gheshlagh,reservoir,2002-04,2002,4,3,0,3,0,0,7.878876983093262,7.878876983093262,1.0,4.783827131652832,5.482448888549805,1
Gheshlagh,reservoir,2002-05,2002,5,4,2,2,0,0,7.878876983093262,7.878876983093262,1.0,5.446605381835938,6.18765835333252,1
Gheshlagh,reservoir,2002-06,2002,6,0,0,0,0,0,7.878876983093262,0.0,0.0,,,0
Gheshlagh,reservoir,2002-07,2002,7,3,1,2,0,0,7.878876983093262,7.878876983093262,1.0,5.14595054284668,6.038440187133789,1
Gheshlagh,reservoir,2002-08,2002,8,2,2,0,0,0,7.878876983093262,7.878876983093262,1.0,5.079367811767578,6.224978141601563,1
Gheshlagh,reservoir,2002-09,2002,9,2,0,2,0,0,7.878876983093262,7.878876983093262,1.0,4.797727083190918,5.586343140136719,1
Gheshlagh,reservoir,2002-10,2002,10,0,0,0,0,0,7.878876983093262,0.0,0.0,,,0
Gheshlagh,reservoir,2002-11,2002,11,2,0,2,0,0,7.878876983093262,7.878876983093262,1.0,4.598014550109864,5.339820541564942,1
Gheshlagh,reservoir,2002-12,2002,12,0,0,0,0,0,7.878876983093262,0.0,0.0,,,0
Gheshlagh,reservoir,2003-01,2003,1,0,0,0,0,0,7.878876983093262,0.0,0.0,,,0
Gheshlagh,reservoir,2003-02,2003,2,4,0,4,0,0,7.878876983093262,7.878876983093262,1.0,5.1810483780517576,6.4817053864746095,1
Gheshlagh,reservoir,2003-03,2003,3,2,0,2,0,0,7.878876983093262,0.1967994921264648,0.0249781145902853,0.0021947269287109,0.1807016047973632,1
Gheshlagh,reservoir,2003-04,2003,4,2,0,2,0,0,7.878876983093262,7.878876983093262,1.0,6.854083698181152,7.375647260192871,1
Gheshlagh,reservoir,2003-05,2003,5,4,0,4,0,0,7.878876983093262,7.878876983093262,1.0,7.103511205932617,7.593615010986328,1
Gheshlagh,reservoir,2003-06,2003,6,0,0,0,0,0,7.878876983093262,0.0,0.0,,,0
Gheshlagh,reservoir,2003-07,2003,7,0,0,0,0,0,7.878876983093262,0.0,0.0,,,0
Gheshlagh,reservoir,2003-08,2003,8,2,0,2,0,0,7.878876983093262,7.656545668395996,0.971781344578123,6.738533307495117,7.307651882934571,1
Gheshlagh,reservoir,2003-09,2003,9,0,0,0,0,0,7.878876983093262,0.0,0.0,,,0
Gheshlagh,reservoir,2003-10,2003,10,4,0,4,0,0,7.878876983093262,5.962125152709961,0.7567227113081818,4.886869715332031,5.47134068170166,1
Gheshlagh,reservoir,2003-11,2003,11,3,0,3,0,0,7.878876983093262,7.628671008483887,0.9682434469853668,6.065431102050781,6.806493592712402,1
Gheshlagh,reservoir,2003-12,2003,12,0,0,0,0,0,7.878876983093262,0.0,0.0,,,0
Gheshlagh,reservoir,2004-01,2004,1,1,0,1,0,0,7.878876983093262,6.008527184753418,0.7626121333848341,5.146758868408203,5.9602443161010745,1
Gheshlagh,reservoir,2004-02,2004,2,4,0,4,0,0,7.878876983093262,7.255616550170898,0.9208947627612696,6.311269988586425,6.930856960693359,1
Gheshlagh,reservoir,2004-03,2004,3,1,0,1,0,0,7.878876983093262,6.903709780334473,0.8762301778728957,6.276850509033203,6.65283733770752,1
Gheshlagh,reservoir,2004-04,2004,4,2,0,2,0,0,7.878876983093262,6.31496287310791,0.8015054539699951,5.824125317382813,6.124789591369629,1
Gheshlagh,reservoir,2004-05,2004,5,4,0,4,0,0,7.878876983093262,6.867138059936523,0.871588435086909,6.657944965270996,6.860555647338868,1
Gheshlagh,reservoir,2004-06,2004,6,2,0,2,0,0,7.878876983093262,6.679881914489746,0.8478215777227698,6.488247746887207,6.66891113269043,1
Gheshlagh,reservoir,2004-07,2004,7,4,2,2,0,0,7.878876983093262,7.878876983093262,1.0,7.6360419798583985,7.856934469177246,1
Gheshlagh,reservoir,2004-08,2004,8,5,1,4,0,0,7.878876983093262,7.878876983093262,1.0,7.464143042663574,7.8269506339111325,1
Gheshlagh,reservoir,2004-09,2004,9,7,3,4,0,0,7.878876983093262,7.878876983093262,1.0,7.333206187683105,7.797695463623047,1
Gheshlagh,reservoir,2004-10,2004,10,2,0,2,0,0,7.878876983093262,3.528713748840332,0.4478701414443143,3.185690770263672,3.394875910522461,1
Gheshlagh,reservoir,2004-11,2004,11,2,2,0,0,0,7.878876983093262,7.875218758789062,0.9995356921662758,7.277611564575195,7.726019515197754,1
Gheshlagh,reservoir,2004-12,2004,12,0,0,0,0,0,7.878876983093262,0.0,0.0,,,0
Gheshlagh,reservoir,2005-01,2005,1,1,1,0,0,0,7.878876983093262,1.5597324313964844,0.1979638005192119,1.5107191666259765,1.5597324313964844,1
Gheshlagh,reservoir,2005-02,2005,2,4,2,2,0,0,7.878876983093262,6.9717275936279295,0.8848631103884574,6.686450913879394,6.910291793823242,1
Gheshlagh,reservoir,2005-03,2005,3,6,2,4,0,0,7.878876983093262,7.878876983093262,1.0,7.8430358345336915,7.878876983093262,1
Gheshlagh,reservoir,2005-04,2005,4,0,0,0,0,0,7.878876983093262,0.0,0.0,,,0
Gheshlagh,reservoir,2005-05,2005,5,1,0,1,0,0,7.878876983093262,5.568264431823731,0.7067332620844677,5.481940723327637,5.563144009704589,1
Gheshlagh,reservoir,2005-06,2005,6,7,3,4,0,0,7.878876983093262,7.878876983093262,1.0,7.546799861572266,7.8284143046875,1
Gheshlagh,reservoir,2005-07,2005,7,4,0,4,0,0,7.878876983093262,7.447971163452149,0.9453087260321787,6.807214148376465,7.305353131896973,1
Gheshlagh,reservoir,2005-08,2005,8,4,0,4,0,0,7.878876983093262,7.878876983093262,1.0,7.020127884765625,7.576074439086914,1
Gheshlagh,reservoir,2005-09,2005,9,3,0,3,0,0,7.878876983093262,7.626536902770996,0.9679725827851172,6.513217765441895,7.106486267578125,1
Gheshlagh,reservoir,2005-10,2005,10,6,2,4,0,0,7.878876983093262,7.878876983093262,1.0,6.59072744342041,7.290064557983398,1
Gheshlagh,reservoir,2005-11,2005,11,6,2,4,0,0,7.878876983093262,7.878876983093262,1.0,6.407108505493164,7.136440237609864,1
Gheshlagh,reservoir,2005-12,2005,12,4,0,4,0,0,7.878876983093262,6.883209778076172,0.8736282839351822,5.401182898071289,6.018597486328125,1
Gheshlagh,reservoir,2006-01,2006,1,2,0,2,0,0,7.878876983093262,0.2501079362182617,0.0317441098211015,0.1594286918945312,0.2501079362182617,1
Gheshlagh,reservoir,2006-02,2006,2,3,3,0,0,0,7.878876983093262,7.859858845336914,0.9975861867373792,6.325147739501953,7.274665126220703,1
Gheshlagh,reservoir,2006-03,2006,3,4,2,2,0,0,7.878876983093262,7.539444949401855,0.9569187291006358,6.309815304992676,7.145198400634766,1
Gheshlagh,reservoir,2006-04,2006,4,3,1,2,0,0,7.878876983093262,6.332353578125,0.8037127107978916,5.554082661010742,6.021515564819336,1
Gheshlagh,reservoir,2006-05,2006,5,2,2,0,0,0,7.878876983093262,7.878876983093262,1.0,6.828475872131348,7.45757838684082,1
Gheshlagh,reservoir,2006-06,2006,6,5,1,4,0,0,7.878876983093262,7.878876983093262,1.0,6.784584960510254,7.356634444824219,1
Gheshlagh,reservoir,2006-07,2006,7,6,2,4,0,0,7.878876983093262,7.878876983093262,1.0,6.521242055419922,7.235942095520019,1
Gheshlagh,reservoir,2006-08,2006,8,8,4,4,0,0,7.878876983093262,7.878876983093262,1.0,6.354454064270019,7.222775153808594,1
Gheshlagh,reservoir,2006-09,2006,9,8,4,4,0,0,7.878876983093262,7.878876983093262,1.0,6.207400794616699,7.049396309997559,1
Gheshlagh,reservoir,2006-10,2006,10,4,4,0,0,0,7.878876983093262,7.600141347351074,0.9646224155624834,5.822587686706543,6.850401257324219,1
Gheshlagh,reservoir,2006-11,2006,11,3,1,2,0,0,7.878876983093262,6.938106539001465,0.880595870945754,5.062598370239257,5.825542165344238,1
Gheshlagh,reservoir,2006-12,2006,12,2,0,2,0,0,7.878876983093262,4.393139301940918,0.5575844516125652,4.393139301940918,4.393139301940918,1
Gheshlagh,reservoir,2007-01,2007,1,5,3,2,0,0,7.878876983093262,3.71888794909668,0.4720073631149191,3.699866247253418,3.71888794909668,1
Gheshlagh,reservoir,2007-02,2007,2,7,3,4,0,0,7.878876983093262,7.580439948486328,0.9621218816784004,6.534407343139648,7.512408828063965,1
Gheshlagh,reservoir,2007-03,2007,3,1,1,0,0,0,7.878876983093262,0.0365775983276367,0.0046424888224712,0.0329199975585937,0.035114219177246,1
Gheshlagh,reservoir,2007-04,2007,4,5,1,4,0,0,7.878876983093262,7.751580555236816,0.9838433284172856,7.165673642822266,7.628706697021484,1
Gheshlagh,reservoir,2007-05,2007,5,6,2,4,0,0,7.878876983093262,7.878876983093262,1.0,7.629457618774414,7.849623176635742,1
Gheshlagh,reservoir,2007-06,2007,6,7,4,3,0,0,7.878876983093262,7.878876983093262,1.0,7.573140567443848,7.862055900024414,1
Gheshlagh,reservoir,2007-07,2007,7,6,4,2,0,0,7.878876983093262,7.878876983093262,1.0,7.529246828613282,7.839383357910156,1
Gheshlagh,reservoir,2007-08,2007,8,8,4,4,0,0,7.878876983093262,7.878876983093262,1.0,7.285665329528808,7.775755963562012,1
Gheshlagh,reservoir,2007-09,2007,9,6,2,4,0,0,7.878876983093262,7.878876983093262,1.0,7.102057861206054,7.633126730163574,1
Gheshlagh,reservoir,2007-10,2007,10,1,0,1,0,0,7.878876983093262,4.032809814025879,0.5118508415196236,3.6984469744873048,3.913551168945312,1
Gheshlagh,reservoir,2007-11,2007,11,0,0,0,0,0,7.878876983093262,0.0,0.0,,,0
Gheshlagh,reservoir,2007-12,2007,12,2,0,2,0,0,7.878876983093262,7.0478175602417,0.8945205738540054,5.944003941833496,6.452415431762695,1
Gheshlagh,reservoir,2008-01,2008,1,3,0,3,0,0,7.878876983093262,6.088130529846191,0.7727155206142056,5.94109368560791,6.08593586517334,1
Gheshlagh,reservoir,2008-02,2008,2,4,0,4,0,0,7.878876983093262,7.294460753723144,0.9258249328395182,6.454726550720215,7.254240992675781,1
Gheshlagh,reservoir,2008-03,2008,3,4,0,4,0,0,7.878876983093262,7.324368225402832,0.9296208382387094,6.246162628967285,6.884773201477051,1
Gheshlagh,reservoir,2008-04,2008,4,4,0,4,0,0,7.878876983093262,6.986377582702636,0.8867225110500166,6.070568354797364,6.619206908325196,1
Gheshlagh,reservoir,2008-05,2008,5,4,0,4,0,0,7.878876983093262,2.5499239802856444,0.3236405373198934,1.7753488837280271,2.3678155998535155,1
Gheshlagh,reservoir,2008-06,2008,6,4,0,4,0,0,7.878876983093262,7.811567417236328,0.9914569594116815,6.563664899414063,7.282012560913086,1
Gheshlagh,reservoir,2008-07,2008,7,4,0,4,0,0,7.878876983093262,6.970240380981445,0.8846743509180817,5.632365912292481,6.367535197082519,1
Gheshlagh,reservoir,2008-08,2008,8,4,0,4,0,0,7.878876983093262,7.85107665625,0.9964715368823608,6.213995314147949,7.032572533325196,1
Gheshlagh,reservoir,2008-09,2008,9,2,0,2,0,0,7.878876983093262,6.94175719329834,0.8810592179817222,5.475839280090332,6.156894079101562,1
Gheshlagh,reservoir,2008-10,2008,10,2,0,2,0,0,7.878876983093262,6.822508422424316,0.8659239682335776,5.268798835388184,6.00472007043457,1
Gheshlagh,reservoir,2008-11,2008,11,3,0,3,0,0,7.878876983093262,6.860515319396972,0.8707478659862921,5.251211073425293,5.869357271911621,1
Gheshlagh,reservoir,2008-12,2008,12,4,0,4,0,0,7.878876983093262,7.878876983093262,1.0,5.992321257019043,6.693861888244629,1
Gheshlagh,reservoir,2009-01,2009,1,2,0,2,0,0,7.878876983093262,0.0,0.0,,,0
Gheshlagh,reservoir,2009-02,2009,2,0,0,0,0,0,7.878876983093262,0.0,0.0,,,0
Gheshlagh,reservoir,2009-03,2009,3,2,0,2,0,0,7.878876983093262,6.89201082421875,0.8747453271586598,5.417295522644043,6.123958429443359,1
Gheshlagh,reservoir,2009-04,2009,4,4,0,4,0,0,7.878876983093262,7.043434222351074,0.8939642334136062,5.807946903564453,6.413645446411133,1
Gheshlagh,reservoir,2009-05,2009,5,4,0,4,0,0,7.878876983093262,7.190431954833985,0.9126214269195262,5.76769342578125,6.533592211669922,1
Gheshlagh,reservoir,2009-06,2009,6,2,0,2,0,0,7.878876983093262,6.927846295593262,0.8792936240100269,5.448778776367187,6.245409662536621,1
Gheshlagh,reservoir,2009-07,2009,7,5,4,1,0,0,7.878876983093262,7.878876983093262,1.0,5.859944988525391,6.9645497045288085,1
Gheshlagh,reservoir,2009-08,2009,8,4,2,2,0,0,7.878876983093262,7.878876983093262,1.0,5.922108160583496,6.839460197692871,1
Gheshlagh,reservoir,2009-09,2009,9,8,4,4,0,0,7.878876983093262,7.878876983093262,1.0,5.682171459106446,6.614882909545899,1
Gheshlagh,reservoir,2009-10,2009,10,6,2,4,0,0,7.878876983093262,7.878876983093262,1.0,5.540232817932129,6.437111037109375,1
Gheshlagh,reservoir,2009-11,2009,11,4,4,0,0,0,7.878876983093262,7.878876983093262,1.0,5.521944279541016,6.381507152038575,1
Gheshlagh,reservoir,2009-12,2009,12,1,1,0,0,0,7.878876983093262,0.2634239472045898,0.0334341997939367,0.1112230814819335,0.1822010533447265,1
Gheshlagh,reservoir,2010-01,2010,1,6,2,4,0,0,7.878876983093262,7.878876983093262,1.0,5.500729474975586,6.355893313476562,1
Gheshlagh,reservoir,2010-02,2010,2,6,4,2,0,0,7.878876983093262,7.763328944946289,0.9853344533243864,5.795568077636719,6.80801740246582,1
Gheshlagh,reservoir,2010-03,2010,3,5,2,3,0,0,7.878876983093262,4.382360175231933,0.5562163471565474,3.493464385070801,4.132142026611328,1
Gheshlagh,reservoir,2010-04,2010,4,6,4,2,0,0,7.878876983093262,7.878876983093262,1.0,6.3712599718017575,7.2139797994384764,1
Gheshlagh,reservoir,2010-05,2010,5,0,0,0,0,0,7.878876983093262,0.0,0.0,,,0
Gheshlagh,reservoir,2010-06,2010,6,6,2,4,0,0,7.878876983093262,7.878876983093262,1.0,6.873851165710449,7.631669505187988,1
Gheshlagh,reservoir,2010-07,2010,7,8,4,4,0,0,7.878876983093262,7.878876983093262,1.0,6.825552632446289,7.490496637268066,1
Gheshlagh,reservoir,2010-08,2010,8,8,4,4,0,0,7.878876983093262,7.878876983093262,1.0,6.652919284484863,7.34493776751709,1
Gheshlagh,reservoir,2010-09,2010,9,4,0,4,0,0,7.878876983093262,7.878876983093262,1.0,6.5183142835083006,7.154742321594238,1
Gheshlagh,reservoir,2010-10,2010,10,4,2,2,0,0,7.878876983093262,7.878876983093262,1.0,6.254958090881348,7.025263399230957,1
Gheshlagh,reservoir,2010-11,2010,11,2,2,0,0,0,7.878876983093262,7.877413839660645,0.9998142954337584,6.099853865905762,6.826277224365234,1
Gheshlagh,reservoir,2010-12,2010,12,6,4,2,0,0,7.878876983093262,7.877413664001465,0.9998142731388068,6.083766828369141,6.814574780517578,1
Gheshlagh,reservoir,2011-01,2011,1,0,0,0,0,0,7.878876983093262,0.0,0.0,,,0
Gheshlagh,reservoir,2011-02,2011,2,4,0,4,0,0,7.878876983093262,7.38362385736084,0.9371416603159116,5.946959411865234,6.892100472778321,1
Gheshlagh,reservoir,2011-03,2011,3,2,0,2,0,0,7.878876983093262,6.775665216674804,0.859978551665959,5.251960028381348,5.830599315856934,1
Gheshlagh,reservoir,2011-04,2011,4,4,0,4,0,0,7.878876983093262,7.0836438065185545,0.8990676998408348,5.559210460205078,6.271723612243652,1
Gheshlagh,reservoir,2011-05,2011,5,1,0,1,0,0,7.878876983093262,3.802168466308594,0.4825774630657903,3.4414926353149413,3.7553463271484375,1
Gheshlagh,reservoir,2011-06,2011,6,1,1,0,0,0,7.878876983093262,7.878876983093262,1.0,6.448820362365723,7.153275079040528,1
Gheshlagh,reservoir,2011-07,2011,7,4,4,0,0,0,7.878876983093262,7.878876983093262,1.0,6.306167851501465,7.092561144470215,1
Gheshlagh,reservoir,2011-08,2011,8,6,2,4,0,0,7.878876983093262,7.878876983093262,1.0,6.113035188781739,6.938937970031739,1
Gheshlagh,reservoir,2011-09,2011,9,4,0,4,0,0,7.878876983093262,7.878876983093262,1.0,5.872362490112304,6.802874898071289,1
Gheshlagh,reservoir,2011-10,2011,10,5,2,3,0,0,7.878876983093262,6.84514972845459,0.8687976399610153,4.961520716918946,5.703294688964844,1
Gheshlagh,reservoir,2011-11,2011,11,4,0,4,0,0,7.878876983093262,7.088039294189453,0.8996255823512903,5.079303541931153,6.003976118774414,1
Gheshlagh,reservoir,2011-12,2011,12,4,0,4,0,0,7.878876983093262,7.878876983093262,1.0,5.663133369812011,6.483918601013183,1
Gheshlagh,reservoir,2012-01,2012,1,4,0,4,0,0,7.878876983093262,6.951245629333496,0.8822635058587276,5.148063212646484,6.108569069885254,1
Gheshlagh,reservoir,2012-02,2012,2,1,0,1,0,0,7.878876983093262,0.0,0.0,,,0
Gheshlagh,reservoir,2012-03,2012,3,3,0,3,0,0,7.878876983093262,6.0186537360839845,0.7638974119026097,5.618493955810547,6.013532045959472,1
Gheshlagh,reservoir,2012-04,2012,4,4,0,4,0,0,7.878876983093262,5.529309663330079,0.701789058922362,4.892893111083985,5.421786208618164,1
Gheshlagh,reservoir,2012-05,2012,5,4,0,4,0,0,7.878876983093262,5.382590747436524,0.683167253275645,5.013232576660156,5.335052685913086,1
Gheshlagh,reservoir,2012-06,2012,6,4,0,4,0,0,7.878876983093262,7.878876983093262,1.0,7.245454430847168,7.761130845153809,1
Gheshlagh,reservoir,2012-07,2012,7,4,0,4,0,0,7.878876983093262,7.878876983093262,1.0,7.156925715881347,7.644096638061524,1
Gheshlagh,reservoir,2012-08,2012,8,4,0,4,0,0,7.878876983093262,7.551132997863769,0.9584021953975452,6.552684297912598,7.156171825012207,1
Gheshlagh,reservoir,2012-09,2012,9,4,0,4,0,0,7.878876983093262,7.878876983093262,1.0,6.603907541687012,7.303973575500488,1
Gheshlagh,reservoir,2012-10,2012,10,4,0,4,0,0,7.878876983093262,7.855474469360351,0.9970297145414088,6.557088902282715,7.263007841552734,1
Gheshlagh,reservoir,2012-11,2012,11,2,0,2,0,0,7.878876983093262,6.82177212322998,0.8658305159311853,5.476560016845703,6.058853079101563,1
Gheshlagh,reservoir,2012-12,2012,12,4,0,4,0,0,7.878876983093262,5.039414862915039,0.6396108066833346,3.8274877298583982,4.642251027282715,1
Gheshlagh,reservoir,2013-01,2013,1,2,0,2,0,0,7.878876983093262,6.237347774475098,0.7916544182450611,5.671154437988282,6.084466991333008,1
Gheshlagh,reservoir,2013-02,2013,2,3,0,3,0,0,7.878876983093262,5.198396750549317,0.6597890488332534,4.196260993041992,4.671756586669922,1
Gheshlagh,reservoir,2013-03,2013,3,5,0,3,2,0,7.878876983093262,7.878876983093262,1.0,6.843101200927735,7.333218387695313,1
Gheshlagh,reservoir,2013-04,2013,4,6,0,3,3,0,7.878876983093262,7.878876983093262,1.0,7.04134200958252,7.466352084472656,1
Gheshlagh,reservoir,2013-05,2013,5,4,0,2,2,0,7.878876983093262,7.878876983093262,1.0,7.053781489135742,7.52633554510498,1
Gheshlagh,reservoir,2013-06,2013,6,8,0,4,4,0,7.878876983093262,7.878876983093262,1.0,6.846777124572754,7.475869536132812,1
Gheshlagh,reservoir,2013-07,2013,7,8,0,4,4,0,7.878876983093262,7.878876983093262,1.0,6.71363337890625,7.29300109375,1
Gheshlagh,reservoir,2013-08,2013,8,8,0,4,4,0,7.878876983093262,7.878876983093262,1.0,6.323001500549316,7.036975850219727,1
Gheshlagh,reservoir,2013-09,2013,9,6,0,4,2,0,7.878876983093262,7.878876983093262,1.0,6.023797380187989,6.830681014892578,1
Gheshlagh,reservoir,2013-10,2013,10,8,0,4,4,0,7.878876983093262,7.878876983093262,1.0,5.924299072509766,6.694609219116211,1
Gheshlagh,reservoir,2013-11,2013,11,4,0,2,2,0,7.878876983093262,7.566475949645996,0.9603495480234524,5.3346597169799805,6.019368569213867,1
Gheshlagh,reservoir,2013-12,2013,12,8,0,4,4,0,7.878876983093262,7.878876983093262,1.0,5.900882890319824,6.636082252624512,1
Gheshlagh,reservoir,2014-01,2014,1,5,0,3,2,0,7.878876983093262,6.240901542053223,0.7921054682596445,4.821054636291504,5.612580828674316,1
Gheshlagh,reservoir,2014-02,2014,2,6,0,2,4,0,7.878876983093262,7.750141349243164,0.9836606620300912,5.965263977233887,6.728991027954102,1
Gheshlagh,reservoir,2014-03,2014,3,6,0,4,2,0,7.878876983093262,7.388715558837891,0.9377879074254905,5.725283565246582,6.38146790032959,1
Gheshlagh,reservoir,2014-04,2014,4,8,0,4,4,0,7.878876983093262,7.878876983093262,1.0,6.309818251464844,6.982098980102539,1
Gheshlagh,reservoir,2014-05,2014,5,7,0,3,4,0,7.878876983093262,7.87814529107666,0.9999071324481684,6.426137796142578,7.03476507824707,1
Gheshlagh,reservoir,2014-06,2014,6,8,0,4,4,0,7.878876983093262,7.878876983093262,1.0,5.938962653198242,6.886277440612793,1
Gheshlagh,reservoir,2014-07,2014,7,8,0,4,4,0,7.878876983093262,7.878876983093262,1.0,5.994528517272949,6.696806787902832,1
Gheshlagh,reservoir,2014-08,2014,8,8,0,4,4,0,7.878876983093262,7.878876983093262,1.0,5.641936095275879,6.468568658813477,1
Gheshlagh,reservoir,2014-09,2014,9,6,0,2,4,0,7.878876983093262,7.878876983093262,1.0,5.4626965505371095,6.222769717712402,1
Gheshlagh,reservoir,2014-10,2014,10,7,0,3,4,0,7.878876983093262,7.878876983093262,1.0,5.353696286437988,6.181807768798828,1
Gheshlagh,reservoir,2014-11,2014,11,6,0,3,3,0,7.878876983093262,7.878876983093262,1.0,5.30542042163086,5.985760294921875,1
Gheshlagh,reservoir,2014-12,2014,12,7,0,3,4,0,7.878876983093262,7.878876983093262,1.0,5.125447488891601,5.821146509033203,1
Gheshlagh,reservoir,2015-01,2015,1,8,0,4,4,0,7.878876983093262,7.878876983093262,1.0,5.256388452575684,5.967456632019043,1
Gheshlagh,reservoir,2015-02,2015,2,6,0,4,2,0,7.878876983093262,7.878876983093262,1.0,5.281992838806152,6.256428811401367,1
Gheshlagh,reservoir,2015-03,2015,3,6,0,4,2,0,7.878876983093262,7.878876983093262,1.0,5.327355884643555,6.02012650201416,1
Gheshlagh,reservoir,2015-04,2015,4,8,0,4,4,0,7.878876983093262,7.878876983093262,1.0,5.372712434570312,6.173767791137696,1
Gheshlagh,reservoir,2015-05,2015,5,8,0,4,4,0,7.878876983093262,7.878876983093262,1.0,4.418111590332031,5.9550234342651365,1
Gheshlagh,reservoir,2015-06,2015,6,6,0,2,4,0,7.878876983093262,7.878876983093262,1.0,4.927941561157226,5.837267563354493,1
Gheshlagh,reservoir,2015-07,2015,7,8,0,4,4,0,7.878876983093262,7.878876983093262,1.0,4.812353681213379,5.6785159353637695,1
Gheshlagh,reservoir,2015-08,2015,8,8,0,4,4,0,7.878876983093262,7.878876983093262,1.0,4.695307694030761,5.545382279968262,1
Gheshlagh,reservoir,2015-09,2015,9,8,0,4,4,0,7.878876983093262,7.878876983093262,1.0,4.657261797668457,5.396140976379394,1
Gheshlagh,reservoir,2015-10,2015,10,6,0,4,2,0,7.878876983093262,7.878876983093262,1.0,4.59581089440918,5.45906405682373,1
Gheshlagh,reservoir,2015-11,2015,11,8,0,4,4,0,7.878876983093262,7.878876983093262,1.0,4.916229440856934,5.596574734558105,1
Gheshlagh,reservoir,2015-12,2015,12,2,0,1,1,0,7.878876983093262,0.0,0.0,,,0
Gheshlagh,reservoir,2016-01,2016,1,5,0,2,3,0,7.878876983093262,7.878876983093262,1.0,5.517543123596192,6.219830809387207,1
Gheshlagh,reservoir,2016-02,2016,2,6,0,2,4,0,7.878876983093262,7.878876983093262,1.0,6.290791626037597,6.888457206542968,1
Gheshlagh,reservoir,2016-03,2016,3,8,0,4,4,0,7.878876983093262,7.34188842980957,0.9318445313417156,6.241021023498536,6.847432843383789,1
Gheshlagh,reservoir,2016-04,2016,4,8,0,4,4,0,7.878876983093262,7.878876983093262,1.0,7.554115778442383,7.810859987060547,1
Gheshlagh,reservoir,2016-05,2016,5,6,0,2,4,0,7.878876983093262,7.425289118591309,0.9424298836654924,7.166384133605957,7.404080588256836,1
Gheshlagh,reservoir,2016-06,2016,6,6,0,2,4,0,7.878876983093262,7.878876983093262,1.0,6.898834505249024,7.788920418823242,1
Gheshlagh,reservoir,2016-07,2016,7,8,0,4,4,0,7.878876983093262,7.878876983093262,1.0,7.306157337463379,7.753814522460938,1
Gheshlagh,reservoir,2016-08,2016,8,8,0,4,4,0,7.878876983093262,7.878876983093262,1.0,7.227884793640137,7.708467717651367,1
Gheshlagh,reservoir,2016-09,2016,9,6,0,2,4,0,7.878876983093262,7.878876983093262,1.0,6.968197818908691,7.511701815185547,1
Gheshlagh,reservoir,2016-10,2016,10,8,0,4,4,0,7.878876983093262,7.878876983093262,1.0,6.672675719482422,7.373459847290039,1
Gheshlagh,reservoir,2016-11,2016,11,6,0,4,2,0,7.878876983093262,7.804287459472656,0.9905329752221462,6.209653701599121,7.246197272888184,1
Gheshlagh,reservoir,2016-12,2016,12,7,0,4,3,0,7.878876983093262,7.878876983093262,1.0,6.7180174171142575,7.350046579467773,1
Gheshlagh,reservoir,2017-01,2017,1,6,0,2,4,0,7.878876983093262,7.878876983093262,1.0,6.492702727233887,7.13570892376709,1
Gheshlagh,reservoir,2017-02,2017,2,8,0,4,4,0,7.878876983093262,7.488315909423828,0.9504293474174668,5.939656973205566,6.374197490356445,1
Gheshlagh,reservoir,2017-03,2017,3,3,0,0,3,0,7.878876983093262,5.838578646362305,0.7410419859189207,4.702538293579101,5.289952180786133,1
Gheshlagh,reservoir,2017-04,2017,4,8,0,4,4,0,7.878876983093262,7.597201137023926,0.9642492392413584,7.270244925231934,7.570870507202148,1
Gheshlagh,reservoir,2017-05,2017,5,7,0,3,4,0,7.878876983093262,7.878876983093262,1.0,7.601668710998535,7.854741108886719,1
Gheshlagh,reservoir,2017-06,2017,6,8,0,4,4,0,7.878876983093262,7.878876983093262,1.0,7.5292488768920895,7.827679098083496,1
Gheshlagh,reservoir,2017-07,2017,7,8,0,4,4,0,7.878876983093262,7.878876983093262,1.0,7.30687948046875,7.75453696496582,1
Gheshlagh,reservoir,2017-08,2017,8,8,0,4,4,0,7.878876983093262,7.878876983093262,1.0,7.132785165588379,7.625810319458008,1
Gheshlagh,reservoir,2017-09,2017,9,6,0,4,2,0,7.878876983093262,7.186093438842773,0.9120707753481764,6.339789852355957,6.901574862426758,1
Gheshlagh,reservoir,2017-10,2017,10,8,0,4,4,0,7.878876983093262,7.878876983093262,1.0,6.764100832946777,7.403447436035156,1
Gheshlagh,reservoir,2017-11,2017,11,8,0,4,4,0,7.878876983093262,7.222622683837891,0.9167071270863116,6.314857750915527,6.8788406796875,1
Gheshlagh,reservoir,2017-12,2017,12,8,0,4,4,0,7.878876983093262,7.878876983093262,1.0,6.551956513977051,7.154733196838379,1
Gheshlagh,reservoir,2018-01,2018,1,6,0,4,2,0,7.878876983093262,6.977597777954101,0.885608163819139,5.707731895507813,6.254906452331543,1
Gheshlagh,reservoir,2018-02,2018,2,6,0,2,4,0,7.878876983093262,7.878876983093262,1.0,6.321526806213379,6.954295786193848,1
Gheshlagh,reservoir,2018-03,2018,3,8,0,4,4,0,7.878876983093262,7.878876983093262,1.0,6.872365654968262,7.4678170616455075,1
Gheshlagh,reservoir,2018-04,2018,4,7,0,4,3,0,7.878876983093262,5.147006244140625,0.6532664814015031,4.49161382409668,5.0343731662597655,1
Gheshlagh,reservoir,2018-05,2018,5,8,0,4,4,0,7.878876983093262,7.878876983093262,1.0,7.557033131713867,7.815976047485352,1
Gheshlagh,reservoir,2018-06,2018,6,6,0,4,2,0,7.878876983093262,7.878876983093262,1.0,7.401239073791504,7.823289953735352,1
Gheshlagh,reservoir,2018-07,2018,7,8,0,4,4,0,7.878876983093262,7.878876983093262,1.0,7.353687091125488,7.787452206420898,1
Gheshlagh,reservoir,2018-08,2018,8,8,0,4,4,0,7.878876983093262,7.878876983093262,1.0,7.190566382751465,7.682857520690918,1
Gheshlagh,reservoir,2018-09,2018,9,8,0,4,4,0,7.878876983093262,7.878876983093262,1.0,6.9535648447265626,7.58996599432373,1
Gheshlagh,reservoir,2018-10,2018,10,8,0,4,4,0,7.878876983093262,7.878876983093262,1.0,6.774340113952637,7.467079544677734,1
Gheshlagh,reservoir,2018-11,2018,11,7,0,4,3,0,7.878876983093262,1.063011743347168,0.1349191954168356,0.9496146983642578,1.063011743347168,1
Gheshlagh,reservoir,2018-12,2018,12,4,0,2,2,0,7.878876983093262,6.431295199829101,0.8162705438388711,5.584210017028808,6.112384866271973,1
Gheshlagh,reservoir,2019-01,2019,1,7,0,3,4,0,7.878876983093262,0.0007317015991210937,9.28687680606261e-05,0.0,0.0007317015991210937,1
Gheshlagh,reservoir,2019-02,2019,2,8,0,4,4,0,7.878876983093262,7.878876983093262,1.0,7.4706806671752926,7.835723974060058,1
Gheshlagh,reservoir,2019-03,2019,3,7,0,4,3,0,7.878876983093262,7.878876983093262,1.0,7.565083377990723,7.822559817443848,1
Gheshlagh,reservoir,2019-04,2019,4,6,0,4,2,0,7.878876983093262,7.878876983093262,1.0,7.843767124633789,7.878145596679688,1
Gheshlagh,reservoir,2019-05,2019,5,8,0,4,4,0,7.878876983093262,7.878876983093262,1.0,7.721619888305664,7.872294161132812,1
Gheshlagh,reservoir,2019-06,2019,6,8,0,4,4,0,7.878876983093262,7.878876983093262,1.0,7.624334011779785,7.842307934997558,1
Gheshlagh,reservoir,2019-07,2019,7,8,0,4,4,0,7.878876983093262,7.878876983093262,1.0,7.491937834716797,7.802080654479981,1
Gheshlagh,reservoir,2019-08,2019,8,8,0,4,4,0,7.878876983093262,7.878876983093262,1.0,7.249822607910156,7.664578539489746,1
Gheshlagh,reservoir,2019-09,2019,9,8,0,4,4,0,7.878876983093262,7.878876983093262,1.0,6.9718469232177736,7.474394486816406,1
Gheshlagh,reservoir,2019-10,2019,10,6,0,2,4,0,7.878876983093262,7.878876983093262,1.0,6.771412505981445,7.331024260803223,1
Gheshlagh,reservoir,2019-11,2019,11,8,0,4,4,0,7.878876983093262,7.878876983093262,1.0,6.727506063415527,7.271037817382813,1
Gheshlagh,reservoir,2019-12,2019,12,6,0,2,4,0,7.878876983093262,6.709094441223145,0.8515292795686146,5.772799682312011,6.247556284912109,1
Gheshlagh,reservoir,2020-01,2020,1,7,0,3,4,0,7.878876983093262,7.878876983093262,1.0,6.705568073791504,7.231536903198243,1
Gheshlagh,reservoir,2020-02,2020,2,8,0,4,4,0,7.878876983093262,7.457411413146973,0.9465068980197708,6.441347139282226,6.95928098638916,1
Gheshlagh,reservoir,2020-03,2020,3,6,0,4,2,0,7.878876983093262,7.652817730102539,0.9713081885304456,7.073488741577148,7.476546894775391,1
Gheshlagh,reservoir,2020-04,2020,4,6,0,4,2,0,7.878876983093262,7.878876983093262,1.0,7.678455720581055,7.852544588806152,1
Gheshlagh,reservoir,2020-05,2020,5,8,0,4,4,0,7.878876983093262,7.878876983093262,1.0,7.684315311157227,7.861323596191406,1
Gheshlagh,reservoir,2020-06,2020,6,8,0,4,4,0,7.878876983093262,7.878876983093262,1.0,7.58337202722168,7.843038055541992,1
Gheshlagh,reservoir,2020-07,2020,7,8,0,4,4,0,7.878876983093262,7.878876983093262,1.0,7.337587035583496,7.774282151062012,1
Gheshlagh,reservoir,2020-08,2020,8,8,0,4,4,0,7.878876983093262,7.878876983093262,1.0,7.171546436584473,7.638240895263672,1
Gheshlagh,reservoir,2020-09,2020,9,6,0,2,4,0,7.878876983093262,7.878876983093262,1.0,6.995254073913574,7.517552487243653,1
Gheshlagh,reservoir,2020-10,2020,10,8,0,4,4,0,7.878876983093262,7.878876983093262,1.0,6.8474920773925785,7.38442324621582,1
Gheshlagh,reservoir,2020-11,2020,11,7,0,4,3,0,7.878876983093262,7.8693693881835935,0.9987932804471918,6.960883632873535,7.462700583679199,1
Gheshlagh,reservoir,2020-12,2020,12,7,0,3,4,0,7.878876983093262,7.878876983093262,1.0,6.810179422790528,7.322235743041992,1
Gheshlagh,reservoir,2021-01,2021,1,6,0,2,4,0,7.878876983093262,7.432609930969238,0.9433590531897328,6.685054960571289,7.159795116455078,1
Gheshlagh,reservoir,2021-02,2021,2,6,0,4,2,0,7.878876983093262,7.878876983093262,1.0,6.74068430847168,7.25567991821289,1
Gheshlagh,reservoir,2021-03,2021,3,8,0,4,4,0,7.878876983093262,0.0,0.0,,,0
Gheshlagh,reservoir,2021-04,2021,4,8,0,4,4,0,7.878876983093262,7.878876983093262,1.0,6.903090575988769,7.470006924438477,1
Gheshlagh,reservoir,2021-05,2021,5,8,0,4,4,0,7.878876983093262,7.878876983093262,1.0,6.660968477355957,7.294453655029296,1
Gheshlagh,reservoir,2021-06,2021,6,6,0,2,4,0,7.878876983093262,7.878876983093262,1.0,6.524168500366211,7.174488957092285,1
Gheshlagh,reservoir,2021-07,2021,7,8,0,4,4,0,7.878876983093262,7.878876983093262,1.0,6.351528433776855,7.025261901428222,1
Gheshlagh,reservoir,2021-08,2021,8,8,0,4,4,0,7.878876983093262,7.878876983093262,1.0,6.075002723815918,6.799219665710449,1
Gheshlagh,reservoir,2021-09,2021,9,8,0,4,4,0,7.878876983093262,7.878876983093262,1.0,5.825544216552735,6.61340894354248,1
Gheshlagh,reservoir,2021-10,2021,10,8,0,4,4,0,7.878876983093262,7.878876983093262,1.0,5.753852891723633,6.567325509521484,1
Gheshlagh,reservoir,2021-11,2021,11,11,0,4,4,3,7.878876983093262,7.878876983093262,1.0,5.774324603271484,6.521227805969239,1
Gheshlagh,reservoir,2021-12,2021,12,10,0,4,2,4,7.878876983093262,7.878876983093262,1.0,5.690927481567383,6.391009002075196,1
Gheshlagh,reservoir,2022-01,2022,1,10,0,4,2,4,7.878876983093262,7.878876983093262,1.0,5.629487264221192,6.342739728820801,1
Gheshlagh,reservoir,2022-02,2022,2,11,0,3,4,4,7.878876983093262,7.878876983093262,1.0,5.712143065368652,6.541717419494629,1
Gheshlagh,reservoir,2022-03,2022,3,8,0,4,2,2,7.878876983093262,7.878876983093262,1.0,5.997453652282715,6.753863423400879,1
Gheshlagh,reservoir,2022-04,2022,4,6,0,0,4,2,7.878876983093262,7.878876983093262,1.0,5.92212440802002,6.689487310363769,1
Gheshlagh,reservoir,2022-05,2022,5,13,0,5,4,4,7.878876983093262,7.878876983093262,1.0,5.92137394934082,6.786780122741699,1
Gheshlagh,reservoir,2022-06,2022,6,12,0,4,4,4,7.878876983093262,7.878876983093262,1.0,5.653638385986328,6.49929654095459,1
Gheshlagh,reservoir,2022-07,2022,7,10,0,2,4,4,7.878876983093262,7.878876983093262,1.0,5.342003085510254,6.324463686462402,1
Gheshlagh,reservoir,2022-08,2022,8,10,0,2,4,4,7.878876983093262,7.878876983093262,1.0,5.29956957196045,6.203022940795899,1
Gheshlagh,reservoir,2022-09,2022,9,10,0,2,4,4,7.878876983093262,7.878876983093262,1.0,5.164229856262207,6.025988474365234,1
Gheshlagh,reservoir,2022-10,2022,10,10,0,4,2,4,7.878876983093262,7.878876983093262,1.0,4.9740298248901365,5.9221163434448245,1
Gheshlagh,reservoir,2022-11,2022,11,9,0,4,2,3,7.878876983093262,7.878876983093262,1.0,5.074245610046387,5.923570387817382,1
Gheshlagh,reservoir,2022-12,2022,12,12,0,4,4,4,7.878876983093262,7.878876983093262,1.0,4.794776051818848,5.862126910583496,1
Gheshlagh,reservoir,2023-01,2023,1,12,0,5,3,4,7.878876983093262,7.805723483154296,0.9907152377050764,5.028126906799317,5.8855194608764645,1
Gheshlagh,reservoir,2023-02,2023,2,9,0,5,2,2,7.878876983093262,7.633091612121582,0.9688045172555564,5.497054914550781,6.504406155395508,1
Gheshlagh,reservoir,2023-03,2023,3,9,0,3,2,4,7.878876983093262,7.878876983093262,1.0,5.610472088745118,6.355910949279785,1
Gheshlagh,reservoir,2023-04,2023,4,13,0,5,4,4,7.878876983093262,7.878876983093262,1.0,6.497088121704102,7.031094636169434,1
Gheshlagh,reservoir,2023-05,2023,5,12,0,4,4,4,7.878876983093262,7.878876983093262,1.0,6.759710907470703,7.383690770263672,1
Gheshlagh,reservoir,2023-06,2023,6,12,0,4,4,4,7.878876983093262,7.878876983093262,1.0,6.810189105895996,7.387353872619629,1
Gheshlagh,reservoir,2023-07,2023,7,13,0,5,4,4,7.878876983093262,7.878876983093262,1.0,6.693888939453125,7.381509063232422,1
Gheshlagh,reservoir,2023-08,2023,8,9,0,3,2,4,7.878876983093262,7.878876983093262,1.0,6.485404692016601,7.267401939575195,1
Gheshlagh,reservoir,2023-09,2023,9,14,0,6,4,4,7.878876983093262,7.878876983093262,1.0,6.519775263977051,7.2388685453491215,1
Gheshlagh,reservoir,2023-10,2023,10,13,0,5,4,4,7.878876983093262,7.878876983093262,1.0,6.4605153726196285,7.164982891296387,1
Gheshlagh,reservoir,2023-11,2023,11,9,0,2,3,4,7.878876983093262,5.001402772399902,0.6347862497576834,2.61743865600586,4.027843598693847,1
Gheshlagh,reservoir,2023-12,2023,12,6,0,0,2,4,7.878876983093262,7.878876983093262,1.0,5.993097795043945,6.804347501403808,1
Gheshlagh,reservoir,2024-01,2024,1,8,0,0,4,4,7.878876983093262,7.878876983093262,1.0,6.409295676513672,7.072070466796875,1
Gheshlagh,reservoir,2024-02,2024,2,4,0,0,3,1,7.878876983093262,7.878876983093262,1.0,6.749474065734863,7.275438724121094,1
Gheshlagh,reservoir,2024-03,2024,3,6,0,0,4,2,7.878876983093262,7.878876983093262,1.0,7.100581180297851,7.581194762329101,1
Gheshlagh,reservoir,2024-04,2024,4,8,0,0,4,4,7.878876983093262,7.878876983093262,1.0,7.62579902368164,7.845963796081543,1
Gheshlagh,reservoir,2024-05,2024,5,7,0,0,4,3,7.878876983093262,7.878876983093262,1.0,7.469993337890625,7.825485660583496,1
Gheshlagh,reservoir,2024-06,2024,6,6,0,0,2,4,7.878876983093262,7.878876983093262,1.0,7.322207473449707,7.782331899108887,1
Gheshlagh,reservoir,2024-07,2024,7,8,0,0,4,4,7.878876983093262,7.878876983093262,1.0,7.521198295043945,7.824021907897949,1
Gheshlagh,reservoir,2024-08,2024,8,8,0,0,4,4,7.878876983093262,7.878876983093262,1.0,7.434153079223633,7.772092018920898,1
Gheshlagh,reservoir,2024-09,2024,9,8,0,0,4,4,7.878876983093262,7.878876983093262,1.0,7.300291544799805,7.6945618436279295,1
Gheshlagh,reservoir,2024-10,2024,10,8,0,0,4,4,7.878876983093262,7.878876983093262,1.0,7.229338829711914,7.688710664794922,1
Gheshlagh,reservoir,2024-11,2024,11,8,0,0,4,4,7.878876983093262,7.878876983093262,1.0,7.339780873535156,7.706992843261719,1
Gheshlagh,reservoir,2024-12,2024,12,6,0,0,4,2,7.878876983093262,7.878876983093262,1.0,7.065422052490234,7.680652576416016,1
Gheshlagh,reservoir,2025-01,2025,1,8,0,0,4,4,7.878876983093262,7.878876983093262,1.0,7.38075441394043,7.721626176086426,1
Gheshlagh,reservoir,2025-02,2025,2,8,0,0,4,4,7.878876983093262,7.878876983093262,1.0,7.405620410583496,7.739181252685547,1
Gheshlagh,reservoir,2025-03,2025,3,8,0,0,4,4,7.878876983093262,7.878876983093262,1.0,7.614815127685547,7.846693312438965,1
Gheshlagh,reservoir,2025-04,2025,4,6,0,0,2,4,7.878876983093262,0.016096637145996,0.0020430116094637,0.0139020110473632,0.016096637145996,1
Gheshlagh,reservoir,2025-05,2025,5,8,0,0,4,4,7.878876983093262,7.878876983093262,1.0,7.561422836181641,7.842305294555664,1
Gheshlagh,reservoir,2025-06,2025,6,8,0,0,4,4,7.878876983093262,7.878876983093262,1.0,7.421713389587403,7.7662376996459965,1
Gheshlagh,reservoir,2025-07,2025,7,8,0,0,4,4,7.878876983093262,7.878876983093262,1.0,7.247621113342285,7.72601465826416,1
Gheshlagh,reservoir,2025-08,2025,8,8,0,0,4,4,7.878876983093262,7.878876983093262,1.0,7.139360079406738,7.644097441589356,1
Gheshlagh,reservoir,2025-09,2025,9,8,0,0,4,4,7.878876983093262,7.878876983093262,1.0,7.01939577697754,7.558523684143067,1
Gheshlagh,reservoir,2025-10,2025,10,6,0,0,4,2,7.878876983093262,7.878876983093262,1.0,6.838719320495605,7.453920477600097,1
Gheshlagh,reservoir,2025-11,2025,11,8,0,0,4,4,7.878876983093262,7.878876983093262,1.0,6.792629117004394,7.398327019042969,1
Gheshlagh,reservoir,2025-12,2025,12,8,0,0,4,4,7.878876983093262,7.878876983093262,1.0,6.727521823547363,7.328829812927246,1
Gheshlagh,reservoir,2026-01,2026,1,8,0,0,4,4,7.878876983093262,7.878876983093262,1.0,6.6273015,7.279816540039063,1
Gheshlagh,reservoir,2026-02,2026,2,6,0,0,2,4,7.878876983093262,7.878876983093262,1.0,6.773592986938477,7.356619596435546,1
Gheshlagh,reservoir,2026-03,2026,3,7,0,0,4,3,7.878876983093262,7.878876983093262,1.0,6.990861711914063,7.497067717895508,1
Gheshlagh,reservoir,2026-04,2026,4,8,0,0,4,4,7.878876983093262,7.875218879089355,0.9995357074349864,5.99530500177002,7.8357227279052735,1
Gheshlagh,reservoir,2026-05,2026,5,8,0,0,4,4,7.878876983093262,7.8693652322998044,0.9987927529755994,7.438558634338379,7.83352795123291,1
Gheshlagh,reservoir,2026-06,2026,6,8,0,0,4,4,7.878876983093262,7.878876983093262,1.0,7.517542017333985,7.806468989074707,1
Hamoun,lake,1991-01,1991,1,8,8,0,0,0,4686.717926591498,123.54627706024168,0.0263609372262975,27.45514003387451,64.03626949499511,1
Hamoun,lake,1991-02,1991,2,6,6,0,0,0,4686.717926591498,615.7114064150903,0.1313736853932828,196.3776837092917,528.0274183080636,1
Hamoun,lake,1991-03,1991,3,9,9,0,0,0,4686.717926591498,3508.5695287174613,0.7486197342516692,3308.2639368530654,3412.7154734566325,1
Hamoun,lake,1991-04,1991,4,6,6,0,0,0,4686.717926591498,4566.528945242757,0.9743554053750892,4236.512673448577,4358.86848933367,1
Hamoun,lake,1991-05,1991,5,12,12,0,0,0,4686.717926591498,3762.0263358522334,0.8026995425748263,3456.275413353384,3686.689169632874,1
Hamoun,lake,1991-06,1991,6,8,8,0,0,0,4686.717926591498,4600.00659057573,0.9814984948157888,4123.9554744724655,4385.722009620244,1
Hamoun,lake,1991-07,1991,7,10,10,0,0,0,4686.717926591498,4457.675204065009,0.9511293988428562,3834.310462789797,4182.280439365847,1
Hamoun,lake,1991-08,1991,8,8,8,0,0,0,4686.717926591498,4468.961874636909,0.9535376236920328,3428.9576160649704,4058.0778680395465,1
Hamoun,lake,1991-09,1991,9,12,12,0,0,0,4686.717926591498,4595.279261594611,0.9804898296784446,3313.877160224796,3990.449983334844,1
Hamoun,lake,1991-10,1991,10,12,12,0,0,0,4686.717926591498,3855.379531647401,0.822618214288671,2740.5083371019723,3272.293755927732,1
Hamoun,lake,1991-11,1991,11,7,7,0,0,0,4686.717926591498,3218.5979482158964,0.6867488077219703,2316.962244280348,2630.637319891981,1
Hamoun,lake,1991-12,1991,12,10,10,0,0,0,4686.717926591498,3027.483058191653,0.6459708276903804,1558.0724462676417,2378.522593714895,1
Hamoun,lake,1992-01,1992,1,7,7,0,0,0,4686.717926591498,2912.2779546832194,0.6213896377589823,1554.7863559657123,2543.244484414492,1
Hamoun,lake,1992-02,1992,2,12,12,0,0,0,4686.717926591498,3817.653865267768,0.814568729132847,2809.6644675976568,3579.1480286256724,1
Hamoun,lake,1992-03,1992,3,7,7,0,0,0,4686.717926591498,3510.560102762884,0.7490444609104101,2681.6644546008706,3095.6213153749204,1
Hamoun,lake,1992-04,1992,4,10,10,0,0,0,4686.717926591498,4559.42581142292,0.9728398172959484,4228.052684946144,4444.11122514537,1
Hamoun,lake,1992-05,1992,5,9,9,0,0,0,4686.717926591498,4655.081826919566,0.9932498391907832,4374.283156785148,4508.3435754659,1
Hamoun,lake,1992-06,1992,6,10,10,0,0,0,4686.717926591498,4598.582575629247,0.9811946542670748,4229.951646251657,4427.351096108798,1
Hamoun,lake,1992-07,1992,7,10,10,0,0,0,4686.717926591498,4663.588642331793,0.9950649293125848,3991.571298230655,4369.4826140014,1
Hamoun,lake,1992-08,1992,8,11,11,0,0,0,4686.717926591498,4466.231009531989,0.952954941920334,3483.624274911939,4135.904362402512,1
Hamoun,lake,1992-09,1992,9,12,12,0,0,0,4686.717926591498,4518.365511722663,0.9640788249888824,3211.0909396224024,3915.141073112901,1
Hamoun,lake,1992-10,1992,10,6,6,0,0,0,4686.717926591498,4516.289145180792,0.9636357928767748,2951.893391775356,3712.5427464111135,1
Hamoun,lake,1992-11,1992,11,10,10,0,0,0,4686.717926591498,3617.530193057257,0.7718685548648268,2457.918919649217,2974.255774054606,1
Hamoun,lake,1992-12,1992,12,12,12,0,0,0,4686.717926591498,4426.950369508858,0.944573673698438,2990.254183607711,3984.630671154248,1
Hamoun,lake,1993-01,1993,1,12,12,0,0,0,4686.717926591498,3501.5943987804285,0.747131458224333,2603.3757041328704,3192.2239656929523,1
Hamoun,lake,1993-02,1993,2,8,8,0,0,0,4686.717926591498,4171.722747554306,0.8901160285078791,3629.8417123752433,3933.559440662186,1
Hamoun,lake,1993-03,1993,3,10,10,0,0,0,4686.717926591498,440.9861377854971,0.0940927413795121,277.40274787559025,403.12861819136987,1
Hamoun,lake,1993-04,1993,4,7,7,0,0,0,4686.717926591498,4444.9759405357045,0.94841977054258,4127.391055152646,4282.215147360632,1
Hamoun,lake,1993-05,1993,5,12,12,0,0,0,4686.717926591498,4653.0125036217205,0.9928083098881332,4309.48474856222,4494.635853069515,1
Hamoun,lake,1993-06,1993,6,12,12,0,0,0,4686.717926591498,4646.947740285773,0.9915142778104744,3993.182081491761,4311.247209773167,1
Hamoun,lake,1993-07,1993,7,12,12,0,0,0,4686.717926591498,4572.338451720344,0.9755949735694166,3607.9091955171007,4133.870687309735,1
Hamoun,lake,1993-08,1993,8,8,8,0,0,0,4686.717926591498,4582.374690823249,0.9777363951911364,3162.7790587868194,4031.264488062248,1
Hamoun,lake,1993-09,1993,9,4,4,0,0,0,4686.717926591498,4204.212687314886,0.8970483722651679,2633.194403934536,3581.890884979327,1
Hamoun,lake,1993-10,1993,10,10,10,0,0,0,4686.717926591498,3279.990302676704,0.6998480288448118,1709.9160041545576,2164.198489619052,1
Hamoun,lake,1993-11,1993,11,10,10,0,0,0,4686.717926591498,3695.251987492063,0.7884519711600187,2118.210299860169,2774.520458747079,1
Hamoun,lake,1993-12,1993,12,10,10,0,0,0,4686.717926591498,4059.552119351813,0.8661823013326079,2128.971732692678,2842.6197028530223,1
Hamoun,lake,1994-01,1994,1,10,10,0,0,0,4686.717926591498,168.78552603477016,0.0360135874781614,20.30418506676169,94.95726554292592,1
Hamoun,lake,1994-02,1994,2,10,10,0,0,0,4686.717926591498,2497.969848878795,0.5329891595792046,960.742974691932,1743.541705733321,1
Hamoun,lake,1994-03,1994,3,10,10,0,0,0,4686.717926591498,4686.287022666999,0.9999080584897048,2916.158753892775,4066.30479436003,1
Hamoun,lake,1994-04,1994,4,11,11,0,0,0,4686.717926591498,1560.7925102217791,0.3330246314518216,766.3015978500013,1381.2882327317527,1
Hamoun,lake,1994-05,1994,5,8,8,0,0,0,4686.717926591498,4411.57179756562,0.9412923642225716,2728.2392903058985,3875.232379427412,1
Hamoun,lake,1994-06,1994,6,9,9,0,0,0,4686.717926591498,4145.317121764669,0.8844818883263638,2101.6757387354883,3697.538586057652,1
Hamoun,lake,1994-07,1994,7,10,10,0,0,0,4686.717926591498,4556.3731714778505,0.972188478770165,1721.037513011953,4041.549910604676,1
Hamoun,lake,1994-08,1994,8,12,12,0,0,0,4686.717926591498,4605.440922865241,0.982658012494179,1347.8069077413843,3880.286337674929,1
Hamoun,lake,1994-09,1994,9,12,12,0,0,0,4686.717926591498,4424.835418918951,0.944122408949197,812.6243655399072,3203.852424471524,1
Hamoun,lake,1994-10,1994,10,8,8,0,0,0,4686.717926591498,2074.1090227625973,0.4425504276659191,213.2758380061399,1200.7438372202585,1
Hamoun,lake,1994-11,1994,11,10,10,0,0,0,4686.717926591498,3603.7868780615904,0.7689361584179039,560.0991505835925,2382.259784848756,1
Hamoun,lake,1994-12,1994,12,9,9,0,0,0,4686.717926591498,3835.651729282019,0.8184089141612939,481.7388706080165,1413.512667238693,1
Hamoun,lake,1995-01,1995,1,11,11,0,0,0,4686.717926591498,2648.6343486746214,0.5651362830365363,287.19920180493165,1105.1881506885377,1
Hamoun,lake,1995-02,1995,2,11,11,0,0,0,4686.717926591498,3671.5867794858455,0.7834025509950147,299.6843576482692,912.206311421807,1
Hamoun,lake,1995-03,1995,3,10,10,0,0,0,4686.717926591498,3903.806155681463,0.8329509513538353,389.9770028676763,1032.0967950684703,1
Hamoun,lake,1995-04,1995,4,9,9,0,0,0,4686.717926591498,2601.468987168395,0.5550726602102894,801.7823629306822,1476.687794216174,1
Hamoun,lake,1995-05,1995,5,8,8,0,0,0,4686.717926591498,4667.116584040961,0.9958176824682956,2453.496195086705,3407.4581331302584,1
Hamoun,lake,1995-06,1995,6,12,12,0,0,0,4686.717926591498,4613.168321109748,0.984306799207086,2186.700947322809,2976.2268567598207,1
Hamoun,lake,1995-07,1995,7,12,12,0,0,0,4686.717926591498,4625.347379408453,0.9869054318727308,1754.6689513622584,2598.973245266795,1
Hamoun,lake,1995-08,1995,8,10,10,0,0,0,4686.717926591498,4572.306916292975,0.9755882448889492,1498.5768074630885,2698.9651490209644,1
Hamoun,lake,1995-09,1995,9,10,10,0,0,0,4686.717926591498,4333.695413637212,0.9246759633321846,1216.873090672466,2234.554902957276,1
Hamoun,lake,1995-10,1995,10,6,6,0,0,0,4686.717926591498,3481.147365313543,0.7427686965247493,899.847785722732,1368.235778731844,1
Hamoun,lake,1995-11,1995,11,8,8,0,0,0,4686.717926591498,71.96147801434326,0.015354343730833,2.777796768737793,4.573447354003906,1
Hamoun,lake,1995-12,1995,12,3,3,0,0,0,4686.717926591498,2.9236830809218466,0.0006238231373672938,0.0190680203857421,0.1051171626479204,1
Hamoun,lake,1996-01,1996,1,5,5,0,0,0,4686.717926591498,664.9603454270482,0.1418818789272971,45.45970298481182,580.3229532870345,1
Hamoun,lake,1996-02,1996,2,8,8,0,0,0,4686.717926591498,323.0724883117666,0.0689336318874063,1.1068496201535691,306.7984977847656,1
Hamoun,lake,1996-03,1996,3,8,8,0,0,0,4686.717926591498,286.8390823783998,0.0612025487497193,20.511850606182986,279.64015510154434,1
Hamoun,lake,1996-04,1996,4,10,10,0,0,0,4686.717926591498,3601.903006786871,0.7685341988154216,2643.99522142444,2935.3180997519275,1
Hamoun,lake,1996-05,1996,5,12,12,0,0,0,4686.717926591498,4640.455650719184,0.9901290675912386,3860.843556280247,4178.598709521602,1
Hamoun,lake,1996-06,1996,6,9,9,0,0,0,4686.717926591498,4440.678181532417,0.9475027622927548,3525.265904431083,3946.212134897264,1
Hamoun,lake,1996-07,1996,7,12,12,0,0,0,4686.717926591498,4542.818046354038,0.9692962361952698,3231.5855745220824,3662.126038899197,1
Hamoun,lake,1996-08,1996,8,12,12,0,0,0,4686.717926591498,4415.505383411788,0.9421316692346888,2878.776459260754,3796.264820159224,1
Hamoun,lake,1996-09,1996,9,10,10,0,0,0,4686.717926591498,4541.391685907517,0.9689918951897172,2436.4393250588605,3626.364827765124,1
Hamoun,lake,1996-10,1996,10,12,12,0,0,0,4686.717926591498,4211.603574693059,0.898625358013817,2290.336266724587,2845.4501154825757,1
Hamoun,lake,1996-11,1996,11,11,11,0,0,0,4686.717926591498,3803.649192289567,0.8115805670122418,1734.7346915782718,2602.318663570143,1
Hamoun,lake,1996-12,1996,12,12,12,0,0,0,4686.717926591498,4023.143464485616,0.8584138255172359,1753.9470106313704,2204.9583028679017,1
Hamoun,lake,1997-01,1997,1,12,12,0,0,0,4686.717926591498,3367.7661613403416,0.7185766700898109,1496.2462638436398,2122.998071471449,1
Hamoun,lake,1997-02,1997,2,8,8,0,0,0,4686.717926591498,3812.386694588438,0.813444878548743,1555.1163375238264,2848.167137544895,1
Hamoun,lake,1997-03,1997,3,12,12,0,0,0,4686.717926591498,4351.269628895881,0.9284257548779816,1930.2003328580572,3262.6120037210053,1
Hamoun,lake,1997-04,1997,4,12,12,0,0,0,4686.717926591498,3914.2560593247767,0.8351806361368735,2278.985035030079,3199.402486565871,1
Hamoun,lake,1997-05,1997,5,11,11,0,0,0,4686.717926591498,4612.047518683356,0.9840676547900448,3143.955483722237,3841.776599418417,1
Hamoun,lake,1997-06,1997,6,8,8,0,0,0,4686.717926591498,4576.879224064826,0.9765638333163876,2615.002336751648,3917.158988716129,1
Hamoun,lake,1997-07,1997,7,12,12,0,0,0,4686.717926591498,4636.38522264997,0.9892605647000964,2309.085156320951,3560.437689438761,1
Hamoun,lake,1997-08,1997,8,9,9,0,0,0,4686.717926591498,4532.625216016242,0.9671214028689532,1798.455598734159,3077.2586261805004,1
Hamoun,lake,1997-09,1997,9,10,10,0,0,0,4686.717926591498,4676.10613835511,0.9977357740741812,1420.406853641019,2774.610539459022,1
Hamoun,lake,1997-10,1997,10,10,10,0,0,0,4686.717926591498,4553.910107888312,0.971662937521872,1115.521397171928,2760.86168776162,1
Hamoun,lake,1997-11,1997,11,10,10,0,0,0,4686.717926591498,4497.041486781257,0.959528940554742,1074.554497760468,2201.597873034153,1
Hamoun,lake,1997-12,1997,12,7,7,0,0,0,4686.717926591498,3892.891635080389,0.83062213174659,809.2157065443907,1152.6313395420932,1
Hamoun,lake,1998-01,1998,1,9,9,0,0,0,4686.717926591498,4247.036697667471,0.906185685631012,1140.2414263603794,3106.921017406419,1
Hamoun,lake,1998-02,1998,2,12,12,0,0,0,4686.717926591498,1626.8604640081178,0.3471214802106261,541.9502208315116,1361.5877099971583,1
Hamoun,lake,1998-03,1998,3,12,12,0,0,0,4686.717926591498,4175.305377774605,0.8908804504928192,2559.327313065992,3754.898636059925,1
Hamoun,lake,1998-04,1998,4,10,10,0,0,0,4686.717926591498,4636.116433517535,0.989203213449894,3889.150693595597,4337.512192732612,1
Hamoun,lake,1998-05,1998,5,12,12,0,0,0,4686.717926591498,4490.681790676328,0.9581719789870646,4150.101484544535,4332.641967567444,1
Hamoun,lake,1998-06,1998,6,10,10,0,0,0,4686.717926591498,4647.008246424172,0.9915271879406224,4036.139382733452,4314.848471247946,1
Hamoun,lake,1998-07,1998,7,12,12,0,0,0,4686.717926591498,4554.94282243968,0.9718832867230706,3503.53985700317,4088.466268006998,1
Hamoun,lake,1998-08,1998,8,12,12,0,0,0,4686.717926591498,4520.210903748664,0.96447257431515,3021.815369629748,3726.400814596259,1
Hamoun,lake,1998-09,1998,9,10,10,0,0,0,4686.717926591498,4243.258731958335,0.905379585121378,2391.113516125469,3285.6469581220745,1
Hamoun,lake,1998-10,1998,10,12,12,0,0,0,4686.717926591498,4165.233386264349,0.8887314004181155,2262.436747705178,3157.301742925628,1
Hamoun,lake,1998-11,1998,11,8,8,0,0,0,4686.717926591498,3865.2206282812895,0.8247179985701298,2042.735860597607,2678.542143225485,1
Hamoun,lake,1998-12,1998,12,11,11,0,0,0,4686.717926591498,3917.3290427690094,0.8358363153333531,2038.847563117393,2666.094047583789,1
Hamoun,lake,1999-01,1999,1,12,12,0,0,0,4686.717926591498,3589.3565453386286,0.7658571737320351,1501.4770311418793,2426.593376280298,1
Hamoun,lake,1999-02,1999,2,6,6,0,0,0,4686.717926591498,1.2108296563720704,0.00025835343098035954,0.4442373784179687,0.7210986498413086,1
Hamoun,lake,1999-03,1999,3,8,8,0,0,0,4686.717926591498,2032.868230171814,0.4337509237835132,1307.7995980205687,1854.957130731873,1
Hamoun,lake,1999-04,1999,4,10,10,0,0,0,4686.717926591498,4402.043971434516,0.9392594221338136,2941.226215086064,3725.770322193957,1
Hamoun,lake,1999-05,1999,5,12,12,0,0,0,4686.717926591498,4637.362995014533,0.989469190945558,2827.738383793762,3864.643145767115,1
Hamoun,lake,1999-06,1999,6,12,12,0,0,0,4686.717926591498,4585.592526870368,0.9784229814328348,2474.841410697822,3662.040972981032,1
Hamoun,lake,1999-07,1999,7,12,8,4,0,0,4686.717926591498,4628.334895565619,0.987542875005422,2068.9774091306085,3522.16419806104,1
Hamoun,lake,1999-08,1999,8,16,10,6,0,0,4686.717926591498,4592.394028761237,0.9798742106293432,1309.614241158013,2984.698232620042,1
Hamoun,lake,1999-09,1999,9,12,10,2,0,0,4686.717926591498,4564.37525094422,0.9738958739221044,1128.247633161553,3468.0584372158573,1
Hamoun,lake,1999-10,1999,10,16,12,4,0,0,4686.717926591498,4624.302159241889,0.9866824143617702,862.5251211739275,2619.0310355908537,1
Hamoun,lake,1999-11,1999,11,16,12,4,0,0,4686.717926591498,1745.496253698734,0.3724346719897816,58.47024621607762,664.40813311914,1
Hamoun,lake,1999-12,1999,12,15,12,3,0,0,4686.717926591498,4270.834908215055,0.9112634844062608,648.6987461046381,1790.670681059517,1
Hamoun,lake,2000-01,2000,1,12,8,4,0,0,4686.717926591498,4663.390892784309,0.9950227357027748,712.86868387781,2415.140375528741,1
Hamoun,lake,2000-02,2000,2,6,4,2,0,0,4686.717926591498,4115.920162301522,0.8782094904727712,352.0602896252573,2435.779973265858,1
Hamoun,lake,2000-03,2000,3,15,10,5,0,0,4686.717926591498,3326.3121903456527,0.7097316805589736,219.09549048909264,2048.4420596497603,1
Hamoun,lake,2000-04,2000,4,16,10,6,0,0,4686.717926591498,4559.653310439094,0.9728883585181294,221.0662346541116,2366.092520781464,1
Hamoun,lake,2000-05,2000,5,13,10,3,0,0,4686.717926591498,4642.115391252448,0.9904832046567204,82.5219997800561,3116.549519693493,1
Hamoun,lake,2000-06,2000,6,11,10,1,0,0,4686.717926591498,4636.699892881904,0.9893277055515114,29.34569306295405,2456.239247754184,1
Hamoun,lake,2000-07,2000,7,15,10,5,0,0,4686.717926591498,4645.772522417731,0.9912635228287472,22.33198922156863,3294.355673957585,1
Hamoun,lake,2000-08,2000,8,18,12,6,0,0,4686.717926591498,4649.478538752631,0.9920542715772208,15.691311651159427,3434.8482787002063,1
Hamoun,lake,2000-09,2000,9,11,10,1,0,0,4686.717926591498,4670.978763535407,0.9966417515833862,33.182941049352785,3153.795927500721,1
Hamoun,lake,2000-10,2000,10,16,10,6,0,0,4686.717926591498,4684.8245522831485,0.9995960127453783,38.54779228946509,2411.5038290169223,1
Hamoun,lake,2000-11,2000,11,15,12,3,0,0,4686.717926591498,4683.86054958034,0.9993903245179432,34.034499357413026,2166.361669525651,1
Hamoun,lake,2000-12,2000,12,16,10,6,0,0,4686.717926591498,4686.514535597846,0.9999566026808444,36.72690354608346,1094.327780966585,1
Hamoun,lake,2001-01,2001,1,14,9,5,0,0,4686.717926591498,4649.3130627050505,0.9920189641296268,46.55821341407184,2795.5929562773304,1
Hamoun,lake,2001-02,2001,2,12,8,4,0,0,4686.717926591498,4627.929248934867,0.9874563226169264,49.30105595482106,1298.0640855090835,1
Hamoun,lake,2001-03,2001,3,18,12,6,0,0,4686.717926591498,4685.592077800544,0.99975977884554,38.33052782476136,2104.6118210302207,1
Hamoun,lake,2001-04,2001,4,10,8,2,0,0,4686.717926591498,4686.469797240729,0.9999470569053536,37.47948955509487,3327.824600627549,1
Hamoun,lake,2001-05,2001,5,14,9,5,0,0,4686.717926591498,4681.249519355414,0.9988332117866412,29.81906112204566,3115.9797992946665,1
Hamoun,lake,2001-06,2001,6,13,12,1,0,0,4686.717926591498,4647.190545819831,0.9915660849680332,1.0968108177490234,3315.7827138341827,1
Hamoun,lake,2001-07,2001,7,19,12,7,0,0,4686.717926591498,4656.760351128791,0.9936079841091492,0.2239707957763672,3177.872356163692,1
Hamoun,lake,2001-08,2001,8,14,12,2,0,0,4686.717926591498,4674.522118728278,0.9973977934976576,17.201223336242677,2987.113403517356,1
Hamoun,lake,2001-09,2001,9,16,12,4,0,0,4686.717926591498,4672.225442576911,0.9969077541593958,17.154633599853515,1121.2493154001172,1
Hamoun,lake,2001-10,2001,10,16,10,6,0,0,4686.717926591498,4683.849739207038,0.999388017920134,27.61364806866455,1984.9789391228192,1
Hamoun,lake,2001-11,2001,11,16,12,4,0,0,4686.717926591498,4678.761793820563,0.9983024084454084,26.73599740517817,2623.880264755017,1
Hamoun,lake,2001-12,2001,12,14,12,2,0,0,4686.717926591498,4663.151621161933,0.994971682572178,30.15750472885718,3085.372274438424,1
Hamoun,lake,2002-01,2002,1,15,9,6,0,0,4686.717926591498,4664.168144557685,0.9951885770837904,43.5524108866941,3212.404287167147,1
Hamoun,lake,2002-02,2002,2,12,10,2,0,0,4686.717926591498,4642.7901081387645,0.9906271682783604,324.89834738584847,2462.654623054176,1
Hamoun,lake,2002-03,2002,3,10,6,4,0,0,4686.717926591498,219.45660496185303,0.0468252214874507,3.455050435363769,106.43257926531984,1
Hamoun,lake,2002-04,2002,4,11,1,10,0,0,4686.717926591498,4685.860166117561,0.9998169805635048,223.89531545150984,1390.1816981843783,1
Hamoun,lake,2002-05,2002,5,7,4,3,0,0,4686.717926591498,276.8458869363832,0.0590703113079656,0.4116921632080078,69.4174497175293,1
Hamoun,lake,2002-06,2002,6,11,8,3,0,0,4686.717926591498,4655.840822939093,0.9934117853610916,1.890879048620366,2989.1951139151456,1
Hamoun,lake,2002-07,2002,7,16,12,4,0,0,4686.717926591498,4663.613435285956,0.9950702193587432,7.461645718688965,3693.4083387192422,1
Hamoun,lake,2002-08,2002,8,5,2,3,0,0,4686.717926591498,4650.943906955695,0.9923669356261384,0.3252099907226563,2669.052497084021,1
Hamoun,lake,2002-09,2002,9,4,0,4,0,0,4686.717926591498,141.91017724353028,0.0302792230013162,0.0046002075805664,27.809994489990235,1
Hamoun,lake,2002-10,2002,10,2,0,2,0,0,4686.717926591498,4663.329733370795,0.9950096861840132,7.8270174014892575,2458.9963061516664,1
Hamoun,lake,2002-11,2002,11,5,0,5,0,0,4686.717926591498,1944.4855499667271,0.414892805674117,30.45490790797693,919.34580107307,1
Hamoun,lake,2002-12,2002,12,5,0,5,0,0,4686.717926591498,4649.9383021652175,0.992152370805676,19.43824037064472,2708.839344198229,1
Hamoun,lake,2003-01,2003,1,5,0,5,0,0,4686.717926591498,4617.550078544257,0.985241730112496,244.734272570357,1139.448620267969,1
Hamoun,lake,2003-02,2003,2,4,0,4,0,0,4686.717926591498,118.82752958050536,0.0253541031147408,0.039905069152832,15.249615611511231,1
Hamoun,lake,2003-03,2003,3,6,0,6,0,0,4686.717926591498,4321.254221745659,0.9220213995017128,275.65235988056355,2616.4607609185878,1
Hamoun,lake,2003-04,2003,4,6,0,6,0,0,4686.717926591498,4231.191341713019,0.9028047789490568,845.8007589740724,2696.432497499151,1
Hamoun,lake,2003-05,2003,5,8,0,8,0,0,4686.717926591498,4663.454312641608,0.9950362675300136,1256.3958251611268,3362.036533563949,1
Hamoun,lake,2003-06,2003,6,0,0,0,0,0,4686.717926591498,0.0,0.0,,,0
Hamoun,lake,2003-07,2003,7,4,0,4,0,0,4686.717926591498,3809.46570056852,0.812821629173451,50.66441268544276,2468.668422704957,1
Hamoun,lake,2003-08,2003,8,1,0,1,0,0,4686.717926591498,64.32000636108398,0.013723891082957,0.0,17.983902694641113,1
Hamoun,lake,2003-09,2003,9,6,0,6,0,0,4686.717926591498,3002.715700578244,0.6406862430404521,2.4990768588256835,1997.5265995845104,1
Hamoun,lake,2003-10,2003,10,6,0,6,0,0,4686.717926591498,4043.285404322786,0.8627114897147948,37.783424497924806,2070.947634072832,1
Hamoun,lake,2003-11,2003,11,3,0,3,0,0,4686.717926591498,1735.0458546914538,0.3702048815114627,0.0123674370727539,1615.6752586616076,1
Hamoun,lake,2003-12,2003,12,4,0,4,0,0,4686.717926591498,983.1365736556496,0.2097708010284829,5.060643061520804,809.6970387508675,1
Hamoun,lake,2004-01,2004,1,4,0,4,0,0,4686.717926591498,4027.968207728259,0.8594432758315526,39.83196468304443,1318.5055889819805,1
Hamoun,lake,2004-02,2004,2,8,0,8,0,0,4686.717926591498,2294.4873496563687,0.4895723159778631,169.97998938662897,1624.412230429769,1
Hamoun,lake,2004-03,2004,3,5,0,5,0,0,4686.717926591498,3087.36981918268,0.6587488019420931,231.9061961376156,2482.695368477262,1
Hamoun,lake,2004-04,2004,4,10,0,10,0,0,4686.717926591498,4067.155694956243,0.8678046681410069,4.31501492861759,2016.1611826994736,1
Hamoun,lake,2004-05,2004,5,10,0,10,0,0,4686.717926591498,4655.441982599416,0.9933266852236554,32.903468387207035,998.4786267919548,1
Hamoun,lake,2004-06,2004,6,12,0,12,0,0,4686.717926591498,4556.302463238652,0.9721733918286622,1.7682975787353516,1510.0468298971773,1
Hamoun,lake,2004-07,2004,7,12,0,12,0,0,4686.717926591498,4062.7571758037575,0.8668661608057288,0.6130681223144532,1845.7511824180008,1
Hamoun,lake,2004-08,2004,8,12,0,12,0,0,4686.717926591498,4521.200655858288,0.9646837566660246,25.556941912109377,1641.5169313619456,1
Hamoun,lake,2004-09,2004,9,11,0,11,0,0,4686.717926591498,4381.71358563747,0.9349215494229992,0.3629813283081055,2146.998395805529,1
Hamoun,lake,2004-10,2004,10,10,0,10,0,0,4686.717926591498,4074.074250511269,0.8692808729528585,19.043018077087403,2078.9151050161995,1
Hamoun,lake,2004-11,2004,11,10,0,10,0,0,4686.717926591498,3930.9865297896818,0.8387503987568895,22.58038134376077,1649.0010653014929,1
Hamoun,lake,2004-12,2004,12,4,0,4,0,0,4686.717926591498,4089.592959611132,0.8725920833442101,30.87793667817239,1919.5940027433323,1
Hamoun,lake,2005-01,2005,1,6,0,6,0,0,4686.717926591498,3930.551583369628,0.8386575947036338,38.22867105864162,2634.1748076072927,1
Hamoun,lake,2005-02,2005,2,7,0,7,0,0,4686.717926591498,4571.191128417835,0.9753501704213544,121.6117521271951,2311.00042137467,1
Hamoun,lake,2005-03,2005,3,8,0,8,0,0,4686.717926591498,4236.9088903705815,0.9040247262015086,1998.0717553486488,3277.7874012509974,1
Hamoun,lake,2005-04,2005,4,12,0,12,0,0,4686.717926591498,4426.97638967532,0.9445792255935744,2562.34043067805,3382.855205050274,1
Hamoun,lake,2005-05,2005,5,12,0,12,0,0,4686.717926591498,4475.121755590594,0.9548519509142316,2333.7791440850606,2862.772644515344,1
Hamoun,lake,2005-06,2005,6,12,0,12,0,0,4686.717926591498,4275.322195323316,0.9122209320654856,1945.1601755108331,2694.80528638829,1
Hamoun,lake,2005-07,2005,7,12,0,12,0,0,4686.717926591498,4344.377005688605,0.9269550832234816,1505.3799796925775,2359.358819478787,1
Hamoun,lake,2005-08,2005,8,10,0,10,0,0,4686.717926591498,3987.148418547306,0.8507336009971979,1120.7839828728638,2245.8803138664043,1
Hamoun,lake,2005-09,2005,9,10,0,10,0,0,4686.717926591498,4257.691699608553,0.908459132018862,967.2645462352904,2042.705054848858,1
Hamoun,lake,2005-10,2005,10,12,0,12,0,0,4686.717926591498,4615.908385418097,0.9848914438029986,915.6912039978756,1531.380116926288,1
Hamoun,lake,2005-11,2005,11,10,0,10,0,0,4686.717926591498,3737.051236018296,0.7973706321891096,713.6970540949563,1662.1644057350354,1
Hamoun,lake,2005-12,2005,12,9,0,9,0,0,4686.717926591498,3944.111733249742,0.8415509094054162,531.4878422185319,1220.9351561175988,1
Hamoun,lake,2006-01,2006,1,4,0,4,0,0,4686.717926591498,4267.463413884663,0.9105441122607212,457.305179367372,1769.9717915382037,1
Hamoun,lake,2006-02,2006,2,6,0,6,0,0,4686.717926591498,3189.770426866058,0.6805979102706268,568.867290659055,1407.241602108616,1
Hamoun,lake,2006-03,2006,3,9,0,9,0,0,4686.717926591498,4165.097968028917,0.8887025063738072,438.6406423239617,2143.165286215127,1
Hamoun,lake,2006-04,2006,4,8,0,8,0,0,4686.717926591498,3958.43758224768,0.8446076005104335,184.95701856297396,1968.6414441830689,1
Hamoun,lake,2006-05,2006,5,10,0,10,0,0,4686.717926591498,4326.980340422631,0.923243175330056,81.37942879776588,2623.036020500937,1
Hamoun,lake,2006-06,2006,6,10,0,10,0,0,4686.717926591498,4014.015109815345,0.8564661182275612,27.268091089294437,2225.2540996135144,1
Hamoun,lake,2006-07,2006,7,12,0,12,0,0,4686.717926591498,4128.7744390601465,0.8809521937802801,8.761096172602635,2415.2183532734703,1
Hamoun,lake,2006-08,2006,8,10,0,10,0,0,4686.717926591498,4062.70316039484,0.8668546355956002,2.620032169263653,1918.6988599528104,1
Hamoun,lake,2006-09,2006,9,12,0,12,0,0,4686.717926591498,4639.430595323188,0.989910352615844,27.25283646300791,2340.333148850569,1
Hamoun,lake,2006-10,2006,10,9,0,9,0,0,4686.717926591498,4224.501887686798,0.901377457285795,30.576096559753417,2160.551260903997,1
Hamoun,lake,2006-11,2006,11,4,0,4,0,0,4686.717926591498,4642.5560688858095,0.9905772315728404,88.04236362465628,1936.6751147817536,1
Hamoun,lake,2006-12,2006,12,4,0,4,0,0,4686.717926591498,13.89108040979004,0.0029639249955656,0.0535772584838867,4.1283113787231445,1
Hamoun,lake,2007-01,2007,1,11,0,11,0,0,4686.717926591498,4467.387983844707,0.95320180429414,72.65202542484299,1725.5241904878462,1
Hamoun,lake,2007-02,2007,2,10,0,10,0,0,4686.717926591498,4384.826248485155,0.9355856949714276,142.22439888417824,2606.653483515724,1
Hamoun,lake,2007-03,2007,3,8,0,8,0,0,4686.717926591498,739.441219351833,0.1577737834735885,167.94549717186638,405.9946331917564,1
Hamoun,lake,2007-04,2007,4,10,0,10,0,0,4686.717926591498,4132.407070054157,0.8817272843769213,2291.632501653195,3499.673161419095,1
Hamoun,lake,2007-05,2007,5,12,0,12,0,0,4686.717926591498,4437.943352620856,0.9469192347678648,2692.0479906713026,3746.2667821234368,1
Hamoun,lake,2007-06,2007,6,6,0,6,0,0,4686.717926591498,2846.495306319605,0.6073536643136044,2022.187622903824,2358.130877452134,1
Hamoun,lake,2007-07,2007,7,12,0,12,0,0,4686.717926591498,4248.61155611848,0.9065217114972312,1992.0968430681155,2877.549752182037,1
Hamoun,lake,2007-08,2007,8,11,0,11,0,0,4686.717926591498,4430.278057910501,0.9452836990197322,1598.0293969210816,2455.9370425626125,1
Hamoun,lake,2007-09,2007,9,10,0,10,0,0,4686.717926591498,4615.752527906623,0.984858188652184,1367.7390229513192,2476.2873425480816,1
Hamoun,lake,2007-10,2007,10,10,0,10,0,0,4686.717926591498,4249.370279150098,0.906683599420401,879.4603260331528,1993.3229563262612,1
Hamoun,lake,2007-11,2007,11,8,0,8,0,0,4686.717926591498,4238.417441570332,0.9043466041603232,789.0215728277085,1519.9648507813051,1
Hamoun,lake,2007-12,2007,12,6,0,6,0,0,4686.717926591498,4289.153982658764,0.9151722057610858,722.9071698242295,1920.009386648252,1
Hamoun,lake,2008-01,2008,1,6,0,6,0,0,4686.717926591498,3868.713636610413,0.8254632980278389,601.1768054037344,1688.706487161842,1
Hamoun,lake,2008-02,2008,2,10,0,10,0,0,4686.717926591498,3535.6514631179066,0.7543981776793796,647.6633940150016,1934.2866303015571,1
Hamoun,lake,2008-03,2008,3,10,0,10,0,0,4686.717926591498,3166.572954570868,0.6756482903748843,369.8296476944317,1648.0185266352998,1
Hamoun,lake,2008-04,2008,4,16,8,8,0,0,4686.717926591498,4647.637137815132,0.9916613738252456,956.57217031857,2293.385888906682,1
Hamoun,lake,2008-05,2008,5,17,6,11,0,0,4686.717926591498,4620.00914436518,0.985766418361168,653.117056127463,2018.720152973776,1
Hamoun,lake,2008-06,2008,6,20,10,10,0,0,4686.717926591498,4631.221671523627,0.988158823309379,184.79577463375315,3053.475571352337,1
Hamoun,lake,2008-07,2008,7,20,10,10,0,0,4686.717926591498,4641.276929222114,0.990304302908532,82.47870613775635,2757.3548037641845,1
Hamoun,lake,2008-08,2008,8,16,4,12,0,0,4686.717926591498,4287.969904570045,0.914919560283533,12.104975137756348,1503.6815147706768,1
Hamoun,lake,2008-09,2008,9,15,5,10,0,0,4686.717926591498,4678.405200824409,0.9982263225785524,45.12531208416748,2107.361765982873,1
Hamoun,lake,2008-10,2008,10,22,12,10,0,0,4686.717926591498,4652.7946988640815,0.9927618371195452,24.47864164709473,3845.3338201493234,1
Hamoun,lake,2008-11,2008,11,14,6,8,0,0,4686.717926591498,4681.32834529615,0.9988500307934536,43.78682174694824,1318.1357026664914,1
Hamoun,lake,2008-12,2008,12,14,10,4,0,0,4686.717926591498,4642.308106426337,0.9905243240876116,51.250634898071766,2226.013079933344,1
Hamoun,lake,2009-01,2009,1,12,4,8,0,0,4686.717926591498,2855.358491856205,0.6092447927483481,40.81837131514844,1830.4958537616037,1
Hamoun,lake,2009-02,2009,2,14,8,6,0,0,4686.717926591498,4107.334333174106,0.8763775412789223,12.651496321044922,3217.453953907908,1
Hamoun,lake,2009-03,2009,3,23,11,12,0,0,4686.717926591498,4677.883828707404,0.9981150779666148,251.0662366565803,2006.5090126649227,1
Hamoun,lake,2009-04,2009,4,15,10,5,0,0,4686.717926591498,4350.5996840513735,0.9282828094618076,1775.1200545844806,3813.846496871936,1
Hamoun,lake,2009-05,2009,5,20,12,8,0,0,4686.717926591498,4478.411760866401,0.9555539358272002,2073.469744167203,4131.153477071127,1
Hamoun,lake,2009-06,2009,6,16,10,6,0,0,4686.717926591498,3868.525529297391,0.825423161771301,1656.229150270624,2833.7270087668035,1
Hamoun,lake,2009-07,2009,7,21,10,11,0,0,4686.717926591498,4306.931921302112,0.9189654655479568,1178.036337266631,2975.487498440475,1
Hamoun,lake,2009-08,2009,8,24,12,12,0,0,4686.717926591498,4630.596427459724,0.9880254156510352,989.014951365475,3415.236896360577,1
Hamoun,lake,2009-09,2009,9,22,10,12,0,0,4686.717926591498,4671.518972036444,0.9967570152944732,581.6741987783778,2630.9839514243013,1
Hamoun,lake,2009-10,2009,10,20,12,8,0,0,4686.717926591498,4621.091361718085,0.9859973299222764,387.4212790837546,2733.7358269125216,1
Hamoun,lake,2009-11,2009,11,14,9,5,0,0,4686.717926591498,4538.958800767169,0.9684727930849064,216.4097908782923,3250.960781989523,1
Hamoun,lake,2009-12,2009,12,10,5,5,0,0,4686.717926591498,4624.84207888227,0.9867976164389674,238.31590208474077,1871.464418912668,1
Hamoun,lake,2010-01,2010,1,16,6,10,0,0,4686.717926591498,2331.378185941839,0.4974436743278417,45.18244662849384,1324.3052958003605,1
Hamoun,lake,2010-02,2010,2,16,11,5,0,0,4686.717926591498,4075.513329501101,0.8695879277004179,642.1601814358797,1639.978720783873,1
Hamoun,lake,2010-03,2010,3,15,5,10,0,0,4686.717926591498,4685.492298343268,0.9997384890092752,1407.5467329225537,3120.4934998684207,1
Hamoun,lake,2010-04,2010,4,14,6,8,0,0,4686.717926591498,4509.35930805506,0.9621571809282268,1356.6583158710196,3437.3422513034498,1
Hamoun,lake,2010-05,2010,5,15,8,7,0,0,4686.717926591498,4653.7104924860905,0.9929572390268828,1582.2500053060332,2745.671398235878,1
Hamoun,lake,2010-06,2010,6,11,4,7,0,0,4686.717926591498,4618.794857001092,0.985507327162784,1254.3040067328134,2603.1611449428988,1
Hamoun,lake,2010-07,2010,7,18,8,10,0,0,4686.717926591498,4072.632071949835,0.8689731568530158,190.3448428402961,1899.4882291276967,1
Hamoun,lake,2010-08,2010,8,9,2,7,0,0,4686.717926591498,4588.46538585279,0.97903596028657,279.43350411506566,2011.9277864030432,1
Hamoun,lake,2010-09,2010,9,8,2,6,0,0,4686.717926591498,4666.204640694647,0.995623102090172,281.2873169694358,1907.355779931935,1
Hamoun,lake,2010-10,2010,10,14,4,10,0,0,4686.717926591498,4531.979189885932,0.9669835609632896,221.05716193592744,1849.6282467789963,1
Hamoun,lake,2010-11,2010,11,22,10,12,0,0,4686.717926591498,4609.412548568183,0.9835054340299209,206.0997914700461,1092.183011128665,1
Hamoun,lake,2010-12,2010,12,16,10,6,0,0,4686.717926591498,4563.998785170967,0.9738155478220168,143.24090810902507,849.0767281541839,1
Hamoun,lake,2011-01,2011,1,18,12,6,0,0,4686.717926591498,4686.503732844611,0.9999542977089206,212.24642481939887,1081.1239862320035,1
Hamoun,lake,2011-02,2011,2,7,4,3,0,0,4686.717926591498,4448.847756746762,0.9492458958336047,374.8106585462441,1601.0236853565202,1
Hamoun,lake,2011-03,2011,3,14,10,4,0,0,4686.717926591498,4472.918140935652,0.9543817680081004,999.370401363012,2988.1021324947933,1
Hamoun,lake,2011-04,2011,4,18,8,10,0,0,4686.717926591498,4643.723094281806,0.9908262385355542,1044.1636414704908,1916.144825727954,1
Hamoun,lake,2011-05,2011,5,17,7,10,0,0,4686.717926591498,4567.2907072779,0.9745179417271964,818.5456651374438,2021.7254455707043,1
Hamoun,lake,2011-06,2011,6,10,1,9,0,0,4686.717926591498,3068.9683773782594,0.6548225059514565,555.2615071002198,1364.576985752357,1
Hamoun,lake,2011-07,2011,7,7,2,5,0,0,4686.717926591498,166.55947147406005,0.0355386165932954,0.0176793104858398,25.88776602807617,1
Hamoun,lake,2011-08,2011,8,12,2,10,0,0,4686.717926591498,4561.688586505255,0.9733226231993072,10.984808397579418,1396.029080231624,1
Hamoun,lake,2011-09,2011,9,14,2,12,0,0,4686.717926591498,4193.778378006498,0.8948220148287227,94.98776298638558,1316.0398150419865,1
Hamoun,lake,2011-10,2011,10,12,0,12,0,0,4686.717926591498,4456.021184962561,0.9507764825529588,82.44590076142794,1775.8921261336711,1
Hamoun,lake,2011-11,2011,11,12,2,10,0,0,4686.717926591498,4052.895093939695,0.8647618989281135,99.50583084759522,1623.061017911792,1
Hamoun,lake,2011-12,2011,12,9,0,9,0,0,4686.717926591498,4108.17824260815,0.8765576053338243,100.8220056227417,1675.241108930848,1
Hamoun,lake,2012-01,2012,1,12,0,12,0,0,4686.717926591498,4424.435486507921,0.9440370757976624,78.83396393822883,2008.299678494085,1
Hamoun,lake,2012-02,2012,2,4,0,4,0,0,4686.717926591498,3443.094038140439,0.7346492987352649,218.3574152041786,1805.968799529487,1
Hamoun,lake,2012-03,2012,3,11,0,11,0,0,4686.717926591498,3686.779565715324,0.7866442195714992,178.14727011232335,1230.7118633648568,1
Hamoun,lake,2012-04,2012,4,9,0,9,0,0,4686.717926591498,4278.712408306424,0.9129442981899694,700.5178811171935,1766.0380188355878,1
Hamoun,lake,2012-05,2012,5,12,0,12,0,0,4686.717926591498,4235.221406988242,0.9036646696739404,557.46285564529,1969.4925870630773,1
Hamoun,lake,2012-06,2012,6,8,0,8,0,0,4686.717926591498,3858.040950162637,0.823186078315677,215.6450001456909,1394.276117442495,1
Hamoun,lake,2012-07,2012,7,12,0,12,0,0,4686.717926591498,4027.502494028624,0.8593439069967026,75.49142558943088,1169.8850631787886,1
Hamoun,lake,2012-08,2012,8,12,0,12,0,0,4686.717926591498,4563.771888867133,0.9737671351999244,13.188111447229725,1348.5484407504937,1
Hamoun,lake,2012-09,2012,9,11,0,11,0,0,4686.717926591498,4547.475163094851,0.9702899202218652,103.9312136494715,1354.2519475523552,1
Hamoun,lake,2012-10,2012,10,11,0,11,0,0,4686.717926591498,4679.176654670295,0.9983909268619696,110.0789896098884,1373.8492837980589,1
Hamoun,lake,2012-11,2012,11,7,0,7,0,0,4686.717926591498,4618.213867016303,0.985383361950051,109.5330171261848,853.5842516020199,1
Hamoun,lake,2012-12,2012,12,9,0,9,0,0,4686.717926591498,3934.174052797393,0.8394305171377346,105.81148238960368,1775.6430051443206,1
Hamoun,lake,2013-01,2013,1,12,0,12,0,0,4686.717926591498,454.6221738508406,0.0970022478356133,22.31793709940473,215.5001355247451,1
Hamoun,lake,2013-02,2013,2,12,0,12,0,0,4686.717926591498,4187.497708596698,0.8934819151026085,227.58998564927836,1991.282808700421,1
Hamoun,lake,2013-03,2013,3,8,0,7,1,0,4686.717926591498,3419.47919565758,0.7296106250082046,206.22214499192896,1878.172361336432,1
Hamoun,lake,2013-04,2013,4,14,0,8,6,0,4686.717926591498,4669.450863525031,0.9963157451895072,396.9784793017267,1614.7439584872716,1
Hamoun,lake,2013-05,2013,5,20,0,10,10,0,4686.717926591498,4594.453862687079,0.9803137151948208,58.54333934817039,1759.9681381590865,1
Hamoun,lake,2013-06,2013,6,21,0,11,10,0,4686.717926591498,4580.648632509711,0.977368107971685,11.208441757765826,1502.6162534951825,1
Hamoun,lake,2013-07,2013,7,19,0,7,12,0,4686.717926591498,4686.532216281868,0.9999603751895164,103.61480393374455,1643.987981638383,1
Hamoun,lake,2013-08,2013,8,24,0,12,12,0,4686.717926591498,4599.945797035102,0.9814855233629342,16.975681554041245,1415.9423958863526,1
Hamoun,lake,2013-09,2013,9,20,0,10,10,0,4686.717926591498,4676.962999720954,0.9979186016689426,86.3006451897583,1348.415207994079,1
Hamoun,lake,2013-10,2013,10,21,0,10,11,0,4686.717926591498,4674.225280978217,0.99733445754386,83.42095347259522,1393.0657241301196,1
Hamoun,lake,2013-11,2013,11,23,0,12,11,0,4686.717926591498,4512.627046761896,0.962854414847148,90.83731785127168,1508.4105473555774,1
Hamoun,lake,2013-12,2013,12,24,0,12,12,0,4686.717926591498,4525.25331085259,0.9655484673351494,98.0071366836567,2580.472834554435,1
Hamoun,lake,2014-01,2014,1,24,0,12,12,0,4686.717926591498,4682.694098935736,0.9991414401893206,98.67753160709708,1497.046638506356,1
Hamoun,lake,2014-02,2014,2,16,0,8,8,0,4686.717926591498,4464.309774175605,0.9525450099836402,125.21704649485342,2877.943300310669,1
Hamoun,lake,2014-03,2014,3,22,0,12,10,0,4686.717926591498,4596.879200057075,0.9808312068399302,441.124042245899,2322.62782408978,1
Hamoun,lake,2014-04,2014,4,22,0,10,12,0,4686.717926591498,4684.615813108405,0.9995514742905336,1419.83795852452,2599.7882456480106,1
Hamoun,lake,2014-05,2014,5,23,0,11,12,0,4686.717926591498,4677.035143276984,0.9979339948624651,1702.2685192300914,2860.8005387307817,1
Hamoun,lake,2014-06,2014,6,22,0,10,12,0,4686.717926591498,4508.895825228461,0.9620582880923748,880.6718322931016,2046.6039484668052,1
Hamoun,lake,2014-07,2014,7,22,0,12,10,0,4686.717926591498,4531.193790318794,0.9668159810962184,221.04498312212775,1277.3487685280854,1
Hamoun,lake,2014-08,2014,8,22,0,10,12,0,4686.717926591498,4685.232102861457,0.9996829713771312,133.26552279814237,1545.1798649326906,1
Hamoun,lake,2014-09,2014,9,22,0,10,12,0,4686.717926591498,4679.504449382331,0.9984608680696913,120.63401636119528,1508.282782307068,1
Hamoun,lake,2014-10,2014,10,23,0,11,12,0,4686.717926591498,4672.06262452027,0.9968730138444908,110.13401338568116,1215.248545270329,1
Hamoun,lake,2014-11,2014,11,24,0,12,12,0,4686.717926591498,4683.915220064538,0.9994019895007852,125.5510168145771,1062.5143114884706,1
Hamoun,lake,2014-12,2014,12,22,0,12,10,0,4686.717926591498,4683.697461915976,0.999355526677126,119.73152537147624,1403.5754445537898,1
Hamoun,lake,2015-01,2015,1,22,0,10,12,0,4686.717926591498,4467.7295258311415,0.953274678743122,129.83112972344972,2280.507022626552,1
Hamoun,lake,2015-02,2015,2,22,0,12,10,0,4686.717926591498,4669.143498208015,0.9962501629799886,121.09749192769846,2107.7168302452988,1
Hamoun,lake,2015-03,2015,3,18,0,9,9,0,4686.717926591498,4156.119154350499,0.8867867064858996,557.8327256270752,2534.115721361231,1
Hamoun,lake,2015-04,2015,4,20,0,8,12,0,4686.717926591498,4686.568737193488,0.9999681676174356,802.1908481190001,2695.7310852119917,1
Hamoun,lake,2015-05,2015,5,22,0,12,10,0,4686.717926591498,4534.603963069831,0.9675436060150744,677.5065400362035,1935.2884079382889,1
Hamoun,lake,2015-06,2015,6,21,0,9,12,0,4686.717926591498,4673.953783770759,0.9972765284745816,560.6947101423503,1814.363313407928,1
Hamoun,lake,2015-07,2015,7,20,0,8,12,0,4686.717926591498,4572.745776722175,0.9756818840701574,107.194080307981,1355.537523292419,1
Hamoun,lake,2015-08,2015,8,24,0,12,12,0,4686.717926591498,4576.497066680183,0.9764822928032548,9.161590358245968,1331.8459223915577,1
Hamoun,lake,2015-09,2015,9,24,0,12,12,0,4686.717926591498,4685.651875401984,0.9997725377959136,110.90386412054444,1689.0816615566334,1
Hamoun,lake,2015-10,2015,10,21,0,12,9,0,4686.717926591498,4684.835072078071,0.999598257342789,105.97780921508787,1392.247231236863,1
Hamoun,lake,2015-11,2015,11,20,0,10,10,0,4686.717926591498,4521.341655829052,0.9647138416792412,352.4995167122444,2274.6408631532595,1
Hamoun,lake,2015-12,2015,12,20,0,10,10,0,4686.717926591498,4629.260286110846,0.98774032459802,190.2672493677057,2647.604759329035,1
Hamoun,lake,2016-01,2016,1,24,0,12,12,0,4686.717926591498,4267.3047053349055,0.910510248786912,553.9017743006863,2429.394639058281,1
Hamoun,lake,2016-02,2016,2,24,0,12,12,0,4686.717926591498,4614.782435325507,0.9846512010339168,264.4467873478425,2432.636256940272,1
Hamoun,lake,2016-03,2016,3,20,0,10,10,0,4686.717926591498,4532.435536440558,0.96708093114041,634.2441026265235,2598.137469028015,1
Hamoun,lake,2016-04,2016,4,20,0,10,10,0,4686.717926591498,4580.714385909858,0.9773821377044696,1361.0376638981477,2989.8763470727927,1
Hamoun,lake,2016-05,2016,5,24,0,12,12,0,4686.717926591498,4618.052148946234,0.9853488563381064,1463.6901993692916,2509.4174587952302,1
Hamoun,lake,2016-06,2016,6,18,0,6,12,0,4686.717926591498,4619.130911548468,0.985579030762753,1019.0698595919042,1989.2422534502932,1
Hamoun,lake,2016-07,2016,7,24,0,12,12,0,4686.717926591498,4576.513507339668,0.9764858007292154,326.31107668899,1236.9251899594117,1
Hamoun,lake,2016-08,2016,8,24,0,12,12,0,4686.717926591498,4568.263654609687,0.9747255384605662,49.88271064921659,1313.8862769087773,1
Hamoun,lake,2016-09,2016,9,20,0,10,10,0,4686.717926591498,4686.658824919257,0.9999873895392968,128.1498481292636,1511.366829775232,1
Hamoun,lake,2016-10,2016,10,22,0,12,10,0,4686.717926591498,4684.049779363227,0.9994307002746776,123.3298042132731,1307.4955978958444,1
Hamoun,lake,2016-11,2016,11,22,0,10,12,0,4686.717926591498,4680.7538516836,0.9987274517047294,122.43872739213845,1357.1741177411805,1
Hamoun,lake,2016-12,2016,12,24,0,12,12,0,4686.717926591498,4647.675811874275,0.9916696256679528,104.08406484984108,1316.3331281168073,1
Hamoun,lake,2017-01,2017,1,24,0,12,12,0,4686.717926591498,4671.849530930426,0.9968275462927452,168.90451264639051,1841.0963499993125,1
Hamoun,lake,2017-02,2017,2,15,0,7,8,0,4686.717926591498,4399.67178461221,0.938753271164316,454.23446326932736,2247.546475799172,1
Hamoun,lake,2017-03,2017,3,22,0,10,12,0,4686.717926591498,4677.24912157923,0.9979796511843512,825.9210331948512,2230.116539815245,1
Hamoun,lake,2017-04,2017,4,24,0,12,12,0,4686.717926591498,4686.186704361457,0.9998866536799608,1500.3249265688785,2842.723015291428,1
Hamoun,lake,2017-05,2017,5,24,0,12,12,0,4686.717926591498,4581.0731458654855,0.9774586859331548,1226.560352106059,2308.59738968789,1
Hamoun,lake,2017-06,2017,6,20,0,10,10,0,4686.717926591498,4665.228637530341,0.9954148533370802,919.3615829809088,1990.5795290859144,1
Hamoun,lake,2017-07,2017,7,22,0,10,12,0,4686.717926591498,4575.159024737861,0.9761967962226455,209.57057271284395,1427.7690590348966,1
Hamoun,lake,2017-08,2017,8,22,0,12,10,0,4686.717926591498,4573.262852689948,0.9757922120173204,16.524502108577952,1292.2742266252776,1
Hamoun,lake,2017-09,2017,9,22,0,10,12,0,4686.717926591498,4686.069670514289,0.9998616822929473,111.284547946167,1433.412815652756,1
Hamoun,lake,2017-10,2017,10,24,0,12,12,0,4686.717926591498,4685.901673371283,0.9998258369219142,107.47269039434816,1205.2493112408088,1
Hamoun,lake,2017-11,2017,11,23,0,12,11,0,4686.717926591498,4685.573737637031,0.9997558656244327,106.7984137510376,1303.1084342894658,1
Hamoun,lake,2017-12,2017,12,22,0,10,12,0,4686.717926591498,4684.544120382147,0.9995361772900782,102.67700602894692,1331.059704634,1
Hamoun,lake,2018-01,2018,1,22,0,12,10,0,4686.717926591498,4645.33440363411,0.9911700418916644,77.57255140095072,2094.88919752968,1
Hamoun,lake,2018-02,2018,2,20,0,9,11,0,4686.717926591498,4680.302365778266,0.9986311186391588,109.87523665269032,958.5204215568348,1
Hamoun,lake,2018-03,2018,3,24,0,12,12,0,4686.717926591498,4685.744664602241,0.9997923361285016,356.6709208584463,1144.0573625007396,1
Hamoun,lake,2018-04,2018,4,22,0,12,10,0,4686.717926591498,4615.90477678896,0.9848906738336526,142.89020542980958,1311.9798505272308,1
Hamoun,lake,2018-05,2018,5,22,0,10,12,0,4686.717926591498,4593.661961022162,0.980144747982089,5.980042877270269,624.2794367698709,1
Hamoun,lake,2018-06,2018,6,22,0,12,10,0,4686.717926591498,4601.220856490546,0.9817575814375644,5.190289098266602,807.933164055983,1
Hamoun,lake,2018-07,2018,7,22,0,10,12,0,4686.717926591498,4606.099098302375,0.982798446684468,2.7487647451171875,410.8380259679556,1
Hamoun,lake,2018-08,2018,8,24,0,12,12,0,4686.717926591498,4686.623893201362,0.9999799361959458,66.37978315301514,792.614189971756,1
Hamoun,lake,2018-09,2018,9,24,0,12,12,0,4686.717926591498,4685.412442566352,0.9997214502674164,70.55479558905029,1114.798924439515,1
Hamoun,lake,2018-10,2018,10,20,0,8,12,0,4686.717926591498,4682.724138548102,0.999147849709338,67.02410685327149,1297.154964490419,1
Hamoun,lake,2018-11,2018,11,20,0,10,10,0,4686.717926591498,3932.018423600946,0.8389705728376485,56.88592398236084,1131.767778093488,1
Hamoun,lake,2018-12,2018,12,24,0,12,12,0,4686.717926591498,4686.613114519599,0.9999776363601264,67.92473174475097,1126.261491534444,1
Hamoun,lake,2019-01,2019,1,24,0,12,12,0,4686.717926591498,4656.856228466926,0.9936284413544192,63.92635659405518,988.2450950868882,1
Hamoun,lake,2019-02,2019,2,21,0,11,10,0,4686.717926591498,4449.698030546699,0.9494273178464622,310.37475853031293,2259.198119327425,1
Hamoun,lake,2019-03,2019,3,21,0,10,11,0,4686.717926591498,4340.317813378119,0.9260889776941824,980.456623280902,2886.2331284805764,1
Hamoun,lake,2019-04,2019,4,22,0,12,10,0,4686.717926591498,4684.979799460089,0.9996291376697652,1848.8268040477103,2865.2639159139044,1
Hamoun,lake,2019-05,2019,5,24,0,12,12,0,4686.717926591498,4680.837970020027,0.9987453999443596,2012.7424204192216,2843.9162137806247,1
Hamoun,lake,2019-06,2019,6,24,0,12,12,0,4686.717926591498,4682.64325525434,0.9991305917273068,1485.7259851556353,2252.871101832166,1
Hamoun,lake,2019-07,2019,7,24,0,12,12,0,4686.717926591498,4666.164608708991,0.9956145605081348,1059.9939424128777,1828.111864797344,1
Hamoun,lake,2019-08,2019,8,22,0,10,12,0,4686.717926591498,4671.141500156256,0.9966764745224234,608.7679654840447,1772.5440356567678,1
Hamoun,lake,2019-09,2019,9,20,0,10,10,0,4686.717926591498,4686.706417424079,0.999997544301236,331.4796691444451,1676.1132558332436,1
Hamoun,lake,2019-10,2019,10,24,0,12,12,0,4686.717926591498,4685.961160851996,0.9998385297021594,260.919573989204,1362.170864221267,1
Hamoun,lake,2019-11,2019,11,23,0,11,12,0,4686.717926591498,4684.925691422919,0.9996175926956452,121.67969808521585,1089.308316658362,1
Hamoun,lake,2019-12,2019,12,22,0,12,10,0,4686.717926591498,4682.24238971773,0.9990450594757632,164.38384016579852,1587.1233449885976,1
Hamoun,lake,2020-01,2020,1,23,0,11,12,0,4686.717926591498,4677.015344047858,0.9979297703220862,305.85413744616176,1586.9554952904048,1
Hamoun,lake,2020-02,2020,2,18,0,10,8,0,4686.717926591498,4106.793670520684,0.8762621806658257,773.3775681207924,2023.811006813409,1
Hamoun,lake,2020-03,2020,3,24,0,12,12,0,4686.717926591498,4676.186138319831,0.997752843581238,849.2791195362756,2520.478591805173,1
Hamoun,lake,2020-04,2020,4,23,0,11,12,0,4686.717926591498,4077.932721259283,0.8701041507366829,1361.728085557187,3107.058677851305,1
Hamoun,lake,2020-05,2020,5,24,0,12,12,0,4686.717926591498,4674.435972727179,0.9973794126173812,2476.938429002555,3555.9641508844525,1
Hamoun,lake,2020-06,2020,6,20,0,8,12,0,4686.717926591498,4679.792920812019,0.9985224189106436,1970.1502751512253,2881.909758076294,1
Hamoun,lake,2020-07,2020,7,22,0,12,10,0,4686.717926591498,4656.352061404243,0.9935208677665524,1538.954924826818,2302.6336026568897,1
Hamoun,lake,2020-08,2020,8,22,0,10,12,0,4686.717926591498,4589.713802528693,0.979302333619776,1182.3714749604565,2137.2885437808945,1
Hamoun,lake,2020-09,2020,9,24,0,12,12,0,4686.717926591498,4648.194001257575,0.991780191183398,977.177502067812,1930.895716086152,1
Hamoun,lake,2020-10,2020,10,24,0,12,12,0,4686.717926591498,4627.730384086676,0.9874138910365954,730.7471247307847,1668.6276104783794,1
Hamoun,lake,2020-11,2020,11,20,0,11,9,0,4686.717926591498,4234.250814300726,0.9034575753485048,494.86577539771775,1699.7455407956086,1
Hamoun,lake,2020-12,2020,12,21,0,11,10,0,4686.717926591498,4542.142177141191,0.9691520267029484,413.33177500156376,1508.3753110418738,1
Hamoun,lake,2021-01,2021,1,21,0,9,12,0,4686.717926591498,4547.941503288444,0.970389422731062,264.3959867127812,1813.840487990954,1
Hamoun,lake,2021-02,2021,2,22,0,12,10,0,4686.717926591498,4601.250032049384,0.981763806595403,219.8500501790233,1624.1818807746658,1
Hamoun,lake,2021-03,2021,3,24,0,12,12,0,4686.717926591498,4670.426764709662,0.9965239721833048,92.10216422436524,1373.4134850076268,1
Hamoun,lake,2021-04,2021,4,20,0,8,12,0,4686.717926591498,4622.098479460839,0.9862122175597507,86.92230610858154,546.6089596398857,1
Hamoun,lake,2021-05,2021,5,22,0,12,10,0,4686.717926591498,4675.707672327094,0.9976507538032244,105.4930507325346,961.0890905371438,1
Hamoun,lake,2021-06,2021,6,22,0,10,12,0,4686.717926591498,4668.36692418653,0.9960844662101704,64.00006427997903,943.4998010971754,1
Hamoun,lake,2021-07,2021,7,23,0,11,12,0,4686.717926591498,4611.598551764961,0.9839718591980272,5.944134658641142,852.0480388058156,1
Hamoun,lake,2021-08,2021,8,24,0,12,12,0,4686.717926591498,4683.142041938178,0.999237017309484,66.91931527216653,974.2431187383282,1
Hamoun,lake,2021-09,2021,9,24,0,12,12,0,4686.717926591498,4686.258628620002,0.9999020000822132,64.55582363636331,1066.4566620653245,1
Hamoun,lake,2021-10,2021,10,24,0,12,10,2,4686.717926591498,4686.40660462342,0.9999335735640688,62.06429071192483,1254.7506034875466,1
Hamoun,lake,2021-11,2021,11,26,0,10,10,6,4686.717926591498,4686.226459733405,0.9998951362412266,61.45051976075296,1166.0015475936066,1
Hamoun,lake,2021-12,2021,12,34,0,12,12,10,4686.717926591498,4683.988503320868,0.999417625870944,59.09256951014261,1671.0450793874606,1
Hamoun,lake,2022-01,2022,1,32,0,12,8,12,4686.717926591498,4646.692139476447,0.9914597405386928,620.2629695693345,2218.926478717782,1
Hamoun,lake,2022-02,2022,2,32,0,10,12,10,4686.717926591498,4659.098332318549,0.9941068366593516,652.3481255697551,1949.096420580992,1
Hamoun,lake,2022-03,2022,3,30,0,12,10,8,4686.717926591498,4685.767685968452,0.99979724817283,533.4240442921165,1631.8905385006458,1
Hamoun,lake,2022-04,2022,4,24,0,2,12,10,4686.717926591498,4685.728374107855,0.9997888602431078,386.28706016770167,1278.6026009719924,1
Hamoun,lake,2022-05,2022,5,30,0,6,12,12,4686.717926591498,4672.552418082404,0.996977520573892,34.589367401194856,971.4400578648726,1
Hamoun,lake,2022-06,2022,6,33,0,9,12,12,4686.717926591498,4683.049553384039,0.9992172831254372,42.16235698298196,1042.8008030383596,1
Hamoun,lake,2022-07,2022,7,29,0,5,12,12,4686.717926591498,4670.986380575019,0.9966433768229956,25.55632532990579,1059.317213897917,1
Hamoun,lake,2022-08,2022,8,31,0,9,10,12,4686.717926591498,4673.7169139117495,0.9972259878056702,30.97823232637652,1093.7973555488545,1
Hamoun,lake,2022-09,2022,9,32,0,12,10,10,4686.717926591498,4686.485167918525,0.9999503365304636,43.9168991315918,950.5849227067656,1
Hamoun,lake,2022-10,2022,10,34,0,10,12,12,4686.717926591498,4686.439677024482,0.999940630186972,36.194061905041984,959.0025548087434,1
Hamoun,lake,2022-11,2022,11,34,0,10,12,12,4686.717926591498,4685.005561100042,0.9996346344033762,34.45460644927979,711.6450837170572,1
Hamoun,lake,2022-12,2022,12,31,0,7,12,12,4686.717926591498,4686.600884994818,0.9999750269594816,34.778744047374055,771.3791522206411,1
Hamoun,lake,2023-01,2023,1,34,0,10,12,12,4686.717926591498,4686.396695895696,0.999931459349414,35.01962650379495,1488.5564700640257,1
Hamoun,lake,2023-02,2023,2,27,0,10,10,7,4686.717926591498,4671.708280295016,0.9967974077954808,54.750623175303744,1155.367047977168,1
Hamoun,lake,2023-03,2023,3,31,0,7,12,12,4686.717926591498,4686.510712699714,0.9999557869931516,33.022499600718774,1122.6811740807882,1
Hamoun,lake,2023-04,2023,4,33,0,9,12,12,4686.717926591498,4686.63622122895,0.9999825666140296,30.41904349359322,1126.9446537877698,1
Hamoun,lake,2023-05,2023,5,28,0,4,12,12,4686.717926591498,4683.1051178585885,0.9992291388580458,22.77103801160745,1433.688290108949,1
Hamoun,lake,2023-06,2023,6,27,0,7,10,10,4686.717926591498,4683.2121584108345,0.9992519779863916,19.010387569651883,1227.3136264192028,1
Hamoun,lake,2023-07,2023,7,31,0,9,10,12,4686.717926591498,4679.71294839704,0.998505355281846,10.958976221984864,1220.15932031667,1
Hamoun,lake,2023-08,2023,8,34,0,10,12,12,4686.717926591498,4681.209259553779,0.9988246215957516,9.267983710948272,1304.5166287542445,1
Hamoun,lake,2023-09,2023,9,33,0,9,12,12,4686.717926591498,4685.816955356269,0.9998077607295038,10.942491702708525,1621.683117916006,1
Hamoun,lake,2023-10,2023,10,34,0,10,12,12,4686.717926591498,4686.691720482917,0.9999944084305922,10.540543414195342,972.3083264684948,1
Hamoun,lake,2023-11,2023,11,32,0,10,12,10,4686.717926591498,4686.462161692329,0.9999454277165436,12.16607196662454,1199.3089428699484,1
Hamoun,lake,2023-12,2023,12,22,0,0,10,12,4686.717926591498,4680.2428119314645,0.998618411698452,11.264575197398466,1438.7430647037645,1
Hamoun,lake,2024-01,2024,1,22,0,0,12,10,4686.717926591498,4675.188980612616,0.9975400811059124,8.545186945689483,1813.0337678252592,1
Hamoun,lake,2024-02,2024,2,20,0,0,9,11,4686.717926591498,4678.944659127937,0.9983414262207978,8.523468895823758,1491.497253012909,1
Hamoun,lake,2024-03,2024,3,24,0,0,12,12,4686.717926591498,4686.70328412348,0.9999968757522328,23.35690411234394,2191.981732114176,1
Hamoun,lake,2024-04,2024,4,22,0,0,10,12,4686.717926591498,4686.717926591498,1.0,425.6933897232237,2298.0723057191,1
Hamoun,lake,2024-05,2024,5,22,0,0,12,10,4686.717926591498,4670.8261747987735,0.9966091938875692,725.3377137520309,2742.0618103815104,1
Hamoun,lake,2024-06,2024,6,22,0,0,10,12,4686.717926591498,4664.908545037116,0.9953465555435628,539.8226740232527,2501.87887332846,1
Hamoun,lake,2024-07,2024,7,24,0,0,12,12,4686.717926591498,4662.128066362311,0.9947532877774296,85.22848596808579,2202.6125829588364,1
Hamoun,lake,2024-08,2024,8,24,0,0,12,12,4686.717926591498,4661.815332830024,0.9946865601575504,6.6306286486888215,2137.38954607006,1
Hamoun,lake,2024-09,2024,9,24,0,0,12,12,4686.717926591498,4686.450624734382,0.9999429660881444,29.396719460212257,2073.6355285290865,1
Hamoun,lake,2024-10,2024,10,22,0,0,12,10,4686.717926591498,4684.155794793098,0.9994533206737568,26.627344940977327,1910.1586237231384,1
Hamoun,lake,2024-11,2024,11,20,0,0,10,10,4686.717926591498,4680.367386515082,0.9986449920443506,25.033975932003244,1661.775273001173,1
Hamoun,lake,2024-12,2024,12,24,0,0,12,12,4686.717926591498,4680.3207154808415,0.9986350338956052,24.404079527045752,2345.471706973731,1
Hamoun,lake,2025-01,2025,1,21,0,0,12,9,4686.717926591498,4685.9691694925,0.9998402384972328,27.929930416775093,2035.20976442046,1
Hamoun,lake,2025-02,2025,2,21,0,0,9,12,4686.717926591498,4647.590307420782,0.9916513816740038,28.059242431315106,2220.476516591899,1
Hamoun,lake,2025-03,2025,3,21,0,0,12,9,4686.717926591498,4681.563596262031,0.9989002260408668,291.549765709926,1925.7909690298409,1
Hamoun,lake,2025-04,2025,4,22,0,0,10,12,4686.717926591498,4686.717926591498,1.0,135.76731904136005,2428.2444683805898,1
Hamoun,lake,2025-05,2025,5,24,0,0,12,12,4686.717926591498,4659.328587395208,0.9941559659392156,10.382169715298044,2498.4683983654486,1
Hamoun,lake,2025-06,2025,6,24,0,0,12,12,4686.717926591498,4665.528773058051,0.9954788929341738,5.762635325324563,2200.8444445787304,1
Hamoun,lake,2025-07,2025,7,24,0,0,12,12,4686.717926591498,4662.6855371435,0.9948722347228018,0.4170649798691693,2139.761518433337,1
Hamoun,lake,2025-08,2025,8,22,0,0,12,10,4686.717926591498,4662.387467319526,0.9948086358827088,0.1734892634385053,2005.503526364351,1
Hamoun,lake,2025-09,2025,9,20,0,0,10,10,4686.717926591498,4663.298453549934,0.9950030120420332,0.6055887190049115,2178.9885650840365,1
Hamoun,lake,2025-10,2025,10,22,0,0,12,10,4686.717926591498,4686.610832217108,0.9999771493876808,21.25789851874856,1928.1575816917864,1
Hamoun,lake,2025-11,2025,11,24,0,0,12,12,4686.717926591498,4685.947913649176,0.9998357031606374,20.89824637537698,2034.2202927874896,1
Hamoun,lake,2025-12,2025,12,24,0,0,12,12,4686.717926591498,4686.434642734625,0.9999395560259204,21.75160757537842,1156.5104037570443,1
Hamoun,lake,2026-01,2026,1,24,0,0,12,12,4686.717926591498,4502.46510930506,0.9606861731018576,81.84577438170095,1896.4187744943156,1
Hamoun,lake,2026-02,2026,2,17,0,0,7,10,4686.717926591498,4685.397467651862,0.9997182550859004,374.71195367828034,1979.967985099606,1
Hamoun,lake,2026-03,2026,3,23,0,0,11,12,4686.717926591498,4621.086592149299,0.9859963122444768,402.1500553001212,1777.5426304900589,1
Hamoun,lake,2026-04,2026,4,24,0,0,12,12,4686.717926591498,4686.716385304877,0.9999996711373192,757.1121448637317,3035.1660124065484,1
Hamoun,lake,2026-05,2026,5,24,0,0,12,12,4686.717926591498,4686.717926591497,0.9999999999999998,655.6939770387232,2838.6790390866777,1
Hamoun,lake,2026-06,2026,6,20,0,0,10,10,4686.717926591498,4645.5705687551945,0.9912204321913972,509.58025533733775,2796.061409335774,1
Jaz Murian,wetland,1991-01,1991,1,4,4,0,0,0,1332.927989730828,1332.7770112343069,0.9998867316931714,519.7383075125792,1233.618954734612,1
Jaz Murian,wetland,1991-02,1991,2,3,3,0,0,0,1332.927989730828,74.92663368424097,0.0562120641636249,29.83787059167385,74.80011415750756,1
Jaz Murian,wetland,1991-03,1991,3,3,3,0,0,0,1332.927989730828,1332.927989730828,0.9999999999999998,945.381933346824,1332.917626889031,1
Jaz Murian,wetland,1991-04,1991,4,2,2,0,0,0,1332.927989730828,1145.953236887758,0.8597262910798146,859.8491711448665,1133.9996720313738,1
Jaz Murian,wetland,1991-05,1991,5,4,4,0,0,0,1332.927989730828,1302.309739003167,0.9770293286932596,575.1908983860474,1199.1192280209575,1
Jaz Murian,wetland,1991-06,1991,6,2,2,0,0,0,1332.927989730828,1327.1061863162165,0.9956323196305694,169.7423892685547,1038.4233402698587,1
Jaz Murian,wetland,1991-07,1991,7,4,4,0,0,0,1332.927989730828,1332.927989730828,1.0,7.712204124084472,867.1938931707032,1
Jaz Murian,wetland,1991-08,1991,8,1,1,0,0,0,1332.927989730828,1332.927989730828,1.0,3.4268706655273435,1100.2337038572168,1
Jaz Murian,wetland,1991-09,1991,9,4,4,0,0,0,1332.927989730828,1332.927989730828,1.0,1.070805764038086,762.5041477908601,1
Jaz Murian,wetland,1991-10,1991,10,3,3,0,0,0,1332.927989730828,1332.927989730828,1.0,0.2934114270629883,1031.5501586415223,1
Jaz Murian,wetland,1991-11,1991,11,3,3,0,0,0,1332.927989730828,1332.0979620149828,0.999377289904451,2.3953397302856447,1100.7492927674818,1
Jaz Murian,wetland,1991-12,1991,12,3,3,0,0,0,1332.927989730828,1224.61294777703,0.9187390145692182,6.316196960327148,1126.174316469291,1
Jaz Murian,wetland,1992-01,1992,1,2,2,0,0,0,1332.927989730828,1332.754260175042,0.9998696632097724,31.315087351568245,1245.3080737033013,1
Jaz Murian,wetland,1992-02,1992,2,3,3,0,0,0,1332.927989730828,1003.8404902436454,0.7531093187159804,303.959224084527,1001.6362899525076,1
Jaz Murian,wetland,1992-03,1992,3,3,3,0,0,0,1332.927989730828,1330.848692808892,0.9984400530726676,306.52816432507325,1318.8377312304017,1
Jaz Murian,wetland,1992-04,1992,4,3,3,0,0,0,1332.927989730828,1332.6064571245413,0.9997587772116994,2.511521017944336,1150.852229035594,1
Jaz Murian,wetland,1992-05,1992,5,4,4,0,0,0,1332.927989730828,1244.777375812432,0.9338669345999724,38.92052659674072,1158.0524591341484,1
Jaz Murian,wetland,1992-06,1992,6,3,3,0,0,0,1332.927989730828,1332.927989730828,0.9999999999999998,2.388807731506348,1267.345443241692,1
Jaz Murian,wetland,1992-07,1992,7,1,1,0,0,0,1332.927989730828,1173.5993839846474,0.8804672068006048,2.953406300842285,1145.734516563932,1
Jaz Murian,wetland,1992-08,1992,8,4,4,0,0,0,1332.927989730828,1332.927989730828,1.0,0.0175309464111328,1279.6016839387748,1
Jaz Murian,wetland,1992-09,1992,9,4,4,0,0,0,1332.927989730828,1332.927989730828,1.0,0.003189998046875,1244.188609895562,1
Jaz Murian,wetland,1992-10,1992,10,3,3,0,0,0,1332.927989730828,1332.927989730828,1.0,0.3227549099731445,1219.4534596843876,1
Jaz Murian,wetland,1992-11,1992,11,2,2,0,0,0,1332.927989730828,1208.3126672144,0.9065100864589144,0.13391344140625,1097.5007477887716,1
Jaz Murian,wetland,1992-12,1992,12,4,4,0,0,0,1332.927989730828,1332.927989730828,1.0,0.7100797124023438,1264.4899006423673,1
Jaz Murian,wetland,1993-01,1993,1,4,4,0,0,0,1332.927989730828,1329.4414041595392,0.9973842656181352,1287.747151718607,1329.3489444693537,1
Jaz Murian,wetland,1993-02,1993,2,4,4,0,0,0,1332.927989730828,1271.5785141688073,0.9539739010399132,1267.9869437485856,1271.4582660466758,1
Jaz Murian,wetland,1993-03,1993,3,4,4,0,0,0,1332.927989730828,1268.7834496917749,0.9518769651974924,1265.4642924635532,1268.5611055528589,1
Jaz Murian,wetland,1993-04,1993,4,1,1,0,0,0,1332.927989730828,1332.8245144323048,0.9999223699259672,1324.14895386624,1330.591518237847,1
Jaz Murian,wetland,1993-05,1993,5,4,4,0,0,0,1332.927989730828,1332.927989730828,1.0,1309.680182430999,1325.0050041842585,1
Jaz Murian,wetland,1993-06,1993,6,4,4,0,0,0,1332.927989730828,1332.927989730828,1.0,1263.3582174122628,1291.036410113097,1
Jaz Murian,wetland,1993-07,1993,7,4,4,0,0,0,1332.927989730828,1332.927989730828,1.0,1175.764725948599,1287.4311184134858,1
Jaz Murian,wetland,1993-08,1993,8,3,3,0,0,0,1332.927989730828,1332.927989730828,1.0,965.9900037851384,1299.3833563449027,1
Jaz Murian,wetland,1993-09,1993,9,2,2,0,0,0,1332.927989730828,0.022282826171875,1.6717201787003362e-05,0.0,0.0198933063354492,1
Jaz Murian,wetland,1993-10,1993,10,3,3,0,0,0,1332.927989730828,1332.0789882419365,0.9993630552472208,491.4248900177002,1064.015886714583,1
Jaz Murian,wetland,1993-11,1993,11,2,2,0,0,0,1332.927989730828,1121.8265848045637,0.8416257993285187,429.9989948205566,922.472677189545,1
Jaz Murian,wetland,1993-12,1993,12,4,4,0,0,0,1332.927989730828,1296.9324359451834,0.9729951249707692,641.4102120089111,1125.6811118487458,1
Jaz Murian,wetland,1994-01,1994,1,4,4,0,0,0,1332.927989730828,1193.1514559316338,0.8951357201018633,447.4454005919189,844.9782212893848,1
Jaz Murian,wetland,1994-02,1994,2,2,2,0,0,0,1332.927989730828,1330.982705275933,0.9985405929878568,571.6286364966235,1228.334759305352,1
Jaz Murian,wetland,1994-03,1994,3,3,3,0,0,0,1332.927989730828,610.4614445788543,0.4579853144970953,18.63813603936768,438.022152961911,1
Jaz Murian,wetland,1994-04,1994,4,4,4,0,0,0,1332.927989730828,1332.927989730828,1.0,0.3068906320800781,778.9614810246608,1
Jaz Murian,wetland,1994-05,1994,5,3,3,0,0,0,1332.927989730828,1332.927989730828,1.0,0.0183414963989257,659.4527081660848,1
Jaz Murian,wetland,1994-06,1994,6,4,4,0,0,0,1332.927989730828,1332.927989730828,0.9999999999999998,0.0071734210205078,885.7061396473614,1
Jaz Murian,wetland,1994-07,1994,7,3,3,0,0,0,1332.927989730828,69.11849246362304,0.0518546335556963,1.0830246119384763,69.11849246362304,1
Jaz Murian,wetland,1994-08,1994,8,4,4,0,0,0,1332.927989730828,1332.927989730828,1.0,0.3893822963867187,1285.5777336654594,1
Jaz Murian,wetland,1994-09,1994,9,4,4,0,0,0,1332.927989730828,1332.927989730828,1.0,0.1282870219726562,1186.483019945855,1
Jaz Murian,wetland,1994-10,1994,10,4,4,0,0,0,1332.927989730828,1332.927989730828,1.0,0.0294951370849609,1101.7632729557429,1
Jaz Murian,wetland,1994-11,1994,11,4,4,0,0,0,1332.927989730828,1332.0986855179372,0.9993778326966796,0.3410579428100586,1187.0876712694633,1
Jaz Murian,wetland,1994-12,1994,12,4,4,0,0,0,1332.927989730828,1329.3588190820851,0.997322307974444,0.6559388820190429,846.408510574703,1
Jaz Murian,wetland,1995-01,1995,1,4,4,0,0,0,1332.927989730828,1330.7287529213188,0.998350070801684,0.5869192152709961,266.26018389808377,1
Jaz Murian,wetland,1995-02,1995,2,3,3,0,0,0,1332.927989730828,1201.623824376641,0.9014919287720092,29.85775160439956,620.6246584500761,1
Jaz Murian,wetland,1995-03,1995,3,4,4,0,0,0,1332.927989730828,1332.780782041375,0.9998895606584998,130.8612426618042,821.1022878509887,1
Jaz Murian,wetland,1995-04,1995,4,4,4,0,0,0,1332.927989730828,1332.927989730828,1.0,12.671965614807128,727.9970309240782,1
Jaz Murian,wetland,1995-05,1995,5,3,3,0,0,0,1332.927989730828,1332.925602340386,0.999998208912664,98.29406248504638,781.0159075199178,1
Jaz Murian,wetland,1995-06,1995,6,4,4,0,0,0,1332.927989730828,1332.9279897308284,1.0000000000000002,0.0031899961547851,461.3029588892239,1
Jaz Murian,wetland,1995-07,1995,7,4,4,0,0,0,1332.927989730828,1332.927989730828,1.0,0.0,802.5579021707414,1
Jaz Murian,wetland,1995-08,1995,8,4,4,0,0,0,1332.927989730828,1332.927989730828,0.9999999999999998,0.0749256758422851,1228.983674223471,1
Jaz Murian,wetland,1995-09,1995,9,3,3,0,0,0,1332.927989730828,1332.927989730828,0.9999999999999998,0.0071590397338867,879.832127475914,1
Jaz Murian,wetland,1995-10,1995,10,3,3,0,0,0,1332.927989730828,1320.4018161492602,0.9906025129053688,0.1776907911987304,563.2357360342336,1
Jaz Murian,wetland,1995-11,1995,11,3,3,0,0,0,1332.927989730828,1330.96775190429,0.9985293745486328,1.044200271911621,551.9121781739949,1
Jaz Murian,wetland,1995-12,1995,12,2,2,0,0,0,1332.927989730828,1096.9233400967455,0.8229426859873041,229.3747694816837,943.4115955683644,1
Jaz Murian,wetland,1996-01,1996,1,2,2,0,0,0,1332.927989730828,790.4168829140556,0.5929929366054295,196.66516235095216,727.4069873944346,1
Jaz Murian,wetland,1996-02,1996,2,4,4,0,0,0,1332.927989730828,1332.927989730828,1.0,956.6227339333929,1251.129242937167,1
Jaz Murian,wetland,1996-03,1996,3,4,4,0,0,0,1332.927989730828,1332.607997261956,0.9997599326660274,1316.134926456231,1329.4882992044609,1
Jaz Murian,wetland,1996-04,1996,4,3,3,0,0,0,1332.927989730828,799.0250793002527,0.599451047210441,785.1792634681357,795.1475985280415,1
Jaz Murian,wetland,1996-05,1996,5,4,4,0,0,0,1332.927989730828,1332.8692344586725,0.9999559201452678,1243.9610969994396,1289.3898374596542,1
Jaz Murian,wetland,1996-06,1996,6,3,3,0,0,0,1332.927989730828,1332.8873963556453,0.9999695457102742,1091.78947201379,1161.5745849478772,1
Jaz Murian,wetland,1996-07,1996,7,3,3,0,0,0,1332.927989730828,1332.927989730828,1.0,931.2328195483484,1151.322525435873,1
Jaz Murian,wetland,1996-08,1996,8,4,4,0,0,0,1332.927989730828,1332.911295522637,0.9999874755363232,595.8659335545044,1138.4722903703746,1
Jaz Murian,wetland,1996-09,1996,9,4,4,0,0,0,1332.927989730828,1332.927989730828,1.0,268.42954980603025,1054.7701338267443,1
Jaz Murian,wetland,1996-10,1996,10,3,3,0,0,0,1332.927989730828,1255.2668499359672,0.94173643258062,48.79427604498291,800.137153044525,1
Jaz Murian,wetland,1996-11,1996,11,4,4,0,0,0,1332.927989730828,1154.981181372429,0.8664993084927766,8.74339870892334,397.060344690304,1
Jaz Murian,wetland,1996-12,1996,12,4,4,0,0,0,1332.927989730828,1232.8936386758965,0.9249514213628804,0.2522615548706055,425.1146069784491,1
Jaz Murian,wetland,1997-01,1997,1,4,4,0,0,0,1332.927989730828,1332.927989730828,1.0,85.1017416114952,1109.3683710817802,1
Jaz Murian,wetland,1997-02,1997,2,3,3,0,0,0,1332.927989730828,1328.4401317653126,0.9966330829571508,26.405072048370005,885.802930168344,1
Jaz Murian,wetland,1997-03,1997,3,3,3,0,0,0,1332.927989730828,1330.7407911016169,0.9983591021825168,225.4612005319932,1150.6923528671205,1
Jaz Murian,wetland,1997-04,1997,4,4,4,0,0,0,1332.927989730828,1332.9128363134696,0.9999886314808636,598.4426848517959,1222.7112839320075,1
Jaz Murian,wetland,1997-05,1997,5,3,3,0,0,0,1332.927989730828,1332.921634570061,0.9999952321799708,41.51678328924561,1023.3954408441648,1
Jaz Murian,wetland,1997-06,1997,6,4,4,0,0,0,1332.927989730828,1332.927989730828,1.0,0.0478384123535156,1124.323423138146,1
Jaz Murian,wetland,1997-07,1997,7,4,4,0,0,0,1332.927989730828,1332.8913731951222,0.9999725292469,0.0533127706909179,1184.1816003522877,1
Jaz Murian,wetland,1997-08,1997,8,3,3,0,0,0,1332.927989730828,1332.9279897308284,1.0000000000000002,0.0047808569335937,981.4021806860172,1
Jaz Murian,wetland,1997-09,1997,9,4,4,0,0,0,1332.927989730828,1332.927989730828,0.9999999999999998,0.0087725073242187,1191.1329569909776,1
Jaz Murian,wetland,1997-10,1997,10,4,4,0,0,0,1332.927989730828,1332.927989730828,0.9999999999999998,12.194222634961656,1156.8693133024542,1
Jaz Murian,wetland,1997-11,1997,11,3,3,0,0,0,1332.927989730828,1332.927989730828,1.0,3.303909525024414,613.6905282782261,1
Jaz Murian,wetland,1997-12,1997,12,3,3,0,0,0,1332.927989730828,1332.927989730828,1.0,35.0748429532162,1024.0995372855048,1
Jaz Murian,wetland,1998-01,1998,1,3,3,0,0,0,1332.927989730828,1213.4133344059378,0.910336750187814,538.6047161773796,1178.0655266894496,1
Jaz Murian,wetland,1998-02,1998,2,4,4,0,0,0,1332.927989730828,1331.9578059482071,0.9992721408882584,1138.0397979086456,1317.5251204978288,1
Jaz Murian,wetland,1998-03,1998,3,3,3,0,0,0,1332.927989730828,1331.224870751519,0.9987222723264644,1202.106148834197,1326.9513352823417,1
Jaz Murian,wetland,1998-04,1998,4,4,4,0,0,0,1332.927989730828,1332.920046250115,0.999994040577755,707.8979821574096,1132.348953469655,1
Jaz Murian,wetland,1998-05,1998,5,4,4,0,0,0,1332.927989730828,1332.66007514721,0.9997990029576374,345.5752512533569,1002.0970967509376,1
Jaz Murian,wetland,1998-06,1998,6,2,2,0,0,0,1332.927989730828,1332.4845888026664,0.999667348175162,12.678671944152832,967.9623308743464,1
Jaz Murian,wetland,1998-07,1998,7,4,4,0,0,0,1332.927989730828,1332.927989730828,1.0,0.2258369843139648,1139.5779874293144,1
Jaz Murian,wetland,1998-08,1998,8,4,4,0,0,0,1332.927989730828,1332.927989730828,1.0,0.0087725092163085,1123.9926490695702,1
Jaz Murian,wetland,1998-09,1998,9,4,4,0,0,0,1332.927989730828,1332.927989730828,1.0,0.024696706665039,1068.51138747418,1
Jaz Murian,wetland,1998-10,1998,10,4,4,0,0,0,1332.927989730828,1332.927989730828,0.9999999999999998,0.0183414624023437,1016.5660350777258,1
Jaz Murian,wetland,1998-11,1998,11,3,3,0,0,0,1332.927989730828,1317.6370434120415,0.9885283027766004,0.1034637394409179,1015.5391150749748,1
Jaz Murian,wetland,1998-12,1998,12,4,4,0,0,0,1332.927989730828,1226.4322363516774,0.9201038959346508,0.0422508972167968,1013.8403908998458,1
Jaz Murian,wetland,1999-01,1999,1,3,3,0,0,0,1332.927989730828,374.02037522588034,0.2806005861587543,81.1488002166425,372.2692510436904,1
Jaz Murian,wetland,1999-02,1999,2,4,4,0,0,0,1332.927989730828,1331.1253630887993,0.9986476188842032,51.56202859770484,1166.682411232171,1
Jaz Murian,wetland,1999-03,1999,3,2,2,0,0,0,1332.927989730828,1331.7881079798517,0.9991448287081084,56.367466818680825,1161.3484073908703,1
Jaz Murian,wetland,1999-04,1999,4,3,3,0,0,0,1332.927989730828,1332.6441010278252,0.9997870187247998,2.129741905761718,1217.9331463600397,1
Jaz Murian,wetland,1999-05,1999,5,4,4,0,0,0,1332.927989730828,1332.108681812432,0.9993853321974568,0.1687807759399414,1184.7256967485894,1
Jaz Murian,wetland,1999-06,1999,6,3,3,0,0,0,1332.927989730828,1332.927989730828,1.0,0.0143515193481445,1201.343631030389,1
Jaz Murian,wetland,1999-07,1999,7,6,3,3,0,0,1332.927989730828,1332.9279897308284,1.0000000000000002,0.0238485755615234,832.8762924432126,1
Jaz Murian,wetland,1999-08,1999,8,4,3,1,0,0,1332.927989730828,1332.927989730828,1.0,0.0438566919555664,1112.0185389965163,1
Jaz Murian,wetland,1999-09,1999,9,3,3,0,0,0,1332.927989730828,1332.927989730828,1.0,0.0382559201660156,1220.4492436270073,1
Jaz Murian,wetland,1999-10,1999,10,5,4,1,0,0,1332.927989730828,1332.927989730828,1.0,0.0095700110473632,1068.9656098507494,1
Jaz Murian,wetland,1999-11,1999,11,4,4,0,0,0,1332.927989730828,1332.927989730828,1.0,0.0143514722290039,1091.521417315641,1
Jaz Murian,wetland,1999-12,1999,12,6,3,3,0,0,1332.927989730828,1329.7518369647146,0.9976171610240138,0.1597491555175781,1063.298652103705,1
Jaz Murian,wetland,2000-01,2000,1,4,2,2,0,0,1332.927989730828,1174.0219510288016,0.8807842284607468,224.55635495364345,1040.1858855871037,1
Jaz Murian,wetland,2000-02,2000,2,3,2,1,0,0,1332.927989730828,1053.419581859573,0.790304945184849,116.67545222723388,929.7301564500272,1
Jaz Murian,wetland,2000-03,2000,3,5,4,1,0,0,1332.927989730828,1262.5765375878836,0.9472203654773944,0.0510308787841796,1175.4335799102105,1
Jaz Murian,wetland,2000-04,2000,4,5,3,2,0,0,1332.927989730828,1307.5428437985772,0.9809553508307848,0.0406623477172851,1014.8415627204566,1
Jaz Murian,wetland,2000-05,2000,5,3,2,1,0,0,1332.927989730828,1264.1586505620658,0.9484073110486264,0.0239239718017578,918.386946197894,1
Jaz Murian,wetland,2000-06,2000,6,5,4,1,0,0,1332.927989730828,1332.8039516452568,0.9999069431458212,0.0023925075073242,1187.5381018875053,1
Jaz Murian,wetland,2000-07,2000,7,5,3,2,0,0,1332.927989730828,1332.927989730828,1.0,0.005582503540039,1127.835671479981,1
Jaz Murian,wetland,2000-08,2000,8,4,4,0,0,0,1332.927989730828,1332.927989730828,1.0,0.0023856298217773,1195.2117925427788,1
Jaz Murian,wetland,2000-09,2000,9,5,3,2,0,0,1332.927989730828,1332.927989730828,1.0,0.0079716005249023,955.9645562635832,1
Jaz Murian,wetland,2000-10,2000,10,5,4,1,0,0,1332.927989730828,1332.927989730828,1.0,0.0151423894042968,826.6516292187835,1
Jaz Murian,wetland,2000-11,2000,11,5,4,1,0,0,1332.927989730828,1332.5426312211232,0.9997108932270355,0.0143481577758789,957.7476106516044,1
Jaz Murian,wetland,2000-12,2000,12,6,4,2,0,0,1332.927989730828,1332.927989730828,1.0,0.0565921530151367,955.2767357204192,1
Jaz Murian,wetland,2001-01,2001,1,4,3,1,0,0,1332.927989730828,1110.4001115628384,0.8330533383030488,0.0908207662353515,998.2953739449796,1
Jaz Murian,wetland,2001-02,2001,2,4,3,1,0,0,1332.927989730828,1332.927989730828,1.0,6.326592128234863,1041.3966505925018,1
Jaz Murian,wetland,2001-03,2001,3,6,4,2,0,0,1332.927989730828,1332.927989730828,1.0,0.0374793802490234,852.0636432599171,1
Jaz Murian,wetland,2001-04,2001,4,2,2,0,0,0,1332.927989730828,1332.8659600045708,0.9999534635578702,0.0199336948242187,1247.3360638048955,1
Jaz Murian,wetland,2001-05,2001,5,4,2,2,0,0,1332.927989730828,1257.609726454522,0.9434941243213626,0.0127600298461914,926.0470548217984,1
Jaz Murian,wetland,2001-06,2001,6,3,3,0,0,0,1332.927989730828,1332.927989730828,1.0,0.0095658897094726,1314.7374098561331,1
Jaz Murian,wetland,2001-07,2001,7,6,4,2,0,0,1332.927989730828,1332.927989730828,1.0,0.0406502815551757,1064.7259646829982,1
Jaz Murian,wetland,2001-08,2001,8,4,4,0,0,0,1332.927989730828,1332.927989730828,0.9999999999999998,0.0015915686645507,1109.2397344272756,1
Jaz Murian,wetland,2001-09,2001,9,5,4,1,0,0,1332.927989730828,1332.927989730828,1.0,0.0,1046.289796964852,1
Jaz Murian,wetland,2001-10,2001,10,4,3,1,0,0,1332.927989730828,1332.927989730828,1.0,0.0047850092773437,919.5441969089964,1
Jaz Murian,wetland,2001-11,2001,11,4,2,2,0,0,1332.927989730828,1332.927989730828,0.9999999999999998,0.0159461911621093,1134.2492201569812,1
Jaz Murian,wetland,2001-12,2001,12,5,4,1,0,0,1332.927989730828,1332.927989730828,1.0,0.0342832227172851,1180.177897827124,1
Jaz Murian,wetland,2002-01,2002,1,4,3,1,0,0,1332.927989730828,792.6917942498964,0.5946996389579701,3.6938098662719727,674.2943863885824,1
Jaz Murian,wetland,2002-02,2002,2,5,4,1,0,0,1332.927989730828,1303.7017220358816,0.9780736334444832,0.999031823486328,1235.888270525994,1
Jaz Murian,wetland,2002-03,2002,3,5,3,2,0,0,1332.927989730828,1330.9113154419483,0.998487034330124,46.31572607691267,1226.4751442101374,1
Jaz Murian,wetland,2002-04,2002,4,1,0,1,0,0,1332.927989730828,1321.8031141169365,0.9916538059823186,0.0493570130615234,415.4644188376812,1
Jaz Murian,wetland,2002-05,2002,5,2,2,0,0,0,1332.927989730828,1332.927989730828,1.0,0.0239235795898437,731.8147236833157,1
Jaz Murian,wetland,2002-06,2002,6,4,2,2,0,0,1332.927989730828,1332.9279897308284,1.0000000000000002,0.0031899886474609,821.3778209393533,1
Jaz Murian,wetland,2002-07,2002,7,5,4,1,0,0,1332.927989730828,1332.927989730828,0.9999999999999998,0.0063799904174804,1152.9751715600562,1
Jaz Murian,wetland,2002-08,2002,8,0,0,0,0,0,1332.927989730828,0.0,0.0,,,0
Jaz Murian,wetland,2002-09,2002,9,2,0,2,0,0,1332.927989730828,1332.927989730828,1.0,0.0047850148925781,716.5130933886545,1
Jaz Murian,wetland,2002-10,2002,10,1,0,1,0,0,1332.927989730828,1332.9279897308284,1.0000000000000002,0.0087725110473632,695.6197296174087,1
Jaz Murian,wetland,2002-11,2002,11,1,0,1,0,0,1332.927989730828,0.022282826171875,1.6717201787003362e-05,0.0,0.0119401085205078,1
Jaz Murian,wetland,2002-12,2002,12,2,0,2,0,0,1332.927989730828,1332.927989730828,1.0,0.0390743252563476,822.6011874817505,1
Jaz Murian,wetland,2003-01,2003,1,1,0,1,0,0,1332.927989730828,1325.1280345347986,0.9941482546273152,0.051832965270996,769.457488409638,1
Jaz Murian,wetland,2003-02,2003,2,2,0,2,0,0,1332.927989730828,1317.8830618492975,0.9887128727152252,0.0430610198364257,938.6661641431712,1
Jaz Murian,wetland,2003-03,2003,3,2,0,2,0,0,1332.927989730828,1332.9208134133232,0.999994616125132,0.0287079475708007,764.1950161688484,1
Jaz Murian,wetland,2003-04,2003,4,2,0,2,0,0,1332.927989730828,1320.7768359186332,0.990883863265075,0.0159491598510742,1047.384339842852,1
Jaz Murian,wetland,2003-05,2003,5,0,0,0,0,0,1332.927989730828,0.0,0.0,,,0
Jaz Murian,wetland,2003-06,2003,6,0,0,0,0,0,1332.927989730828,0.0,0.0,,,0
Jaz Murian,wetland,2003-07,2003,7,2,0,2,0,0,1332.927989730828,1212.4723816419405,0.9096308210069076,0.0007975037231445312,1167.9206009358804,1
Jaz Murian,wetland,2003-08,2003,8,0,0,0,0,0,1332.927989730828,0.0,0.0,,,0
Jaz Murian,wetland,2003-09,2003,9,0,0,0,0,0,1332.927989730828,0.0,0.0,,,0
Jaz Murian,wetland,2003-10,2003,10,2,0,2,0,0,1332.927989730828,1230.265689517315,0.9229798601241432,0.0366845756835937,936.7608442954298,1
Jaz Murian,wetland,2003-11,2003,11,1,0,1,0,0,1332.927989730828,1202.2816436494682,0.9019854432588345,0.0358859088134765,672.4305504523934,1
Jaz Murian,wetland,2003-12,2003,12,3,0,3,0,0,1332.927989730828,1238.9310238318412,0.9294808372071408,0.0223158842163085,846.9767810944314,1
Jaz Murian,wetland,2004-01,2004,1,2,0,2,0,0,1332.927989730828,723.4287760327148,0.5427365781243774,2.986107792541504,492.1925691991577,1
Jaz Murian,wetland,2004-02,2004,2,2,0,2,0,0,1332.927989730828,1199.105227649728,0.8996024067975913,0.0414428118286132,884.8151812544169,1
Jaz Murian,wetland,2004-03,2004,3,2,0,2,0,0,1332.927989730828,1216.5443238939126,0.9126857064045762,0.019139371520996,298.40073569754634,1
Jaz Murian,wetland,2004-04,2004,4,2,0,2,0,0,1332.927989730828,1332.9104747299125,0.9999868597545776,0.0103674884643554,359.82703832324194,1
Jaz Murian,wetland,2004-05,2004,5,3,0,3,0,0,1332.927989730828,1203.7013775762362,0.9030505675098862,0.0095700223388671,597.4485978943395,1
Jaz Murian,wetland,2004-06,2004,6,4,0,4,0,0,1332.927989730828,1313.8237559998709,0.9856674675015152,0.0350723513183593,738.6581199017045,1
Jaz Murian,wetland,2004-07,2004,7,4,0,4,0,0,1332.927989730828,1255.0105041257254,0.941544114756839,0.0007974981079101563,645.8175974904402,1
Jaz Murian,wetland,2004-08,2004,8,4,0,4,0,0,1332.927989730828,1332.8770852686089,0.9999618100432944,0.0,967.469406174446,1
Jaz Murian,wetland,2004-09,2004,9,4,0,4,0,0,1332.927989730828,1332.7863671446464,0.9998937507597764,0.0071784873046875,948.8558093751044,1
Jaz Murian,wetland,2004-10,2004,10,2,0,2,0,0,1332.927989730828,1332.871494133294,0.9999576154166095,0.0095705556030273,1003.2395813076794,1
Jaz Murian,wetland,2004-11,2004,11,2,0,2,0,0,1332.927989730828,1271.2630084316943,0.9537371997780718,0.0175412363891601,892.0632122360593,1
Jaz Murian,wetland,2004-12,2004,12,1,0,1,0,0,1332.927989730828,0.0135331204833984,1.0152926930532324e-05,0.0,0.0023895198364257,1
Jaz Murian,wetland,2005-01,2005,1,2,0,2,0,0,1332.927989730828,1177.402194067559,0.8833201816891278,110.33199427407348,1076.372510087613,1
Jaz Murian,wetland,2005-02,2005,2,4,0,4,0,0,1332.927989730828,1193.1384221906414,0.8951259418234471,31.192008023279048,1087.4578488285738,1
Jaz Murian,wetland,2005-03,2005,3,2,0,2,0,0,1332.927989730828,517.7713902193883,0.3884466334328738,381.8371545250855,516.9055027965452,1
Jaz Murian,wetland,2005-04,2005,4,4,0,4,0,0,1332.927989730828,1332.7881541280449,0.9998950914048916,510.80916488635256,1078.1439100705609,1
Jaz Murian,wetland,2005-05,2005,5,4,0,4,0,0,1332.927989730828,1332.912868445367,0.9999886555871152,127.69472653588868,785.0116081600528,1
Jaz Murian,wetland,2005-06,2005,6,3,0,3,0,0,1332.927989730828,1331.2663055840385,0.9987533579011082,0.0326995952758789,529.9810465595895,1
Jaz Murian,wetland,2005-07,2005,7,4,0,4,0,0,1332.927989730828,1331.6680583618097,0.9990547641142468,0.1493516621704101,1008.388569767194,1
Jaz Murian,wetland,2005-08,2005,8,4,0,4,0,0,1332.927989730828,1331.9598901116874,0.9992737044862144,0.0063800111694335,725.6710570886618,1
Jaz Murian,wetland,2005-09,2005,9,3,0,3,0,0,1332.927989730828,1280.2360256840857,0.9604690092392888,0.0907417238769531,973.888910001407,1
Jaz Murian,wetland,2005-10,2005,10,4,0,4,0,0,1332.927989730828,1332.842998916619,0.9999362375050536,0.0207333684692382,875.1972781436286,1
Jaz Murian,wetland,2005-11,2005,11,3,0,3,0,0,1332.927989730828,1330.8891830582816,0.9984704299945278,0.0342897233886718,769.5462194906992,1
Jaz Murian,wetland,2005-12,2005,12,4,0,4,0,0,1332.927989730828,1282.4523224151542,0.9621317372697178,0.0183382912597656,862.7989902860412,1
Jaz Murian,wetland,2006-01,2006,1,3,0,3,0,0,1332.927989730828,1174.7633409099333,0.8813404399641764,4.99629091973877,865.4919049007871,1
Jaz Murian,wetland,2006-02,2006,2,2,0,2,0,0,1332.927989730828,138.07685891640648,0.1035891360825049,0.0215323428955078,95.8011673191442,1
Jaz Murian,wetland,2006-03,2006,3,2,0,2,0,0,1332.927989730828,1199.7379736130913,0.9000771105837209,0.0390735219726562,595.9072696072984,1
Jaz Murian,wetland,2006-04,2006,4,1,0,1,0,0,1332.927989730828,0.0183035157470703,1.3731811386725048e-05,0.0,0.0087572940673828,1
Jaz Murian,wetland,2006-05,2006,5,2,0,2,0,0,1332.927989730828,1328.4351351731498,0.9966293343734304,0.038276525390625,908.471572135436,1
Jaz Murian,wetland,2006-06,2006,6,2,0,2,0,0,1332.927989730828,1268.7949358272035,0.9518855824187654,0.0103675072631835,839.5359767039195,1
Jaz Murian,wetland,2006-07,2006,7,2,0,2,0,0,1332.927989730828,1332.868305633904,0.99995522331485,0.0,1148.7377844235873,1
Jaz Murian,wetland,2006-08,2006,8,2,0,2,0,0,1332.927989730828,1332.855542378289,0.9999456479621578,2.5580096215820314,780.060738290161,1
Jaz Murian,wetland,2006-09,2006,9,2,0,2,0,0,1332.927989730828,1216.9580781974726,0.9129961164993058,0.1307234681396484,532.015148108019,1
Jaz Murian,wetland,2006-10,2006,10,3,0,3,0,0,1332.927989730828,1332.927989730828,1.0,0.0239231760253906,795.0164661669041,1
Jaz Murian,wetland,2006-11,2006,11,4,0,4,0,0,1332.927989730828,1332.92481030584,0.9999976147061111,0.0366822081298828,707.052429380613,1
Jaz Murian,wetland,2006-12,2006,12,2,0,2,0,0,1332.927989730828,225.54854914126096,0.1692128538667781,12.024947955078124,214.1545278553723,1
Jaz Murian,wetland,2007-01,2007,1,4,0,4,0,0,1332.927989730828,1177.045019939856,0.883052219630821,35.21065519417748,1092.6502194530046,1
Jaz Murian,wetland,2007-02,2007,2,4,0,4,0,0,1332.927989730828,1024.31002119126,0.7684661355172755,3.867797323934159,916.842178980342,1
Jaz Murian,wetland,2007-03,2007,3,3,0,3,0,0,1332.927989730828,1310.6956187147755,0.9833206510874288,2.1982693643437403,1181.746180027269,1
Jaz Murian,wetland,2007-04,2007,4,2,0,2,0,0,1332.927989730828,1332.735976169488,0.99985594603548,0.0318870963134765,615.6810457648522,1
Jaz Murian,wetland,2007-05,2007,5,2,0,2,0,0,1332.927989730828,1213.24083481734,0.9102073361535022,0.0811659724121093,693.2435054119379,1
Jaz Murian,wetland,2007-06,2007,6,3,0,3,0,0,1332.927989730828,1211.9649194266285,0.9092501086059218,767.6966531133288,1134.1272309507374,1
Jaz Murian,wetland,2007-07,2007,7,4,0,4,0,0,1332.927989730828,1314.3488154930349,0.9860613818743912,16.58944864996338,1090.7110152334246,1
Jaz Murian,wetland,2007-08,2007,8,4,0,4,0,0,1332.927989730828,1332.0642932205128,0.9993520306295844,0.0231271116943359,807.7985776819438,1
Jaz Murian,wetland,2007-09,2007,9,3,0,3,0,0,1332.927989730828,1263.380888509921,0.94782381212135,0.0574164701538085,716.2264680601787,1
Jaz Murian,wetland,2007-10,2007,10,1,0,1,0,0,1332.927989730828,1211.3308600582816,0.9087744194664996,0.0175442412719726,609.2201102006858,1
Jaz Murian,wetland,2007-11,2007,11,2,0,2,0,0,1332.927989730828,1289.4132038613209,0.9673539859581652,0.0183416810302734,679.079173424465,1
Jaz Murian,wetland,2007-12,2007,12,3,0,3,0,0,1332.927989730828,694.2329084594658,0.5208330185936446,0.4532867287597656,645.6542599329765,1
Jaz Murian,wetland,2008-01,2008,1,1,0,1,0,0,1332.927989730828,365.6572090231781,0.2743263040766509,321.1704270320875,362.7530613869655,1
Jaz Murian,wetland,2008-02,2008,2,4,0,4,0,0,1332.927989730828,1205.359355409539,0.904294429028345,109.7100593616333,1199.882584756727,1
Jaz Murian,wetland,2008-03,2008,3,3,0,3,0,0,1332.927989730828,1220.1909008883597,0.9154214708438716,851.5924804038086,1120.7031748932009,1
Jaz Murian,wetland,2008-04,2008,4,4,2,2,0,0,1332.927989730828,1332.927989730828,1.0,558.1490123513794,943.6750072188638,1
Jaz Murian,wetland,2008-05,2008,5,5,2,3,0,0,1332.927989730828,1332.1455800762872,0.999413014310924,168.39268555737306,767.6349713301622,1
Jaz Murian,wetland,2008-06,2008,6,6,3,3,0,0,1332.927989730828,1332.346865629632,0.999564024384158,0.0079750092163085,1189.2636400256104,1
Jaz Murian,wetland,2008-07,2008,7,7,3,4,0,0,1332.927989730828,1332.927989730828,1.0,0.0039806242675781,1214.2201765952682,1
Jaz Murian,wetland,2008-08,2008,8,3,1,2,0,0,1332.927989730828,1332.2474270352106,0.9994894227588732,0.0031899961547851,760.9685707407081,1
Jaz Murian,wetland,2008-09,2008,9,2,1,1,0,0,1332.927989730828,1332.927989730828,1.0,0.0111481578979492,1284.9083569185111,1
Jaz Murian,wetland,2008-10,2008,10,7,3,4,0,0,1332.927989730828,1332.9279897308284,1.0000000000000002,0.0063800016479492,948.3768862757375,1
Jaz Murian,wetland,2008-11,2008,11,8,4,4,0,0,1332.927989730828,1332.927989730828,1.0,0.0207312973632812,739.0940870208533,1
Jaz Murian,wetland,2008-12,2008,12,6,3,3,0,0,1332.927989730828,1307.640938753228,0.9810289444197908,1.3096739727416993,833.1979389131004,1
Jaz Murian,wetland,2009-01,2009,1,5,2,3,0,0,1332.927989730828,1314.4562323333498,0.9861419690037356,4.428322649022241,1126.4846362466017,1
Jaz Murian,wetland,2009-02,2009,2,4,1,3,0,0,1332.927989730828,1150.6036603304142,0.8632151693076588,5.115962171291455,925.8682817529636,1
Jaz Murian,wetland,2009-03,2009,3,6,3,3,0,0,1332.927989730828,1332.927989730828,0.9999999999999998,0.0932977693481445,1154.2979768701098,1
Jaz Murian,wetland,2009-04,2009,4,3,2,1,0,0,1332.927989730828,1331.8613084993217,0.9991997457929278,481.0318439501953,1275.183016211934,1
Jaz Murian,wetland,2009-05,2009,5,7,4,3,0,0,1332.927989730828,1332.927989730828,1.0,64.87598828271484,870.5343099263799,1
Jaz Murian,wetland,2009-06,2009,6,5,4,1,0,0,1332.927989730828,1332.927989730828,1.0,0.0119624770507812,1188.546603657519,1
Jaz Murian,wetland,2009-07,2009,7,5,3,2,0,0,1332.927989730828,1332.927989730828,1.0,0.0063799866943359,1303.668396668999,1
Jaz Murian,wetland,2009-08,2009,8,5,3,2,0,0,1332.927989730828,1332.927989730828,0.9999999999999998,0.0031899961547851,1314.1991529979175,1
Jaz Murian,wetland,2009-09,2009,9,8,4,4,0,0,1332.927989730828,1332.927989730828,1.0,0.0063734576416015,1199.5686553701507,1
Jaz Murian,wetland,2009-10,2009,10,7,4,3,0,0,1332.927989730828,1332.927989730828,1.0,0.0103543020019531,1138.337051314073,1
Jaz Murian,wetland,2009-11,2009,11,7,4,3,0,0,1332.927989730828,1332.927989730828,0.9999999999999998,0.026306863708496,1109.0251481357022,1
Jaz Murian,wetland,2009-12,2009,12,5,2,3,0,0,1332.927989730828,1332.7999954325492,0.9999039750839768,381.55283933851337,1259.235616595086,1
Jaz Murian,wetland,2010-01,2010,1,5,2,3,0,0,1332.927989730828,1314.9503464329764,0.9865126672735846,117.8792006901214,1043.195403303603,1
Jaz Murian,wetland,2010-02,2010,2,8,4,4,0,0,1332.927989730828,1332.9256001882864,0.9999982072980984,445.92140579127215,1149.188126857492,1
Jaz Murian,wetland,2010-03,2010,3,5,1,4,0,0,1332.927989730828,1330.504344967034,0.998181713654101,322.2400817836914,812.3502600878801,1
Jaz Murian,wetland,2010-04,2010,4,4,2,2,0,0,1332.927989730828,1332.9136419281544,0.999989235875618,0.4417039921875,931.1232842282708,1
Jaz Murian,wetland,2010-05,2010,5,3,0,3,0,0,1332.927989730828,1201.2898337231986,0.9012413596069712,0.0103674902954101,620.0632230472328,1
Jaz Murian,wetland,2010-06,2010,6,3,1,2,0,0,1332.927989730828,0.1042903687133789,7.824156257266331e-05,0.0,0.0891655314941406,1
Jaz Murian,wetland,2010-07,2010,7,5,3,2,0,0,1332.927989730828,1332.927989730828,1.0,0.0055824848632812,1282.972241199273,1
Jaz Murian,wetland,2010-08,2010,8,2,0,2,0,0,1332.927989730828,0.0971241446533203,7.286526009025709e-05,0.0,0.0334375170898437,1
Jaz Murian,wetland,2010-09,2010,9,1,0,1,0,0,1332.927989730828,0.0206883884277343,1.5521009827329227e-05,0.0,0.0071637509765625,1
Jaz Murian,wetland,2010-10,2010,10,3,2,1,0,0,1332.927989730828,1332.927989730828,0.9999999999999998,0.0095700092163085,778.7664450197308,1
Jaz Murian,wetland,2010-11,2010,11,3,1,2,0,0,1332.927989730828,1332.6360943155446,0.9997810118644576,0.0231229857788085,431.2942306675104,1
Jaz Murian,wetland,2010-12,2010,12,4,3,1,0,0,1332.927989730828,1332.4618544005057,0.99965029218839,0.0231265809936523,406.9098300281206,1
Jaz Murian,wetland,2011-01,2011,1,5,4,1,0,0,1332.927989730828,883.7458906520927,0.6630109784329434,45.02110919390151,526.6812112715986,1
Jaz Murian,wetland,2011-02,2011,2,2,1,1,0,0,1332.927989730828,0.1138390076904296,8.540521961236509e-05,0.049346184387207,0.1138390076904296,1
Jaz Murian,wetland,2011-03,2011,3,5,2,3,0,0,1332.927989730828,1332.6570792815482,0.9997967553751088,857.6535569083892,1229.1538207674585,1
Jaz Murian,wetland,2011-04,2011,4,4,1,3,0,0,1332.927989730828,1329.797405658196,0.99765134793721,569.7186944818726,953.033756986336,1
Jaz Murian,wetland,2011-05,2011,5,2,0,2,0,0,1332.927989730828,1236.608876584954,0.9277386971479796,179.69759859838868,836.7780346016855,1
Jaz Murian,wetland,2011-06,2011,6,2,0,2,0,0,1332.927989730828,1322.6367085703666,0.9922791919445404,0.0111651071166992,811.9667644065305,1
Jaz Murian,wetland,2011-07,2011,7,1,0,1,0,0,1332.927989730828,0.0390089400024414,2.9265601970230128e-05,0.0,0.0326385258789062,1
Jaz Murian,wetland,2011-08,2011,8,3,0,3,0,0,1332.927989730828,1206.4396280847711,0.9051048799180816,0.0047849923706054,946.8341317769006,1
Jaz Murian,wetland,2011-09,2011,9,3,0,3,0,0,1332.927989730828,1314.478215199395,0.986158461167014,0.0055824942016601,767.1244660714069,1
Jaz Murian,wetland,2011-10,2011,10,4,0,4,0,0,1332.927989730828,1332.927989730828,1.0,0.6616018212280274,683.2383402991293,1
Jaz Murian,wetland,2011-11,2011,11,5,1,4,0,0,1332.927989730828,1332.9271933915948,0.9999994025639498,0.0733374631347656,665.8562224714061,1
Jaz Murian,wetland,2011-12,2011,12,4,0,4,0,0,1332.927989730828,1332.919228940484,0.9999934274091236,0.0430612933349609,512.0801123643975,1
Jaz Murian,wetland,2012-01,2012,1,4,0,4,0,0,1332.927989730828,592.2892056191336,0.4443519906418505,3.063394448486328,558.6385610325053,1
Jaz Murian,wetland,2012-02,2012,2,3,0,3,0,0,1332.927989730828,1211.76249973095,0.909098247667268,0.4602423518066406,542.4627493286788,1
Jaz Murian,wetland,2012-03,2012,3,3,0,3,0,0,1332.927989730828,1305.853930987603,0.979688281023574,0.2213056360473632,1295.7067167295463,1
Jaz Murian,wetland,2012-04,2012,4,2,0,2,0,0,1332.927989730828,1206.1110667094963,0.9048583839499528,0.0127598488769531,384.8951842256248,1
Jaz Murian,wetland,2012-05,2012,5,4,0,4,0,0,1332.927989730828,1332.590164971231,0.999746554380882,0.021529479309082,476.0108288850591,1
Jaz Murian,wetland,2012-06,2012,6,4,0,4,0,0,1332.927989730828,1234.8927036057062,0.9264511759971976,0.0031899998779296,474.1860205557248,1
Jaz Murian,wetland,2012-07,2012,7,3,0,3,0,0,1332.927989730828,1332.927989730828,1.0,0.0,747.0321774721745,1
Jaz Murian,wetland,2012-08,2012,8,4,0,4,0,0,1332.927989730828,1316.208584336175,0.9874566326737352,0.0,686.3300216665682,1
Jaz Murian,wetland,2012-09,2012,9,2,0,2,0,0,1332.927989730828,0.1806623287353515,0.00013553795113255485,0.0,0.0819664027099609,1
Jaz Murian,wetland,2012-10,2012,10,4,0,4,0,0,1332.927989730828,1247.889519902886,0.936201752470428,0.0079749979248046,634.9772297725626,1
Jaz Murian,wetland,2012-11,2012,11,3,0,3,0,0,1332.927989730828,876.9757077389773,0.657931797137874,5.239731829253791,549.4145113883708,1
Jaz Murian,wetland,2012-12,2012,12,2,0,2,0,0,1332.927989730828,0.0931316408691406,6.986997166137059e-05,0.0039798515625,0.0724501322021484,1
Jaz Murian,wetland,2013-01,2013,1,4,0,4,0,0,1332.927989730828,1301.475502925225,0.9764034613663154,0.3426035562521541,470.3589316827481,1
Jaz Murian,wetland,2013-02,2013,2,1,0,1,0,0,1332.927989730828,0.0,0.0,,,0
Jaz Murian,wetland,2013-03,2013,3,3,0,3,0,0,1332.927989730828,1093.3795305342808,0.8202840205606893,4.547169752380371,755.9123365132691,1
Jaz Murian,wetland,2013-04,2013,4,4,0,2,2,0,1332.927989730828,1332.9279897308284,1.0000000000000002,67.48266918237304,1186.0858383507352,1
Jaz Murian,wetland,2013-05,2013,5,6,0,3,3,0,1332.927989730828,1332.927989730828,1.0,0.0191358558349609,861.5470148348592,1
Jaz Murian,wetland,2013-06,2013,6,6,0,3,3,0,1332.927989730828,1332.927989730828,1.0,0.0047849357910156,1027.4071483562604,1
Jaz Murian,wetland,2013-07,2013,7,8,0,4,4,0,1332.927989730828,1332.927989730828,1.0,0.0,906.2415006996848,1
Jaz Murian,wetland,2013-08,2013,8,7,0,3,4,0,1332.927989730828,1332.927989730828,1.0,9.3834468795166,781.7806819064175,1
Jaz Murian,wetland,2013-09,2013,9,7,0,3,4,0,1332.927989730828,1332.927989730828,0.9999999999999998,30.541259545123413,689.3779406491112,1
Jaz Murian,wetland,2013-10,2013,10,6,0,2,4,0,1332.927989730828,1332.9279897308284,1.0000000000000002,8.914175517469937,632.3381647934302,1
Jaz Murian,wetland,2013-11,2013,11,7,0,4,3,0,1332.927989730828,1332.927989730828,0.9999999999999998,2.1093819739264994,582.4681868051365,1
Jaz Murian,wetland,2013-12,2013,12,8,0,4,4,0,1332.927989730828,1321.829060186698,0.9916732714522926,2.5306232118752874,1013.8702033029502,1
Jaz Murian,wetland,2014-01,2014,1,7,0,4,3,0,1332.927989730828,1332.0434702491996,0.999336408651898,92.2853892029747,1099.1766700701833,1
Jaz Murian,wetland,2014-02,2014,2,5,0,3,2,0,1332.927989730828,1332.4809002695854,0.9996645809340884,113.54940682698904,979.3435962972824,1
Jaz Murian,wetland,2014-03,2014,3,6,0,3,3,0,1332.927989730828,1332.927989730828,1.0,179.33168435813636,1177.0239589459777,1
Jaz Murian,wetland,2014-04,2014,4,8,0,4,4,0,1332.927989730828,1332.927989730828,0.9999999999999998,13.062561106291886,948.5634334794976,1
Jaz Murian,wetland,2014-05,2014,5,8,0,4,4,0,1332.927989730828,1332.927989730828,1.0,0.0215286268920898,770.9493867122837,1
Jaz Murian,wetland,2014-06,2014,6,8,0,4,4,0,1332.927989730828,1332.927989730828,1.0,0.008772001586914,759.4030454598193,1
Jaz Murian,wetland,2014-07,2014,7,8,0,4,4,0,1332.927989730828,1332.9279897308284,1.0000000000000002,0.0007970205688476562,482.1976801112137,1
Jaz Murian,wetland,2014-08,2014,8,6,0,2,4,0,1332.927989730828,1332.927989730828,0.9999999999999998,0.0007970205688476562,478.7533031251424,1
Jaz Murian,wetland,2014-09,2014,9,5,0,2,3,0,1332.927989730828,1332.927989730828,1.0,0.0007970205688476562,470.3328938310922,1
Jaz Murian,wetland,2014-10,2014,10,7,0,3,4,0,1332.927989730828,1332.927989730828,0.9999999999999998,0.0031895148925781,467.02782135692905,1
Jaz Murian,wetland,2014-11,2014,11,8,0,4,4,0,1332.927989730828,1332.927989730828,1.0,0.0167460071411132,319.5551124446261,1
Jaz Murian,wetland,2014-12,2014,12,8,0,4,4,0,1332.927989730828,1332.9200243889093,0.9999940241768646,0.0358828046264648,312.5564406735775,1
Jaz Murian,wetland,2015-01,2015,1,8,0,4,4,0,1332.927989730828,1332.927989730828,0.9999999999999998,6.781649546813965,549.9300124482345,1
Jaz Murian,wetland,2015-02,2015,2,6,0,3,3,0,1332.927989730828,1320.7740386796197,0.990881764697834,158.58666759748442,1135.2398703929086,1
Jaz Murian,wetland,2015-03,2015,3,4,0,2,2,0,1332.927989730828,1083.6908017242365,0.8130152641952376,378.63682031608647,956.3089784587416,1
Jaz Murian,wetland,2015-04,2015,4,7,0,3,4,0,1332.927989730828,1332.927989730828,1.0,103.39989527740478,758.0193277774582,1
Jaz Murian,wetland,2015-05,2015,5,8,0,4,4,0,1332.927989730828,1332.927989730828,1.0,0.0645178392944336,603.6950701843211,1
Jaz Murian,wetland,2015-06,2015,6,5,0,2,3,0,1332.927989730828,1332.927989730828,1.0,0.0079694083862304,911.8756666190804,1
Jaz Murian,wetland,2015-07,2015,7,6,0,2,4,0,1332.927989730828,1332.927989730828,0.9999999999999998,0.0031895186157226,792.1737126760379,1
Jaz Murian,wetland,2015-08,2015,8,7,0,3,4,0,1332.927989730828,1332.927989730828,1.0,0.0007970205688476562,643.0482307183925,1
Jaz Murian,wetland,2015-09,2015,9,7,0,3,4,0,1332.927989730828,1332.927989730828,1.0,0.0007975037231445312,749.8379977334944,1
Jaz Murian,wetland,2015-10,2015,10,8,0,4,4,0,1332.927989730828,1332.927989730828,0.9999999999999998,0.2447306649169922,886.8540609544785,1
Jaz Murian,wetland,2015-11,2015,11,7,0,4,3,0,1332.927989730828,1332.9279897308284,1.0000000000000002,16.01826924078369,991.3727289566708,1
Jaz Murian,wetland,2015-12,2015,12,7,0,3,4,0,1332.927989730828,1217.180522295663,0.9131630003069112,54.91133646790556,831.2608811846891,1
Jaz Murian,wetland,2016-01,2016,1,8,0,4,4,0,1332.927989730828,1282.864887396294,0.9624412551013772,50.30950352100135,889.9698555628515,1
Jaz Murian,wetland,2016-02,2016,2,8,0,4,4,0,1332.927989730828,1156.1527110773116,0.867378222968208,0.5791809735107422,500.5839998378228,1
Jaz Murian,wetland,2016-03,2016,3,7,0,4,3,0,1332.927989730828,1332.9176360479055,0.9999922323763906,0.6416589262695312,703.9041621304245,1
Jaz Murian,wetland,2016-04,2016,4,6,0,2,4,0,1332.927989730828,1332.927989730828,1.0,1.0317674257202147,1163.9759178587483,1
Jaz Murian,wetland,2016-05,2016,5,6,0,3,3,0,1332.927989730828,1332.927989730828,1.0,0.0143523366088867,677.462849402472,1
Jaz Murian,wetland,2016-06,2016,6,6,0,2,4,0,1332.927989730828,1332.927989730828,1.0,0.0015949943237304,588.5513819179985,1
Jaz Murian,wetland,2016-07,2016,7,7,0,3,4,0,1332.927989730828,1332.927989730828,0.9999999999999998,0.0,898.025146476355,1
Jaz Murian,wetland,2016-08,2016,8,8,0,4,4,0,1332.927989730828,1332.927989730828,0.9999999999999998,0.0015930119628906,776.541790666712,1
Jaz Murian,wetland,2016-09,2016,9,8,0,4,4,0,1332.927989730828,1332.927989730828,0.9999999999999998,0.0015930119628906,777.3419676976296,1
Jaz Murian,wetland,2016-10,2016,10,7,0,4,3,0,1332.927989730828,1332.927989730828,1.0,0.00478499609375,706.7438068339086,1
Jaz Murian,wetland,2016-11,2016,11,7,0,3,4,0,1332.927989730828,1332.927989730828,1.0,0.007974994140625,799.2417615385223,1
Jaz Murian,wetland,2016-12,2016,12,8,0,4,4,0,1332.927989730828,1332.927989730828,1.0,0.0310998233032226,845.6403783193647,1
Jaz Murian,wetland,2017-01,2017,1,7,0,4,3,0,1332.927989730828,1332.927989730828,0.9999999999999998,92.9130898581543,565.0560248863013,1
Jaz Murian,wetland,2017-02,2017,2,7,0,3,4,0,1332.927989730828,1182.4914920292288,0.8871383159025878,844.1663424889888,1147.5709302644989,1
Jaz Murian,wetland,2017-03,2017,3,4,0,2,2,0,1332.927989730828,1329.118077022454,0.997141696522448,803.8314880897217,1150.9579117239027,1
Jaz Murian,wetland,2017-04,2017,4,8,0,4,4,0,1332.927989730828,1332.927989730828,0.9999999999999998,684.7339406317749,1189.8402892830038,1
Jaz Murian,wetland,2017-05,2017,5,8,0,4,4,0,1332.927989730828,1332.927989730828,1.0,131.39726969818116,675.2187025086133,1
Jaz Murian,wetland,2017-06,2017,6,7,0,3,4,0,1332.927989730828,1332.927989730828,1.0,1.843661802307129,622.5269739774805,1
Jaz Murian,wetland,2017-07,2017,7,7,0,3,4,0,1332.927989730828,1332.927989730828,1.0,2.8952101355590822,514.2749273292284,1
Jaz Murian,wetland,2017-08,2017,8,6,0,3,3,0,1332.927989730828,1332.927989730828,0.9999999999999998,4.3219171055908205,667.7313787067602,1
Jaz Murian,wetland,2017-09,2017,9,6,0,2,4,0,1332.927989730828,1332.927989730828,1.0,0.6608405919799805,638.5852378603325,1
Jaz Murian,wetland,2017-10,2017,10,8,0,4,4,0,1332.927989730828,1332.927989730828,1.0,0.0286316869506835,713.1654120012473,1
Jaz Murian,wetland,2017-11,2017,11,8,0,4,4,0,1332.927989730828,1332.927989730828,1.0,0.0231260114746093,825.6764195165316,1
Jaz Murian,wetland,2017-12,2017,12,8,0,4,4,0,1332.927989730828,1292.7262458125545,0.9698395230440078,0.0358844346313476,772.1691163106742,1
Jaz Murian,wetland,2018-01,2018,1,8,0,4,4,0,1332.927989730828,1331.9203263051077,0.99924402260776,0.042263672668457,757.9891255100842,1
Jaz Murian,wetland,2018-02,2018,2,6,0,3,3,0,1332.927989730828,1332.927989730828,1.0,0.0350866482543945,600.4546336077085,1
Jaz Murian,wetland,2018-03,2018,3,8,0,4,4,0,1332.927989730828,1332.927989730828,0.9999999999999998,2.9063334384155275,820.2365040622193,1
Jaz Murian,wetland,2018-04,2018,4,8,0,4,4,0,1332.927989730828,1332.927989730828,1.0,0.0207330607910156,504.7748529719978,1
Jaz Murian,wetland,2018-05,2018,5,7,0,3,4,0,1332.927989730828,1332.927989730828,1.0,0.0015950018310546,578.7338456469975,1
Jaz Murian,wetland,2018-06,2018,6,6,0,3,3,0,1332.927989730828,1332.927989730828,1.0,0.0,611.4709169040326,1
Jaz Murian,wetland,2018-07,2018,7,7,0,3,4,0,1332.927989730828,1332.927989730828,0.9999999999999998,0.0,885.2046747774486,1
Jaz Murian,wetland,2018-08,2018,8,8,0,4,4,0,1332.927989730828,1332.927989730828,0.9999999999999998,0.0,479.26338525686697,1
Jaz Murian,wetland,2018-09,2018,9,8,0,4,4,0,1332.927989730828,1332.927989730828,1.0,0.0007975037231445312,671.7823836881116,1
Jaz Murian,wetland,2018-10,2018,10,7,0,3,4,0,1332.927989730828,1332.927989730828,1.0,0.0007975037231445312,465.8875874771623,1
Jaz Murian,wetland,2018-11,2018,11,7,0,3,4,0,1332.927989730828,1332.927989730828,0.9999999999999998,0.0271099346923828,458.6814540403026,1
Jaz Murian,wetland,2018-12,2018,12,6,0,3,3,0,1332.927989730828,1329.1476954969412,0.9971639171335502,0.1577296544799804,944.5761549398912,1
Jaz Murian,wetland,2019-01,2019,1,8,0,4,4,0,1332.927989730828,1332.927989730828,1.0,0.0446556408081054,1008.0775656638858,1
Jaz Murian,wetland,2019-02,2019,2,8,0,4,4,0,1332.927989730828,1291.2232955063564,0.9687119675287984,140.87986926467,694.8989943588707,1
Jaz Murian,wetland,2019-03,2019,3,7,0,4,3,0,1332.927989730828,1125.5026994658847,0.8443837237547761,500.2570894363109,1074.357272913211,1
Jaz Murian,wetland,2019-04,2019,4,5,0,2,3,0,1332.927989730828,1332.6145732581715,0.9997648661630104,349.6230854631388,1256.6203653490795,1
Jaz Murian,wetland,2019-05,2019,5,8,0,4,4,0,1332.927989730828,1332.927989730828,1.0,14.13206975439453,845.1541101967965,1
Jaz Murian,wetland,2019-06,2019,6,6,0,2,4,0,1332.927989730828,1332.9279897308284,1.0000000000000002,0.0135565455932617,609.938015696335,1
Jaz Murian,wetland,2019-07,2019,7,8,0,4,4,0,1332.927989730828,1332.927989730828,1.0,0.0,901.3732043633491,1
Jaz Murian,wetland,2019-08,2019,8,8,0,4,4,0,1332.927989730828,1332.927989730828,0.9999999999999998,0.4609429792480469,661.1501535285621,1
Jaz Murian,wetland,2019-09,2019,9,6,0,2,4,0,1332.927989730828,1332.927989730828,0.9999999999999998,0.0007975075073242188,546.8134273169036,1
Jaz Murian,wetland,2019-10,2019,10,7,0,4,3,0,1332.927989730828,1332.927989730828,1.0,6.317547150390625,686.9663621765811,1
Jaz Murian,wetland,2019-11,2019,11,8,0,4,4,0,1332.927989730828,1331.3873063621757,0.9988441360819772,15.559422591796874,449.244604530985,1
Jaz Murian,wetland,2019-12,2019,12,8,0,4,4,0,1332.927989730828,1332.9113171065603,0.9999874917291888,3.2704820303344726,671.1148274223702,1
Jaz Murian,wetland,2020-01,2020,1,8,0,4,4,0,1332.927989730828,1332.927989730828,0.9999999999999998,1272.1877220275048,1329.6175272666046,1
Jaz Murian,wetland,2020-02,2020,2,7,0,4,3,0,1332.927989730828,1332.927989730828,1.0,1123.244317864149,1256.0038786788252,1
Jaz Murian,wetland,2020-03,2020,3,7,0,3,4,0,1332.927989730828,1332.9263958900078,0.9999988042558694,1016.6821574996618,1200.6744465521838,1
Jaz Murian,wetland,2020-04,2020,4,7,0,3,4,0,1332.927989730828,1332.927989730828,0.9999999999999998,1019.1792004400874,1189.9963252899634,1
Jaz Murian,wetland,2020-05,2020,5,8,0,4,4,0,1332.927989730828,1332.927989730828,1.0,677.6051644936523,1043.900088066966,1
Jaz Murian,wetland,2020-06,2020,6,7,0,3,4,0,1332.927989730828,1332.927989730828,1.0,194.64887650683596,784.8349945210377,1
Jaz Murian,wetland,2020-07,2020,7,8,0,4,4,0,1332.927989730828,1332.927989730828,1.0,0.3237157205200195,733.0314898823499,1
Jaz Murian,wetland,2020-08,2020,8,6,0,2,4,0,1332.927989730828,1332.9279897308284,1.0000000000000002,0.0900980516967773,900.2360248997361,1
Jaz Murian,wetland,2020-09,2020,9,6,0,3,3,0,1332.927989730828,1332.927989730828,0.9999999999999998,0.0079722484130859,678.4851114742199,1
Jaz Murian,wetland,2020-10,2020,10,8,0,4,4,0,1332.927989730828,1332.927989730828,0.9999999999999998,0.0039874942626953,648.8550755048243,1
Jaz Murian,wetland,2020-11,2020,11,7,0,4,3,0,1332.927989730828,1332.927989730828,0.9999999999999998,0.0183413547973632,553.7038167693826,1
Jaz Murian,wetland,2020-12,2020,12,8,0,4,4,0,1332.927989730828,1332.927989730828,1.0,0.0462219748535156,449.4065430736926,1
Jaz Murian,wetland,2021-01,2021,1,8,0,4,4,0,1332.927989730828,1332.927989730828,1.0,0.0366818196411132,463.8254589260565,1
Jaz Murian,wetland,2021-02,2021,2,6,0,3,3,0,1332.927989730828,1332.927989730828,0.9999999999999998,0.0430612349243164,480.6582314448209,1
Jaz Murian,wetland,2021-03,2021,3,8,0,4,4,0,1332.927989730828,1332.927989730828,0.9999999999999998,0.0103673263549804,467.1131838554252,1
Jaz Murian,wetland,2021-04,2021,4,7,0,3,4,0,1332.927989730828,1332.927989730828,1.0,0.0039874942626953,484.24832229811,1
Jaz Murian,wetland,2021-05,2021,5,8,0,4,4,0,1332.927989730828,1332.927989730828,1.0,0.2754860128173828,504.8429548165279,1
Jaz Murian,wetland,2021-06,2021,6,5,0,2,3,0,1332.927989730828,1332.927989730828,1.0,0.0,751.1397520384068,1
Jaz Murian,wetland,2021-07,2021,7,7,0,3,4,0,1332.927989730828,1332.9279897308284,1.0000000000000002,0.0175413907470703,650.9254095672063,1
Jaz Murian,wetland,2021-08,2021,8,8,0,4,4,0,1332.927989730828,1332.9279897308284,1.0000000000000002,0.4395234815063477,854.0048440684865,1
Jaz Murian,wetland,2021-09,2021,9,8,0,4,4,0,1332.927989730828,1332.927989730828,1.0,0.0167139802856445,868.9560807892029,1
Jaz Murian,wetland,2021-10,2021,10,8,0,4,4,0,1332.927989730828,1332.927989730828,1.0,0.0031898150634765,801.8376822719138,1
Jaz Murian,wetland,2021-11,2021,11,11,0,4,3,4,1332.927989730828,1332.9279897308284,1.0000000000000002,0.0103668792114257,793.5548073140404,1
Jaz Murian,wetland,2021-12,2021,12,10,0,3,4,3,1332.927989730828,1332.927989730828,1.0,0.0310996496582031,840.0774908679194,1
Jaz Murian,wetland,2022-01,2022,1,11,0,4,3,4,1332.927989730828,1332.842703272454,0.9999360157045007,1191.7427692400834,1328.819050769904,1
Jaz Murian,wetland,2022-02,2022,2,12,0,4,4,4,1332.927989730828,1332.895300612542,0.999975475705711,1115.111533657733,1231.3022052949952,1
Jaz Murian,wetland,2022-03,2022,3,10,0,3,4,3,1332.927989730828,1332.927989730828,1.0,919.1005857263794,1105.4356868724194,1
Jaz Murian,wetland,2022-04,2022,4,6,0,0,3,3,1332.927989730828,1332.927989730828,0.9999999999999998,698.2942525385743,975.7490848312116,1
Jaz Murian,wetland,2022-05,2022,5,11,0,3,4,4,1332.927989730828,1332.927989730828,0.9999999999999998,265.28419521685794,814.2452126895276,1
Jaz Murian,wetland,2022-06,2022,6,11,0,3,4,4,1332.927989730828,1332.927989730828,1.0,0.0478176275634765,580.2736179160904,1
Jaz Murian,wetland,2022-07,2022,7,10,0,2,4,4,1332.927989730828,1332.927989730828,1.0,0.0023918114013671,674.4458199911833,1
Jaz Murian,wetland,2022-08,2022,8,12,0,4,4,4,1332.927989730828,1332.9279897308284,1.0000000000000002,2.483832281982422,900.07188557022,1
Jaz Murian,wetland,2022-09,2022,9,11,0,4,3,4,1332.927989730828,1332.927989730828,0.9999999999999998,0.814647944519043,910.2516629326286,1
Jaz Murian,wetland,2022-10,2022,10,9,0,2,4,3,1332.927989730828,1332.927989730828,0.9999999999999998,1.443926835205078,1030.251694843608,1
Jaz Murian,wetland,2022-11,2022,11,13,0,5,4,4,1332.927989730828,1331.3523436632013,0.998817906083625,0.0374731871948242,848.9566501797248,1
Jaz Murian,wetland,2022-12,2022,12,11,0,3,4,4,1332.927989730828,1328.550467770684,0.9967158601260762,0.3125193815917969,732.1476921234739,1
Jaz Murian,wetland,2023-01,2023,1,12,0,4,4,4,1332.927989730828,1332.927989730828,0.9999999999999998,7.75410582572596,1040.5463271609883,1
Jaz Murian,wetland,2023-02,2023,2,8,0,2,3,3,1332.927989730828,1332.8477607895438,0.999939809995812,0.8361283167789235,786.096221318017,1
Jaz Murian,wetland,2023-03,2023,3,11,0,3,4,4,1332.927989730828,1332.927989730828,1.0,0.3475535327758789,974.3056936072052,1
Jaz Murian,wetland,2023-04,2023,4,11,0,3,4,4,1332.927989730828,1332.927989730828,0.9999999999999998,0.0255181930541992,991.8097842323616,1
Jaz Murian,wetland,2023-05,2023,5,11,0,3,4,4,1332.927989730828,1332.927989730828,1.0,0.035881224609375,706.1560281520649,1
Jaz Murian,wetland,2023-06,2023,6,11,0,3,4,4,1332.927989730828,1332.9279897308284,1.0000000000000002,0.0079732911376953,728.086113297556,1
Jaz Murian,wetland,2023-07,2023,7,10,0,3,3,4,1332.927989730828,1332.927989730828,0.9999999999999998,0.0,923.5046921512852,1
Jaz Murian,wetland,2023-08,2023,8,11,0,4,4,3,1332.927989730828,1332.927989730828,1.0,0.0007967691040039062,768.6968923933171,1
Jaz Murian,wetland,2023-09,2023,9,12,0,4,4,4,1332.927989730828,1332.927989730828,0.9999999999999998,0.0,877.5023267031389,1
Jaz Murian,wetland,2023-10,2023,10,12,0,4,4,4,1332.927989730828,1332.927989730828,1.0,0.0,860.75120148811,1
Jaz Murian,wetland,2023-11,2023,11,11,0,3,4,4,1332.927989730828,1332.927989730828,0.9999999999999998,0.0031892526855468,616.8982813399577,1
Jaz Murian,wetland,2023-12,2023,12,8,0,0,4,4,1332.927989730828,1332.927989730828,1.0,0.0406683389892578,949.5581054614742,1
Jaz Murian,wetland,2024-01,2024,1,7,0,0,4,3,1332.927989730828,1332.927989730828,1.0,0.0398711520385742,811.9901130171121,1
Jaz Murian,wetland,2024-02,2024,2,7,0,0,3,4,1332.927989730828,1332.5828707434855,0.9997410820464412,0.0422536639404296,950.3885960895152,1
Jaz Murian,wetland,2024-03,2024,3,8,0,0,4,4,1332.927989730828,1332.927989730828,0.9999999999999998,5.115414571673703,935.4417197860593,1
Jaz Murian,wetland,2024-04,2024,4,8,0,0,4,4,1332.927989730828,1332.927989730828,1.0,47.83553177038574,1025.7702390120426,1
Jaz Murian,wetland,2024-05,2024,5,8,0,0,4,4,1332.927989730828,1332.927989730828,0.9999999999999998,26.253688864624024,1099.4076931096993,1
Jaz Murian,wetland,2024-06,2024,6,6,0,0,3,3,1332.927989730828,1332.9279897308284,1.0000000000000002,0.037474207824707,918.6742893811092,1
Jaz Murian,wetland,2024-07,2024,7,8,0,0,4,4,1332.927989730828,1332.927989730828,1.0,0.0047839343261718,1028.8929437039203,1
Jaz Murian,wetland,2024-08,2024,8,8,0,0,4,4,1332.927989730828,1332.927989730828,1.0,0.0111631914672851,784.6373404712997,1
Jaz Murian,wetland,2024-09,2024,9,8,0,0,4,4,1332.927989730828,1332.927989730828,1.0,0.0079738420410156,683.6830753518407,1
Jaz Murian,wetland,2024-10,2024,10,8,0,0,4,4,1332.927989730828,1332.9279897308284,1.0000000000000002,0.0007975018310546875,769.8590767273487,1
Jaz Murian,wetland,2024-11,2024,11,7,0,0,4,3,1332.927989730828,1332.927989730828,1.0,0.0039874942626953,777.48618955243,1
Jaz Murian,wetland,2024-12,2024,12,7,0,0,3,4,1332.927989730828,1332.9279897308284,1.0000000000000002,0.0127583495483398,747.1775838088532,1
Jaz Murian,wetland,2025-01,2025,1,8,0,0,4,4,1332.927989730828,1332.927989730828,1.0,0.0589287329711914,324.9159818294862,1
Jaz Murian,wetland,2025-02,2025,2,8,0,0,4,4,1332.927989730828,1332.927989730828,1.0,0.0406689631347656,426.4536476955356,1
Jaz Murian,wetland,2025-03,2025,3,8,0,0,4,4,1332.927989730828,1332.927989730828,1.0,0.0159492246704101,492.9760043824589,1
Jaz Murian,wetland,2025-04,2025,4,6,0,0,3,3,1332.927989730828,1332.9279897308284,1.0000000000000002,0.0031899961547851,491.6991684282691,1
Jaz Murian,wetland,2025-05,2025,5,8,0,0,4,4,1332.927989730828,1332.927989730828,1.0,0.0,545.6249088092384,1
Jaz Murian,wetland,2025-06,2025,6,8,0,0,4,4,1332.927989730828,1332.9279897308284,1.0000000000000002,0.0,579.8378829556871,1
Jaz Murian,wetland,2025-07,2025,7,8,0,0,4,4,1332.927989730828,1332.927989730828,1.0,0.0,595.2852396898544,1
Jaz Murian,wetland,2025-08,2025,8,8,0,0,4,4,1332.927989730828,1332.927989730828,1.0,0.0,734.4855593826959,1
Jaz Murian,wetland,2025-09,2025,9,7,0,0,4,3,1332.927989730828,1332.927989730828,0.9999999999999998,0.0,631.2651812723245,1
Jaz Murian,wetland,2025-10,2025,10,7,0,0,3,4,1332.927989730828,1332.927989730828,0.9999999999999998,0.0,661.0430864710667,1
Jaz Murian,wetland,2025-11,2025,11,8,0,0,4,4,1332.927989730828,1332.927989730828,1.0,0.0,697.0778935758708,1
Jaz Murian,wetland,2025-12,2025,12,7,0,0,3,4,1332.927989730828,1332.927989730828,1.0,283.11503513504994,1129.211080478716,1
Jaz Murian,wetland,2026-01,2026,1,8,0,0,4,4,1332.927989730828,1332.927989730828,1.0,528.1736967359158,1169.8192617541788,1
Jaz Murian,wetland,2026-02,2026,2,6,0,0,3,3,1332.927989730828,1325.515541757867,0.99443897342537,368.6586943187256,1050.4149220787708,1
Jaz Murian,wetland,2026-03,2026,3,8,0,0,4,4,1332.927989730828,1332.927989730828,1.0,73.82353602807618,848.7117281654398,1
Jaz Murian,wetland,2026-04,2026,4,8,0,0,4,4,1332.927989730828,1332.927989730828,1.0,19.781188400634765,993.7854527326132,1
Jaz Murian,wetland,2026-05,2026,5,8,0,0,4,4,1332.927989730828,1332.927989730828,1.0,3.151248485412597,868.2595071529535,1
Jaz Murian,wetland,2026-06,2026,6,8,0,0,4,4,1332.927989730828,1332.927989730828,1.0,0.8819342002563476,823.919261202113,1
Karun-1,reservoir,1991-01,1991,1,2,2,0,0,0,55.9556166975708,0.0,0.0,,,0
Karun-1,reservoir,1991-02,1991,2,1,1,0,0,0,55.9556166975708,55.6370188192749,0.9943062395323446,40.83791970471192,46.1439833706665,1
Karun-1,reservoir,1991-03,1991,3,2,2,0,0,0,55.9556166975708,55.83561217877197,0.9978553624125452,45.90135845819092,49.895393587402346,1
Karun-1,reservoir,1991-04,1991,4,4,4,0,0,0,55.9556166975708,55.92747232208252,0.999497023227527,49.71974491381836,52.57604414440918,1
Karun-1,reservoir,1991-05,1991,5,3,3,0,0,0,55.9556166975708,55.9556166975708,1.0,32.52702078131104,55.60945091076661,1
Karun-1,reservoir,1991-06,1991,6,3,3,0,0,0,55.9556166975708,55.86510387512207,0.9983824175696616,47.664971646057126,50.41154054956055,1
Karun-1,reservoir,1991-07,1991,7,3,3,0,0,0,55.9556166975708,55.78142258319092,0.9968869235179486,46.2592946876831,50.05726909533691,1
Karun-1,reservoir,1991-08,1991,8,4,4,0,0,0,55.9556166975708,55.8940014810791,0.9988988555550246,43.90574946936035,49.15778275500488,1
Karun-1,reservoir,1991-09,1991,9,4,4,0,0,0,55.9556166975708,55.88260127142334,0.998695118909294,40.95990709899903,46.49606105261231,1
Karun-1,reservoir,1991-10,1991,10,4,4,0,0,0,55.9556166975708,55.953338239746095,0.9999592809809064,38.91945402203369,45.01067783563232,1
Karun-1,reservoir,1991-11,1991,11,4,4,0,0,0,55.9556166975708,2.050613165710449,0.0366471372622629,0.6581666622314453,1.2364464821777343,1
Karun-1,reservoir,1991-12,1991,12,2,2,0,0,0,55.9556166975708,46.60891014453125,0.8329621384827786,41.3341212980957,43.84944097692871,1
Karun-1,reservoir,1992-01,1992,1,2,2,0,0,0,55.9556166975708,48.62002881817627,0.8689034575556204,42.06915660546875,48.13617892315674,1
Karun-1,reservoir,1992-02,1992,2,4,4,0,0,0,55.9556166975708,10.162086271972656,0.181609762732073,6.564662178955079,8.383952671203613,1
Karun-1,reservoir,1992-03,1992,3,3,3,0,0,0,55.9556166975708,27.42035503717041,0.4900375807735634,22.050108629699707,23.70986893536377,1
Karun-1,reservoir,1992-04,1992,4,2,2,0,0,0,55.9556166975708,7.137154006958008,0.1275502698063884,3.951837730834961,7.137154006958008,1
Karun-1,reservoir,1992-05,1992,5,2,2,0,0,0,55.9556166975708,0.0,0.0,,,0
Karun-1,reservoir,1992-06,1992,6,4,4,0,0,0,55.9556166975708,54.27641589562988,0.9699904870852076,47.1442971506958,49.69935537115479,1
Karun-1,reservoir,1992-07,1992,7,4,4,0,0,0,55.9556166975708,55.66665025457764,0.9948357920071728,46.57598978515625,50.26281511199952,1
Karun-1,reservoir,1992-08,1992,8,1,1,0,0,0,55.9556166975708,1.0856960670776368,0.0194028076385184,0.7562590389404297,0.9320103389892578,1
Karun-1,reservoir,1992-09,1992,9,3,3,0,0,0,55.9556166975708,38.09327163769531,0.6807765490921495,26.791684484558104,30.54486698974609,1
Karun-1,reservoir,1992-10,1992,10,3,3,0,0,0,55.9556166975708,55.01124244592285,0.9831227978997692,39.486515742675785,44.60753308081055,1
Karun-1,reservoir,1992-11,1992,11,3,3,0,0,0,55.9556166975708,55.95029375830078,0.9999048721185794,41.25000701263428,46.65010425347901,1
Karun-1,reservoir,1992-12,1992,12,4,4,0,0,0,55.9556166975708,21.546787373413085,0.3850692503286894,16.417831149719238,19.90922114111328,1
Karun-1,reservoir,1993-01,1993,1,3,3,0,0,0,55.9556166975708,47.87907415637207,0.8556616293793906,41.135271117553714,44.78864650524903,1
Karun-1,reservoir,1993-02,1993,2,2,2,0,0,0,55.9556166975708,20.0821799710083,0.3588948019203964,18.86368190270996,19.809474835876465,1
Karun-1,reservoir,1993-03,1993,3,4,4,0,0,0,55.9556166975708,55.65453168359375,0.9946192173056664,50.51195728717041,52.27584368688965,1
Karun-1,reservoir,1993-04,1993,4,4,4,0,0,0,55.9556166975708,55.73846272460938,0.9961191746999216,49.4432273170166,51.40888360394287,1
Karun-1,reservoir,1993-05,1993,5,4,4,0,0,0,55.9556166975708,0.0037941274414062,6.780601600573484e-05,0.0,0.0,1
Karun-1,reservoir,1993-06,1993,6,4,4,0,0,0,55.9556166975708,55.78905349743653,0.9970232979285256,48.25059537023926,50.23779602307129,1
Karun-1,reservoir,1993-07,1993,7,2,2,0,0,0,55.9556166975708,55.94953145043945,0.9998912486808208,48.18217440826416,50.47575193969727,1
Karun-1,reservoir,1993-08,1993,8,1,1,0,0,0,55.9556166975708,44.31763627209472,0.7920140798666004,35.35496066717529,38.39772627746582,1
Karun-1,reservoir,1993-09,1993,9,0,0,0,0,0,55.9556166975708,0.0,0.0,,,0
Karun-1,reservoir,1993-10,1993,10,2,2,0,0,0,55.9556166975708,55.94953819250488,0.9998913691703412,36.17593178295898,41.96149019439697,1
Karun-1,reservoir,1993-11,1993,11,1,1,0,0,0,55.9556166975708,55.94119482043457,0.99974226220731,32.64440615447998,38.70422652410889,1
Karun-1,reservoir,1993-12,1993,12,2,2,0,0,0,55.9556166975708,0.0707700464477539,0.0012647532209367,0.0136975131835937,0.0677261339111328,1
Karun-1,reservoir,1994-01,1994,1,4,4,0,0,0,55.9556166975708,53.19807656408691,0.9507191539253717,32.68966817553711,38.96711448199463,1
Karun-1,reservoir,1994-02,1994,2,1,1,0,0,0,55.9556166975708,0.2396401847534179,0.0042826832925214,0.1536743878173828,0.2061669144287109,1
Karun-1,reservoir,1994-03,1994,3,3,3,0,0,0,55.9556166975708,41.20345431011963,0.7363595782138596,29.2125649899292,32.70959819604492,1
Karun-1,reservoir,1994-04,1994,4,4,4,0,0,0,55.9556166975708,55.84173541845704,0.9979647927083124,41.21424959729004,45.49806370056152,1
Karun-1,reservoir,1994-05,1994,5,4,4,0,0,0,55.9556166975708,54.53605555566406,0.9746305871387462,35.815179598388674,47.50672150744629,1
Karun-1,reservoir,1994-06,1994,6,3,3,0,0,0,55.9556166975708,55.44405356091308,0.9908576981749192,46.29687047680664,48.79776207293701,1
Karun-1,reservoir,1994-07,1994,7,4,4,0,0,0,55.9556166975708,55.93660018151856,0.9996601500050472,45.70600281396485,49.02536004864502,1
Karun-1,reservoir,1994-08,1994,8,4,4,0,0,0,55.9556166975708,55.79893017425537,0.9971998070513224,44.51197343218994,48.5257648583374,1
Karun-1,reservoir,1994-09,1994,9,4,4,0,0,0,55.9556166975708,55.9556166975708,1.0,42.41333927313232,46.81407293640137,1
Karun-1,reservoir,1994-10,1994,10,3,3,0,0,0,55.9556166975708,55.9556166975708,1.0,38.91952522381592,44.20198718084717,1
Karun-1,reservoir,1994-11,1994,11,1,1,0,0,0,55.9556166975708,0.0,0.0,,,0
Karun-1,reservoir,1994-12,1994,12,4,4,0,0,0,55.9556166975708,53.47788964916992,0.9557197794496216,44.59845059436035,47.59387777581787,1
Karun-1,reservoir,1995-01,1995,1,4,4,0,0,0,55.9556166975708,55.47278164819336,0.991371106639981,44.411257947387696,47.7918970645752,1
Karun-1,reservoir,1995-02,1995,2,4,4,0,0,0,55.9556166975708,55.87736757965088,0.9986015859972942,47.14427664343262,50.158107071350095,1
Karun-1,reservoir,1995-03,1995,3,4,4,0,0,0,55.9556166975708,55.80731224584961,0.9973496056254236,45.01029373010254,48.44609409039307,1
Karun-1,reservoir,1995-04,1995,4,3,3,0,0,0,55.9556166975708,0.3804502038574219,0.0067991423615913,0.3036000551147461,0.3530584049682617,1
Karun-1,reservoir,1995-05,1995,5,4,4,0,0,0,55.9556166975708,55.83929954882812,0.9979212605345528,47.91263814178467,49.599634344482425,1
Karun-1,reservoir,1995-06,1995,6,4,4,0,0,0,55.9556166975708,55.95409494647217,0.9999728043190576,47.79856738977051,49.68860513812256,1
Karun-1,reservoir,1995-07,1995,7,4,4,0,0,0,55.9556166975708,55.87271021691895,0.9985183528384656,45.35512632952881,48.82319589916992,1
Karun-1,reservoir,1995-08,1995,8,4,4,0,0,0,55.9556166975708,55.9495319631958,0.9998912578444468,44.75518500256348,48.1286987892456,1
Karun-1,reservoir,1995-09,1995,9,2,2,0,0,0,55.9556166975708,55.84153893786621,0.9979612813433696,42.1107168326416,46.46073623205567,1
Karun-1,reservoir,1995-10,1995,10,3,3,0,0,0,55.9556166975708,55.95409473358154,0.999972800514424,37.5005168305664,43.23916945812988,1
Karun-1,reservoir,1995-11,1995,11,2,2,0,0,0,55.9556166975708,54.11968274047852,0.967189460764678,32.47611651568604,39.72088572277832,1
Karun-1,reservoir,1995-12,1995,12,0,0,0,0,0,55.9556166975708,0.0,0.0,,,0
Karun-1,reservoir,1996-01,1996,1,1,1,0,0,0,55.9556166975708,54.43357583117676,0.9727991405291736,33.46924960961914,40.15698570623779,1
Karun-1,reservoir,1996-02,1996,2,0,0,0,0,0,55.9556166975708,0.0,0.0,,,0
Karun-1,reservoir,1996-03,1996,3,1,1,0,0,0,55.9556166975708,26.18082929083252,0.4678856357233054,20.62723683746338,22.07992821069336,1
Karun-1,reservoir,1996-04,1996,4,2,2,0,0,0,55.9556166975708,55.95409799822998,0.9999728588579584,49.92754063989258,51.83238030249024,1
Karun-1,reservoir,1996-05,1996,5,2,2,0,0,0,55.9556166975708,15.994104872375488,0.2858355571134263,11.521775898376465,12.550580110473632,1
Karun-1,reservoir,1996-06,1996,6,2,2,0,0,0,55.9556166975708,55.70761434631348,0.9955678738633562,48.05779141308594,50.06505690911865,1
Karun-1,reservoir,1996-07,1996,7,2,2,0,0,0,55.9556166975708,55.83921582043457,0.9979197641987334,47.42734863031006,49.55309361999512,1
Karun-1,reservoir,1996-08,1996,8,1,1,0,0,0,55.9556166975708,55.26339617864991,0.987629114648808,45.22224457482911,48.17498405206299,1
Karun-1,reservoir,1996-09,1996,9,2,2,0,0,0,55.9556166975708,55.909228805664064,0.99917098774628,41.1324772845459,46.39414116784668,1
Karun-1,reservoir,1996-10,1996,10,2,2,0,0,0,55.9556166975708,55.68876383947754,0.99523099067006,36.36023543286133,41.44238746234131,1
Karun-1,reservoir,1996-11,1996,11,2,2,0,0,0,55.9556166975708,55.83326658563232,0.9978134435976328,36.62227109100342,41.88937378088379,1
Karun-1,reservoir,1996-12,1996,12,2,2,0,0,0,55.9556166975708,55.84000885864258,0.9979339368279496,37.27577433929444,43.10904153546142,1
Karun-1,reservoir,1997-01,1997,1,2,2,0,0,0,55.9556166975708,53.995643889648434,0.964972724391268,33.79381434710693,43.500441081420895,1
Karun-1,reservoir,1997-02,1997,2,1,1,0,0,0,55.9556166975708,55.039457538024905,0.9836270384705514,33.88721156512451,39.82054941259766,1
Karun-1,reservoir,1997-03,1997,3,1,1,0,0,0,55.9556166975708,3.695350512573242,0.0660407431937689,3.303637615661621,3.5812489963989256,1
Karun-1,reservoir,1997-04,1997,4,2,2,0,0,0,55.9556166975708,55.92597737872315,0.9994703066359208,48.37422122277832,50.41125291101074,1
Karun-1,reservoir,1997-05,1997,5,2,2,0,0,0,55.9556166975708,55.90928143756104,0.9991719283470648,48.70028785168457,50.486300102172855,1
Karun-1,reservoir,1997-06,1997,6,2,2,0,0,0,55.9556166975708,55.8072961161499,0.9973493173666096,47.46816638153077,49.60246523718262,1
Karun-1,reservoir,1997-07,1997,7,2,2,0,0,0,55.9556166975708,55.781432557189945,0.9968871017663464,46.79049982043457,49.36752474633789,1
Karun-1,reservoir,1997-08,1997,8,2,2,0,0,0,55.9556166975708,55.79816894396973,0.9971862028712496,44.96727443414306,48.50914340582276,1
Karun-1,reservoir,1997-09,1997,9,2,2,0,0,0,55.9556166975708,55.92138897125244,0.9993883057977296,42.37493129290772,47.44111957629394,1
Karun-1,reservoir,1997-10,1997,10,2,2,0,0,0,55.9556166975708,55.886474416564944,0.998764337074872,36.87996497802735,41.681756480102536,1
Karun-1,reservoir,1997-11,1997,11,1,1,0,0,0,55.9556166975708,55.90623406988525,0.9991174679040272,39.58410200830078,44.49592966394043,1
Karun-1,reservoir,1997-12,1997,12,1,1,0,0,0,55.9556166975708,55.25668945031738,0.9875092566483364,37.8244285388794,43.814978152771,1
Karun-1,reservoir,1998-01,1998,1,1,1,0,0,0,55.9556166975708,44.05273771514893,0.7872799964522844,32.4116476060791,36.54867386468506,1
Karun-1,reservoir,1998-02,1998,2,2,2,0,0,0,55.9556166975708,51.58450113122559,0.921882452123256,40.02828428405762,44.89408158074952,1
Karun-1,reservoir,1998-03,1998,3,2,2,0,0,0,55.9556166975708,55.85224990802002,0.9981527003784184,46.14396587426758,49.827479560729984,1
Karun-1,reservoir,1998-04,1998,4,2,2,0,0,0,55.9556166975708,55.55884115527344,0.9929091025045464,47.18804437213135,50.07313060357666,1
Karun-1,reservoir,1998-05,1998,5,2,2,0,0,0,55.9556166975708,55.03004801037598,0.9834588779139484,47.01896797790528,49.53626208642578,1
Karun-1,reservoir,1998-06,1998,6,2,2,0,0,0,55.9556166975708,55.79667472729492,0.9971594992664466,48.07028452416992,50.22186716082764,1
Karun-1,reservoir,1998-07,1998,7,2,2,0,0,0,55.9556166975708,39.53640329650879,0.7065671978953487,30.955545672302247,33.78138141467285,1
Karun-1,reservoir,1998-08,1998,8,2,2,0,0,0,55.9556166975708,53.60460905328369,0.957984420813484,44.52539049346924,48.24356990936279,1
Karun-1,reservoir,1998-09,1998,9,2,2,0,0,0,55.9556166975708,55.86670053479004,0.9984109519646376,38.335421519470216,43.93059216772461,1
Karun-1,reservoir,1998-10,1998,10,1,1,0,0,0,55.9556166975708,55.82039028222656,0.9975833272274504,36.49938157208252,41.60767327661133,1
Karun-1,reservoir,1998-11,1998,11,2,2,0,0,0,55.9556166975708,55.949538749816895,0.9998913791302352,35.543701073913574,40.74594455059815,1
Karun-1,reservoir,1998-12,1998,12,2,2,0,0,0,55.9556166975708,54.92899263110352,0.981652886214873,36.21587487567139,41.07576403131104,1
Karun-1,reservoir,1999-01,1999,1,2,2,0,0,0,55.9556166975708,55.64934573406983,0.9945265376100436,38.26807473852539,43.81024993505859,1
Karun-1,reservoir,1999-02,1999,2,3,3,0,0,0,55.9556166975708,26.559907639038087,0.4746602612314901,20.080115663146973,24.54198706799317,1
Karun-1,reservoir,1999-03,1999,3,3,3,0,0,0,55.9556166975708,55.94954355102539,0.999891464934106,45.37572307458496,48.950648491333006,1
Karun-1,reservoir,1999-04,1999,4,2,2,0,0,0,55.9556166975708,0.8925359848632812,0.0159507845242286,0.3894182695922851,0.714506465209961,1
Karun-1,reservoir,1999-05,1999,5,3,3,0,0,0,55.9556166975708,54.86957623797608,0.9805910376171072,46.905085888000485,49.26994841381836,1
Karun-1,reservoir,1999-06,1999,6,1,1,0,0,0,55.9556166975708,55.63842773419189,0.9943314186832528,47.080056848754886,49.50906347833252,1
Karun-1,reservoir,1999-07,1999,7,5,4,1,0,0,55.9556166975708,55.55171451361084,0.9927817401040724,46.231296137573246,49.54854036553955,1
Karun-1,reservoir,1999-08,1999,8,3,2,1,0,0,55.9556166975708,55.5608556885376,0.9929451048468144,45.8759880211792,48.94610246990967,1
Karun-1,reservoir,1999-09,1999,9,1,1,0,0,0,55.9556166975708,55.94344617260742,0.99978249681298,43.675292784973145,47.69862530267334,1
Karun-1,reservoir,1999-10,1999,10,5,4,1,0,0,55.9556166975708,55.87044168048096,0.9984778111275192,42.20245684735107,47.16534288549805,1
Karun-1,reservoir,1999-11,1999,11,4,3,1,0,0,55.9556166975708,55.93663878601074,0.9996608399177755,40.48918995324707,45.09706463977051,1
Karun-1,reservoir,1999-12,1999,12,4,4,0,0,0,55.9556166975708,55.954855888916015,0.9999864033550216,40.17469203344727,45.47143294476319,1
Karun-1,reservoir,2000-01,2000,1,5,3,2,0,0,55.9556166975708,54.38672779223633,0.9719619048465856,35.55751719458008,42.73333925708008,1
Karun-1,reservoir,2000-02,2000,2,3,3,0,0,0,55.9556166975708,55.944963430297854,0.9998096121908452,39.300631738586425,45.4939173458252,1
Karun-1,reservoir,2000-03,2000,3,3,1,2,0,0,55.9556166975708,55.93813949291992,0.9996876595115493,36.93750568890381,42.39053922393799,1
Karun-1,reservoir,2000-04,2000,4,3,2,1,0,0,55.9556166975708,15.513225234436035,0.2772416095113738,8.321894146789552,10.738359110961914,1
Karun-1,reservoir,2000-05,2000,5,7,4,3,0,0,55.9556166975708,55.894769920837405,0.9989125885777962,45.10700983355713,48.40697941247559,1
Karun-1,reservoir,2000-06,2000,6,2,2,0,0,0,55.9556166975708,47.14635370062256,0.8425669572268216,35.079242689880374,39.86268734527588,1
Karun-1,reservoir,2000-07,2000,7,4,2,2,0,0,55.9556166975708,55.826312839050296,0.9976891710582092,42.46844164489746,47.54468796429443,1
Karun-1,reservoir,2000-08,2000,8,5,4,1,0,0,55.9556166975708,55.94801053240967,0.9998640678879076,40.28776473333741,44.80472443902588,1
Karun-1,reservoir,2000-09,2000,9,6,4,2,0,0,55.9556166975708,55.941951324646,0.99975578192626,38.03668231616211,43.008703853698734,1
Karun-1,reservoir,2000-10,2000,10,5,3,2,0,0,55.9556166975708,55.89938274871826,0.9989950258406324,37.46087949371338,42.3610958248291,1
Karun-1,reservoir,2000-11,2000,11,3,3,0,0,0,55.9556166975708,55.9556166975708,1.0,40.04752179211426,45.50659752008057,1
Karun-1,reservoir,2000-12,2000,12,5,3,2,0,0,55.9556166975708,51.72766021490479,0.9244408920463284,38.56460790197754,42.36344921472168,1
Karun-1,reservoir,2001-01,2001,1,4,3,1,0,0,55.9556166975708,55.8407546729126,0.9979472655036756,42.17847610333252,46.75810130297852,1
Karun-1,reservoir,2001-02,2001,2,5,3,2,0,0,55.9556166975708,55.94345938537597,0.9997827329424224,38.22444628790283,43.11424108935547,1
Karun-1,reservoir,2001-03,2001,3,6,4,2,0,0,55.9556166975708,55.9556166975708,1.0,40.8711139442749,47.65473081573487,1
Karun-1,reservoir,2001-04,2001,4,3,1,2,0,0,55.9556166975708,54.84312575463867,0.9801183329111548,48.84932630755616,51.43076087121582,1
Karun-1,reservoir,2001-05,2001,5,5,2,3,0,0,55.9556166975708,55.5928956963501,0.993517701660208,49.113959676208495,51.37032429168701,1
Karun-1,reservoir,2001-06,2001,6,4,4,0,0,0,55.9556166975708,55.541726889282224,0.9926032482042764,48.81949516644287,51.38233537060547,1
Karun-1,reservoir,2001-07,2001,7,6,4,2,0,0,55.9556166975708,55.862822715270994,0.9983416502618256,46.38623838946533,50.20008154345703,1
Karun-1,reservoir,2001-08,2001,8,5,4,1,0,0,55.9556166975708,55.9556166975708,1.0,42.110620804748535,46.22413245898438,1
Karun-1,reservoir,2001-09,2001,9,5,3,2,0,0,55.9556166975708,55.95333912731934,0.999959296843,40.14320667175293,44.73154442114258,1
Karun-1,reservoir,2001-10,2001,10,5,5,0,0,0,55.9556166975708,55.20870690893555,0.9866517459244144,38.7599591829834,43.66674681256104,1
Karun-1,reservoir,2001-11,2001,11,2,2,0,0,0,55.9556166975708,55.86291222668457,0.9983432499477706,41.38921561822509,46.12584998596191,1
Karun-1,reservoir,2001-12,2001,12,0,0,0,0,0,55.9556166975708,0.0,0.0,,,0
Karun-1,reservoir,2002-01,2002,1,4,3,1,0,0,55.9556166975708,53.71385143365479,0.9599367249219624,44.09132436889649,47.50299012811279,1
Karun-1,reservoir,2002-02,2002,2,4,3,1,0,0,55.9556166975708,55.50126170349121,0.991880082449358,41.2681679041748,45.12268524908447,1
Karun-1,reservoir,2002-03,2002,3,7,4,3,0,0,55.9556166975708,55.95257992169189,0.9999457288462154,47.14191295910644,50.43192109020996,1
Karun-1,reservoir,2002-04,2002,4,3,1,2,0,0,55.9556166975708,1.9729447650146483,0.0352591014353041,1.3561314475708008,1.969149895141601,1
Karun-1,reservoir,2002-05,2002,5,5,2,3,0,0,55.9556166975708,55.51292185559082,0.992088464606285,51.42510759301758,53.4859715423584,1
Karun-1,reservoir,2002-06,2002,6,3,3,0,0,0,55.9556166975708,33.51959385614013,0.599038949696632,30.946347894348143,32.32084456726074,1
Karun-1,reservoir,2002-07,2002,7,3,2,1,0,0,55.9556166975708,52.02583348736572,0.9297696381143506,49.039230897827146,50.94772783435059,1
Karun-1,reservoir,2002-08,2002,8,4,2,2,0,0,55.9556166975708,54.99696385766602,0.9828676208666216,50.56486997595215,53.275211771118165,1
Karun-1,reservoir,2002-09,2002,9,1,0,1,0,0,55.9556166975708,54.1737829720459,0.9681563026075584,47.28441391760254,50.45720905255127,1
Karun-1,reservoir,2002-10,2002,10,1,0,1,0,0,55.9556166975708,54.8568722789917,0.9803640012669756,45.7390448024292,49.05597068786621,1
Karun-1,reservoir,2002-11,2002,11,2,0,2,0,0,55.9556166975708,55.93889122698975,0.9997010939818346,43.77639269116211,47.6460217956543,1
Karun-1,reservoir,2002-12,2002,12,1,0,1,0,0,55.9556166975708,7.358159469787598,0.1314999262640069,0.2051177300415039,7.358159469787598,1
Karun-1,reservoir,2003-01,2003,1,1,0,1,0,0,55.9556166975708,55.19879060217285,0.9864745285627275,38.69567865783692,43.56520482574463,1
Karun-1,reservoir,2003-02,2003,2,1,0,1,0,0,55.9556166975708,54.62265940539551,0.976178311117905,42.74508730566407,46.59734944915771,1
Karun-1,reservoir,2003-03,2003,3,3,0,3,0,0,55.9556166975708,16.1602799697876,0.2888053232820355,2.934330525390625,16.1602799697876,1
Karun-1,reservoir,2003-04,2003,4,1,0,1,0,0,55.9556166975708,55.3716488145752,0.989563730730521,53.38593945800781,54.52380606115722,1
Karun-1,reservoir,2003-05,2003,5,1,0,1,0,0,55.9556166975708,0.122515030883789,0.002189503719456,0.0829448765258789,0.1050127592773437,1
Karun-1,reservoir,2003-06,2003,6,0,0,0,0,0,55.9556166975708,0.0,0.0,,,0
Karun-1,reservoir,2003-07,2003,7,1,0,1,0,0,55.9556166975708,45.94755383911133,0.821142836963962,41.74844886010742,43.85694735968018,1
Karun-1,reservoir,2003-08,2003,8,2,0,2,0,0,55.9556166975708,47.54876608642578,0.8497585924826383,41.06532399176025,43.86825270050049,1
Karun-1,reservoir,2003-09,2003,9,0,0,0,0,0,55.9556166975708,0.0,0.0,,,0
Karun-1,reservoir,2003-10,2003,10,1,0,1,0,0,55.9556166975708,47.14566091668701,0.8425545762724789,36.30690662231445,39.24652780737305,1
Karun-1,reservoir,2003-11,2003,11,2,0,2,0,0,55.9556166975708,47.2432995960083,0.8442995070780672,32.28503433984375,35.63682843896484,1
Karun-1,reservoir,2003-12,2003,12,1,0,1,0,0,55.9556166975708,47.39540254187012,0.8470177855072714,33.27884763092041,37.66504092993164,1
Karun-1,reservoir,2004-01,2004,1,0,0,0,0,0,55.9556166975708,0.0,0.0,,,0
Karun-1,reservoir,2004-02,2004,2,2,0,2,0,0,55.9556166975708,47.68011560137939,0.8521059799784018,42.33557362780762,45.009521887390136,1
Karun-1,reservoir,2004-03,2004,3,1,0,1,0,0,55.9556166975708,0.1506644462280273,0.0026925705607417,0.1187055749511718,0.133163374633789,1
Karun-1,reservoir,2004-04,2004,4,2,0,2,0,0,55.9556166975708,48.217979720458985,0.8617183147326882,45.61010238952637,47.00163656549072,1
Karun-1,reservoir,2004-05,2004,5,3,0,3,0,0,55.9556166975708,8.301629897460938,0.1483609758485842,3.879316278381348,7.602874811828613,1
Karun-1,reservoir,2004-06,2004,6,3,0,3,0,0,55.9556166975708,9.52172039074707,0.1701655875264517,5.918753231262207,8.9220184375,1
Karun-1,reservoir,2004-07,2004,7,4,0,4,0,0,55.9556166975708,46.12821224993896,0.8243714388718644,40.812239920593264,43.90808715576172,1
Karun-1,reservoir,2004-08,2004,8,3,0,3,0,0,55.9556166975708,49.79299898937988,0.8898659674952978,37.1788072611084,41.40483090533447,1
Karun-1,reservoir,2004-09,2004,9,3,0,3,0,0,55.9556166975708,53.62354457104493,0.958322823263118,35.920077965515134,40.09273411456299,1
Karun-1,reservoir,2004-10,2004,10,3,0,3,0,0,55.9556166975708,53.69763869458008,0.9596469820859154,35.9953689041748,40.18816072125245,1
Karun-1,reservoir,2004-11,2004,11,1,0,1,0,0,55.9556166975708,48.39910570208741,0.8649552727418792,31.44270547943115,35.25636469207764,1
Karun-1,reservoir,2004-12,2004,12,3,0,3,0,0,55.9556166975708,47.65979733123779,0.8517428659365816,30.542482463562013,35.21679450408936,1
Karun-1,reservoir,2005-01,2005,1,3,0,3,0,0,55.9556166975708,49.08285190014649,0.8771747109039961,32.72607709313965,36.70664196142578,1
Karun-1,reservoir,2005-02,2005,2,0,0,0,0,0,55.9556166975708,0.0,0.0,,,0
Karun-1,reservoir,2005-03,2005,3,3,0,3,0,0,55.9556166975708,29.149920589172364,0.5209471775947355,23.387869423706054,26.542157157653808,1
Karun-1,reservoir,2005-04,2005,4,1,0,1,0,0,55.9556166975708,44.77018714068603,0.8001017553369157,42.39374808905029,43.79683527526856,1
Karun-1,reservoir,2005-05,2005,5,3,0,3,0,0,55.9556166975708,54.11671406823731,0.9671364067119051,50.48510155291748,52.56252412792968,1
Karun-1,reservoir,2005-06,2005,6,2,0,2,0,0,55.9556166975708,50.20420145501709,0.8972146929656948,46.6926881428833,48.99402585943604,1
Karun-1,reservoir,2005-07,2005,7,2,0,2,0,0,55.9556166975708,47.60807271209717,0.8508184793925071,39.26404154663086,45.46785456481933,1
Karun-1,reservoir,2005-08,2005,8,4,0,4,0,0,55.9556166975708,52.36394878759766,0.9358122004197468,41.62895743457031,45.93707253881836,1
Karun-1,reservoir,2005-09,2005,9,4,0,4,0,0,55.9556166975708,55.48561170904541,0.991600396595293,39.4369149899292,44.03991075097656,1
Karun-1,reservoir,2005-10,2005,10,3,0,3,0,0,55.9556166975708,54.71520391638184,0.977832202477668,36.638321064270016,40.66010072900391,1
Karun-1,reservoir,2005-11,2005,11,2,0,2,0,0,55.9556166975708,52.90896455822754,0.945552344533886,33.977957209350585,39.69968324572754,1
Karun-1,reservoir,2005-12,2005,12,0,0,0,0,0,55.9556166975708,0.0,0.0,,,0
Karun-1,reservoir,2006-01,2006,1,2,0,2,0,0,55.9556166975708,55.69941745721435,0.995421384742462,42.09589157330322,46.62482285864258,1
Karun-1,reservoir,2006-02,2006,2,1,0,1,0,0,55.9556166975708,0.070009665649414,0.0012511642223121,0.0616388639526367,0.0654437694091796,1
Karun-1,reservoir,2006-03,2006,3,2,0,2,0,0,55.9556166975708,46.138067659118654,0.8245475679141544,43.74031506982422,45.22380603955078,1
Karun-1,reservoir,2006-04,2006,4,0,0,0,0,0,55.9556166975708,0.0,0.0,,,0
Karun-1,reservoir,2006-05,2006,5,2,0,2,0,0,55.9556166975708,41.90342212738037,0.7488689179114976,40.30321353826904,41.2396318616333,1
Karun-1,reservoir,2006-06,2006,6,4,0,4,0,0,55.9556166975708,51.46814018847656,0.91980293000168,49.00307073352051,50.42283879199218,1
Karun-1,reservoir,2006-07,2006,7,3,0,3,0,0,55.9556166975708,48.04795262457275,0.8586797083170857,44.15316541485596,46.81915061669922,1
Karun-1,reservoir,2006-08,2006,8,2,0,2,0,0,55.9556166975708,48.75064054797363,0.8712376598664141,45.42756241967773,47.33291550964356,1
Karun-1,reservoir,2006-09,2006,9,4,0,4,0,0,55.9556166975708,53.07537012194824,0.9485262294366312,44.12397001495361,48.51496649682617,1
Karun-1,reservoir,2006-10,2006,10,0,0,0,0,0,55.9556166975708,0.0,0.0,,,0
Karun-1,reservoir,2006-11,2006,11,1,0,1,0,0,55.9556166975708,32.45314500872803,0.5799801150281472,25.95573772485352,28.43750941040039,1
Karun-1,reservoir,2006-12,2006,12,2,0,2,0,0,55.9556166975708,46.86810445977783,0.837594279642932,36.47766442907715,39.23939614422608,1
Karun-1,reservoir,2007-01,2007,1,2,0,2,0,0,55.9556166975708,55.720131893310544,0.9957915787876488,41.186663009460446,45.77611514117432,1
Karun-1,reservoir,2007-02,2007,2,2,0,2,0,0,55.9556166975708,0.1483825499877929,0.0026517900926688,0.0844643838500976,0.1118584756469726,1
Karun-1,reservoir,2007-03,2007,3,2,0,2,0,0,55.9556166975708,16.275821604675293,0.2908702033013582,10.709185911987303,12.740481694458008,1
Karun-1,reservoir,2007-04,2007,4,1,0,1,0,0,55.9556166975708,0.3553264263916015,0.006350147623465,0.279998821899414,0.3271739705810547,1
Karun-1,reservoir,2007-05,2007,5,3,0,3,0,0,55.9556166975708,22.73749268951416,0.4063487104861317,20.575210013916017,22.020285745239256,1
Karun-1,reservoir,2007-06,2007,6,4,0,4,0,0,55.9556166975708,53.32108258343506,0.9529174322503692,50.26960868786621,52.15932174176025,1
Karun-1,reservoir,2007-07,2007,7,3,0,3,0,0,55.9556166975708,43.238771460571286,0.7727333556927523,40.75134207226562,42.2646286986084,1
Karun-1,reservoir,2007-08,2007,8,4,0,4,0,0,55.9556166975708,55.07787840484619,0.9843136695737156,50.3892252062378,52.89138499761963,1
Karun-1,reservoir,2007-09,2007,9,3,0,3,0,0,55.9556166975708,36.00914820336914,0.6435305395344236,32.316907835388186,34.307726780090334,1
Karun-1,reservoir,2007-10,2007,10,3,0,3,0,0,55.9556166975708,47.04806516003418,0.8408104125510723,40.48870078521728,42.74623225390625,1
Karun-1,reservoir,2007-11,2007,11,3,0,3,0,0,55.9556166975708,48.17824561560059,0.8610082143495015,38.26495398138428,41.26455789581299,1
Karun-1,reservoir,2007-12,2007,12,3,0,3,0,0,55.9556166975708,3.304984701477051,0.0590643959718976,2.5746069049072267,2.856869077880859,1
Karun-1,reservoir,2008-01,2008,1,1,0,1,0,0,55.9556166975708,44.563872099060056,0.7964146359054373,37.00443528198242,39.48293593713379,1
Karun-1,reservoir,2008-02,2008,2,2,0,2,0,0,55.9556166975708,49.75985307788086,0.8892736067376965,34.84348678039551,39.75737977368164,1
Karun-1,reservoir,2008-03,2008,3,3,0,3,0,0,55.9556166975708,54.05428392163086,0.9660206984007292,36.97611158300781,40.85207019171143,1
Karun-1,reservoir,2008-04,2008,4,6,2,4,0,0,55.9556166975708,50.31470750567627,0.8991895805137391,30.22377681958008,36.40533730828857,1
Karun-1,reservoir,2008-05,2008,5,4,2,2,0,0,55.9556166975708,41.21642681970215,0.7365914139141545,26.860947381225586,30.314217347106933,1
Karun-1,reservoir,2008-06,2008,6,5,1,4,0,0,55.9556166975708,52.68242453149414,0.9415037781860645,30.710503798278808,36.17187634350586,1
Karun-1,reservoir,2008-07,2008,7,4,1,3,0,0,55.9556166975708,51.814359885559085,0.925990328470609,28.35984226385498,32.91983929626465,1
Karun-1,reservoir,2008-08,2008,8,2,1,1,0,0,55.9556166975708,47.29160976397705,0.8451628729172798,27.598269594726563,31.484341669799804,1
Karun-1,reservoir,2008-09,2008,9,3,0,3,0,0,55.9556166975708,50.35920449932861,0.8999847999443968,27.69616635571289,33.302529511840824,1
Karun-1,reservoir,2008-10,2008,10,5,2,3,0,0,55.9556166975708,48.4169739586792,0.8652746018395884,24.605779641784668,30.12683670526123,1
Karun-1,reservoir,2008-11,2008,11,3,0,3,0,0,55.9556166975708,1.5637593098754885,0.0279464225785822,0.483285426940918,1.2157048660888672,1
Karun-1,reservoir,2008-12,2008,12,2,0,2,0,0,55.9556166975708,48.89151657244873,0.8737552985377294,29.96353667626953,33.51363804602051,1
Karun-1,reservoir,2009-01,2009,1,3,0,3,0,0,55.9556166975708,54.93871556518555,0.9818266477540332,33.7594979486084,37.9955977744751,1
Karun-1,reservoir,2009-02,2009,2,1,0,1,0,0,55.9556166975708,0.4932597297973632,0.008815196023365,0.4917387582397461,0.4932597297973632,1
Karun-1,reservoir,2009-03,2009,3,5,1,4,0,0,55.9556166975708,28.53488896392822,0.5099557586533937,11.16059855078125,14.135480312133788,1
Karun-1,reservoir,2009-04,2009,4,5,2,3,0,0,55.9556166975708,5.319681221679687,0.0950696558386895,2.312933753479004,3.0323606212768555,1
Karun-1,reservoir,2009-05,2009,5,3,1,2,0,0,55.9556166975708,46.28190860064697,0.8271181935281253,33.51777347845459,36.7910350145874,1
Karun-1,reservoir,2009-06,2009,6,5,2,3,0,0,55.9556166975708,27.38108265716553,0.4893357320169473,12.701830338806152,20.339374143737796,1
Karun-1,reservoir,2009-07,2009,7,6,2,4,0,0,55.9556166975708,53.49988081005859,0.9561127902354292,40.06083113232422,45.6635500065918,1
Karun-1,reservoir,2009-08,2009,8,4,1,3,0,0,55.9556166975708,27.320675767822262,0.4882561819573036,14.42781040057373,22.449069127685547,1
Karun-1,reservoir,2009-09,2009,9,2,0,2,0,0,55.9556166975708,47.3351222208252,0.8459404973885339,39.76350150531006,42.851517606018064,1
Karun-1,reservoir,2009-10,2009,10,2,0,2,0,0,55.9556166975708,47.10529401116944,0.8418331669144916,37.70172996862793,40.5014736831665,1
Karun-1,reservoir,2009-11,2009,11,5,2,3,0,0,55.9556166975708,55.87575047583008,0.9985726862385884,44.39053128424072,48.12067987573242,1
Karun-1,reservoir,2009-12,2009,12,1,1,0,0,0,55.9556166975708,0.1605573989868164,0.0028693705558567,0.0334814387817382,0.1392513779907226,1
Karun-1,reservoir,2010-01,2010,1,5,1,4,0,0,55.9556166975708,53.3627454555664,0.9536620022254716,45.55065380615235,49.20754943658447,1
Karun-1,reservoir,2010-02,2010,2,3,1,2,0,0,55.9556166975708,48.2628407020874,0.8625200391041823,44.66397126873779,46.41815809448242,1
Karun-1,reservoir,2010-03,2010,3,2,1,1,0,0,55.9556166975708,0.5295261702270507,0.0094633247112445,0.2350909710693359,0.4800706612548828,1
Karun-1,reservoir,2010-04,2010,4,1,0,1,0,0,55.9556166975708,0.4747725915527344,0.0084848067016898,0.2046690061645507,0.2868422208862304,1
Karun-1,reservoir,2010-05,2010,5,2,0,2,0,0,55.9556166975708,0.2541458453979492,0.004541918406003,0.0441317833251953,0.1491380409545898,1
Karun-1,reservoir,2010-06,2010,6,2,0,2,0,0,55.9556166975708,0.0692489096679687,0.0012375685186751,0.0182635190429687,0.0441367436523437,1
Karun-1,reservoir,2010-07,2010,7,4,0,4,0,0,55.9556166975708,53.59532450299072,0.9578184937655678,48.68969601690674,51.7738267991333,1
Karun-1,reservoir,2010-08,2010,8,2,0,2,0,0,55.9556166975708,0.2891405119628906,0.0051673188328106,0.0875018746948242,0.1498968629760742,1
Karun-1,reservoir,2010-09,2010,9,3,0,3,0,0,55.9556166975708,54.183197411743166,0.9683245509488848,45.21562058563232,48.94435516809082,1
Karun-1,reservoir,2010-10,2010,10,4,0,4,0,0,55.9556166975708,49.21567546380615,0.8795484415766031,37.47267280895996,41.41604625427246,1
Karun-1,reservoir,2010-11,2010,11,2,0,2,0,0,55.9556166975708,48.836438184814455,0.8727709757675602,37.60599763171387,40.36539961694336,1
Karun-1,reservoir,2010-12,2010,12,2,0,2,0,0,55.9556166975708,6.778020692565918,0.1211320881190497,6.036106856018066,6.470190803039551,1
Karun-1,reservoir,2011-01,2011,1,2,0,2,0,0,55.9556166975708,0.0532659855346679,0.0009519327759813682,0.0197844588012695,0.0388081241455078,1
Karun-1,reservoir,2011-02,2011,2,3,0,3,0,0,55.9556166975708,49.17053511798096,0.8787417246018056,39.04531324853516,42.10553678637695,1
Karun-1,reservoir,2011-03,2011,3,5,2,3,0,0,55.9556166975708,54.36467594049072,0.971567809435846,42.29572213641357,46.11298751635742,1
Karun-1,reservoir,2011-04,2011,4,4,0,4,0,0,55.9556166975708,47.67105058880615,0.8519439763564556,42.69377351843261,45.32432408862304,1
Karun-1,reservoir,2011-05,2011,5,1,0,1,0,0,55.9556166975708,6.490815171936035,0.1159993501102422,5.650309978027344,5.913485786987304,1
Karun-1,reservoir,2011-06,2011,6,0,0,0,0,0,55.9556166975708,0.0,0.0,,,0
Karun-1,reservoir,2011-07,2011,7,0,0,0,0,0,55.9556166975708,0.0,0.0,,,0
Karun-1,reservoir,2011-08,2011,8,4,0,4,0,0,55.9556166975708,50.48322538427735,0.902201215244027,47.093638113220216,49.10931042785644,1
Karun-1,reservoir,2011-09,2011,9,4,0,4,0,0,55.9556166975708,51.0460390401001,0.9122594308270068,45.16563268066406,48.212482899841305,1
Karun-1,reservoir,2011-10,2011,10,4,1,3,0,0,55.9556166975708,48.21280346972656,0.861625808367145,40.77958540112305,43.224869892456056,1
Karun-1,reservoir,2011-11,2011,11,0,0,0,0,0,55.9556166975708,0.0,0.0,,,0
Karun-1,reservoir,2011-12,2011,12,3,0,3,0,0,55.9556166975708,0.132403042602539,0.002366215411728,0.0525046958007812,0.0859862002563476,1
Karun-1,reservoir,2012-01,2012,1,3,0,3,0,0,55.9556166975708,48.761747223388674,0.8714361506716369,45.25539962756348,46.71461698931885,1
Karun-1,reservoir,2012-02,2012,2,2,0,2,0,0,55.9556166975708,5.89182700958252,0.1052946488183071,5.727489296569824,5.8857416613769535,1
Karun-1,reservoir,2012-03,2012,3,4,0,4,0,0,55.9556166975708,55.68788740344238,0.9952153276126784,50.80594397277832,53.01518603601074,1
Karun-1,reservoir,2012-04,2012,4,2,0,2,0,0,55.9556166975708,15.289645793395996,0.2732459526991463,8.832089299194337,13.00519328277588,1
Karun-1,reservoir,2012-05,2012,5,1,0,1,0,0,55.9556166975708,0.0152132221069335,0.0002718801615422826,0.0,0.0,1
Karun-1,reservoir,2012-06,2012,6,3,0,3,0,0,55.9556166975708,29.130103967468266,0.5205930286661086,15.228766771484375,24.785800060058595,1
Karun-1,reservoir,2012-07,2012,7,3,0,3,0,0,55.9556166975708,47.72338026409912,0.8528791760447335,37.879206174804686,43.49818535455322,1
Karun-1,reservoir,2012-08,2012,8,3,0,3,0,0,55.9556166975708,50.03669972436524,0.8942212181272854,42.926284701293945,46.14495255450439,1
Karun-1,reservoir,2012-09,2012,9,4,0,4,0,0,55.9556166975708,55.25956614013672,0.9875606668550164,41.94101021057129,46.28046001531983,1
Karun-1,reservoir,2012-10,2012,10,4,0,4,0,0,55.9556166975708,55.42518712329102,0.9905205302776546,40.33782081671143,43.94459217858887,1
Karun-1,reservoir,2012-11,2012,11,2,0,2,0,0,55.9556166975708,49.54020630908203,0.8853482319181144,37.00275820092774,40.32567450823974,1
Karun-1,reservoir,2012-12,2012,12,3,0,3,0,0,55.9556166975708,50.3211025602417,0.8993038684966594,37.33124068811035,41.48882629663086,1
Karun-1,reservoir,2013-01,2013,1,3,0,3,0,0,55.9556166975708,0.1704496468505859,0.0030461579535765,0.0631580615234375,0.1019662819824218,1
Karun-1,reservoir,2013-02,2013,2,4,0,4,0,0,55.9556166975708,48.79801222772217,0.8720842536946006,43.20428053564453,45.49538020709228,1
Karun-1,reservoir,2013-03,2013,3,3,0,3,0,0,55.9556166975708,46.81235624694824,0.8365979862211134,42.3357359387207,44.9362259864502,1
Karun-1,reservoir,2013-04,2013,4,7,0,4,3,0,55.9556166975708,54.54245455926514,0.9747449456960946,49.85355782025147,52.09138710656738,1
Karun-1,reservoir,2013-05,2013,5,7,0,4,3,0,55.9556166975708,53.751568455444335,0.9606107773945388,49.54781464324951,51.55664963403321,1
Karun-1,reservoir,2013-06,2013,6,7,0,4,3,0,55.9556166975708,54.87833219750976,0.9807475180573284,49.23245697589111,52.611241613525394,1
Karun-1,reservoir,2013-07,2013,7,8,0,4,4,0,55.9556166975708,55.94724988635254,0.9998504741487616,50.70210336444092,53.68832963397217,1
Karun-1,reservoir,2013-08,2013,8,7,0,2,5,0,55.9556166975708,55.95409519232178,0.9999728087127115,51.47914476519775,53.79655147583008,1
Karun-1,reservoir,2013-09,2013,9,6,0,1,5,0,55.9556166975708,55.95485609533692,0.9999864070440329,50.85281425146484,53.1676558104248,1
Karun-1,reservoir,2013-10,2013,10,9,0,4,5,0,55.9556166975708,55.92447459442138,0.9994434499164268,46.62569989428711,49.83056228991699,1
Karun-1,reservoir,2013-11,2013,11,4,0,2,2,0,55.9556166975708,55.94498152319336,0.999809935534534,42.341476239868165,45.88887838470459,1
Karun-1,reservoir,2013-12,2013,12,9,0,4,5,0,55.9556166975708,55.93508763464355,0.9996331188156105,47.30717810357666,50.295629213439945,1
Karun-1,reservoir,2014-01,2014,1,8,0,3,5,0,55.9556166975708,54.91016173345948,0.9813163534634636,49.54383458093262,51.84624831884766,1
Karun-1,reservoir,2014-02,2014,2,7,0,3,4,0,55.9556166975708,55.82938758215332,0.9977441207359088,50.6451308838501,52.67412355487061,1
Karun-1,reservoir,2014-03,2014,3,8,0,2,6,0,55.9556166975708,55.28862080969238,0.9880799117721568,50.16569995178223,52.40917014733887,1
Karun-1,reservoir,2014-04,2014,4,10,0,4,6,0,55.9556166975708,53.40109338568115,0.9543473298543672,48.93966638659668,50.97467388128662,1
Karun-1,reservoir,2014-05,2014,5,9,0,4,5,0,55.9556166975708,54.525411890441895,0.974440370930788,49.46652449597168,51.94464147625733,1
Karun-1,reservoir,2014-06,2014,6,8,0,4,4,0,55.9556166975708,53.94624375909424,0.964089879496158,48.51192584796143,51.71606320166016,1
Karun-1,reservoir,2014-07,2014,7,7,0,3,4,0,55.9556166975708,55.30668681854248,0.9884027749611686,50.768120000854495,53.24293894854736,1
Karun-1,reservoir,2014-08,2014,8,8,0,4,4,0,55.9556166975708,55.87727270263672,0.9985998904210542,51.79219390710449,53.65966176806641,1
Karun-1,reservoir,2014-09,2014,9,6,0,2,4,0,55.9556166975708,55.9556166975708,1.0,46.71791784295655,50.16368722528076,1
Karun-1,reservoir,2014-10,2014,10,7,0,3,4,0,55.9556166975708,55.78069243035889,0.9968738747325876,43.51241826324463,47.27729844506836,1
Karun-1,reservoir,2014-11,2014,11,8,0,4,4,0,55.9556166975708,55.9556166975708,1.0,43.46150634735108,47.09853363629151,1
Karun-1,reservoir,2014-12,2014,12,6,0,2,4,0,55.9556166975708,55.95409521881104,0.9999728091861092,44.60693060369873,47.943860979064944,1
Karun-1,reservoir,2015-01,2015,1,6,0,4,2,0,55.9556166975708,49.17048846661377,0.8787408908809042,40.61711717596435,43.0271210079956,1
Karun-1,reservoir,2015-02,2015,2,9,0,4,5,0,55.9556166975708,55.926732381896976,0.9994837995293672,46.16041540863037,49.08500804846192,1
Karun-1,reservoir,2015-03,2015,3,9,0,4,5,0,55.9556166975708,55.95409827178955,0.9999728637468251,46.99433915783691,50.07298876422119,1
Karun-1,reservoir,2015-04,2015,4,9,0,4,5,0,55.9556166975708,55.32430575836182,0.9887176484423164,47.60750670452881,50.740059803833006,1
Karun-1,reservoir,2015-05,2015,5,8,0,3,5,0,55.9556166975708,55.75882344628906,0.9964830474062082,39.7475633269043,52.94008509387207,1
Karun-1,reservoir,2015-06,2015,6,8,0,4,4,0,55.9556166975708,55.62620607434082,0.9941130016489608,43.52961444683838,53.03242440118408,1
Karun-1,reservoir,2015-07,2015,7,7,0,3,4,0,55.9556166975708,53.511469702819824,0.9563198988948488,45.30149474481201,49.680255469665525,1
Karun-1,reservoir,2015-08,2015,8,8,0,4,4,0,55.9556166975708,55.9388809611206,0.9997009105173364,47.54190792712402,50.61400626586914,1
Karun-1,reservoir,2015-09,2015,9,6,0,2,4,0,55.9556166975708,55.95485582092285,0.9999864021398948,45.57692521301269,49.10911906018067,1
Karun-1,reservoir,2015-10,2015,10,7,0,3,4,0,55.9556166975708,55.70194426605224,0.9954665421187364,42.16693726647949,45.89981456121826,1
Karun-1,reservoir,2015-11,2015,11,5,0,3,2,0,55.9556166975708,55.9556166975708,1.0,41.63543829797364,45.25872105310059,1
Karun-1,reservoir,2015-12,2015,12,8,0,4,4,0,55.9556166975708,55.950298763061525,0.9999049615601948,44.41726955767823,47.92743533453369,1
Karun-1,reservoir,2016-01,2016,1,8,0,4,4,0,55.9556166975708,55.94648923291015,0.9998368802776316,47.63551073699952,50.50112615887451,1
Karun-1,reservoir,2016-02,2016,2,7,0,3,4,0,55.9556166975708,55.798910892944335,0.9971994624690952,49.90683461828613,52.06191694494629,1
Karun-1,reservoir,2016-03,2016,3,8,0,3,5,0,55.9556166975708,55.940404657226566,0.9997281409581016,50.657621784729,52.56734424279785,1
Karun-1,reservoir,2016-04,2016,4,8,0,3,5,0,55.9556166975708,55.9008923024292,0.9990220035383154,51.24047477001953,53.11148478729248,1
Karun-1,reservoir,2016-05,2016,5,9,0,4,5,0,55.9556166975708,55.73532616503906,0.996063120281162,50.0353940357666,53.204238909179686,1
Karun-1,reservoir,2016-06,2016,6,6,0,2,4,0,55.9556166975708,55.85672856457519,0.9982327398243132,47.573956197814944,53.474750560363766,1
Karun-1,reservoir,2016-07,2016,7,8,0,4,4,0,55.9556166975708,55.3622069987793,0.9893949931425337,50.5066523001709,52.87187247772217,1
Karun-1,reservoir,2016-08,2016,8,8,0,4,4,0,55.9556166975708,55.732741730163575,0.9960169330522828,50.72682743518067,52.9801228828125,1
Karun-1,reservoir,2016-09,2016,9,4,0,2,2,0,55.9556166975708,55.9556166975708,1.0,47.44262048156738,50.51781546960449,1
Karun-1,reservoir,2016-10,2016,10,8,0,4,4,0,55.9556166975708,55.842303344177246,0.9979749422831672,43.967042046081545,47.92145104541016,1
Karun-1,reservoir,2016-11,2016,11,8,0,4,4,0,55.9556166975708,55.78012886035156,0.9968638030000148,43.00524833850098,46.51038260797119,1
Karun-1,reservoir,2016-12,2016,12,6,0,3,3,0,55.9556166975708,55.9556166975708,1.0,43.64248743280029,46.963000561401365,1
Karun-1,reservoir,2017-01,2017,1,8,0,4,4,0,55.9556166975708,55.9556166975708,1.0,45.28265917333984,48.42769402783203,1
Karun-1,reservoir,2017-02,2017,2,6,0,2,4,0,55.9556166975708,55.953334858093264,0.9999592205463508,45.0901508149414,48.88260109399414,1
Karun-1,reservoir,2017-03,2017,3,6,0,2,4,0,55.9556166975708,54.77148098046875,0.9788379471626222,45.23133890734864,48.3040668939209,1
Karun-1,reservoir,2017-04,2017,4,9,0,4,5,0,55.9556166975708,51.61022911895752,0.9223422448884934,36.12620464141845,45.6487874204712,1
Karun-1,reservoir,2017-05,2017,5,8,0,4,4,0,55.9556166975708,51.36663060028077,0.9179888209955293,39.61859307128906,46.023042863586426,1
Karun-1,reservoir,2017-06,2017,6,7,0,3,4,0,55.9556166975708,55.9556166975708,1.0,44.49673429724121,49.17839490185547,1
Karun-1,reservoir,2017-07,2017,7,6,0,4,2,0,55.9556166975708,55.650557861755374,0.9945481999159402,40.97606379553223,46.514269624694826,1
Karun-1,reservoir,2017-08,2017,8,8,0,4,4,0,55.9556166975708,55.95181331097413,0.9999320285107886,45.753470106689456,49.012416133667,1
Karun-1,reservoir,2017-09,2017,9,8,0,4,4,0,55.9556166975708,55.9556166975708,1.0,45.96923547900391,49.10424888708496,1
Karun-1,reservoir,2017-10,2017,10,10,0,4,6,0,55.9556166975708,55.916126188232425,0.9992942529871164,42.58928215966797,46.66377852154541,1
Karun-1,reservoir,2017-11,2017,11,6,0,4,2,0,55.9556166975708,51.37483915576172,0.9181355186099136,36.111052137329104,40.46423265734863,1
Karun-1,reservoir,2017-12,2017,12,8,0,4,4,0,55.9556166975708,54.22754914727784,0.9691171744271386,34.32373816937256,40.25053095703125,1
Karun-1,reservoir,2018-01,2018,1,8,0,3,5,0,55.9556166975708,55.95409754333496,0.9999728507283896,36.49012723278808,41.13280581793213,1
Karun-1,reservoir,2018-02,2018,2,8,0,4,4,0,55.9556166975708,55.9062398416748,0.99911757105345,36.433967465698245,40.21347974743652,1
Karun-1,reservoir,2018-03,2018,3,8,0,4,4,0,55.9556166975708,55.934351610595705,0.9996199651039496,36.10180184338379,40.14021981835938,1
Karun-1,reservoir,2018-04,2018,4,6,0,2,4,0,55.9556166975708,47.20229294122314,0.8435666645645661,29.909455233032222,33.16646279211426,1
Karun-1,reservoir,2018-05,2018,5,7,0,3,4,0,55.9556166975708,37.86262597460937,0.6766546096569622,21.193674585998536,24.151104640014648,1
Karun-1,reservoir,2018-06,2018,6,8,0,4,4,0,55.9556166975708,55.75556689886474,0.9964248486476828,35.81439982977295,40.16384966766358,1
Karun-1,reservoir,2018-07,2018,7,8,0,4,4,0,55.9556166975708,55.879556315979,0.9986407015759848,37.81085681842041,42.17406106689453,1
Karun-1,reservoir,2018-08,2018,8,8,0,4,4,0,55.9556166975708,55.9556166975708,1.0,38.94184142199707,42.55949182617187,1
Karun-1,reservoir,2018-09,2018,9,8,0,4,4,0,55.9556166975708,55.95485601629639,0.9999864056314752,37.74477679101562,41.41098025756836,1
Karun-1,reservoir,2018-10,2018,10,8,0,4,4,0,55.9556166975708,55.94649778118897,0.999837033046546,34.91331443041992,38.766639315307614,1
Karun-1,reservoir,2018-11,2018,11,4,0,2,2,0,55.9556166975708,9.26587549291992,0.1655933048330102,5.612951898376465,6.58311570904541,1
Karun-1,reservoir,2018-12,2018,12,8,0,4,4,0,55.9556166975708,55.95409892547608,0.9999728754290578,36.028486913085935,40.14416226983643,1
Karun-1,reservoir,2019-01,2019,1,5,0,2,3,0,55.9556166975708,54.85418209289551,0.9803159241255736,39.16175131787109,43.93924344464112,1
Karun-1,reservoir,2019-02,2019,2,7,0,3,4,0,55.9556166975708,55.94192570007324,0.9997553239816556,51.48881671374512,53.289939852661135,1
Karun-1,reservoir,2019-03,2019,3,5,0,3,2,0,55.9556166975708,35.2125391564331,0.6292940947599597,30.62746816674805,32.30699984790039,1
Karun-1,reservoir,2019-04,2019,4,5,0,3,2,0,55.9556166975708,47.707549128295895,0.8525962529578737,46.06875675152588,47.0385785041504,1
Karun-1,reservoir,2019-05,2019,5,7,0,3,4,0,55.9556166975708,54.57526632531738,0.97533133483786,51.27370255914307,53.1359107475586,1
Karun-1,reservoir,2019-06,2019,6,8,0,4,4,0,55.9556166975708,55.90313432226562,0.9990620713629368,51.7514424767456,53.61644753820801,1
Karun-1,reservoir,2019-07,2019,7,8,0,4,4,0,55.9556166975708,55.86281883569336,0.9983415809287028,52.11452940606689,53.89029407763672,1
Karun-1,reservoir,2019-08,2019,8,8,0,4,4,0,55.9556166975708,55.95485601849365,0.9999864056707432,49.67066442138672,52.81881430230713,1
Karun-1,reservoir,2019-09,2019,9,7,0,3,4,0,55.9556166975708,55.9556166975708,1.0,45.51871034265137,48.9979380703125,1
Karun-1,reservoir,2019-10,2019,10,8,0,4,4,0,55.9556166975708,55.881182794189456,0.9986697688672856,43.51758587646484,47.85007724932861,1
Karun-1,reservoir,2019-11,2019,11,8,0,4,4,0,55.9556166975708,55.94726445910644,0.9998507345829196,41.51164744744873,45.46095211096191,1
Karun-1,reservoir,2019-12,2019,12,7,0,4,3,0,55.9556166975708,55.8515731842041,0.9981406064394028,41.6913819498291,45.66580478820801,1
Karun-1,reservoir,2020-01,2020,1,7,0,3,4,0,55.9556166975708,55.92751085595703,0.9994977118782252,42.83464945593262,46.37831844012451,1
Karun-1,reservoir,2020-02,2020,2,5,0,3,2,0,55.9556166975708,48.33813242578125,0.8638656006069851,38.7364698984375,42.123960741638186,1
Karun-1,reservoir,2020-03,2020,3,6,0,4,2,0,55.9556166975708,48.84571418475342,0.8729367500094759,37.69216937457276,41.38916118988037,1
Karun-1,reservoir,2020-04,2020,4,10,0,4,6,0,55.9556166975708,52.976265667663576,0.946755103316794,47.08697025915527,50.02890432843017,1
Karun-1,reservoir,2020-05,2020,5,8,0,4,4,0,55.9556166975708,55.13930144439697,0.9854113795655964,50.67401971728516,52.33723215576172,1
Karun-1,reservoir,2020-06,2020,6,8,0,4,4,0,55.9556166975708,55.9556166975708,1.0,51.8918396482544,53.5991267211914,1
Karun-1,reservoir,2020-07,2020,7,7,0,3,4,0,55.9556166975708,55.80272254931641,0.9972675817500009,51.62844807385254,53.49697257440186,1
Karun-1,reservoir,2020-08,2020,8,8,0,4,4,0,55.9556166975708,55.9556166975708,1.0,51.17379623754883,53.32609268304444,1
Karun-1,reservoir,2020-09,2020,9,8,0,4,4,0,55.9556166975708,55.9556166975708,1.0,42.999283806091306,46.65304872338867,1
Karun-1,reservoir,2020-10,2020,10,8,0,4,4,0,55.9556166975708,55.82044116937256,0.9975842366472548,39.98823501153564,43.88741274438477,1
Karun-1,reservoir,2020-11,2020,11,3,0,3,0,0,55.9556166975708,46.7571708694458,0.8356117514021727,32.924717184082034,36.0180240123291,1
Karun-1,reservoir,2020-12,2020,12,7,0,3,4,0,55.9556166975708,55.94573366918945,0.9998233773664802,45.14921835046387,48.43860160455322,1
Karun-1,reservoir,2021-01,2021,1,6,0,4,2,0,55.9556166975708,55.94344400366211,0.9997824580510928,47.20304029852295,49.9848859621582,1
Karun-1,reservoir,2021-02,2021,2,6,0,3,3,0,55.9556166975708,55.84607272479248,0.9980423060410468,45.56438629821778,48.61449353894043,1
Karun-1,reservoir,2021-03,2021,3,8,0,4,4,0,55.9556166975708,52.604178305786135,0.9401054158709654,44.03496009832764,47.37160526635742,1
Karun-1,reservoir,2021-04,2021,4,9,0,4,5,0,55.9556166975708,55.94574412896728,0.99982356429638,48.18079723394776,51.292779260009766,1
Karun-1,reservoir,2021-05,2021,5,8,0,3,5,0,55.9556166975708,51.61812942993164,0.9224834337706894,43.21741350048829,46.9291808390503,1
Karun-1,reservoir,2021-06,2021,6,10,0,4,6,0,55.9556166975708,55.94040433428955,0.999728135186795,44.84883406915283,48.57112338446045,1
Karun-1,reservoir,2021-07,2021,7,8,0,4,4,0,55.9556166975708,55.951813633666994,0.9999320342777318,37.27774147314453,41.65502817376709,1
Karun-1,reservoir,2021-08,2021,8,8,0,4,4,0,55.9556166975708,55.9556166975708,1.0,33.90083489038086,37.97976333032226,1
Karun-1,reservoir,2021-09,2021,9,8,0,4,4,0,55.9556166975708,55.9556166975708,1.0,33.95515082562256,37.93065331365967,1
Karun-1,reservoir,2021-10,2021,10,8,0,3,5,0,55.9556166975708,55.93663335357666,0.9996607428330788,34.638788030029296,38.888610893981934,1
Karun-1,reservoir,2021-11,2021,11,7,0,4,2,1,55.9556166975708,55.948024713867184,0.9998643213290874,38.048841456970216,42.05216526617431,1
Karun-1,reservoir,2021-12,2021,12,10,0,3,3,4,55.9556166975708,55.9556166975708,1.0,38.0576914829712,42.64455506042481,1
Karun-1,reservoir,2022-01,2022,1,9,0,3,4,2,55.9556166975708,55.95485673962402,0.9999864185582854,38.24537132659912,42.76064360760498,1
Karun-1,reservoir,2022-02,2022,2,12,0,4,3,5,55.9556166975708,39.56186110180664,0.7070221621473817,27.89445977081299,31.554166161560055,1
Karun-1,reservoir,2022-03,2022,3,8,0,3,5,0,55.9556166975708,55.9556166975708,1.0,32.82065590301514,49.15814690936279,1
Karun-1,reservoir,2022-04,2022,4,13,0,1,6,6,55.9556166975708,55.889470753601074,0.9988178855336858,44.351634444030765,48.52413007037354,1
Karun-1,reservoir,2022-05,2022,5,13,0,3,4,6,55.9556166975708,55.86279932482911,0.9983412322440596,47.164619387023926,51.206486957580566,1
Karun-1,reservoir,2022-06,2022,6,13,0,3,5,5,55.9556166975708,55.94496790814209,0.999809692215774,47.0997826638794,50.57857958337402,1
Karun-1,reservoir,2022-07,2022,7,14,0,5,4,5,55.9556166975708,55.9556166975708,1.0,42.84674240014648,47.1764092029419,1
Karun-1,reservoir,2022-08,2022,8,17,0,6,6,5,55.9556166975708,55.9556166975708,1.0,43.36683910253906,46.828035770446775,1
Karun-1,reservoir,2022-09,2022,9,14,0,6,4,4,55.9556166975708,55.9556166975708,1.0,40.08101291381836,43.63401006048584,1
Karun-1,reservoir,2022-10,2022,10,13,0,3,5,5,55.9556166975708,55.9556166975708,1.0,39.43754172705078,43.16148734851074,1
Karun-1,reservoir,2022-11,2022,11,12,0,3,5,4,55.9556166975708,55.87801198999024,0.9986131024522524,40.911936299987794,45.20634806463623,1
Karun-1,reservoir,2022-12,2022,12,10,0,2,4,4,55.9556166975708,55.9556166975708,1.0,41.01947708129883,44.29646614416504,1
Karun-1,reservoir,2023-01,2023,1,11,0,3,4,4,55.9556166975708,53.55610332403565,0.9571175600386276,36.67595654071045,44.319457167175294,1
Karun-1,reservoir,2023-02,2023,2,8,0,1,5,2,55.9556166975708,48.32409907452393,0.8636148062795244,39.34108316400147,42.15514482214356,1
Karun-1,reservoir,2023-03,2023,3,16,0,5,6,5,55.9556166975708,55.9548559833374,0.9999864050424552,51.11308689135742,53.035886599487306,1
Karun-1,reservoir,2023-04,2023,4,13,0,2,5,6,55.9556166975708,55.64831278820801,0.9945080775175134,52.38363883386231,53.7298372822876,1
Karun-1,reservoir,2023-05,2023,5,14,0,3,5,6,55.9556166975708,55.893245975708005,0.9988853536866568,51.80920781829834,53.55825683062744,1
Karun-1,reservoir,2023-06,2023,6,10,0,3,2,5,55.9556166975708,55.9556166975708,1.0,50.9505079923706,53.239005721008304,1
Karun-1,reservoir,2023-07,2023,7,13,0,4,4,5,55.9556166975708,55.92367067028809,0.9994290827414988,50.52190956372071,52.943810045532224,1
Karun-1,reservoir,2023-08,2023,8,11,0,3,4,4,55.9556166975708,55.9556166975708,1.0,46.401947666259765,49.75948266253662,1
Karun-1,reservoir,2023-09,2023,9,12,0,4,4,4,55.9556166975708,55.9556166975708,1.0,35.787667873962405,39.77599995098877,1
Karun-1,reservoir,2023-10,2023,10,13,0,3,5,5,55.9556166975708,55.9556166975708,1.0,37.37156341540528,41.30065325354004,1
Karun-1,reservoir,2023-11,2023,11,12,0,3,4,5,55.9556166975708,55.9556166975708,1.0,39.15444063305664,43.58942163793945,1
Karun-1,reservoir,2023-12,2023,12,8,0,0,5,3,55.9556166975708,55.95409615020752,0.9999728258313816,40.76451302825928,44.565770851013184,1
Karun-1,reservoir,2024-01,2024,1,8,0,0,5,3,55.9556166975708,55.95257561383057,0.9999456518591034,43.64561749609375,47.173320984375,1
Karun-1,reservoir,2024-02,2024,2,9,0,0,5,4,55.9556166975708,55.83940446380616,0.9979231355023258,44.59339921368408,47.81046730517578,1
Karun-1,reservoir,2024-03,2024,3,12,0,0,6,6,55.9556166975708,55.95333802215576,0.9999592770922828,46.92638505187988,49.54707122180176,1
Karun-1,reservoir,2024-04,2024,4,11,0,0,6,5,55.9556166975708,55.39810501721191,0.9900365376478266,51.53682092840576,53.03086508673096,1
Karun-1,reservoir,2024-05,2024,5,9,0,0,4,5,55.9556166975708,54.81889137646484,0.9796852329007516,51.20306392645264,52.743161527770994,1
Karun-1,reservoir,2024-06,2024,6,10,0,0,4,6,55.9556166975708,55.828595109375,0.9977299582116604,51.32613720288086,53.30514297485352,1
Karun-1,reservoir,2024-07,2024,7,11,0,0,5,6,55.9556166975708,55.9510530512085,0.9999184416751769,50.16083645489502,52.88673029748535,1
Karun-1,reservoir,2024-08,2024,8,9,0,0,4,5,55.9556166975708,55.9556166975708,1.0,39.29487841168213,43.64748413720703,1
Karun-1,reservoir,2024-09,2024,9,9,0,0,5,4,55.9556166975708,55.9556166975708,1.0,35.164755476135255,39.23284593060303,1
Karun-1,reservoir,2024-10,2024,10,9,0,0,5,4,55.9556166975708,55.93055307574463,0.9995520803217728,35.50230239483643,39.57438830505371,1
Karun-1,reservoir,2024-11,2024,11,6,0,0,4,2,55.9556166975708,55.9556166975708,1.0,37.77769331506347,41.60582047326661,1
Karun-1,reservoir,2024-12,2024,12,10,0,0,5,5,55.9556166975708,55.9556166975708,1.0,39.57401798205567,43.23568680670166,1
Karun-1,reservoir,2025-01,2025,1,7,0,0,3,4,55.9556166975708,55.95257688549805,0.9999456745854632,38.86134342449951,42.62787847143554,1
Karun-1,reservoir,2025-02,2025,2,11,0,0,6,5,55.9556166975708,55.954098691345216,0.9999728712448334,39.83309249822998,43.14209123150635,1
Karun-1,reservoir,2025-03,2025,3,7,0,0,3,4,55.9556166975708,55.936629824401855,0.9996606797621128,43.44048323999024,46.538914694946286,1
Karun-1,reservoir,2025-04,2025,4,11,0,0,6,5,55.9556166975708,55.82423326977539,0.997652006437432,42.7808205612793,46.57213338574218,1
Karun-1,reservoir,2025-05,2025,5,11,0,0,5,6,55.9556166975708,55.81414287591553,0.9974716779118008,41.03316285577392,44.7288913071289,1
Karun-1,reservoir,2025-06,2025,6,8,0,0,4,4,55.9556166975708,55.9556166975708,1.0,38.07073154553223,43.05225653186035,1
Karun-1,reservoir,2025-07,2025,7,8,0,0,4,4,55.9556166975708,55.95409834240723,0.9999728650088556,42.978810807922365,47.098079845581054,1
Karun-1,reservoir,2025-08,2025,8,8,0,0,4,4,55.9556166975708,55.9556166975708,1.0,36.268221334228514,40.48738872644043,1
Karun-1,reservoir,2025-09,2025,9,6,0,0,4,2,55.9556166975708,55.9556166975708,1.0,34.72279202459717,38.366924857177736,1
Karun-1,reservoir,2025-10,2025,10,7,0,0,4,3,55.9556166975708,55.94878118957519,0.999877840538644,34.82194706866455,38.33327115362549,1
Karun-1,reservoir,2025-11,2025,11,11,0,0,6,5,55.9556166975708,55.94802294122314,0.9998642896496216,36.15761255847168,40.0100899619751,1
Karun-1,reservoir,2025-12,2025,12,11,0,0,6,5,55.9556166975708,55.946499222229,0.9998370587998148,33.60753593011474,41.10938715667724,1
Karun-1,reservoir,2026-01,2026,1,10,0,0,5,5,55.9556166975708,55.954096161193846,0.9999728260277216,39.17866378735352,43.16574446936035,1
Karun-1,reservoir,2026-02,2026,2,7,0,0,4,3,55.9556166975708,55.954856807861326,0.9999864197777752,34.86713019140625,44.767047069519045,1
Karun-1,reservoir,2026-03,2026,3,11,0,0,6,5,55.9556166975708,55.925995444396975,0.9994706294931226,39.56404707452393,43.46221017059326,1
Karun-1,reservoir,2026-04,2026,4,10,0,0,5,5,55.9556166975708,52.64972662890625,0.9409194239332176,49.4257036116333,50.68690681445312,1
Karun-1,reservoir,2026-05,2026,5,11,0,0,5,6,55.9556166975708,53.80428683911133,0.9615529238094722,34.19996872515869,51.39171648577881,1
Karun-1,reservoir,2026-06,2026,6,7,0,0,4,3,55.9556166975708,55.84836193115235,0.9980832171505116,51.426548438354494,53.21806554644776,1
Lake Urmia,lake,1991-01,1991,1,9,9,0,0,0,6011.313636298185,5361.2929012529,0.8918671068632558,4928.9344117287455,5342.320709863984,1
Lake Urmia,lake,1991-02,1991,2,9,9,0,0,0,6011.313636298185,4327.85426916012,0.7199514999562138,4060.0634792902633,4314.237208547876,1
Lake Urmia,lake,1991-03,1991,3,6,6,0,0,0,6011.313636298185,4983.628001523424,0.8290414214009273,4638.700199580786,4960.393943929445,1
Lake Urmia,lake,1991-04,1991,4,7,7,0,0,0,6011.313636298185,3764.557893787662,0.6262454633969002,3511.5989344536624,3757.819845376788,1
Lake Urmia,lake,1991-05,1991,5,8,8,0,0,0,6011.313636298185,5989.245116342863,0.9963288357103736,5297.356712066748,5745.032971323742,1
Lake Urmia,lake,1991-06,1991,6,5,5,0,0,0,6011.313636298185,3970.240457696884,0.6604613729889812,3475.9541030305586,3885.9020693200687,1
Lake Urmia,lake,1991-07,1991,7,8,8,0,0,0,6011.313636298185,6010.6831432814615,0.999895115601203,5187.94909209556,5556.649773564549,1
Lake Urmia,lake,1991-08,1991,8,8,8,0,0,0,6011.313636298185,5997.295656027678,0.9976680670617714,5108.805361475443,5530.668017897382,1
Lake Urmia,lake,1991-09,1991,9,5,5,0,0,0,6011.313636298185,5952.551532492644,0.990224748306141,5043.815645623087,5421.986306765973,1
Lake Urmia,lake,1991-10,1991,10,4,4,0,0,0,6011.313636298185,5208.285417229355,0.8664138543329538,4617.876977028808,4998.660076494568,1
Lake Urmia,lake,1991-11,1991,11,9,9,0,0,0,6011.313636298185,5077.113170066526,0.8445929587518667,4468.399923867977,4949.748183335856,1
Lake Urmia,lake,1991-12,1991,12,7,7,0,0,0,6011.313636298185,1496.065065073923,0.2488748974999767,1374.1536598023488,1485.4986255133765,1
Lake Urmia,lake,1992-01,1992,1,8,8,0,0,0,6011.313636298185,4715.425893947205,0.784425198757555,4347.943808567932,4715.104979483154,1
Lake Urmia,lake,1992-02,1992,2,0,0,0,0,0,6011.313636298185,0.0,0.0,,,0
Lake Urmia,lake,1992-03,1992,3,8,8,0,0,0,6011.313636298185,5802.256821509853,0.965222773683612,5295.485810032926,5784.770399047023,1
Lake Urmia,lake,1992-04,1992,4,10,10,0,0,0,6011.313636298185,5468.799575711699,0.9097511636540444,5068.6738036501865,5429.240448377823,1
Lake Urmia,lake,1992-05,1992,5,7,7,0,0,0,6011.313636298185,5640.7423829032505,0.9383543638186984,5444.207408452244,5610.136226106986,1
Lake Urmia,lake,1992-06,1992,6,8,8,0,0,0,6011.313636298185,5116.291168583647,0.8511103359654846,4644.703971253637,4995.735275190186,1
Lake Urmia,lake,1992-07,1992,7,7,7,0,0,0,6011.313636298185,6010.15374752896,0.9998070490346368,5411.526827160058,5732.553987080952,1
Lake Urmia,lake,1992-08,1992,8,9,9,0,0,0,6011.313636298185,5994.15082538925,0.997144915080574,5328.205330788386,5766.47560664717,1
Lake Urmia,lake,1992-09,1992,9,10,10,0,0,0,6011.313636298185,5944.321169574552,0.9888556028221334,5222.400866293049,5628.376424508989,1
Lake Urmia,lake,1992-10,1992,10,8,8,0,0,0,6011.313636298185,5954.881331402495,0.9906123173219686,5252.552186891063,5537.7285144145535,1
Lake Urmia,lake,1992-11,1992,11,8,8,0,0,0,6011.313636298185,4141.111062341398,0.6888862090535551,3794.353845380701,4094.84105887811,1
Lake Urmia,lake,1992-12,1992,12,8,8,0,0,0,6011.313636298185,5742.895319235451,0.95534781026198,5232.08292520697,5716.761776634552,1
Lake Urmia,lake,1993-01,1993,1,10,10,0,0,0,6011.313636298185,5250.41297126352,0.8734218989273642,5179.050637900116,5249.422430800812,1
Lake Urmia,lake,1993-02,1993,2,6,6,0,0,0,6011.313636298185,3561.706129210266,0.5925004657390649,3555.5627415167846,3561.706129210266,1
Lake Urmia,lake,1993-03,1993,3,5,5,0,0,0,6011.313636298185,5652.590370020897,0.940325311906668,5445.936533954356,5640.687810480004,1
Lake Urmia,lake,1993-04,1993,4,7,7,0,0,0,6011.313636298185,3405.5281364102484,0.5665197895925124,3295.111347154846,3383.499414291748,1
Lake Urmia,lake,1993-05,1993,5,6,6,0,0,0,6011.313636298185,4837.393916113948,0.8047149439856633,4742.724840060547,4801.642348334149,1
Lake Urmia,lake,1993-06,1993,6,7,7,0,0,0,6011.313636298185,6000.070176174001,0.9981296167852076,5792.436645491277,5897.753770385572,1
Lake Urmia,lake,1993-07,1993,7,7,7,0,0,0,6011.313636298185,6004.279497629361,0.9988298499971204,5700.487272332979,5852.0106722274095,1
Lake Urmia,lake,1993-08,1993,8,6,6,0,0,0,6011.313636298185,2264.215314285176,0.37665898857999,2170.479916189026,2222.3687595795864,1
Lake Urmia,lake,1993-09,1993,9,0,0,0,0,0,6011.313636298185,0.0,0.0,,,0
Lake Urmia,lake,1993-10,1993,10,7,7,0,0,0,6011.313636298185,5981.140461033429,0.99498060206299,5540.214788023104,5719.588793489758,1
Lake Urmia,lake,1993-11,1993,11,6,6,0,0,0,6011.313636298185,4874.700095605658,0.8109209385068016,4511.965515222515,4737.612025898101,1
Lake Urmia,lake,1993-12,1993,12,9,9,0,0,0,6011.313636298185,1251.5151065374691,0.2081932805802097,1196.240683862415,1242.4475661476376,1
Lake Urmia,lake,1994-01,1994,1,8,8,0,0,0,6011.313636298185,5188.584327630671,0.8631365191628636,5046.666915896163,5173.513761452524,1
Lake Urmia,lake,1994-02,1994,2,8,8,0,0,0,6011.313636298185,5183.204929936753,0.8622416402695987,5103.881156557678,5167.7345027927095,1
Lake Urmia,lake,1994-03,1994,3,6,6,0,0,0,6011.313636298185,5822.117315443575,0.9685266262415284,5729.731080055359,5788.364707232027,1
Lake Urmia,lake,1994-04,1994,4,7,7,0,0,0,6011.313636298185,2002.9152917425365,0.333190948422373,1956.02152622986,1977.5136494938688,1
Lake Urmia,lake,1994-05,1994,5,10,10,0,0,0,6011.313636298185,6010.145733651823,0.99980571590221,5913.40902735792,5946.871702300825,1
Lake Urmia,lake,1994-06,1994,6,10,10,0,0,0,6011.313636298185,6010.763778063627,0.9999085294383514,5878.001595326465,5922.129387399855,1
Lake Urmia,lake,1994-07,1994,7,5,5,0,0,0,6011.313636298185,5944.035132530851,0.9888080197045308,5803.765262068628,5858.798758736452,1
Lake Urmia,lake,1994-08,1994,8,7,7,0,0,0,6011.313636298185,6007.690548627287,0.999397288531242,5840.387800177521,5897.495331517152,1
Lake Urmia,lake,1994-09,1994,9,7,7,0,0,0,6011.313636298185,5894.6480372084025,0.980592328707436,5707.361220800164,5779.034268162642,1
Lake Urmia,lake,1994-10,1994,10,5,5,0,0,0,6011.313636298185,4982.257584388579,0.8288134484123661,4802.962779752657,4877.2453837283565,1
Lake Urmia,lake,1994-11,1994,11,9,9,0,0,0,6011.313636298185,5899.0387681888105,0.9813227399363388,5720.272130624593,5803.544621306684,1
Lake Urmia,lake,1994-12,1994,12,6,6,0,0,0,6011.313636298185,4096.940355471933,0.6815382798750227,4033.816749442261,4062.230907916278,1
Lake Urmia,lake,1995-01,1995,1,10,10,0,0,0,6011.313636298185,4872.183340684539,0.8105022687994148,4735.541461117308,4814.385484217429,1
Lake Urmia,lake,1995-02,1995,2,5,5,0,0,0,6011.313636298185,4488.250012268173,0.7466338114795277,4450.275478696167,4475.513799080383,1
Lake Urmia,lake,1995-03,1995,3,4,4,0,0,0,6011.313636298185,5071.097607547348,0.8435922519374934,5005.456202563721,5027.474523479187,1
Lake Urmia,lake,1995-04,1995,4,6,6,0,0,0,6011.313636298185,5821.431839954924,0.9684125953441032,5736.434670076794,5758.705863881992,1
Lake Urmia,lake,1995-05,1995,5,10,10,0,0,0,6011.313636298185,5258.331432758329,0.8747391586768798,5182.994522212474,5204.6025832593405,1
Lake Urmia,lake,1995-06,1995,6,10,10,0,0,0,6011.313636298185,6010.179066206511,0.9998112608723618,5902.22933827268,5927.3423831580285,1
Lake Urmia,lake,1995-07,1995,7,8,8,0,0,0,6011.313636298185,6011.1063519772015,0.9999655176333286,5888.41540128006,5912.608914784748,1
Lake Urmia,lake,1995-08,1995,8,10,10,0,0,0,6011.313636298185,6011.289350110441,0.999995959920042,5875.1147340206535,5901.933726759785,1
Lake Urmia,lake,1995-09,1995,9,7,7,0,0,0,6011.313636298185,6009.202219226164,0.999648759455958,5858.682195632843,5892.349821006017,1
Lake Urmia,lake,1995-10,1995,10,7,7,0,0,0,6011.313636298185,5459.548698229136,0.9082122525204274,5326.224913736138,5380.777953966944,1
Lake Urmia,lake,1995-11,1995,11,8,8,0,0,0,6011.313636298185,5995.133148899296,0.9973083275340706,5835.621826379423,5889.069363039182,1
Lake Urmia,lake,1995-12,1995,12,9,9,0,0,0,6011.313636298185,5824.194040357672,0.9688720956413542,5659.049271365941,5738.723253035328,1
Lake Urmia,lake,1996-01,1996,1,10,10,0,0,0,6011.313636298185,3016.9804998598534,0.5018837283156189,2912.623361988066,2964.8849732601093,1
Lake Urmia,lake,1996-02,1996,2,9,9,0,0,0,6011.313636298185,4722.768192584457,0.7856466120927231,4671.117243477112,4708.331835293258,1
Lake Urmia,lake,1996-03,1996,3,14,14,0,0,0,6011.313636298185,5853.588177176594,0.9737618982032156,5749.469510349825,5796.341476488957,1
Lake Urmia,lake,1996-04,1996,4,11,11,0,0,0,6011.313636298185,6006.052140561613,0.999124734449921,5911.599455384502,5951.912299414436,1
Lake Urmia,lake,1996-05,1996,5,11,11,0,0,0,6011.313636298185,6010.810218577971,0.999916254956791,5905.8707602146615,5946.15147990782,1
Lake Urmia,lake,1996-06,1996,6,12,12,0,0,0,6011.313636298185,6010.516620500333,0.9998674140385824,5886.199254103323,5925.869494162412,1
Lake Urmia,lake,1996-07,1996,7,13,13,0,0,0,6011.313636298185,5099.059803263884,0.8482438468148079,4984.380557142829,5028.573888953336,1
Lake Urmia,lake,1996-08,1996,8,14,14,0,0,0,6011.313636298185,6011.30012392642,0.9999977521765488,5841.808047011648,5897.115265717033,1
Lake Urmia,lake,1996-09,1996,9,14,14,0,0,0,6011.313636298185,6011.271619119962,0.999993010316752,5826.278704894338,5882.405652229316,1
Lake Urmia,lake,1996-10,1996,10,11,11,0,0,0,6011.313636298185,6011.231183246916,0.9999862836883489,5807.842767199439,5895.04870553714,1
Lake Urmia,lake,1996-11,1996,11,9,9,0,0,0,6011.313636298185,5630.6725784075,0.936679221727468,5405.899650938098,5518.71079991579,1
Lake Urmia,lake,1996-12,1996,12,8,8,0,0,0,6011.313636298185,5350.067518647568,0.8899997308977847,5160.695559439816,5259.039633488748,1
Lake Urmia,lake,1997-01,1997,1,7,7,0,0,0,6011.313636298185,5440.681165205479,0.9050735819793116,5263.657775201673,5380.18578379211,1
Lake Urmia,lake,1997-02,1997,2,14,14,0,0,0,6011.313636298185,5668.2351518231135,0.9429278681445836,5542.806229092638,5640.905726493678,1
Lake Urmia,lake,1997-03,1997,3,9,9,0,0,0,6011.313636298185,5779.428375966924,0.9614251934999588,5645.72252416243,5726.45802494485,1
Lake Urmia,lake,1997-04,1997,4,10,10,0,0,0,6011.313636298185,4250.129793307711,0.7070218009661154,4161.190851659118,4220.431288175692,1
Lake Urmia,lake,1997-05,1997,5,14,14,0,0,0,6011.313636298185,5964.526888128142,0.9922168845279458,5825.898315440002,5885.211170977543,1
Lake Urmia,lake,1997-06,1997,6,14,14,0,0,0,6011.313636298185,6010.405893092131,0.9998489942031018,5840.454397979521,5903.812990191915,1
Lake Urmia,lake,1997-07,1997,7,11,11,0,0,0,6011.313636298185,4388.436917382735,0.7300296046581208,4225.179063364286,4316.575847727337,1
Lake Urmia,lake,1997-08,1997,8,14,14,0,0,0,6011.313636298185,6004.077735116666,0.9987962861997708,5762.041555267074,5872.145144472032,1
Lake Urmia,lake,1997-09,1997,9,11,11,0,0,0,6011.313636298185,6005.018184762113,0.9989527328106692,5707.894807064762,5850.011571978555,1
Lake Urmia,lake,1997-10,1997,10,8,8,0,0,0,6011.313636298185,6004.145695129301,0.9988075915511044,5677.680811602645,5841.914170009627,1
Lake Urmia,lake,1997-11,1997,11,13,13,0,0,0,6011.313636298185,4918.41610514988,0.818193227425525,4652.475339775621,4847.534298308956,1
Lake Urmia,lake,1997-12,1997,12,14,14,0,0,0,6011.313636298185,5079.563624772663,0.8450005992202229,4682.239417125424,4997.538841210237,1
Lake Urmia,lake,1998-01,1998,1,6,6,0,0,0,6011.313636298185,9.856768292114255,0.0016397028816789,9.856768292114255,9.856768292114255,1
Lake Urmia,lake,1998-02,1998,2,3,3,0,0,0,6011.313636298185,4038.372580567835,0.671795355375052,3887.834596842882,4030.0864736130025,1
Lake Urmia,lake,1998-03,1998,3,10,10,0,0,0,6011.313636298185,5956.282373985818,0.9908453849454684,5694.136801470258,5894.633038737557,1
Lake Urmia,lake,1998-04,1998,4,12,12,0,0,0,6011.313636298185,2554.0909800935906,0.4248806724492286,2502.4702422340088,2544.467995294098,1
Lake Urmia,lake,1998-05,1998,5,11,11,0,0,0,6011.313636298185,6010.207177703278,0.9998159373039154,5857.706702398008,5932.309549466448,1
Lake Urmia,lake,1998-06,1998,6,7,7,0,0,0,6011.313636298185,6008.745622691313,0.9995728032569512,5805.4774583970175,5894.959900886279,1
Lake Urmia,lake,1998-07,1998,7,10,10,0,0,0,6011.313636298185,6008.916266770353,0.999601190409804,5776.4232207599325,5874.961581311502,1
Lake Urmia,lake,1998-08,1998,8,10,10,0,0,0,6011.313636298185,6007.558813139311,0.9993753739388672,5730.155696858663,5849.564499827191,1
Lake Urmia,lake,1998-09,1998,9,10,10,0,0,0,6011.313636298185,6006.75887323245,0.9992423015431716,5672.399119793854,5829.827089020554,1
Lake Urmia,lake,1998-10,1998,10,10,10,0,0,0,6011.313636298185,5984.198856187833,0.995489375242938,5605.554334068724,5781.344847557583,1
Lake Urmia,lake,1998-11,1998,11,8,8,0,0,0,6011.313636298185,5808.421950691863,0.9662483613596204,5445.197941121264,5634.600024882565,1
Lake Urmia,lake,1998-12,1998,12,10,10,0,0,0,6011.313636298185,4124.703363970018,0.6861567393628862,3733.5033965518223,4005.895305325897,1
Lake Urmia,lake,1999-01,1999,1,5,5,0,0,0,6011.313636298185,942.0750909434488,0.1567170086177014,796.0283704894312,932.576044358492,1
Lake Urmia,lake,1999-02,1999,2,10,10,0,0,0,6011.313636298185,5942.915554201994,0.9886217745014696,5485.924467693969,5834.597043864598,1
Lake Urmia,lake,1999-03,1999,3,10,10,0,0,0,6011.313636298185,6003.48613622006,0.9986978719541664,5555.659121513104,5890.388342001006,1
Lake Urmia,lake,1999-04,1999,4,7,7,0,0,0,6011.313636298185,5779.3189876940905,0.9614069964336516,5462.2718794358525,5715.561349958376,1
Lake Urmia,lake,1999-05,1999,5,10,10,0,0,0,6011.313636298185,6009.606020104764,0.999715932939664,5552.22457395327,5858.51214486112,1
Lake Urmia,lake,1999-06,1999,6,10,10,0,0,0,6011.313636298185,6008.542564046233,0.999539023844103,5481.890276101926,5857.695709668587,1
Lake Urmia,lake,1999-07,1999,7,7,5,2,0,0,6011.313636298185,6001.854517334318,0.99842644727323,5397.343116447254,5770.512407038476,1
Lake Urmia,lake,1999-08,1999,8,13,7,6,0,0,6011.313636298185,5997.1305120550205,0.9976405948680632,5337.645189748508,5708.029097382985,1
Lake Urmia,lake,1999-09,1999,9,9,8,1,0,0,6011.313636298185,5603.060274137147,0.9320858323385628,5076.743446301267,5409.720135374312,1
Lake Urmia,lake,1999-10,1999,10,8,5,3,0,0,6011.313636298185,6005.598610792692,0.9990492884165976,5256.012479446393,5650.243189466113,1
Lake Urmia,lake,1999-11,1999,11,8,6,2,0,0,6011.313636298185,5641.440165340544,0.9384704420138338,4862.487325421846,5465.570165099,1
Lake Urmia,lake,1999-12,1999,12,12,7,5,0,0,6011.313636298185,5921.211952132963,0.9850113153935008,5023.702786643954,5660.129858199622,1
Lake Urmia,lake,2000-01,2000,1,8,6,2,0,0,6011.313636298185,3564.0421535265737,0.5928890703698734,3165.3184494828224,3550.174779865013,1
Lake Urmia,lake,2000-02,2000,2,12,6,6,0,0,6011.313636298185,5910.570440715066,0.9832410681461036,5125.862796850151,5712.097368311559,1
Lake Urmia,lake,2000-03,2000,3,9,7,2,0,0,6011.313636298185,5972.10270102389,0.99347714365833,5243.802963594691,5841.212190513204,1
Lake Urmia,lake,2000-04,2000,4,12,7,5,0,0,6011.313636298185,6010.517543808623,0.9998675676336772,5266.428183181963,5867.5363388323385,1
Lake Urmia,lake,2000-05,2000,5,11,8,3,0,0,6011.313636298185,6010.544027351042,0.9998719732501568,5165.713497759117,5845.412990288597,1
Lake Urmia,lake,2000-06,2000,6,15,10,5,0,0,6011.313636298185,6004.915245634733,0.998935608578994,5050.958873610776,5669.176412641958,1
Lake Urmia,lake,2000-07,2000,7,13,10,3,0,0,6011.313636298185,6010.219287593534,0.9998179518203736,4993.382920637657,5558.3378981004935,1
Lake Urmia,lake,2000-08,2000,8,15,10,5,0,0,6011.313636298185,6011.037989936735,0.9999541454034632,4941.019453985618,5309.069108782558,1
Lake Urmia,lake,2000-09,2000,9,5,5,0,0,0,6011.313636298185,6002.290735806059,0.9984990135204986,4916.184400362139,5296.559986415577,1
Lake Urmia,lake,2000-10,2000,10,11,5,6,0,0,6011.313636298185,5757.528114590055,0.957782019528029,4718.796288932519,5047.2676475974895,1
Lake Urmia,lake,2000-11,2000,11,12,9,3,0,0,6011.313636298185,5965.303068277861,0.9923460044169884,4825.118532083658,5656.648885121918,1
Lake Urmia,lake,2000-12,2000,12,14,9,5,0,0,6011.313636298185,5917.805069499296,0.984444570279239,4885.010670312717,5758.877047517909,1
Lake Urmia,lake,2001-01,2001,1,16,9,7,0,0,6011.313636298185,5857.46750912915,0.974407236674516,4660.298974571374,5735.945249914753,1
Lake Urmia,lake,2001-02,2001,2,7,4,3,0,0,6011.313636298185,5227.721113571824,0.8696470405412247,4517.923234328896,5147.593498078932,1
Lake Urmia,lake,2001-03,2001,3,16,8,8,0,0,6011.313636298185,6010.785807738553,0.9999121941406542,4917.750398143091,5843.614749140744,1
Lake Urmia,lake,2001-04,2001,4,16,8,8,0,0,6011.313636298185,6010.527029053495,0.9998691455325271,4851.268545117098,5843.242902941779,1
Lake Urmia,lake,2001-05,2001,5,12,6,6,0,0,6011.313636298185,6008.51342910925,0.999534177160209,4785.171458092431,5771.645789311526,1
Lake Urmia,lake,2001-06,2001,6,9,7,2,0,0,6011.313636298185,5959.247065841825,0.9913385703015118,4721.993020920942,5566.015198025076,1
Lake Urmia,lake,2001-07,2001,7,7,5,2,0,0,6011.313636298185,5916.91910154611,0.9842971868607736,4641.189899843742,5173.277501076634,1
Lake Urmia,lake,2001-08,2001,8,14,10,4,0,0,6011.313636298185,6001.930194148955,0.9984390363376534,4707.027585636405,5197.1062635660855,1
Lake Urmia,lake,2001-09,2001,9,10,9,1,0,0,6011.313636298185,5847.357133583891,0.9727253454678736,4500.992372118409,4924.044238622987,1
Lake Urmia,lake,2001-10,2001,10,18,10,8,0,0,6011.313636298185,6010.631432978544,0.999886513437675,4650.044602232083,4958.049978616074,1
Lake Urmia,lake,2001-11,2001,11,15,10,5,0,0,6011.313636298185,5979.291697357816,0.994673054696895,4735.876581195604,5554.797840868203,1
Lake Urmia,lake,2001-12,2001,12,14,7,7,0,0,6011.313636298185,5777.498303172131,0.9611041201187368,4401.445924020748,5469.887838705708,1
Lake Urmia,lake,2002-01,2002,1,15,7,8,0,0,6011.313636298185,5853.766450911479,0.9737915545721344,4588.564165794471,5651.59193658503,1
Lake Urmia,lake,2002-02,2002,2,17,10,7,0,0,6011.313636298185,5924.735963724577,0.9855975452601866,4679.701536428025,5735.546517543958,1
Lake Urmia,lake,2002-03,2002,3,7,6,1,0,0,6011.313636298185,5480.549418233487,0.9117057850949952,4189.597998491468,5201.050716806935,1
Lake Urmia,lake,2002-04,2002,4,5,0,5,0,0,6011.313636298185,4108.647242350606,0.683485755516284,3365.213769766182,4030.699475270234,1
Lake Urmia,lake,2002-05,2002,5,13,5,8,0,0,6011.313636298185,5998.336018640165,0.9978411344935229,5035.4310810184215,5869.1347874601215,1
Lake Urmia,lake,2002-06,2002,6,11,8,3,0,0,6011.313636298185,5998.513447310575,0.9978706502834392,4662.7743747845,5701.572592908043,1
Lake Urmia,lake,2002-07,2002,7,17,10,7,0,0,6011.313636298185,5992.187805764799,0.996818360895712,4576.880890032496,5429.303177989946,1
Lake Urmia,lake,2002-08,2002,8,9,5,4,0,0,6011.313636298185,5964.096491191618,0.9921452867104696,4537.084895144604,5216.140255609603,1
Lake Urmia,lake,2002-09,2002,9,7,0,7,0,0,6011.313636298185,6004.412192395781,0.998851924168333,4548.417551557642,4890.396269543697,1
Lake Urmia,lake,2002-10,2002,10,7,0,7,0,0,6011.313636298185,4951.821226346403,0.8237502692332942,3629.299120224885,4294.45944701977,1
Lake Urmia,lake,2002-11,2002,11,2,0,2,0,0,6011.313636298185,5108.811181494054,0.8498660177445176,4145.596287878765,4740.597309270482,1
Lake Urmia,lake,2002-12,2002,12,5,0,5,0,0,6011.313636298185,4109.193975788045,0.6835767062585872,3073.2312847897915,4051.855688906892,1
Lake Urmia,lake,2003-01,2003,1,2,0,2,0,0,6011.313636298185,2213.983462621948,0.3683027698393952,1683.2507774445191,2109.218759170288,1
Lake Urmia,lake,2003-02,2003,2,3,0,3,0,0,6011.313636298185,4980.56022585614,0.8285310877446097,4086.265228256165,4911.818305316711,1
Lake Urmia,lake,2003-03,2003,3,10,0,10,0,0,6011.313636298185,5956.589025385527,0.9908963973228392,4858.18157252528,5785.244914951769,1
Lake Urmia,lake,2003-04,2003,4,10,0,10,0,0,6011.313636298185,4850.730887926972,0.8069335891304602,3936.285798833342,4780.004462487103,1
Lake Urmia,lake,2003-05,2003,5,8,0,8,0,0,6011.313636298185,6010.519560763029,0.9998679031600746,5120.263052918181,5822.8856801543525,1
Lake Urmia,lake,2003-06,2003,6,0,0,0,0,0,6011.313636298185,0.0,0.0,,,0
Lake Urmia,lake,2003-07,2003,7,2,0,2,0,0,6011.313636298185,3722.1728640173183,0.6191945869438052,3119.6536082175294,3387.9663601328125,1
Lake Urmia,lake,2003-08,2003,8,1,0,1,0,0,6011.313636298185,1.476740572548062,0.00024566021037914946,0.3779695513305664,0.5768510872192383,1
Lake Urmia,lake,2003-09,2003,9,2,2,0,0,0,6011.313636298185,5492.337163120468,0.9136667117077414,4466.774188735473,4882.088008687073,1
Lake Urmia,lake,2003-10,2003,10,6,4,2,0,0,6011.313636298185,5856.153171293921,0.9741885926451488,4611.449887723568,5106.886720478955,1
Lake Urmia,lake,2003-11,2003,11,6,0,6,0,0,6011.313636298185,4966.252638297768,0.8261509777679851,4110.049053252975,4662.487207213295,1
Lake Urmia,lake,2003-12,2003,12,9,0,9,0,0,6011.313636298185,3759.3977858264057,0.6253870640064412,3033.427496652028,3698.198446223073,1
Lake Urmia,lake,2004-01,2004,1,7,3,4,0,0,6011.313636298185,5181.66503765799,0.861985474584038,4241.839890013543,4941.209573477159,1
Lake Urmia,lake,2004-02,2004,2,5,2,3,0,0,6011.313636298185,4860.86485435038,0.8086194047502301,4077.410221500526,4822.832359863381,1
Lake Urmia,lake,2004-03,2004,3,10,6,4,0,0,6011.313636298185,5315.375806361679,0.8842286608147981,4462.583801618332,5218.54035813707,1
Lake Urmia,lake,2004-04,2004,4,7,3,4,0,0,6011.313636298185,4503.77826766423,0.7492169832013111,3811.8209857133634,4388.299080151963,1
Lake Urmia,lake,2004-05,2004,5,10,5,5,0,0,6011.313636298185,4920.510732410534,0.8185416749342368,4245.141174707057,4879.788073449211,1
Lake Urmia,lake,2004-06,2004,6,15,5,10,0,0,6011.313636298185,6011.13088649777,0.9999695990241948,4748.25686005042,5731.9213633234485,1
Lake Urmia,lake,2004-07,2004,7,13,8,5,0,0,6011.313636298185,5930.283931680448,0.9865204663206302,4633.003106709308,5619.221432977562,1
Lake Urmia,lake,2004-08,2004,8,18,8,10,0,0,6011.313636298185,6008.958552292631,0.999608224732888,4598.27085253097,5641.788803007802,1
Lake Urmia,lake,2004-09,2004,9,20,11,9,0,0,6011.313636298185,6009.019773478972,0.9996184090603156,4586.486360156948,5341.944581026614,1
Lake Urmia,lake,2004-10,2004,10,17,11,6,0,0,6011.313636298185,6009.650429005888,0.9997233204931693,4603.514966717798,5383.333737009744,1
Lake Urmia,lake,2004-11,2004,11,18,10,8,0,0,6011.313636298185,5931.532011408476,0.986728088115722,4590.070648478185,5678.887531131759,1
Lake Urmia,lake,2004-12,2004,12,11,8,3,0,0,6011.313636298185,4449.590682826759,0.7402027164177134,3694.046780883461,4423.534699873512,1
Lake Urmia,lake,2005-01,2005,1,11,5,6,0,0,6011.313636298185,5540.502252334355,0.9216791183343148,4359.544322083257,5362.136621559697,1
Lake Urmia,lake,2005-02,2005,2,12,5,7,0,0,6011.313636298185,4765.777485338686,0.7928013365600219,4200.215167022836,4725.13156698694,1
Lake Urmia,lake,2005-03,2005,3,13,8,5,0,0,6011.313636298185,5801.712729852156,0.9651322624092687,4803.207885559834,5644.582560111511,1
Lake Urmia,lake,2005-04,2005,4,15,5,10,0,0,6011.313636298185,5615.897959373863,0.9342214196682936,4637.201611686463,5482.539859135786,1
Lake Urmia,lake,2005-05,2005,5,17,11,6,0,0,6011.313636298185,5993.658736407804,0.9970630546069372,4894.304385659238,5861.84022656826,1
Lake Urmia,lake,2005-06,2005,6,16,9,7,0,0,6011.313636298185,6009.43878043417,0.9996881121203368,4643.5469751421615,5725.013225918707,1
Lake Urmia,lake,2005-07,2005,7,18,11,7,0,0,6011.313636298185,5998.683738719693,0.9978989787685958,4553.387585187303,5650.67889910754,1
Lake Urmia,lake,2005-08,2005,8,19,10,9,0,0,6011.313636298185,6010.144115224821,0.9998054466720382,4538.254352832437,5433.051569053151,1
Lake Urmia,lake,2005-09,2005,9,14,6,8,0,0,6011.313636298185,5991.728355401762,0.9967419299538522,4514.745650897369,5172.656309904884,1
Lake Urmia,lake,2005-10,2005,10,10,4,6,0,0,6011.313636298185,5966.036281973051,0.9924679767078304,4497.4931784901655,5234.150623890443,1
Lake Urmia,lake,2005-11,2005,11,10,5,5,0,0,6011.313636298185,5054.858775468977,0.8408908736596548,3796.0075326630417,4337.292626895616,1
Lake Urmia,lake,2005-12,2005,12,4,0,4,0,0,6011.313636298185,3965.582777158203,0.6596865539027573,3190.926191783081,3657.392920676758,1
Lake Urmia,lake,2006-01,2006,1,2,1,1,0,0,6011.313636298185,2863.2467108529054,0.4763096527793408,2468.7754729503786,2827.855629739502,1
Lake Urmia,lake,2006-02,2006,2,12,9,3,0,0,6011.313636298185,4272.053362917663,0.7106688523323211,3618.12335602356,4189.791773355041,1
Lake Urmia,lake,2006-03,2006,3,3,2,1,0,0,6011.313636298185,3739.91939775908,0.6221467759020726,3156.1632240791014,3600.716792557412,1
Lake Urmia,lake,2006-04,2006,4,5,3,2,0,0,6011.313636298185,1509.1489179976588,0.2510514355605981,1257.7556820226846,1500.1005965428246,1
Lake Urmia,lake,2006-05,2006,5,20,10,10,0,0,6011.313636298185,6005.865898744047,0.9990937525666198,4729.559327061454,5834.002443057923,1
Lake Urmia,lake,2006-06,2006,6,15,6,9,0,0,6011.313636298185,6007.762601271208,0.999409274704029,4514.735772605034,5690.119239025932,1
Lake Urmia,lake,2006-07,2006,7,24,14,10,0,0,6011.313636298185,5996.587910638823,0.99755033149985,4428.577433163506,5586.667524845079,1
Lake Urmia,lake,2006-08,2006,8,16,11,5,0,0,6011.313636298185,5943.001431956266,0.9886360605227068,4398.715555946716,5349.871246606207,1
Lake Urmia,lake,2006-09,2006,9,18,10,8,0,0,6011.313636298185,6008.81080318698,0.999583646227325,4401.2363351358645,5193.787271045143,1
Lake Urmia,lake,2006-10,2006,10,13,8,5,0,0,6011.313636298185,5490.545653700674,0.9133686887583188,4039.963243204101,5049.624444891378,1
Lake Urmia,lake,2006-11,2006,11,14,4,10,0,0,6011.313636298185,5578.882246078632,0.9280637450675676,4805.15892041602,5471.613406492451,1
Lake Urmia,lake,2006-12,2006,12,17,8,9,0,0,6011.313636298185,5673.353883162832,0.9437793844103148,4288.818341391818,5317.309840252924,1
Lake Urmia,lake,2007-01,2007,1,12,7,5,0,0,6011.313636298185,5169.671148739555,0.8599902552951937,4331.963426325715,5152.43901353698,1
Lake Urmia,lake,2007-02,2007,2,9,3,6,0,0,6011.313636298185,3706.511471782956,0.616589267510829,3117.4038774243068,3664.0732466513778,1
Lake Urmia,lake,2007-03,2007,3,9,4,5,0,0,6011.313636298185,5284.272599617996,0.8790545493600452,4321.098600854869,5124.27081358914,1
Lake Urmia,lake,2007-04,2007,4,17,8,9,0,0,6011.313636298185,6009.219431064299,0.999651622696703,5082.503836914581,5892.107473978156,1
Lake Urmia,lake,2007-05,2007,5,16,10,6,0,0,6011.313636298185,6010.767838366422,0.9999092048818636,4836.329321410479,5888.79581111986,1
Lake Urmia,lake,2007-06,2007,6,11,5,6,0,0,6011.313636298185,6006.844224802397,0.9992565000320728,4514.673009266588,5669.884876669775,1
Lake Urmia,lake,2007-07,2007,7,16,11,5,0,0,6011.313636298185,5988.208217035734,0.9961563444098254,4466.017050003361,5702.481801765946,1
Lake Urmia,lake,2007-08,2007,8,20,14,6,0,0,6011.313636298185,5948.2191164252,0.9895040379373984,4396.767164870713,5447.816545966741,1
Lake Urmia,lake,2007-09,2007,9,22,12,10,0,0,6011.313636298185,6009.367599999418,0.9996762710421536,4411.103049783608,5570.065523658604,1
Lake Urmia,lake,2007-10,2007,10,5,2,3,0,0,6011.313636298185,5448.294641463727,0.9063401065226786,3968.139859883643,4956.317251477734,1
Lake Urmia,lake,2007-11,2007,11,4,0,4,0,0,6011.313636298185,5185.546496334007,0.862631166842146,3817.0236203893055,4653.638480819176,1
Lake Urmia,lake,2007-12,2007,12,8,0,8,0,0,6011.313636298185,4999.995201472884,0.8317641540580007,3561.422857349297,4615.598633348183,1
Lake Urmia,lake,2008-01,2008,1,8,0,8,0,0,6011.313636298185,4463.827217161659,0.7425710064781313,3871.0860213145024,4417.343732030426,1
Lake Urmia,lake,2008-02,2008,2,6,0,6,0,0,6011.313636298185,4156.353980986389,0.6914219141535102,3856.34517194104,4155.325998816101,1
Lake Urmia,lake,2008-03,2008,3,14,9,5,0,0,6011.313636298185,5963.465993282986,0.992040401497889,4602.815785946726,5750.009362569725,1
Lake Urmia,lake,2008-04,2008,4,11,5,6,0,0,6011.313636298185,5350.502159459196,0.8900720346965756,3937.017663719912,5074.892081755703,1
Lake Urmia,lake,2008-05,2008,5,12,4,8,0,0,6011.313636298185,5855.300581568571,0.9740467617947002,4175.975847181712,5363.882968816195,1
Lake Urmia,lake,2008-06,2008,6,18,8,10,0,0,6011.313636298185,5989.986235095426,0.9964521230311496,4251.49080666151,5351.87762547814,1
Lake Urmia,lake,2008-07,2008,7,19,9,10,0,0,6011.313636298185,5949.946666754118,0.9897914211007868,4212.400090240238,5393.933995215402,1
Lake Urmia,lake,2008-08,2008,8,14,8,6,0,0,6011.313636298185,5935.670916972563,0.9874166074335452,4156.585524836107,5325.6903621181045,1
Lake Urmia,lake,2008-09,2008,9,14,4,10,0,0,6011.313636298185,5977.817403234662,0.9944278014606888,4288.308387442501,5590.745727563884,1
Lake Urmia,lake,2008-10,2008,10,3,1,2,0,0,6011.313636298185,1998.7468982737887,0.3324975237034268,1599.8424998398302,1987.646445664368,1
Lake Urmia,lake,2008-11,2008,11,9,6,3,0,0,6011.313636298185,5505.131199607761,0.9157950379374756,3828.60062044457,5241.824187045841,1
Lake Urmia,lake,2008-12,2008,12,11,4,7,0,0,6011.313636298185,5088.5097103180815,0.8464888073036273,3451.353981369108,4400.597881025941,1
Lake Urmia,lake,2009-01,2009,1,17,6,11,0,0,6011.313636298185,5539.01096337562,0.921431037956387,3753.1847301304433,4650.229774097224,1
Lake Urmia,lake,2009-02,2009,2,17,12,5,0,0,6011.313636298185,5439.921610837804,0.9049472278388307,3664.4023189117465,4824.021759411838,1
Lake Urmia,lake,2009-03,2009,3,15,11,4,0,0,6011.313636298185,5065.825839909821,0.8427152776259729,3617.6525149047097,4703.234557005662,1
Lake Urmia,lake,2009-04,2009,4,11,8,3,0,0,6011.313636298185,5967.258381712248,0.992671276654088,4277.67440881182,5661.815918826956,1
Lake Urmia,lake,2009-05,2009,5,21,13,8,0,0,6011.313636298185,5994.86012466104,0.9972629091355684,4221.567799218494,5663.803434713167,1
Lake Urmia,lake,2009-06,2009,6,23,14,9,0,0,6011.313636298185,6006.606216759184,0.9992169066823304,4182.101947674578,5741.403007570467,1
Lake Urmia,lake,2009-07,2009,7,22,14,8,0,0,6011.313636298185,5998.803898497648,0.9979189677069918,4111.848597440151,5732.510667229708,1
Lake Urmia,lake,2009-08,2009,8,12,8,4,0,0,6011.313636298185,5930.619536446501,0.986576295177076,3893.712018393031,5122.003328856558,1
Lake Urmia,lake,2009-09,2009,9,14,9,5,0,0,6011.313636298185,5993.393455430571,0.997018924323062,3993.0533354505233,5046.965081193177,1
Lake Urmia,lake,2009-10,2009,10,18,10,8,0,0,6011.313636298185,6007.790605251982,0.9994139332499756,4015.615534104576,5622.792696800552,1
Lake Urmia,lake,2009-11,2009,11,16,11,5,0,0,6011.313636298185,5950.14736299478,0.9898248075205952,4069.563510765354,5449.668735875329,1
Lake Urmia,lake,2009-12,2009,12,10,5,5,0,0,6011.313636298185,3507.0395167338866,0.5834065112752209,2412.430565852966,3342.7015840750123,1
Lake Urmia,lake,2010-01,2010,1,12,7,5,0,0,6011.313636298185,4681.380592932232,0.7787616611225534,3303.2896728883666,4435.534158908489,1
Lake Urmia,lake,2010-02,2010,2,10,7,3,0,0,6011.313636298185,3916.817099446136,0.6515742375834749,2895.5983906852384,3768.139656059692,1
Lake Urmia,lake,2010-03,2010,3,6,3,3,0,0,6011.313636298185,1955.962187898361,0.3253801591864466,1466.1967518623658,1920.2478944317015,1
Lake Urmia,lake,2010-04,2010,4,12,9,3,0,0,6011.313636298185,5999.538471104948,0.9980411660569272,4441.205741989936,5833.647248429221,1
Lake Urmia,lake,2010-05,2010,5,18,7,11,0,0,6011.313636298185,6009.922926524016,0.999768651270203,4516.453145800898,5843.5928444180045,1
Lake Urmia,lake,2010-06,2010,6,11,1,10,0,0,6011.313636298185,5325.0398451986985,0.8858363025752721,3638.622307820168,4929.610698783939,1
Lake Urmia,lake,2010-07,2010,7,18,8,10,0,0,6011.313636298185,5960.503746274143,0.9915476228494824,3948.57643765808,5300.721561956681,1
Lake Urmia,lake,2010-08,2010,8,12,6,6,0,0,6011.313636298185,5869.293509930021,0.9763745272729404,3740.937178181032,4846.068787065078,1
Lake Urmia,lake,2010-09,2010,9,9,5,4,0,0,6011.313636298185,5863.289491618131,0.9753757408719722,3802.2301544650286,4738.672654693472,1
Lake Urmia,lake,2010-10,2010,10,10,10,0,0,0,6011.313636298185,5254.386050067596,0.8740828324677613,3336.8803772132374,4223.718873429429,1
Lake Urmia,lake,2010-11,2010,11,11,11,0,0,0,6011.313636298185,5251.512912121245,0.8736048773783776,3118.511307588742,4219.42785787572,1
Lake Urmia,lake,2010-12,2010,12,17,12,5,0,0,6011.313636298185,4789.353427376677,0.7967232650209879,2646.220947356011,3861.89082175574,1
Lake Urmia,lake,2011-01,2011,1,15,7,8,0,0,6011.313636298185,2314.287496597335,0.3849886458465494,1660.509658284668,2238.373404328354,1
Lake Urmia,lake,2011-02,2011,2,16,7,9,0,0,6011.313636298185,5009.179218788918,0.8332919428029728,3196.3512825520447,4579.10460113024,1
Lake Urmia,lake,2011-03,2011,3,14,5,9,0,0,6011.313636298185,5995.013290010107,0.9972883886494208,4213.015891352117,5655.119266158313,1
Lake Urmia,lake,2011-04,2011,4,8,5,3,0,0,6011.313636298185,5783.723612729967,0.9621397189802312,4165.835007036383,5593.95220079146,1
Lake Urmia,lake,2011-05,2011,5,17,10,7,0,0,6011.313636298185,6001.867959129606,0.9984286833560732,4534.972308035279,5843.774395601026,1
Lake Urmia,lake,2011-06,2011,6,17,10,7,0,0,6011.313636298185,5992.759082382413,0.9969133944694328,4007.1555125452496,5551.326739859113,1
Lake Urmia,lake,2011-07,2011,7,16,10,6,0,0,6011.313636298185,5967.168506617948,0.9926563256633832,3868.96720185543,5206.740772990034,1
Lake Urmia,lake,2011-08,2011,8,14,7,7,0,0,6011.313636298185,5929.886653637906,0.9864543779302086,3745.034027276898,4750.179944785706,1
Lake Urmia,lake,2011-09,2011,9,12,5,7,0,0,6011.313636298185,5980.52423320413,0.9948780907207804,3798.9836839167633,5125.93930744403,1
Lake Urmia,lake,2011-10,2011,10,12,2,10,0,0,6011.313636298185,5827.613264929838,0.9694408938739932,3745.29409659668,5233.774105577789,1
Lake Urmia,lake,2011-11,2011,11,13,2,11,0,0,6011.313636298185,5100.285860560269,0.8484478051125387,3220.2503446745463,4801.697961562031,1
Lake Urmia,lake,2011-12,2011,12,9,0,9,0,0,6011.313636298185,4121.920727744116,0.685693839505341,2408.5363252395805,3661.266338836149,1
Lake Urmia,lake,2012-01,2012,1,8,0,8,0,0,6011.313636298185,3990.2464360091353,0.6637894273083313,2176.893586159131,3560.2941389400967,1
Lake Urmia,lake,2012-02,2012,2,10,0,10,0,0,6011.313636298185,4425.393381144999,0.7361774229218543,2578.955354955297,4193.975096229035,1
Lake Urmia,lake,2012-03,2012,3,6,0,6,0,0,6011.313636298185,4049.3975491069687,0.6736293918612805,2532.4466895737974,3829.14521358684,1
Lake Urmia,lake,2012-04,2012,4,10,0,10,0,0,6011.313636298185,4962.613500388432,0.8255455962940654,3732.5233223578425,4805.451628221912,1
Lake Urmia,lake,2012-05,2012,5,10,0,10,0,0,6011.313636298185,5877.207166696684,0.9776909877415604,4141.245772189413,5679.262198384852,1
Lake Urmia,lake,2012-06,2012,6,14,0,14,0,0,6011.313636298185,5704.633622158598,0.9489828625331146,3650.192858436661,5276.057508844953,1
Lake Urmia,lake,2012-07,2012,7,14,0,14,0,0,6011.313636298185,5810.909298123075,0.9666621390431192,3741.0044372825528,5151.743202724329,1
Lake Urmia,lake,2012-08,2012,8,11,0,11,0,0,6011.313636298185,5710.902713305158,0.9500257445928204,3515.5154375113884,4896.253393635467,1
Lake Urmia,lake,2012-09,2012,9,12,0,12,0,0,6011.313636298185,5960.766147433072,0.9915912740669708,3690.8408712176943,5250.297203756087,1
Lake Urmia,lake,2012-10,2012,10,13,0,13,0,0,6011.313636298185,5699.2904206831945,0.9480940049890432,3729.827804640403,5150.965311919003,1
Lake Urmia,lake,2012-11,2012,11,11,0,11,0,0,6011.313636298185,4756.846299820245,0.791315607140663,3402.7251127023524,4393.866065719435,1
Lake Urmia,lake,2012-12,2012,12,10,0,10,0,0,6011.313636298185,4413.212533185839,0.7341511024374916,2743.0215885685834,4223.784986232173,1
Lake Urmia,lake,2013-01,2013,1,10,0,10,0,0,6011.313636298185,4510.746372266558,0.7503761482397567,3077.079146960442,4298.328409725176,1
Lake Urmia,lake,2013-02,2013,2,6,0,6,0,0,6011.313636298185,4044.970331606428,0.6728929109906422,2646.441723688189,3902.8385718528425,1
Lake Urmia,lake,2013-03,2013,3,10,0,8,2,0,6011.313636298185,4933.427970647462,0.8206904961434529,3546.946969993043,4722.113174741774,1
Lake Urmia,lake,2013-04,2013,4,23,0,10,13,0,6011.313636298185,6010.8638166434,0.9999251711552584,3991.2810998886207,5696.846275399292,1
Lake Urmia,lake,2013-05,2013,5,17,0,10,7,0,6011.313636298185,5922.800279292509,0.9852755383663224,3852.127635824843,5603.577057535942,1
Lake Urmia,lake,2013-06,2013,6,15,0,7,8,0,6011.313636298185,6008.347730588835,0.9995066127158228,3697.681788006491,5503.686976532012,1
Lake Urmia,lake,2013-07,2013,7,20,0,10,10,0,6011.313636298185,6011.313636298185,1.0,3576.3254034163347,5136.605690772349,1
Lake Urmia,lake,2013-08,2013,8,22,0,12,10,0,6011.313636298185,6010.983674169309,0.9999451098131223,3454.445710904164,4821.080551314675,1
Lake Urmia,lake,2013-09,2013,9,22,0,12,10,0,6011.313636298185,6010.727637345793,0.9999025173218622,3354.985690827719,4564.071457684397,1
Lake Urmia,lake,2013-10,2013,10,21,0,11,10,0,6011.313636298185,6011.015361669035,0.999950381123462,3381.8310794205936,4392.301295949714,1
Lake Urmia,lake,2013-11,2013,11,20,0,13,7,0,6011.313636298185,6010.974518093234,0.9999435866724864,3584.534401720884,5187.463752805854,1
Lake Urmia,lake,2013-12,2013,12,17,0,7,10,0,6011.313636298185,4516.809511670917,0.7513847696112567,2351.811032872124,4048.905404362592,1
Lake Urmia,lake,2014-01,2014,1,20,0,11,9,0,6011.313636298185,3987.03803809374,0.663255700720515,2511.14572519341,3665.1140089316914,1
Lake Urmia,lake,2014-02,2014,2,21,0,12,9,0,6011.313636298185,5464.881616987699,0.9090993995038024,3280.8828618675493,4945.198415229564,1
Lake Urmia,lake,2014-03,2014,3,21,0,13,8,0,6011.313636298185,5864.537963806731,0.9755834279540536,3745.968238930661,5493.872171623283,1
Lake Urmia,lake,2014-04,2014,4,18,0,10,8,0,6011.313636298185,5898.445249752408,0.9812240063695492,3722.6923375843608,5586.459003252457,1
Lake Urmia,lake,2014-05,2014,5,21,0,11,10,0,6011.313636298185,6010.559473343778,0.9998745427372392,3584.1580208495693,5510.369143625419,1
Lake Urmia,lake,2014-06,2014,6,23,0,13,10,0,6011.313636298185,6011.173448977019,0.9999766794198992,3509.196784716556,5482.853210045083,1
Lake Urmia,lake,2014-07,2014,7,23,0,13,10,0,6011.313636298185,6011.258623045439,0.9999908483808908,3402.362410460721,5306.617796368609,1
Lake Urmia,lake,2014-08,2014,8,23,0,13,10,0,6011.313636298185,6010.954943730314,0.9999403304186784,3252.525713765381,4927.76715512874,1
Lake Urmia,lake,2014-09,2014,9,21,0,14,7,0,6011.313636298185,6010.84574587039,0.999922165028128,3152.465843449302,4506.817395265535,1
Lake Urmia,lake,2014-10,2014,10,16,0,7,9,0,6011.313636298185,5986.604694143102,0.9958895935813624,3791.959236010978,5462.93259927488,1
Lake Urmia,lake,2014-11,2014,11,17,0,10,7,0,6011.313636298185,5769.72001610142,0.9598101788038562,3300.7001697270366,5068.228226852996,1
Lake Urmia,lake,2014-12,2014,12,19,0,11,8,0,6011.313636298185,3181.3043969512632,0.5292195000010573,1772.615821022293,2938.1324469577035,1
Lake Urmia,lake,2015-01,2015,1,24,0,13,11,0,6011.313636298185,5616.933632431491,0.9343937069785704,2883.1260091548133,5042.496548012051,1
Lake Urmia,lake,2015-02,2015,2,15,0,8,7,0,6011.313636298185,5468.993289910193,0.9097833885902588,3143.729520052428,5115.737952857009,1
Lake Urmia,lake,2015-03,2015,3,20,0,10,10,0,6011.313636298185,5999.336143594388,0.998007508270493,3674.485986101153,5511.107380126751,1
Lake Urmia,lake,2015-04,2015,4,23,0,14,9,0,6011.313636298185,6010.862434027373,0.9999249411529474,3674.94183519542,5656.165255376265,1
Lake Urmia,lake,2015-05,2015,5,22,0,12,10,0,6011.313636298185,6006.63685840927,0.9992220040124548,3579.566168558117,5678.871156092417,1
Lake Urmia,lake,2015-06,2015,6,24,0,14,10,0,6011.313636298185,6010.755795206266,0.999907201466157,3292.2011460931976,5122.041379791512,1
Lake Urmia,lake,2015-07,2015,7,21,0,14,7,0,6011.313636298185,6009.720378729826,0.999734956838928,3141.566004519309,4844.930802567926,1
Lake Urmia,lake,2015-08,2015,8,21,0,11,10,0,6011.313636298185,6011.313636298185,1.0,3038.740407474937,4372.47787720983,1
Lake Urmia,lake,2015-09,2015,9,22,0,12,10,0,6011.313636298185,6010.776941963223,0.9999107192924154,3223.3125598108745,4673.76677922111,1
Lake Urmia,lake,2015-10,2015,10,20,0,11,9,0,6011.313636298185,5994.216974348417,0.9971559191577474,3286.999973002342,5169.489458173729,1
Lake Urmia,lake,2015-11,2015,11,23,0,13,10,0,6011.313636298185,5680.40411550455,0.9449522116438076,2998.2114187139164,5029.506060618699,1
Lake Urmia,lake,2015-12,2015,12,17,0,11,6,0,6011.313636298185,2258.1355627135144,0.3756476037247812,1377.2303444577326,2160.200589676971,1
Lake Urmia,lake,2016-01,2016,1,9,0,5,4,0,6011.313636298185,5178.073727956643,0.8613880494755456,2857.8276730866687,4746.111503254296,1
Lake Urmia,lake,2016-02,2016,2,18,0,10,8,0,6011.313636298185,5952.0331819154335,0.9901385191375148,3257.164411506073,5299.632618205467,1
Lake Urmia,lake,2016-03,2016,3,18,0,10,8,0,6011.313636298185,5977.895457166418,0.9944407859656536,3737.928138785852,5398.108104113123,1
Lake Urmia,lake,2016-04,2016,4,22,0,12,10,0,6011.313636298185,5969.984072745023,0.9931247035084642,3936.278822286308,5647.193258227192,1
Lake Urmia,lake,2016-05,2016,5,22,0,12,10,0,6011.313636298185,6009.767180432524,0.9997427424421306,3664.7282351051176,5636.014802572022,1
Lake Urmia,lake,2016-06,2016,6,14,0,7,7,0,6011.313636298185,5933.164405192168,0.9869996417032496,3584.534617384864,5329.815601263618,1
Lake Urmia,lake,2016-07,2016,7,19,0,9,10,0,6011.313636298185,6009.743963682707,0.9997388802663696,3550.804682244568,5390.337523438908,1
Lake Urmia,lake,2016-08,2016,8,24,0,14,10,0,6011.313636298185,6011.180030445036,0.9999777742667856,3433.379107803016,5229.866235057548,1
Lake Urmia,lake,2016-09,2016,9,21,0,11,10,0,6011.313636298185,6011.045195375761,0.9999553440497926,3359.903895825736,4883.326534305375,1
Lake Urmia,lake,2016-10,2016,10,20,0,10,10,0,6011.313636298185,6011.013016544402,0.9999499910049664,3320.2383487154457,4575.965491479165,1
Lake Urmia,lake,2016-11,2016,11,18,0,8,10,0,6011.313636298185,5753.80313299979,0.9571623577010744,3231.233157676551,5225.525406766614,1
Lake Urmia,lake,2016-12,2016,12,10,0,5,5,0,6011.313636298185,4872.304469895409,0.8105224190058753,2308.1873176818776,4266.744237585155,1
Lake Urmia,lake,2017-01,2017,1,19,0,9,10,0,6011.313636298185,4096.601098287906,0.6814818434279243,2464.211370272242,3885.825327861229,1
Lake Urmia,lake,2017-02,2017,2,21,0,12,9,0,6011.313636298185,4980.533017752443,0.8285265615951949,3277.4977311522634,4789.497389527255,1
Lake Urmia,lake,2017-03,2017,3,20,0,10,10,0,6011.313636298185,5988.925026258703,0.9962755877676566,3566.5462924774124,5428.122722407664,1
Lake Urmia,lake,2017-04,2017,4,18,0,12,6,0,6011.313636298185,5784.325003871491,0.9622397621950608,4162.628040872326,5492.502868706689,1
Lake Urmia,lake,2017-05,2017,5,22,0,12,10,0,6011.313636298185,6010.086404492144,0.9997958463190756,3551.199609168048,5438.753991813642,1
Lake Urmia,lake,2017-06,2017,6,18,0,8,10,0,6011.313636298185,6011.242994773771,0.999988248571163,3404.0252477628783,5043.133799984244,1
Lake Urmia,lake,2017-07,2017,7,20,0,10,10,0,6011.313636298185,6011.313636298185,1.0,3319.100051903834,4699.951626832657,1
Lake Urmia,lake,2017-08,2017,8,22,0,12,10,0,6011.313636298185,6011.313636298185,1.0,3247.159955869995,4458.04667835701,1
Lake Urmia,lake,2017-09,2017,9,17,0,7,10,0,6011.313636298185,6010.533253504545,0.9998701809885734,3180.81429238855,4429.650368269119,1
Lake Urmia,lake,2017-10,2017,10,18,0,10,8,0,6011.313636298185,5992.60664060092,0.99688803532321,3259.9199026209585,4615.102252089998,1
Lake Urmia,lake,2017-11,2017,11,15,0,8,7,0,6011.313636298185,5717.501056027882,0.9511233986368351,3062.8306787180263,4718.816514153203,1
Lake Urmia,lake,2017-12,2017,12,20,0,10,10,0,6011.313636298185,4387.917917740912,0.7299432675156552,1628.6299507355243,3526.119199314286,1
Lake Urmia,lake,2018-01,2018,1,19,0,10,9,0,6011.313636298185,4528.348985259619,0.7533043955510884,1744.3858441036275,3851.380497931514,1
Lake Urmia,lake,2018-02,2018,2,13,0,7,6,0,6011.313636298185,4616.76176616617,0.7680121260499075,2261.3727663798595,3857.5347600913415,1
Lake Urmia,lake,2018-03,2018,3,20,0,10,10,0,6011.313636298185,6009.1618351847255,0.9996420414498975,3679.921769095087,5626.555280012964,1
Lake Urmia,lake,2018-04,2018,4,17,0,7,10,0,6011.313636298185,6007.333315822822,0.9993378617859284,3408.472208909048,5513.265442164631,1
Lake Urmia,lake,2018-05,2018,5,18,0,8,10,0,6011.313636298185,6005.23560427976,0.9989889011976144,3528.703491237545,5553.4122432528575,1
Lake Urmia,lake,2018-06,2018,6,20,0,10,10,0,6011.313636298185,6011.308664194365,0.9999991728756606,3380.9663130334698,5485.452749707947,1
Lake Urmia,lake,2018-07,2018,7,17,0,7,10,0,6011.313636298185,6011.307206475675,0.9999989303797974,3268.019538806852,5419.033406802812,1
Lake Urmia,lake,2018-08,2018,8,18,0,10,8,0,6011.313636298185,6011.291561271634,0.9999963277533188,3132.66949433448,5298.2102056427175,1
Lake Urmia,lake,2018-09,2018,9,20,0,10,10,0,6011.313636298185,6009.562731826566,0.999708731805134,3039.0777825942487,4980.362348575831,1
Lake Urmia,lake,2018-10,2018,10,20,0,10,10,0,6011.313636298185,6011.18697994528,0.9999789303369332,3154.167505548551,4797.605964567832,1
Lake Urmia,lake,2018-11,2018,11,18,0,8,10,0,6011.313636298185,4630.345804322894,0.7702718714198212,1823.4568628250909,4027.0723492207567,1
Lake Urmia,lake,2018-12,2018,12,15,0,6,9,0,6011.313636298185,5366.037307114098,0.892656352966229,2647.5082030812187,4970.714881951979,1
Lake Urmia,lake,2019-01,2019,1,17,0,10,7,0,6011.313636298185,5659.197238222267,0.9414243841895504,2850.939906401429,5289.866209442338,1
Lake Urmia,lake,2019-02,2019,2,15,0,5,10,0,6011.313636298185,5909.826582162521,0.9831173250514076,3441.0583828421004,5512.044432503029,1
Lake Urmia,lake,2019-03,2019,3,14,0,5,9,0,6011.313636298185,5993.005450824989,0.9969543785966106,3750.220421061558,5565.824870487784,1
Lake Urmia,lake,2019-04,2019,4,17,0,10,7,0,6011.313636298185,6005.447101951345,0.9990240844677584,4185.438797164251,5645.804139077106,1
Lake Urmia,lake,2019-05,2019,5,17,0,7,10,0,6011.313636298185,6010.260614939487,0.9998248267479608,4004.6765582437656,5589.665787907795,1
Lake Urmia,lake,2019-06,2019,6,15,0,7,8,0,6011.313636298185,6007.918721032316,0.9994352456931594,3858.975457394478,5237.774126041511,1
Lake Urmia,lake,2019-07,2019,7,20,0,10,10,0,6011.313636298185,6011.025715014982,0.9999521034335216,3801.452367620954,4974.498145526262,1
Lake Urmia,lake,2019-08,2019,8,20,0,10,10,0,6011.313636298185,6010.968478063322,0.9999425818954484,3734.803034130476,4680.891596709045,1
Lake Urmia,lake,2019-09,2019,9,20,0,10,10,0,6011.313636298185,6009.183066076505,0.9996455732722356,3700.652181441084,4474.2730645248585,1
Lake Urmia,lake,2019-10,2019,10,19,0,9,10,0,6011.313636298185,6010.829491768344,0.9999194611096456,3702.2506212738417,4540.08033437142,1
Lake Urmia,lake,2019-11,2019,11,15,0,8,7,0,6011.313636298185,5711.839169411004,0.9501815268664638,3404.6173767257687,4537.481794439935,1
Lake Urmia,lake,2019-12,2019,12,14,0,5,9,0,6011.313636298185,5502.286885933164,0.915321877851896,3169.3999006537765,4731.048025406638,1
Lake Urmia,lake,2020-01,2020,1,16,0,9,7,0,6011.313636298185,5540.4328521715215,0.921667573409689,3373.0595017865385,4680.555455949874,1
Lake Urmia,lake,2020-02,2020,2,15,0,8,7,0,6011.313636298185,5653.192137148048,0.9404254176678308,3876.251778688651,5385.902518102486,1
Lake Urmia,lake,2020-03,2020,3,14,0,10,4,0,6011.313636298185,5235.967519680643,0.8710188548579864,3718.8345462766074,4981.250857719931,1
Lake Urmia,lake,2020-04,2020,4,14,0,6,8,0,6011.313636298185,5383.781207589358,0.8956081038727391,3877.630455193284,5084.125192774802,1
Lake Urmia,lake,2020-05,2020,5,20,0,10,10,0,6011.313636298185,6010.600701525746,0.9998814011686008,3896.3821330163823,5511.046599554779,1
Lake Urmia,lake,2020-06,2020,6,20,0,10,10,0,6011.313636298185,6010.778223300626,0.9999109324467242,3814.340450646772,5107.667838560608,1
Lake Urmia,lake,2020-07,2020,7,20,0,10,10,0,6011.313636298185,5987.8531930833415,0.9960972851136594,3806.754037769356,4935.00741137044,1
Lake Urmia,lake,2020-08,2020,8,20,0,10,10,0,6011.313636298185,6010.63724491928,0.9998874802713968,3762.418900497481,4802.428753702141,1
Lake Urmia,lake,2020-09,2020,9,17,0,10,7,0,6011.313636298185,6009.950363773227,0.9997732155386592,3733.544403275313,5010.07114559157,1
Lake Urmia,lake,2020-10,2020,10,18,0,8,10,0,6011.313636298185,6007.638727395238,0.9993886679143212,3712.1136800326,4840.4944166455225,1
Lake Urmia,lake,2020-11,2020,11,9,0,4,5,0,6011.313636298185,4322.622053112442,0.7190811051699421,2440.0832675765887,3963.726869894521,1
Lake Urmia,lake,2020-12,2020,12,20,0,10,10,0,6011.313636298185,5526.493526919143,0.9193487249689408,3198.091037868741,5114.34886028302,1
Lake Urmia,lake,2021-01,2021,1,16,0,8,8,0,6011.313636298185,5408.944310490004,0.8997940612895512,3164.3465382048744,4938.611014378983,1
Lake Urmia,lake,2021-02,2021,2,13,0,6,7,0,6011.313636298185,5843.845772308352,0.972141220019097,3539.727117784565,5104.09446322589,1
Lake Urmia,lake,2021-03,2021,3,20,0,10,10,0,6011.313636298185,5995.834874272758,0.9974250616484288,3641.8498052156106,5416.253666951824,1
Lake Urmia,lake,2021-04,2021,4,19,0,10,9,0,6011.313636298185,5292.470845792503,0.8804183521277137,3454.574262321031,4971.160163157555,1
Lake Urmia,lake,2021-05,2021,5,20,0,10,10,0,6011.313636298185,6011.138546114783,0.9999708732243906,3594.574212603727,5446.46861988385,1
Lake Urmia,lake,2021-06,2021,6,18,0,8,10,0,6011.313636298185,6011.311513209624,0.9999996468178688,3513.5447956028074,5089.327014771212,1
Lake Urmia,lake,2021-07,2021,7,17,0,10,7,0,6011.313636298185,6010.86011134323,0.9999245547674944,3507.0613309737405,4802.724917897202,1
Lake Urmia,lake,2021-08,2021,8,18,0,8,10,0,6011.313636298185,6011.02485152432,0.999951959789268,3503.0458254200908,5030.851251581131,1
Lake Urmia,lake,2021-09,2021,9,20,0,10,10,0,6011.313636298185,6011.287350692106,0.9999956273108228,3421.6044948500016,4831.090179210434,1
Lake Urmia,lake,2021-10,2021,10,20,0,10,10,0,6011.313636298185,6010.970667887303,0.999942946179216,3395.7689552482634,4563.643952065105,1
Lake Urmia,lake,2021-11,2021,11,26,0,10,10,6,6011.313636298185,4936.903204305574,0.8212686116550323,2351.335060809329,4226.204470782192,1
Lake Urmia,lake,2021-12,2021,12,28,0,9,9,10,6011.313636298185,5461.023587652562,0.9084576047866144,3358.652925308829,5063.603528496205,1
Lake Urmia,lake,2022-01,2022,1,18,0,4,10,4,6011.313636298185,4912.486935772039,0.8172068923685685,2353.0036704676977,4488.197217695359,1
Lake Urmia,lake,2022-02,2022,2,27,0,10,7,10,6011.313636298185,5645.96546499857,0.9392232391446804,3135.638475060171,5216.664688495896,1
Lake Urmia,lake,2022-03,2022,3,25,0,9,10,6,6011.313636298185,5907.716055157037,0.9827662325725957,3312.2688344797925,5345.358906677921,1
Lake Urmia,lake,2022-04,2022,4,23,0,3,10,10,6011.313636298185,6010.966086275968,0.9999421840144692,3426.513019220794,5394.305108899625,1
Lake Urmia,lake,2022-05,2022,5,30,0,13,7,10,6011.313636298185,6011.19869191464,0.9999808786580606,3412.631806455613,5586.499970783963,1
Lake Urmia,lake,2022-06,2022,6,30,0,12,10,8,6011.313636298185,6011.272853921903,0.9999932157297474,3285.0175513282547,5224.839731499588,1
Lake Urmia,lake,2022-07,2022,7,30,0,10,10,10,6011.313636298185,6011.313636298184,1.0,3235.371651106972,4572.563606258623,1
Lake Urmia,lake,2022-08,2022,8,34,0,14,10,10,6011.313636298185,6011.312221212247,0.9999997645962224,3190.856784875013,4581.0051207889765,1
Lake Urmia,lake,2022-09,2022,9,32,0,12,10,10,6011.313636298185,6011.310796451139,0.9999995275829516,3147.5063589751107,4384.725394487548,1
Lake Urmia,lake,2022-10,2022,10,32,0,13,10,9,6011.313636298185,6011.050621662261,0.9999562467287788,3221.3868147787703,4815.112544893802,1
Lake Urmia,lake,2022-11,2022,11,25,0,10,8,7,6011.313636298185,5769.964348058368,0.95985082415556,2970.6510007487573,4702.3679344185575,1
Lake Urmia,lake,2022-12,2022,12,26,0,9,9,8,6011.313636298185,3728.855863862408,0.6203063239532894,907.3148302186642,3026.8902126597027,1
Lake Urmia,lake,2023-01,2023,1,22,0,5,7,10,6011.313636298185,3824.429931384454,0.6362053558961479,974.5702186313836,2822.4497778227405,1
Lake Urmia,lake,2023-02,2023,2,31,0,11,10,10,6011.313636298185,4884.727063750443,0.8125889546429484,2089.0885682915227,3998.153723785112,1
Lake Urmia,lake,2023-03,2023,3,27,0,11,6,10,6011.313636298185,5985.123564174333,0.9956432031817958,3192.464460728979,5090.183694062435,1
Lake Urmia,lake,2023-04,2023,4,30,0,12,10,8,6011.313636298185,6007.324189170865,0.9993363435400824,3297.197285480154,5417.398195329984,1
Lake Urmia,lake,2023-05,2023,5,35,0,15,10,10,6011.313636298185,6010.422743602995,0.9998517973359748,3170.784556715168,5241.799267899748,1
Lake Urmia,lake,2023-06,2023,6,32,0,12,10,10,6011.313636298185,6011.30655967233,0.9999988227821266,3119.376969061731,5234.630033541351,1
Lake Urmia,lake,2023-07,2023,7,34,0,14,10,10,6011.313636298185,6011.160068245267,0.9999744534951578,2978.006137552456,5138.461505872604,1
Lake Urmia,lake,2023-08,2023,8,30,0,10,10,10,6011.313636298185,6011.2959255036285,0.999997053756362,2886.149587204006,4672.241789156052,1
Lake Urmia,lake,2023-09,2023,9,29,0,14,8,7,6011.313636298185,6011.223557425077,0.9999850151100812,2848.557219711879,4586.426734348906,1
Lake Urmia,lake,2023-10,2023,10,34,0,14,10,10,6011.313636298185,6010.270023924436,0.9998263919607444,3032.9328576972657,5137.104399087849,1
Lake Urmia,lake,2023-11,2023,11,25,0,5,10,10,6011.313636298185,6004.3948011860375,0.9988490310885844,2981.049356484849,5160.40208429295,1
Lake Urmia,lake,2023-12,2023,12,16,0,0,7,9,6011.313636298185,3646.436007271183,0.6065955343359338,533.2628526534206,2920.918685420202,1
Lake Urmia,lake,2024-01,2024,1,16,0,0,8,8,6011.313636298185,3532.036161525259,0.5875647778877688,1128.1897046292115,3035.8611344110027,1
Lake Urmia,lake,2024-02,2024,2,12,0,0,5,7,6011.313636298185,4845.252301314185,0.8060222098639209,1925.9489479041945,4065.9702312721615,1
Lake Urmia,lake,2024-03,2024,3,16,0,0,7,9,6011.313636298185,5730.390349890316,0.9532675712157878,3037.9685612221165,5031.059542682232,1
Lake Urmia,lake,2024-04,2024,4,18,0,0,9,9,6011.313636298185,6006.639947486762,0.9992225178897336,3271.127805392529,5440.519434117157,1
Lake Urmia,lake,2024-05,2024,5,18,0,0,9,9,6011.313636298185,6010.692842364051,0.9998967290725964,3270.030609046289,5495.435145378345,1
Lake Urmia,lake,2024-06,2024,6,20,0,0,10,10,6011.313636298185,6011.0364129432655,0.9999538830658834,3253.5663233949235,5235.828233255623,1
Lake Urmia,lake,2024-07,2024,7,17,0,0,10,7,6011.313636298185,6011.310092798734,0.9999994105282696,3181.275764648647,4980.005990519769,1
Lake Urmia,lake,2024-08,2024,8,18,0,0,8,10,6011.313636298185,6011.243562092313,0.999988342946299,3116.01935816122,4775.343770025413,1
Lake Urmia,lake,2024-09,2024,9,20,0,0,10,10,6011.313636298185,6011.089780353787,0.9999627608942168,3063.942453665676,4577.251740501264,1
Lake Urmia,lake,2024-10,2024,10,20,0,0,10,10,6011.313636298185,6010.713954267632,0.9999002411008916,3077.4114305562603,4683.6255065294645,1
Lake Urmia,lake,2024-11,2024,11,15,0,0,6,9,6011.313636298185,5184.408481139808,0.8624418546114004,2182.4284597361843,4116.124066764722,1
Lake Urmia,lake,2024-12,2024,12,19,0,0,9,10,6011.313636298185,4254.405520877081,0.7077330810336786,1195.168794828337,3500.135718584181,1
Lake Urmia,lake,2025-01,2025,1,17,0,0,7,10,6011.313636298185,3706.496871136804,0.616586838649679,1151.147288479302,2990.205260297814,1
Lake Urmia,lake,2025-02,2025,2,17,0,0,9,8,6011.313636298185,4697.770488374345,0.7814881692426998,1753.1979025977948,4123.398809190128,1
Lake Urmia,lake,2025-03,2025,3,19,0,0,9,10,6011.313636298185,6006.025136735403,0.999120242282677,3033.6659469155666,5085.949556900828,1
Lake Urmia,lake,2025-04,2025,4,18,0,0,10,8,6011.313636298185,5794.443564285978,0.9639230149791757,3007.2779903532355,5229.356391240386,1
Lake Urmia,lake,2025-05,2025,5,17,0,0,10,7,6011.313636298185,6011.084820099069,0.999961935741011,3074.9107369474955,5455.821360116549,1
Lake Urmia,lake,2025-06,2025,6,18,0,0,8,10,6011.313636298185,6011.215381295927,0.9999836549865464,2961.22487613408,5194.4888484669655,1
Lake Urmia,lake,2025-07,2025,7,20,0,0,10,10,6011.313636298185,6010.5544546299725,0.9998737078591892,2831.541439777085,4945.868383717942,1
Lake Urmia,lake,2025-08,2025,8,20,0,0,10,10,6011.313636298185,6011.312221488981,0.999999764642258,2751.716886260911,4554.563978720689,1
Lake Urmia,lake,2025-09,2025,9,20,0,0,10,10,6011.313636298185,6010.733627378217,0.999903513781669,2691.769388369446,4430.450077731201,1
Lake Urmia,lake,2025-10,2025,10,20,0,0,10,10,6011.313636298185,6010.777479182367,0.9999108086604264,2668.231842989732,4139.716478097089,1
Lake Urmia,lake,2025-11,2025,11,13,0,0,7,6,6011.313636298185,5898.714731756184,0.9812688355067528,2735.793255978254,5046.845547556562,1
Lake Urmia,lake,2025-12,2025,12,15,0,0,8,7,6011.313636298185,4123.55277713503,0.6859653358021004,826.4531316623898,3139.5510453111933,1
Lake Urmia,lake,2026-01,2026,1,17,0,0,7,10,6011.313636298185,4629.620178766253,0.7701511614385188,1319.0352926860082,3730.2124261642175,1
Lake Urmia,lake,2026-02,2026,2,15,0,0,6,9,6011.313636298185,5646.893549574347,0.9393776287892625,2689.0889827413503,4998.390293393463,1
Lake Urmia,lake,2026-03,2026,3,13,0,0,6,7,6011.313636298185,5844.439101165328,0.972239922048782,4328.183307136676,5456.617292764852,1
Lake Urmia,lake,2026-04,2026,4,18,0,0,8,10,6011.313636298185,6009.76131648157,0.9997417669563536,3612.6915207326097,5517.539111783623,1
Lake Urmia,lake,2026-05,2026,5,20,0,0,10,10,6011.313636298185,6006.017776311909,0.9991190178542178,3633.958797698485,5512.942000382587,1
Lake Urmia,lake,2026-06,2026,6,20,0,0,10,10,6011.313636298185,6011.103193726347,0.9999649922488544,3476.580262803963,5284.195931059028,1
Lar,reservoir,1991-01,1991,1,2,2,0,0,0,11.93741157232666,0.5150565576171875,0.0431464186768254,0.510691641784668,0.5150565576171875,1
Lar,reservoir,1991-02,1991,2,1,1,0,0,0,11.93741157232666,0.0,0.0,,,0
Lar,reservoir,1991-03,1991,3,2,2,0,0,0,11.93741157232666,0.0167319616088867,0.0014016406745726,0.0167319616088867,0.0167319616088867,1
Lar,reservoir,1991-04,1991,4,2,2,0,0,0,11.93741157232666,0.0021824542236328,0.00018282474474551783,0.0021824542236328,0.0021824542236328,1
Lar,reservoir,1991-05,1991,5,1,1,0,0,0,11.93741157232666,1.4725676658325195,0.1233573674586398,0.7086505284423829,0.9130857727661132,1
Lar,reservoir,1991-06,1991,6,1,1,0,0,0,11.93741157232666,11.93741157232666,1.0,4.688024319885254,5.493998722045898,1
Lar,reservoir,1991-07,1991,7,1,1,0,0,0,11.93741157232666,11.933046727111815,0.999634355807505,3.4709832466430663,4.130760349975586,1
Lar,reservoir,1991-08,1991,8,2,2,0,0,0,11.93741157232666,11.93741157232666,1.0,3.375681702575684,3.847803210388184,1
Lar,reservoir,1991-09,1991,9,2,2,0,0,0,11.93741157232666,11.93741157232666,1.0,3.309477288391113,3.7728821786499034,1
Lar,reservoir,1991-10,1991,10,2,2,0,0,0,11.93741157232666,11.93741157232666,1.0,3.249825950378418,3.529903046264649,1
Lar,reservoir,1991-11,1991,11,2,2,0,0,0,11.93741157232666,3.983141252746582,0.3336687546218403,0.2597052277832031,1.4445622088012695,1
Lar,reservoir,1991-12,1991,12,2,2,0,0,0,11.93741157232666,0.0,0.0,,,0
Lar,reservoir,1992-01,1992,1,1,1,0,0,0,11.93741157232666,0.0,0.0,,,0
Lar,reservoir,1992-02,1992,2,1,1,0,0,0,11.93741157232666,0.0,0.0,,,0
Lar,reservoir,1992-03,1992,3,2,2,0,0,0,11.93741157232666,0.0,0.0,,,0
Lar,reservoir,1992-04,1992,4,1,1,0,0,0,11.93741157232666,0.0,0.0,,,0
Lar,reservoir,1992-05,1992,5,1,1,0,0,0,11.93741157232666,0.0,0.0,,,0
Lar,reservoir,1992-06,1992,6,2,2,0,0,0,11.93741157232666,8.283858334289551,0.6939409170990816,7.781982560241699,8.151489548217773,1
Lar,reservoir,1992-07,1992,7,2,2,0,0,0,11.93741157232666,11.93741157232666,1.0,11.935957021545413,11.935957021545413,1
Lar,reservoir,1992-08,1992,8,1,1,0,0,0,11.93741157232666,0.1738570302124023,0.0145640475876226,0.1738570302124023,0.1738570302124023,1
Lar,reservoir,1992-09,1992,9,2,2,0,0,0,11.93741157232666,11.936684124084472,0.9999390614759506,11.934501759887697,11.936684124084472,1
Lar,reservoir,1992-10,1992,10,2,2,0,0,0,11.93741157232666,11.013064573486329,0.9225672170855568,10.556250391662598,10.735195550170898,1
Lar,reservoir,1992-11,1992,11,2,2,0,0,0,11.93741157232666,1.821114091430664,0.1525551900759102,1.814567814147949,1.821114091430664,1
Lar,reservoir,1992-12,1992,12,2,2,0,0,0,11.93741157232666,0.0610944764404296,0.0051178998118871,0.0581854088134765,0.0610944764404296,1
Lar,reservoir,1993-01,1993,1,2,2,0,0,0,11.93741157232666,0.0,0.0,,,0
Lar,reservoir,1993-02,1993,2,1,1,0,0,0,11.93741157232666,0.0,0.0,,,0
Lar,reservoir,1993-03,1993,3,2,2,0,0,0,11.93741157232666,0.0,0.0,,,0
Lar,reservoir,1993-04,1993,4,2,2,0,0,0,11.93741157232666,0.0,0.0,,,0
Lar,reservoir,1993-05,1993,5,2,2,0,0,0,11.93741157232666,2.900695837402344,0.2429920271934616,2.486092463562012,2.7173989153442384,1
Lar,reservoir,1993-06,1993,6,2,2,0,0,0,11.93741157232666,7.88876449243164,0.6608438055968009,7.840753014282226,7.887309746826172,1
Lar,reservoir,1993-07,1993,7,2,2,0,0,0,11.93741157232666,11.93304649835205,0.9996343366442412,11.920680756835935,11.93304649835205,1
Lar,reservoir,1993-08,1993,8,2,2,0,0,0,11.93741157232666,11.93741157232666,1.0,11.733011421142578,11.869763880004882,1
Lar,reservoir,1993-09,1993,9,1,1,0,0,0,11.93741157232666,11.930138139038084,0.9993907026456694,10.975774579467773,11.355493806030273,1
Lar,reservoir,1993-10,1993,10,2,2,0,0,0,11.93741157232666,11.93741157232666,1.0,10.33198988708496,10.990311319702148,1
Lar,reservoir,1993-11,1993,11,0,0,0,0,0,11.93741157232666,0.0,0.0,,,0
Lar,reservoir,1993-12,1993,12,2,2,0,0,0,11.93741157232666,6.391397450561524,0.5354089881074452,6.384850051269531,6.391397450561524,1
Lar,reservoir,1994-01,1994,1,2,2,0,0,0,11.93741157232666,0.0,0.0,,,0
Lar,reservoir,1994-02,1994,2,0,0,0,0,0,11.93741157232666,0.0,0.0,,,0
Lar,reservoir,1994-03,1994,3,2,2,0,0,0,11.93741157232666,0.0,0.0,,,0
Lar,reservoir,1994-04,1994,4,2,2,0,0,0,11.93741157232666,0.0080024200439453,0.0006703647600202161,0.0021824786376953,0.0080024200439453,1
Lar,reservoir,1994-05,1994,5,2,2,0,0,0,11.93741157232666,11.93741157232666,1.0,9.34560394555664,10.201048621154785,1
Lar,reservoir,1994-06,1994,6,2,2,0,0,0,11.93741157232666,10.210223386901855,0.8553130069311863,8.316767156188964,8.923420532348633,1
Lar,reservoir,1994-07,1994,7,2,2,0,0,0,11.93741157232666,9.014378157592772,0.7551367482788253,7.514465098510742,8.05201713659668,1
Lar,reservoir,1994-08,1994,8,2,2,0,0,0,11.93741157232666,11.935956361938477,0.9998780966560996,9.36745609906006,10.04396929144287,1
Lar,reservoir,1994-09,1994,9,2,2,0,0,0,11.93741157232666,11.739549270874024,0.9834250247422716,8.665490395202637,9.280899631103516,1
Lar,reservoir,1994-10,1994,10,2,2,0,0,0,11.93741157232666,2.370255998168945,0.1985569471076694,1.1876466053466797,1.7360485615234376,1
Lar,reservoir,1994-11,1994,11,1,1,0,0,0,11.93741157232666,4.292521442321777,0.3595856116976575,2.606075433349609,3.0440434506225587,1
Lar,reservoir,1994-12,1994,12,2,2,0,0,0,11.93741157232666,5.4538668676757815,0.4568718130083535,5.4538668676757815,5.4538668676757815,1
Lar,reservoir,1995-01,1995,1,2,2,0,0,0,11.93741157232666,0.2888414718017578,0.0241963234702697,0.2888414718017578,0.2888414718017578,1
Lar,reservoir,1995-02,1995,2,2,2,0,0,0,11.93741157232666,0.0079999395141601,0.0006701569654099586,0.0079999395141601,0.0079999395141601,1
Lar,reservoir,1995-03,1995,3,2,2,0,0,0,11.93741157232666,0.0938165752563476,0.0078590383424354,0.0938165752563476,0.0938165752563476,1
Lar,reservoir,1995-04,1995,4,2,2,0,0,0,11.93741157232666,0.0800067720947265,0.0067021876233369,0.0800067720947265,0.0800067720947265,1
Lar,reservoir,1995-05,1995,5,2,2,0,0,0,11.93741157232666,11.529259502990724,0.9658089974645664,10.222090731445313,10.680367063598633,1
Lar,reservoir,1995-06,1995,6,2,2,0,0,0,11.93741157232666,11.911950178527832,0.9978670925732466,11.457317300964355,11.697359739624025,1
Lar,reservoir,1995-07,1995,7,2,2,0,0,0,11.93741157232666,11.93741157232666,1.0,11.71264465234375,11.846485962341308,1
Lar,reservoir,1995-08,1995,8,2,2,0,0,0,11.93741157232666,11.93741157232666,1.0,11.13653654083252,11.497332903137208,1
Lar,reservoir,1995-09,1995,9,0,0,0,0,0,11.93741157232666,0.0,0.0,,,0
Lar,reservoir,1995-10,1995,10,1,1,0,0,0,11.93741157232666,11.90031094506836,0.9968920710295096,10.076668423156738,10.60842183605957,1
Lar,reservoir,1995-11,1995,11,0,0,0,0,0,11.93741157232666,0.0,0.0,,,0
Lar,reservoir,1995-12,1995,12,1,1,0,0,0,11.93741157232666,0.7980670679321289,0.0668542810220441,0.7980670679321289,0.7980670679321289,1
Lar,reservoir,1996-01,1996,1,0,0,0,0,0,11.93741157232666,0.0,0.0,,,0
Lar,reservoir,1996-02,1996,2,2,2,0,0,0,11.93741157232666,0.0021828143920898,0.00018285491614866077,0.0021828143920898,0.0021828143920898,1
Lar,reservoir,1996-03,1996,3,0,0,0,0,0,11.93741157232666,0.0,0.0,,,0
Lar,reservoir,1996-04,1996,4,2,2,0,0,0,11.93741157232666,0.010182615234375,0.0008530002649804222,0.010182615234375,0.010182615234375,1
Lar,reservoir,1996-05,1996,5,2,2,0,0,0,11.93741157232666,11.826812291748046,0.9907350701692312,10.483259570922852,11.066646591125489,1
Lar,reservoir,1996-06,1996,6,2,2,0,0,0,11.93741157232666,11.683586204345705,0.9787369844423078,10.93072145135498,11.271874651489258,1
Lar,reservoir,1996-07,1996,7,2,2,0,0,0,11.93741157232666,11.928681791748048,0.9992687040632116,10.35818399822998,11.07906853692627,1
Lar,reservoir,1996-08,1996,8,1,1,0,0,0,11.93741157232666,0.0,0.0,,,0
Lar,reservoir,1996-09,1996,9,1,1,0,0,0,11.93741157232666,11.80864153979492,0.9892129016620108,8.517808199035645,9.125219993530273,1
Lar,reservoir,1996-10,1996,10,2,2,0,0,0,11.93741157232666,11.883579631103515,0.9954904846082432,7.0928271463012695,8.044308108459473,1
Lar,reservoir,1996-11,1996,11,2,2,0,0,0,11.93741157232666,11.909040217712402,0.99762332441649,5.939159096740723,6.677497673095703,1
Lar,reservoir,1996-12,1996,12,2,2,0,0,0,11.93741157232666,11.076740465148928,0.9279013627063892,4.461005796508789,5.511351036071777,1
Lar,reservoir,1997-01,1997,1,2,2,0,0,0,11.93741157232666,0.0,0.0,,,0
Lar,reservoir,1997-02,1997,2,2,2,0,0,0,11.93741157232666,0.024738477355957,0.002072348532684,0.024738477355957,0.024738477355957,1
Lar,reservoir,1997-03,1997,3,2,2,0,0,0,11.93741157232666,0.0,0.0,,,0
Lar,reservoir,1997-04,1997,4,2,2,0,0,0,11.93741157232666,5.047861518310547,0.4228606417502193,2.00345814465332,3.507850040344238,1
Lar,reservoir,1997-05,1997,5,2,2,0,0,0,11.93741157232666,7.733996729309082,0.6478788707627418,3.2706250443115232,4.142747482421875,1
Lar,reservoir,1997-06,1997,6,1,1,0,0,0,11.93741157232666,7.875345002380371,0.6597196515061119,3.847600727233887,4.503723380126953,1
Lar,reservoir,1997-07,1997,7,2,2,0,0,0,11.93741157232666,6.73042011907959,0.5638090031746973,2.928957215209961,3.446150025756836,1
Lar,reservoir,1997-08,1997,8,2,2,0,0,0,11.93741157232666,11.93741157232666,1.0,5.774769875854492,6.757499401000977,1
Lar,reservoir,1997-09,1997,9,2,2,0,0,0,11.93741157232666,11.93741157232666,1.0,4.576722642822266,5.261254506286621,1
Lar,reservoir,1997-10,1997,10,2,2,0,0,0,11.93741157232666,11.93741157232666,1.0,4.068245481811523,4.830622542358398,1
Lar,reservoir,1997-11,1997,11,2,2,0,0,0,11.93741157232666,4.584613944702149,0.3840542748253912,1.878444701477051,3.0176352922973635,1
Lar,reservoir,1997-12,1997,12,1,1,0,0,0,11.93741157232666,1.0570591298217773,0.088550111841017,1.0570591298217773,1.0570591298217773,1
Lar,reservoir,1998-01,1998,1,2,2,0,0,0,11.93741157232666,0.0574801766967773,0.0048151290041827,0.0574801766967773,0.0574801766967773,1
Lar,reservoir,1998-02,1998,2,1,1,0,0,0,11.93741157232666,0.0,0.0,,,0
Lar,reservoir,1998-03,1998,3,2,2,0,0,0,11.93741157232666,0.0021826563110351,0.00018284167365855057,0.0021826563110351,0.0021826563110351,1
Lar,reservoir,1998-04,1998,4,1,1,0,0,0,11.93741157232666,0.1920560702514648,0.0160885857949884,0.1920560702514648,0.1920560702514648,1
Lar,reservoir,1998-05,1998,5,1,1,0,0,0,11.93741157232666,11.753335600280762,0.9845799090589602,8.805105246826171,9.575432639343262,1
Lar,reservoir,1998-06,1998,6,2,2,0,0,0,11.93741157232666,10.50288485772705,0.8798293326900839,8.458804385009765,9.077840061462402,1
Lar,reservoir,1998-07,1998,7,2,2,0,0,0,11.93741157232666,11.893031272460938,0.9962822510058542,9.01100598046875,9.726795119995115,1
Lar,reservoir,1998-08,1998,8,2,2,0,0,0,11.93741157232666,11.92940905255127,0.9993296268854512,8.327238516479492,9.23433523590088,1
Lar,reservoir,1998-09,1998,9,2,2,0,0,0,11.93741157232666,11.93741157232666,1.0,6.822941667846679,7.69368747644043,1
Lar,reservoir,1998-10,1998,10,1,1,0,0,0,11.93741157232666,11.2011519553833,0.9383233448488818,5.20810129083252,5.9369774550170895,1
Lar,reservoir,1998-11,1998,11,2,2,0,0,0,11.93741157232666,11.033054758361816,0.9242417999508934,3.74808207208252,4.572965892883301,1
Lar,reservoir,1998-12,1998,12,2,2,0,0,0,11.93741157232666,3.5663048231811523,0.2987502610238026,3.5663048231811523,3.5663048231811523,1
Lar,reservoir,1999-01,1999,1,2,2,0,0,0,11.93741157232666,0.2568242853393555,0.0215142356266517,0.2568242853393555,0.2568242853393555,1
Lar,reservoir,1999-02,1999,2,1,1,0,0,0,11.93741157232666,0.0,0.0,,,0
Lar,reservoir,1999-03,1999,3,1,1,0,0,0,11.93741157232666,0.0036371317749023,0.00030468345276240226,0.0036371317749023,0.0036371317749023,1
Lar,reservoir,1999-04,1999,4,2,2,0,0,0,11.93741157232666,3.842056605529785,0.3218500578832727,0.6706691255493165,1.8439165505371091,1
Lar,reservoir,1999-05,1999,5,2,2,0,0,0,11.93741157232666,11.41355487927246,0.9561163917420252,5.818263645629883,6.845336561096191,1
Lar,reservoir,1999-06,1999,6,2,1,1,0,0,11.93741157232666,11.78025502191162,0.9868349558476012,5.9318473937988285,7.008387601806641,1
Lar,reservoir,1999-07,1999,7,2,2,0,0,0,11.93741157232666,11.933046435119628,0.9996343313472452,4.608739787658691,5.610398499572754,1
Lar,reservoir,1999-08,1999,8,2,1,1,0,0,11.93741157232666,11.9345015993042,0.9997562308206576,4.285028539245605,4.966623868041992,1
Lar,reservoir,1999-09,1999,9,2,2,0,0,0,11.93741157232666,11.93668412652588,0.999939061680468,4.076971529052734,4.79350719921875,1
Lar,reservoir,1999-10,1999,10,3,2,1,0,0,11.93741157232666,11.934501762268066,0.999756244472182,3.890015407043457,4.3897788522949215,1
Lar,reservoir,1999-11,1999,11,2,2,0,0,0,11.93741157232666,2.28295261328125,0.1912435203770302,2.28295261328125,2.28295261328125,1
Lar,reservoir,1999-12,1999,12,3,2,1,0,0,11.93741157232666,1.68564286529541,0.1412067310473798,1.68564286529541,1.68564286529541,1
Lar,reservoir,2000-01,2000,1,2,1,1,0,0,11.93741157232666,0.0160017186889648,0.0013404680396594,0.0160017186889648,0.0160017186889648,1
Lar,reservoir,2000-02,2000,2,1,1,0,0,0,11.93741157232666,0.0552965229492187,0.0046322037750132,0.0552965229492187,0.0552965229492187,1
Lar,reservoir,2000-03,2000,3,2,2,0,0,0,11.93741157232666,0.0014549645996093,0.000121882754129235,0.0014549645996093,0.0014549645996093,1
Lar,reservoir,2000-04,2000,4,3,1,2,0,0,11.93741157232666,2.292231147583008,0.1920207855526121,0.9617361824951172,2.049994620117188,1
Lar,reservoir,2000-05,2000,5,3,2,1,0,0,11.93741157232666,11.858140809204102,0.9933594680352378,6.582903084899902,7.53945773828125,1
Lar,reservoir,2000-06,2000,6,1,1,0,0,0,11.93741157232666,11.236179611206056,0.9412576204755976,6.014042738830566,6.860767394592285,1
Lar,reservoir,2000-07,2000,7,1,0,1,0,0,11.93741157232666,5.770377797668457,0.48338601402044,0.1433157145996093,0.3978904665527343,1
Lar,reservoir,2000-08,2000,8,2,2,0,0,0,11.93741157232666,11.485620372070311,0.9621533363812562,3.4324108137207032,4.134378751220703,1
Lar,reservoir,2000-09,2000,9,2,2,0,0,0,11.93741157232666,11.93231882623291,0.9995733793659628,3.121070587402344,3.981662350402832,1
Lar,reservoir,2000-10,2000,10,2,1,1,0,0,11.93741157232666,11.93741157232666,1.0,2.7500577800292967,3.49207118359375,1
Lar,reservoir,2000-11,2000,11,2,1,1,0,0,11.93741157232666,0.5973089600219726,0.050036723321717,0.5965814484863281,0.5973089600219726,1
Lar,reservoir,2000-12,2000,12,1,0,1,0,0,11.93741157232666,0.0,0.0,,,0
Lar,reservoir,2001-01,2001,1,3,2,1,0,0,11.93741157232666,0.395034494934082,0.0330921399953949,0.395034494934082,0.395034494934082,1
Lar,reservoir,2001-02,2001,2,3,1,2,0,0,11.93741157232666,0.0713017346191406,0.0059729644225748,0.0713017346191406,0.0713017346191406,1
Lar,reservoir,2001-03,2001,3,2,1,1,0,0,11.93741157232666,0.0,0.0,,,0
Lar,reservoir,2001-04,2001,4,3,2,1,0,0,11.93741157232666,10.540702106628418,0.8829972932376648,2.1680065599365235,2.765230694335937,1
Lar,reservoir,2001-05,2001,5,3,2,1,0,0,11.93741157232666,10.876680552368164,0.9111422929894212,2.5368690193481447,3.581413248901367,1
Lar,reservoir,2001-06,2001,6,3,2,1,0,0,11.93741157232666,11.168399539123536,0.9355796666183606,2.3964439163208007,3.1697029187622072,1
Lar,reservoir,2001-07,2001,7,2,2,0,0,0,11.93741157232666,11.545977384094238,0.9672094586116268,2.004322721435547,2.61685701159668,1
Lar,reservoir,2001-08,2001,8,2,2,0,0,0,11.93741157232666,11.93741157232666,1.0,1.6187699479980469,2.015980215637207,1
Lar,reservoir,2001-09,2001,9,2,1,1,0,0,11.93741157232666,11.93741157232666,1.0,1.129875266845703,1.478344803894043,1
Lar,reservoir,2001-10,2001,10,2,2,0,0,0,11.93741157232666,11.93741157232666,1.0,0.9356275575561523,1.2979185512695313,1
Lar,reservoir,2001-11,2001,11,2,1,1,0,0,11.93741157232666,11.925770816223144,0.9990248509039849,1.1255117008666993,1.4565103821411134,1
Lar,reservoir,2001-12,2001,12,2,2,0,0,0,11.93741157232666,0.0,0.0,,,0
Lar,reservoir,2002-01,2002,1,3,2,1,0,0,11.93741157232666,0.1258741163330078,0.0105445067023415,0.1258741163330078,0.1258741163330078,1
Lar,reservoir,2002-02,2002,2,3,2,1,0,0,11.93741157232666,0.0349232659912109,0.0029255308640082,0.0349232659912109,0.0349232659912109,1
Lar,reservoir,2002-03,2002,3,3,2,1,0,0,11.93741157232666,0.0167325482788085,0.0014016898200609,0.0167325482788085,0.0167325482788085,1
Lar,reservoir,2002-04,2002,4,0,0,0,0,0,11.93741157232666,0.0,0.0,,,0
Lar,reservoir,2002-05,2002,5,2,1,1,0,0,11.93741157232666,4.46950345489502,0.3744114398515198,2.8931251092529298,3.1782765278930665,1
Lar,reservoir,2002-06,2002,6,3,2,1,0,0,11.93741157232666,5.758951279724121,0.4824288117094444,3.7316341670532234,4.208823725158691,1
Lar,reservoir,2002-07,2002,7,1,1,0,0,0,11.93741157232666,0.0458301768188476,0.0038392055548366,0.0080022398071289,0.0225514774169921,1
Lar,reservoir,2002-08,2002,8,2,1,1,0,0,11.93741157232666,11.911951560302734,0.9978672083248812,8.354155342651367,8.798623014343262,1
Lar,reservoir,2002-09,2002,9,1,0,1,0,0,11.93741157232666,11.935229337158203,0.9998171936055622,6.782934040710449,7.212859825866699,1
Lar,reservoir,2002-10,2002,10,1,0,1,0,0,11.93741157232666,11.859576596313476,0.9934797442861384,5.23141159173584,5.747891081726074,1
Lar,reservoir,2002-11,2002,11,1,0,1,0,0,11.93741157232666,3.060626768249512,0.2563894818994651,3.060626768249512,3.060626768249512,1
Lar,reservoir,2002-12,2002,12,0,0,0,0,0,11.93741157232666,0.0,0.0,,,0
Lar,reservoir,2003-01,2003,1,0,0,0,0,0,11.93741157232666,0.0,0.0,,,0
Lar,reservoir,2003-02,2003,2,0,0,0,0,0,11.93741157232666,0.0,0.0,,,0
Lar,reservoir,2003-03,2003,3,1,0,1,0,0,11.93741157232666,0.0,0.0,,,0
Lar,reservoir,2003-04,2003,4,0,0,0,0,0,11.93741157232666,0.0,0.0,,,0
Lar,reservoir,2003-05,2003,5,1,0,1,0,0,11.93741157232666,0.7106031146240235,0.0595274034340363,0.3825669028930664,0.494579438293457,1
Lar,reservoir,2003-06,2003,6,0,0,0,0,0,11.93741157232666,0.0,0.0,,,0
Lar,reservoir,2003-07,2003,7,1,0,1,0,0,11.93741157232666,8.105574577575684,0.6790060415078634,8.081571864868165,8.102664711608886,1
Lar,reservoir,2003-08,2003,8,1,0,1,0,0,11.93741157232666,11.836316380371091,0.9915312300876076,11.469703925048828,11.594091613830566,1
Lar,reservoir,2003-09,2003,9,0,0,0,0,0,11.93741157232666,0.0,0.0,,,0
Lar,reservoir,2003-10,2003,10,0,0,0,0,0,11.93741157232666,0.0,0.0,,,0
Lar,reservoir,2003-11,2003,11,1,0,1,0,0,11.93741157232666,0.1563975498046875,0.0131014624784529,0.0021820673217773,0.0298225792236328,1
Lar,reservoir,2003-12,2003,12,0,0,0,0,0,11.93741157232666,0.0,0.0,,,0
Lar,reservoir,2004-01,2004,1,1,0,1,0,0,11.93741157232666,0.1360588903808594,0.0113976878116753,0.1360588903808594,0.1360588903808594,1
Lar,reservoir,2004-02,2004,2,2,0,2,0,0,11.93741157232666,0.0,0.0,,,0
Lar,reservoir,2004-03,2004,3,1,0,1,0,0,11.93741157232666,0.0705445391235351,0.0059095339635496,0.0705445391235351,0.0705445391235351,1
Lar,reservoir,2004-04,2004,4,1,0,1,0,0,11.93741157232666,0.0916377026977539,0.0076765136346801,0.0916377026977539,0.0916377026977539,1
Lar,reservoir,2004-05,2004,5,2,0,2,0,0,11.93741157232666,11.930137435791016,0.9993906437344836,10.291247248962405,10.907372545043945,1
Lar,reservoir,2004-06,2004,6,2,0,2,0,0,11.93741157232666,5.048597740234375,0.4229223152478086,4.530689419433593,4.740905462890625,1
Lar,reservoir,2004-07,2004,7,2,0,2,0,0,11.93741157232666,10.36126712072754,0.8679659788849919,9.284671709106446,9.638207509765625,1
Lar,reservoir,2004-08,2004,8,2,0,2,0,0,11.93741157232666,11.93741157232666,1.0,10.083213147521972,10.633880754150391,1
Lar,reservoir,2004-09,2004,9,1,0,1,0,0,11.93741157232666,9.093587831542967,0.7617721627880997,6.936020351379394,7.422695620605468,1
Lar,reservoir,2004-10,2004,10,2,0,2,0,0,11.93741157232666,11.933774674255371,0.9996953361246488,8.531645165283203,9.163785520446778,1
Lar,reservoir,2004-11,2004,11,0,0,0,0,0,11.93741157232666,0.0,0.0,,,0
Lar,reservoir,2004-12,2004,12,2,0,2,0,0,11.93741157232666,4.425793370178223,0.3707498349506613,4.425793370178223,4.425793370178223,1
Lar,reservoir,2005-01,2005,1,2,0,2,0,0,11.93741157232666,0.1862612680053711,0.0156031537387185,0.1862612680053711,0.1862612680053711,1
Lar,reservoir,2005-02,2005,2,1,0,1,0,0,11.93741157232666,0.0,0.0,,,0
Lar,reservoir,2005-03,2005,3,1,0,1,0,0,11.93741157232666,0.0,0.0,,,0
Lar,reservoir,2005-04,2005,4,1,0,1,0,0,11.93741157232666,0.0,0.0,,,0
Lar,reservoir,2005-05,2005,5,1,0,1,0,0,11.93741157232666,3.9360800322875975,0.3297264242285345,3.3336497947387693,3.495167819580078,1
Lar,reservoir,2005-06,2005,6,2,0,2,0,0,11.93741157232666,11.80067686340332,0.9885456986973358,10.681176377807615,11.105993934753418,1
Lar,reservoir,2005-07,2005,7,1,0,1,0,0,11.93741157232666,0.0,0.0,,,0
Lar,reservoir,2005-08,2005,8,2,0,2,0,0,11.93741157232666,11.759934379577636,0.9851326904770168,9.799528825561524,10.313094590332032,1
Lar,reservoir,2005-09,2005,9,2,0,2,0,0,11.93741157232666,11.928682388183594,0.999268754026769,9.014643507141113,9.622779748779298,1
Lar,reservoir,2005-10,2005,10,2,0,2,0,0,11.93741157232666,8.181602827392577,0.6853749473092803,5.925631196960449,6.345411214965821,1
Lar,reservoir,2005-11,2005,11,1,0,1,0,0,11.93741157232666,1.2876257667236328,0.1078647375875529,1.279623437072754,1.2839882578125,1
Lar,reservoir,2005-12,2005,12,1,0,1,0,0,11.93741157232666,5.794663714782715,0.4854204514667082,3.0975067410888677,3.416103469055176,1
Lar,reservoir,2006-01,2006,1,0,0,0,0,0,11.93741157232666,0.0,0.0,,,0
Lar,reservoir,2006-02,2006,2,1,0,1,0,0,11.93741157232666,0.0,0.0,,,0
Lar,reservoir,2006-03,2006,3,1,0,1,0,0,11.93741157232666,0.0,0.0,,,0
Lar,reservoir,2006-04,2006,4,2,0,2,0,0,11.93741157232666,8.912546360961914,0.7466062728056561,5.860982492980957,6.69681183581543,1
Lar,reservoir,2006-05,2006,5,1,0,1,0,0,11.93741157232666,3.439186228515625,0.2881015040553981,2.5117263545532227,2.868863684082031,1
Lar,reservoir,2006-06,2006,6,2,0,2,0,0,11.93741157232666,9.578113753173827,0.8023610223323319,8.342955414428712,8.780861667297364,1
Lar,reservoir,2006-07,2006,7,2,0,2,0,0,11.93741157232666,11.496581667114258,0.9630715668517004,9.531798006591798,10.13411119921875,1
Lar,reservoir,2006-08,2006,8,2,0,2,0,0,11.93741157232666,11.833398188964845,0.9912867724521672,8.748412690124512,9.203798276367188,1
Lar,reservoir,2006-09,2006,9,2,0,2,0,0,11.93741157232666,11.859583061035156,0.9934802858375156,6.966255356506347,7.442736572387695,1
Lar,reservoir,2006-10,2006,10,2,0,2,0,0,11.93741157232666,11.38973042553711,0.9541206112002384,6.363965581359864,6.980829176696777,1
Lar,reservoir,2006-11,2006,11,1,0,1,0,0,11.93741157232666,1.5240622471923828,0.1276710816208656,1.5240622471923828,1.5240622471923828,1
Lar,reservoir,2006-12,2006,12,1,0,1,0,0,11.93741157232666,0.3186576959838867,0.0266940361445357,0.3186576959838867,0.3186576959838867,1
Lar,reservoir,2007-01,2007,1,2,0,2,0,0,11.93741157232666,0.0953118189697265,0.0079842952881576,0.0953118189697265,0.0953118189697265,1
Lar,reservoir,2007-02,2007,2,2,0,2,0,0,11.93741157232666,0.0058208295288085,0.000487612368354833,0.0058208295288085,0.0058208295288085,1
Lar,reservoir,2007-03,2007,3,1,0,1,0,0,11.93741157232666,0.0,0.0,,,0
Lar,reservoir,2007-04,2007,4,1,0,1,0,0,11.93741157232666,0.1425858312377929,0.011944451305368,0.1418582734985351,0.1425858312377929,1
Lar,reservoir,2007-05,2007,5,2,0,2,0,0,11.93741157232666,11.197485778625488,0.9380162282905224,8.044773463378906,9.194059395874024,1
Lar,reservoir,2007-06,2007,6,1,0,1,0,0,11.93741157232666,0.6089965473632812,0.0510157954824192,0.4169058858642578,0.453286668762207,1
Lar,reservoir,2007-07,2007,7,2,0,2,0,0,11.93741157232666,2.9387596807250977,0.2461806450183671,1.9931092473144527,2.228796025024414,1
Lar,reservoir,2007-08,2007,8,1,0,1,0,0,11.93741157232666,11.215707890075684,0.93954269919586,8.948355642089844,9.395724336364744,1
Lar,reservoir,2007-09,2007,9,2,0,2,0,0,11.93741157232666,11.932319548950195,0.9995734399081732,7.735126476074218,8.661136918640137,1
Lar,reservoir,2007-10,2007,10,2,0,2,0,0,11.93741157232666,11.931591862243652,0.9995124814079044,6.481062119384766,7.169208418273926,1
Lar,reservoir,2007-11,2007,11,2,0,2,0,0,11.93741157232666,11.8202993069458,0.990189475777785,5.482370567871094,5.947919159851074,1
Lar,reservoir,2007-12,2007,12,2,0,2,0,0,11.93741157232666,3.1006707443847654,0.2597439759531077,3.1006707443847654,3.1006707443847654,1
Lar,reservoir,2008-01,2008,1,2,0,2,0,0,11.93741157232666,0.0691219503173828,0.005790363337863,0.0691219503173828,0.0691219503173828,1
Lar,reservoir,2008-02,2008,2,0,0,0,0,0,11.93741157232666,0.0,0.0,,,0
Lar,reservoir,2008-03,2008,3,2,0,2,0,0,11.93741157232666,0.0021819016723632,0.00018277845738529883,0.0021819016723632,0.0021819016723632,1
Lar,reservoir,2008-04,2008,4,4,2,2,0,0,11.93741157232666,11.93741157232666,1.0,4.453056281494141,5.826396778137207,1
Lar,reservoir,2008-05,2008,5,3,2,1,0,0,11.93741157232666,8.09056013635254,0.6777482779523242,2.2334605036621094,3.027804497253418,1
Lar,reservoir,2008-06,2008,6,3,1,2,0,0,11.93741157232666,10.082217477661132,0.8445899193954036,2.6575428508911134,3.4169662658691404,1
Lar,reservoir,2008-07,2008,7,2,1,1,0,0,11.93741157232666,10.569646660339355,0.8854219858551194,2.6510484095458984,3.116586628540039,1
Lar,reservoir,2008-08,2008,8,3,1,2,0,0,11.93741157232666,10.883983012573244,0.9117540219359214,2.106189881469726,2.589952313293457,1
Lar,reservoir,2008-09,2008,9,1,0,1,0,0,11.93741157232666,1.534401719909668,0.1285372218770376,0.2051655466918945,0.430705702758789,1
Lar,reservoir,2008-10,2008,10,2,2,0,0,0,11.93741157232666,11.93741157232666,1.0,1.216450778076172,2.9573028292236327,1
Lar,reservoir,2008-11,2008,11,3,1,2,0,0,11.93741157232666,2.82322166015625,0.2365019956839764,0.2066265809936523,1.222120155822754,1
Lar,reservoir,2008-12,2008,12,2,0,2,0,0,11.93741157232666,0.5070779519042968,0.0424780488493675,0.3593995993041992,0.4670664900512695,1
Lar,reservoir,2009-01,2009,1,2,1,1,0,0,11.93741157232666,0.0414728181762695,0.0034741885144022,0.0414728181762695,0.0414728181762695,1
Lar,reservoir,2009-02,2009,2,1,1,0,0,0,11.93741157232666,0.0,0.0,,,0
Lar,reservoir,2009-03,2009,3,2,2,0,0,0,11.93741157232666,0.1018258120117187,0.0085299741401035,0.0065460798950195,0.0989168662719726,1
Lar,reservoir,2009-04,2009,4,4,2,2,0,0,11.93741157232666,2.227033424072266,0.1865591556912539,1.188044140197754,1.9803820771484373,1
Lar,reservoir,2009-05,2009,5,2,1,1,0,0,11.93741157232666,11.132167189453124,0.9325444734819852,3.940841188293457,4.650043631530762,1
Lar,reservoir,2009-06,2009,6,3,2,1,0,0,11.93741157232666,7.525002753967285,0.630371392355422,3.5445498955688475,4.188322624145508,1
Lar,reservoir,2009-07,2009,7,3,2,1,0,0,11.93741157232666,11.931591409729004,0.9995124435006372,7.516187224365234,8.242894582397462,1
Lar,reservoir,2009-08,2009,8,4,2,2,0,0,11.93741157232666,11.93741157232666,1.0,5.302701309570312,6.192328944274903,1
Lar,reservoir,2009-09,2009,9,4,2,2,0,0,11.93741157232666,11.912676289978029,0.9979279191138912,4.415966607666015,4.921540761108399,1
Lar,reservoir,2009-10,2009,10,3,2,1,0,0,11.93741157232666,11.90758273840332,0.9975012310045096,3.9365682233276367,4.359951093139649,1
Lar,reservoir,2009-11,2009,11,3,2,1,0,0,11.93741157232666,11.16836007220459,0.9355763604645344,3.198122133789062,3.625118546386719,1
Lar,reservoir,2009-12,2009,12,3,1,2,0,0,11.93741157232666,2.0799842225952148,0.1742408067270663,2.0799842225952148,2.0799842225952148,1
Lar,reservoir,2010-01,2010,1,2,1,1,0,0,11.93741157232666,0.0,0.0,,,0
Lar,reservoir,2010-02,2010,2,1,1,0,0,0,11.93741157232666,0.0,0.0,,,0
Lar,reservoir,2010-03,2010,3,1,1,0,0,0,11.93741157232666,0.0,0.0,,,0
Lar,reservoir,2010-04,2010,4,3,2,1,0,0,11.93741157232666,10.1436478805542,0.8497359598515671,4.600651562805176,5.755017255187989,1
Lar,reservoir,2010-05,2010,5,3,1,2,0,0,11.93741157232666,11.88212831488037,0.9953689074795372,6.899298655639648,7.813658257141113,1
Lar,reservoir,2010-06,2010,6,3,1,2,0,0,11.93741157232666,11.930137211486816,0.9993906249444638,8.326510105285644,9.032115791503909,1
Lar,reservoir,2010-07,2010,7,3,1,2,0,0,11.93741157232666,7.990667053283691,0.6693802090067563,3.861196200622559,4.243830505859375,1
Lar,reservoir,2010-08,2010,8,3,1,2,0,0,11.93741157232666,11.873395885559082,0.994637389656902,6.04685017590332,6.805527906311035,1
Lar,reservoir,2010-09,2010,9,1,0,1,0,0,11.93741157232666,11.92577090386963,0.9990248582461532,4.493082507995606,5.077938248596191,1
Lar,reservoir,2010-10,2010,10,3,2,1,0,0,11.93741157232666,11.93741157232666,1.0,3.7801700847167967,4.312664052062988,1
Lar,reservoir,2010-11,2010,11,2,1,1,0,0,11.93741157232666,8.214906086242676,0.6881647697635301,1.2222292965698245,1.8310731450195312,1
Lar,reservoir,2010-12,2010,12,3,2,1,0,0,11.93741157232666,7.282343792297363,0.6100437894911249,0.8264477124023437,1.1094231807250976,1
Lar,reservoir,2011-01,2011,1,3,1,2,0,0,11.93741157232666,0.1426033613891601,0.0119459198106014,0.1426033613891601,0.1426033613891601,1
Lar,reservoir,2011-02,2011,2,2,0,2,0,0,11.93741157232666,0.0,0.0,,,0
Lar,reservoir,2011-03,2011,3,3,2,1,0,0,11.93741157232666,0.0145505733642578,0.001218905227159,0.0145505733642578,0.0145505733642578,1
Lar,reservoir,2011-04,2011,4,2,0,2,0,0,11.93741157232666,10.273737612670898,0.8606336097590456,3.894991588928223,4.713315900512695,1
Lar,reservoir,2011-05,2011,5,1,0,1,0,0,11.93741157232666,5.525546780761719,0.4628764575371646,3.658699319091797,3.99772191583252,1
Lar,reservoir,2011-06,2011,6,1,0,1,0,0,11.93741157232666,9.495699109497073,0.7954571266948713,5.887661295288086,6.384504928710937,1
Lar,reservoir,2011-07,2011,7,2,1,1,0,0,11.93741157232666,3.831109709777832,0.3209330336451765,0.6909530689697265,0.944079442565918,1
Lar,reservoir,2011-08,2011,8,2,0,2,0,0,11.93741157232666,11.93741157232666,1.0,5.8060330408935545,6.630904627502441,1
Lar,reservoir,2011-09,2011,9,2,0,2,0,0,11.93741157232666,11.844297481811523,0.9921998089827954,4.92076947076416,5.593636622802735,1
Lar,reservoir,2011-10,2011,10,0,0,0,0,0,11.93741157232666,0.0,0.0,,,0
Lar,reservoir,2011-11,2011,11,1,0,1,0,0,11.93741157232666,0.0,0.0,,,0
Lar,reservoir,2011-12,2011,12,2,0,2,0,0,11.93741157232666,0.2364571370239258,0.0198080744381873,0.2364571370239258,0.2364571370239258,1
Lar,reservoir,2012-01,2012,1,2,0,2,0,0,11.93741157232666,0.0058208221435546,0.0004876117496902372,0.0058208221435546,0.0058208221435546,1
Lar,reservoir,2012-02,2012,2,2,0,2,0,0,11.93741157232666,0.0,0.0,,,0
Lar,reservoir,2012-03,2012,3,2,0,2,0,0,11.93741157232666,0.0007275066528320312,6.094341712390474e-05,0.0007275066528320312,0.0007275066528320312,1
Lar,reservoir,2012-04,2012,4,1,0,1,0,0,11.93741157232666,5.389415898925781,0.4514727389830087,2.666816561401367,3.0508621046142577,1
Lar,reservoir,2012-05,2012,5,0,0,0,0,0,11.93741157232666,0.0,0.0,,,0
Lar,reservoir,2012-06,2012,6,2,0,2,0,0,11.93741157232666,11.894503486450196,0.9964055787457364,9.48527999090576,10.113771641662598,1
Lar,reservoir,2012-07,2012,7,2,0,2,0,0,11.93741157232666,7.022561723083496,0.5882817795579083,5.193103079589844,5.584454322387695,1
Lar,reservoir,2012-08,2012,8,2,0,2,0,0,11.93741157232666,11.484978646972657,0.9620995789068012,8.793519705505371,9.235080413024903,1
Lar,reservoir,2012-09,2012,9,2,0,2,0,0,11.93741157232666,11.936684128967284,0.999939061884985,8.075542020263672,8.765146425354004,1
Lar,reservoir,2012-10,2012,10,1,0,1,0,0,11.93741157232666,1.90641199798584,0.1597006173771615,0.0043643071289062,0.0530939790649414,1
Lar,reservoir,2012-11,2012,11,1,0,1,0,0,11.93741157232666,10.341962950256349,0.8663488636205787,4.863209658020019,5.244377439941406,1
Lar,reservoir,2012-12,2012,12,1,0,1,0,0,11.93741157232666,1.855861696533203,0.1554660057826494,1.855861696533203,1.855861696533203,1
Lar,reservoir,2013-01,2013,1,2,0,2,0,0,11.93741157232666,0.021096445739746,0.0017672546189704,0.021096445739746,0.021096445739746,1
Lar,reservoir,2013-02,2013,2,1,0,1,0,0,11.93741157232666,0.006547418762207,0.0005484789330197239,0.005819912109375,0.006547418762207,1
Lar,reservoir,2013-03,2013,3,1,0,1,0,0,11.93741157232666,0.0,0.0,,,0
Lar,reservoir,2013-04,2013,4,2,0,2,0,0,11.93741157232666,2.829181871826172,0.237001284129701,0.8475072335205078,1.6331600341796877,1
Lar,reservoir,2013-05,2013,5,4,0,2,2,0,11.93741157232666,11.93741157232666,1.0,5.935510527160645,7.072422325622559,1
Lar,reservoir,2013-06,2013,6,4,0,2,2,0,11.93741157232666,7.194207257263184,0.6026605695610608,2.3903685133666994,2.9613837608032227,1
Lar,reservoir,2013-07,2013,7,4,0,2,2,0,11.93741157232666,11.931591665100097,0.9995124648931386,6.4359595164794925,6.998271593994141,1
Lar,reservoir,2013-08,2013,8,2,0,0,2,0,11.93741157232666,11.75624409350586,0.9848235542753018,4.869089831970215,5.472841203796387,1
Lar,reservoir,2013-09,2013,9,3,0,2,1,0,11.93741157232666,11.93741157232666,1.0,4.168628524719238,4.577460086608887,1
Lar,reservoir,2013-10,2013,10,4,0,2,2,0,11.93741157232666,11.936684014587405,0.9999390523033532,3.5648368993530277,4.179537989257812,1
Lar,reservoir,2013-11,2013,11,1,0,1,0,0,11.93741157232666,1.3197534205932615,0.1105560793139375,1.3197534205932615,1.3197534205932615,1
Lar,reservoir,2013-12,2013,12,3,0,1,2,0,11.93741157232666,0.3782975147705078,0.0316900789152213,0.2655275784301757,0.2888104653930664,1
Lar,reservoir,2014-01,2014,1,3,0,2,1,0,11.93741157232666,0.2029898900146484,0.0170045146541835,0.2029898900146484,0.2029898900146484,1
Lar,reservoir,2014-02,2014,2,3,0,1,2,0,11.93741157232666,0.0414714243774414,0.0034740717555203,0.0218264791870117,0.0283748956909179,1
Lar,reservoir,2014-03,2014,3,3,0,2,1,0,11.93741157232666,0.0196430517578125,0.0016455034358829,0.0196430517578125,0.0196430517578125,1
Lar,reservoir,2014-04,2014,4,4,0,2,2,0,11.93741157232666,9.951423104797364,0.8336332415535358,1.5823030062255858,2.861095840209961,1
Lar,reservoir,2014-05,2014,5,4,0,2,2,0,11.93741157232666,9.84584100164795,0.8247886019505773,2.038460596557617,2.7418531004638678,1
Lar,reservoir,2014-06,2014,6,3,0,2,1,0,11.93741157232666,9.397766005981444,0.7872532457343913,2.707808932006836,3.268648960571289,1
Lar,reservoir,2014-07,2014,7,4,0,2,2,0,11.93741157232666,11.027305569458008,0.9237601889358944,3.5946279286499023,4.218783628845215,1
Lar,reservoir,2014-08,2014,8,4,0,2,2,0,11.93741157232666,11.93741157232666,1.0,3.3873316302490237,3.881999392456055,1
Lar,reservoir,2014-09,2014,9,4,0,2,2,0,11.93741157232666,11.93741157232666,1.0,2.488155041320801,2.8409860088500976,1
Lar,reservoir,2014-10,2014,10,3,0,2,1,0,11.93741157232666,9.912796443969729,0.8303974763632678,1.290641593322754,1.7081915305786133,1
Lar,reservoir,2014-11,2014,11,4,0,2,2,0,11.93741157232666,1.2724691419067382,0.1065950632762448,0.7217414887695313,0.8294150704345703,1
Lar,reservoir,2014-12,2014,12,3,0,1,2,0,11.93741157232666,0.2997370201416016,0.0251090463226092,0.0894811325683593,0.1156735639038085,1
Lar,reservoir,2015-01,2015,1,4,0,2,2,0,11.93741157232666,0.3048420525512695,0.0255366961844521,0.302660221496582,0.302660221496582,1
Lar,reservoir,2015-02,2015,2,4,0,2,2,0,11.93741157232666,0.0145507412109375,0.001218919287718,0.0145507412109375,0.0145507412109375,1
Lar,reservoir,2015-03,2015,3,3,0,2,1,0,11.93741157232666,0.0043650838623046,0.0003656641840534205,0.0043650838623046,0.0043650838623046,1
Lar,reservoir,2015-04,2015,4,3,0,2,1,0,11.93741157232666,9.305190490356445,0.7794981712725532,3.341173102294922,4.271476767150879,1
Lar,reservoir,2015-05,2015,5,4,0,2,2,0,11.93741157232666,11.93741157232666,1.0,6.914601239135743,7.809315050537109,1
Lar,reservoir,2015-06,2015,6,4,0,2,2,0,11.93741157232666,10.070841361816406,0.8436369392810966,6.024941358703614,6.638159082458496,1
Lar,reservoir,2015-07,2015,7,4,0,2,2,0,11.93741157232666,8.772762359802247,0.734896531517711,3.720183140930176,4.064254187072754,1
Lar,reservoir,2015-08,2015,8,4,0,2,2,0,11.93741157232666,11.93231946624756,0.9995734329801524,5.1622862036743165,5.716580862365722,1
Lar,reservoir,2015-09,2015,9,3,0,1,2,0,11.93741157232666,11.730787559448242,0.982691053950304,4.08787101763916,4.670558258361816,1
Lar,reservoir,2015-10,2015,10,3,0,1,2,0,11.93741157232666,11.925043285095215,0.998963905436576,3.571379582824707,4.039870006591797,1
Lar,reservoir,2015-11,2015,11,3,0,1,2,0,11.93741157232666,0.1535055739746093,0.0128592009284882,0.1404105686035156,0.144047999633789,1
Lar,reservoir,2015-12,2015,12,4,0,2,2,0,11.93741157232666,0.4226908409423828,0.0354089191263427,0.3455742854614257,0.3739467354125976,1
Lar,reservoir,2016-01,2016,1,4,0,2,2,0,11.93741157232666,0.00072759912109375,6.095116321367962e-05,0.00072759912109375,0.00072759912109375,1
Lar,reservoir,2016-02,2016,2,4,0,2,2,0,11.93741157232666,0.037106452758789,0.0031084169741461,0.0341963555908203,0.0341963555908203,1
Lar,reservoir,2016-03,2016,3,3,0,2,1,0,11.93741157232666,0.0145501599731445,0.0012188705972804,0.0145501599731445,0.0145501599731445,1
Lar,reservoir,2016-04,2016,4,3,0,2,1,0,11.93741157232666,6.828834989013672,0.5720532418304396,2.548180383178711,3.339586536499024,1
Lar,reservoir,2016-05,2016,5,4,0,2,2,0,11.93741157232666,9.575584803283691,0.8021491715575794,6.231658920288086,7.1154608717041015,1
Lar,reservoir,2016-06,2016,6,2,0,0,2,0,11.93741157232666,6.251115295776367,0.5236575163637417,3.717549734069824,4.242738105773926,1
Lar,reservoir,2016-07,2016,7,4,0,2,2,0,11.93741157232666,9.323487548034668,0.7810309204424519,6.414564018188477,6.828472731872559,1
Lar,reservoir,2016-08,2016,8,4,0,2,2,0,11.93741157232666,11.93741157232666,1.0,7.65874199621582,8.244330145385742,1
Lar,reservoir,2016-09,2016,9,2,0,0,2,0,11.93741157232666,11.91340394519043,0.997988874975888,5.657650437133789,6.1894166046752925,1
Lar,reservoir,2016-10,2016,10,4,0,2,2,0,11.93741157232666,8.779949621643066,0.7354986102679721,2.3133623967285155,2.764367221801758,1
Lar,reservoir,2016-11,2016,11,4,0,2,2,0,11.93741157232666,11.87629863848877,0.9948805540072388,4.194831684814453,5.773433776245117,1
Lar,reservoir,2016-12,2016,12,4,0,2,2,0,11.93741157232666,4.846741358703613,0.4060127548872774,1.7089156460571289,3.845156209350586,1
Lar,reservoir,2017-01,2017,1,4,0,2,2,0,11.93741157232666,0.2546319624633789,0.0213305841823923,0.2473559152832031,0.2473559152832031,1
Lar,reservoir,2017-02,2017,2,3,0,2,1,0,11.93741157232666,0.0130968547363281,0.0010971268483939,0.0130968547363281,0.0130968547363281,1
Lar,reservoir,2017-03,2017,3,4,0,2,2,0,11.93741157232666,0.0021825248413085,0.0001828306604061578,0.0021825248413085,0.0021825248413085,1
Lar,reservoir,2017-04,2017,4,3,0,1,2,0,11.93741157232666,6.24396907611084,0.5230588757269311,2.4878234239501955,3.612358377807617,1
Lar,reservoir,2017-05,2017,5,4,0,2,2,0,11.93741157232666,11.93668418737793,0.9999390667780595,8.842222022888183,9.379794864196777,1
Lar,reservoir,2017-06,2017,6,3,0,1,2,0,11.93741157232666,9.730762417053224,0.815148439684454,7.26629138494873,7.74202879309082,1
Lar,reservoir,2017-07,2017,7,4,0,2,2,0,11.93741157232666,11.927227082580568,0.9991468427066968,9.009547702209472,9.549310001464844,1
Lar,reservoir,2017-08,2017,8,4,0,2,2,0,11.93741157232666,11.933046568969727,0.999634342559902,7.5990622069091796,8.327952761291504,1
Lar,reservoir,2017-09,2017,9,4,0,2,2,0,11.93741157232666,11.9308643336792,0.9994515361552384,6.372647216796875,6.897136288635254,1
Lar,reservoir,2017-10,2017,10,3,0,1,2,0,11.93741157232666,11.935956486022947,0.9998781070506872,4.726573299499512,5.38200376147461,1
Lar,reservoir,2017-11,2017,11,4,0,2,2,0,11.93741157232666,10.905035870422363,0.913517625186221,3.7510464329223634,4.529403008361816,1
Lar,reservoir,2017-12,2017,12,3,0,2,1,0,11.93741157232666,7.144237574829101,0.5984745965692339,3.130372473449707,6.484559550048828,1
Lar,reservoir,2018-01,2018,1,4,0,2,2,0,11.93741157232666,1.8394093302612304,0.1540877868804787,0.3331753005981445,0.6531841993408203,1
Lar,reservoir,2018-02,2018,2,4,0,2,2,0,11.93741157232666,0.0953094033203125,0.0079840929285925,0.0654817405395507,0.0829422091674804,1
Lar,reservoir,2018-03,2018,3,4,0,2,2,0,11.93741157232666,0.0472884329223632,0.0039613640390842,0.0269181883544921,0.0443784038696289,1
Lar,reservoir,2018-04,2018,4,0,0,0,0,0,11.93741157232666,0.0,0.0,,,0
Lar,reservoir,2018-05,2018,5,4,0,2,2,0,11.93741157232666,10.649746170043946,0.8921319421315937,2.485861491333008,4.340127761535644,1
Lar,reservoir,2018-06,2018,6,4,0,2,2,0,11.93741157232666,8.879204077270508,0.7438131812305361,3.454156973388672,3.9553479358520502,1
Lar,reservoir,2018-07,2018,7,4,0,2,2,0,11.93741157232666,11.605707289916992,0.9722130479962152,4.8087763983154295,5.421989518188477,1
Lar,reservoir,2018-08,2018,8,4,0,2,2,0,11.93741157232666,11.93741157232666,1.0,4.12207594519043,4.716390451721192,1
Lar,reservoir,2018-09,2018,9,4,0,2,2,0,11.93741157232666,11.93741157232666,1.0,2.990854775634765,3.512441859558105,1
Lar,reservoir,2018-10,2018,10,3,0,2,1,0,11.93741157232666,11.58170665930176,0.9702025090724444,2.2742682119140625,2.992260146606445,1
Lar,reservoir,2018-11,2018,11,3,0,1,2,0,11.93741157232666,11.70388185546875,0.980437156292803,1.903236486999512,2.383360975769043,1
Lar,reservoir,2018-12,2018,12,4,0,2,2,0,11.93741157232666,1.1036502931518557,0.0924530654292209,1.0039791977539063,1.0156176148681642,1
Lar,reservoir,2019-01,2019,1,2,0,0,2,0,11.93741157232666,0.3339311295166016,0.0279734955516421,0.2262579787597656,0.2495405153198242,1
Lar,reservoir,2019-02,2019,2,3,0,1,2,0,11.93741157232666,0.0407438154907226,0.0034131197742377,0.0269193688964843,0.0291021711425781,1
Lar,reservoir,2019-03,2019,3,3,0,2,1,0,11.93741157232666,0.0,0.0,,,0
Lar,reservoir,2019-04,2019,4,4,0,2,2,0,11.93741157232666,1.2746157348632812,0.106774883913536,1.2746157348632812,1.2746157348632812,1
Lar,reservoir,2019-05,2019,5,4,0,2,2,0,11.93741157232666,10.31442129321289,0.8640416920133515,7.364707831665039,8.122671996276855,1
Lar,reservoir,2019-06,2019,6,4,0,2,2,0,11.93741157232666,11.871948835632324,0.994516169916928,10.680420362548828,11.1285238381958,1
Lar,reservoir,2019-07,2019,7,4,0,2,2,0,11.93741157232666,11.50177312713623,0.9635064567765824,10.130584864990237,10.55831105609131,1
Lar,reservoir,2019-08,2019,8,3,0,2,1,0,11.93741157232666,11.93741157232666,1.0,9.944270287353516,10.303627512512207,1
Lar,reservoir,2019-09,2019,9,4,0,2,2,0,11.93741157232666,11.93741157232666,1.0,8.893156717285157,9.323802163024904,1
Lar,reservoir,2019-10,2019,10,4,0,2,2,0,11.93741157232666,11.93741157232666,1.0,7.20919432635498,7.817344873718262,1
Lar,reservoir,2019-11,2019,11,3,0,2,1,0,11.93741157232666,9.042618309143066,0.757502432948336,4.390233454101563,4.77648337878418,1
Lar,reservoir,2019-12,2019,12,4,0,2,2,0,11.93741157232666,3.284033389648437,0.2751043113283865,3.284033389648437,3.284033389648437,1
Lar,reservoir,2020-01,2020,1,4,0,2,2,0,11.93741157232666,0.2255401786499023,0.0188935580618456,0.2037182654418945,0.2073552825317383,1
Lar,reservoir,2020-02,2020,2,3,0,1,2,0,11.93741157232666,0.0,0.0,,,0
Lar,reservoir,2020-03,2020,3,4,0,2,2,0,11.93741157232666,0.0065477935791015,0.0005485103315261974,0.0065477935791015,0.0065477935791015,1
Lar,reservoir,2020-04,2020,4,4,0,2,2,0,11.93741157232666,0.7224120360717774,0.0605166397836592,0.7165913478393555,0.7195015447998047,1
Lar,reservoir,2020-05,2020,5,4,0,2,2,0,11.93741157232666,11.93668397076416,0.9999390486322692,9.09681680395508,9.811869688659668,1
Lar,reservoir,2020-06,2020,6,3,0,2,1,0,11.93741157232666,11.40211467907715,0.9551580432653896,9.433711722106931,9.95381396624756,1
Lar,reservoir,2020-07,2020,7,4,0,2,2,0,11.93741157232666,11.84865542755127,0.9925648752045088,9.2874096595459,9.831534047302243,1
Lar,reservoir,2020-08,2020,8,4,0,2,2,0,11.93741157232666,11.93741157232666,1.0,8.496732384826661,9.080848067443847,1
Lar,reservoir,2020-09,2020,9,4,0,2,2,0,11.93741157232666,11.93741157232666,1.0,6.963337546386719,7.578022410827637,1
Lar,reservoir,2020-10,2020,10,4,0,2,2,0,11.93741157232666,11.936683985351562,0.9999390498542596,5.628571134216308,6.344378403076172,1
Lar,reservoir,2020-11,2020,11,2,0,2,0,0,11.93741157232666,3.108000403869629,0.2603579833901852,3.108000403869629,3.108000403869629,1
Lar,reservoir,2020-12,2020,12,2,0,0,2,0,11.93741157232666,0.871476612487793,0.0730038172184707,0.559421638305664,0.5790630449829102,1
Lar,reservoir,2021-01,2021,1,4,0,2,2,0,11.93741157232666,0.550709877746582,0.0461331063614526,0.5470735177612305,0.5470735177612305,1
Lar,reservoir,2021-02,2021,2,3,0,1,2,0,11.93741157232666,0.0174624909667968,0.0014628373044687,0.0174624909667968,0.0174624909667968,1
Lar,reservoir,2021-03,2021,3,4,0,2,2,0,11.93741157232666,0.094570546875,0.0079221987364692,0.0771128383178711,0.0887513771362304,1
Lar,reservoir,2021-04,2021,4,3,0,2,1,0,11.93741157232666,11.650032699951172,0.9759261988552284,4.796336487426758,6.8184946152954105,1
Lar,reservoir,2021-05,2021,5,4,0,2,2,0,11.93741157232666,11.93741157232666,1.0,7.346679954284668,8.090099030700683,1
Lar,reservoir,2021-06,2021,6,4,0,2,2,0,11.93741157232666,11.9345012756958,0.9997562037118998,7.711852208312989,8.394173635620117,1
Lar,reservoir,2021-07,2021,7,4,0,2,2,0,11.93741157232666,11.935229086486816,0.9998171726067564,6.473063803466797,7.170668405700684,1
Lar,reservoir,2021-08,2021,8,4,0,2,2,0,11.93741157232666,11.908311946105956,0.9975623169190077,4.66036821282959,5.195760852050781,1
Lar,reservoir,2021-09,2021,9,4,0,2,2,0,11.93741157232666,11.93741157232666,1.0,4.010046452453613,4.46034754864502,1
Lar,reservoir,2021-10,2021,10,3,0,1,2,0,11.93741157232666,11.873392737792969,0.9946371259677348,3.1574563760375978,3.69068091027832,1
Lar,reservoir,2021-11,2021,11,6,0,2,2,2,11.93741157232666,11.814459285461426,0.989700255694437,2.8773837155151365,4.181048081481934,1
Lar,reservoir,2021-12,2021,12,5,0,2,2,1,11.93741157232666,0.5259728135986328,0.0440608762135624,0.4859633001098632,0.4983290193481445,1
Lar,reservoir,2022-01,2022,1,6,0,2,2,2,11.93741157232666,0.3826796817626953,0.0320571741574048,0.3164713380737304,0.3244745949096679,1
Lar,reservoir,2022-02,2022,2,5,0,2,1,2,11.93741157232666,0.0021818505859375,0.00018277417786243308,0.0021818505859375,0.0021818505859375,1
Lar,reservoir,2022-03,2022,3,6,0,2,2,2,11.93741157232666,0.9995643092041016,0.0837337561118604,0.4110424421386718,0.7813273334960937,1
Lar,reservoir,2022-04,2022,4,4,0,0,2,2,11.93741157232666,10.876756812927246,0.9111486813558288,2.888195259765625,4.549658982055664,1
Lar,reservoir,2022-05,2022,5,6,0,2,2,2,11.93741157232666,11.93741157232666,1.0,5.751510735961914,6.53930477557373,1
Lar,reservoir,2022-06,2022,6,6,0,2,2,2,11.93741157232666,10.862137815368651,0.9099240442165276,5.542551511047363,6.091754661315918,1
Lar,reservoir,2022-07,2022,7,8,0,4,2,2,11.93741157232666,11.935229028015137,0.999817167708569,5.586361185607911,6.155950584106446,1
Lar,reservoir,2022-08,2022,8,6,0,3,2,1,11.93741157232666,11.936684012145996,0.999939052098836,4.425420937744141,4.867717523681641,1
Lar,reservoir,2022-09,2022,9,8,0,4,2,2,11.93741157232666,11.93741157232666,1.0,3.6972354543457033,4.031879115478516,1
Lar,reservoir,2022-10,2022,10,8,0,4,2,2,11.93741157232666,11.93741157232666,1.0,2.917381482727051,3.255668622253418,1
Lar,reservoir,2022-11,2022,11,5,0,2,1,2,11.93741157232666,11.72714408392334,0.9823858390799928,1.999269806152344,2.6642122252197264,1
Lar,reservoir,2022-12,2022,12,6,0,2,2,2,11.93741157232666,5.670995433410645,0.4750607281194159,1.3226861546020507,3.494313614379883,1
Lar,reservoir,2023-01,2023,1,8,0,4,2,2,11.93741157232666,1.8063424396362304,0.1513177650524924,1.801978787109375,1.801978787109375,1
Lar,reservoir,2023-02,2023,2,5,0,2,1,2,11.93741157232666,0.0531111006469726,0.0044491303935683,0.0480184908447265,0.0531111006469726,1
Lar,reservoir,2023-03,2023,3,8,0,4,2,2,11.93741157232666,0.1345909869384765,0.0112747211673999,0.1345909869384765,0.1345909869384765,1
Lar,reservoir,2023-04,2023,4,4,0,1,2,1,11.93741157232666,11.74249315838623,0.9836716349470356,3.094848576904297,4.038324980407715,1
Lar,reservoir,2023-05,2023,5,7,0,3,2,2,11.93741157232666,11.93741157232666,1.0,3.8310676005249023,4.520657032775879,1
Lar,reservoir,2023-06,2023,6,5,0,2,2,1,11.93741157232666,11.936684034057617,0.999939053934378,4.600734878845215,5.202304944763184,1
Lar,reservoir,2023-07,2023,7,7,0,3,2,2,11.93741157232666,11.93741157232666,1.0,4.3119420774536135,4.7062325183105465,1
Lar,reservoir,2023-08,2023,8,7,0,3,2,2,11.93741157232666,11.93741157232666,1.0,3.090520690185547,3.4920915751953125,1
Lar,reservoir,2023-09,2023,9,7,0,3,2,2,11.93741157232666,11.93741157232666,1.0,2.5252558239135743,2.8562673685302733,1
Lar,reservoir,2023-10,2023,10,7,0,3,2,2,11.93741157232666,11.93741157232666,1.0,1.8610421598510745,2.257516349731445,1
Lar,reservoir,2023-11,2023,11,5,0,2,1,2,11.93741157232666,11.933773948913574,0.999695275362582,1.4907378624267578,1.8894210444946289,1
Lar,reservoir,2023-12,2023,12,4,0,0,2,2,11.93741157232666,2.241287533325196,0.1877532260444931,0.5005633878173829,0.5798665943603516,1
Lar,reservoir,2024-01,2024,1,4,0,0,2,2,11.93741157232666,0.3383119805297852,0.0283404805539302,0.325215318359375,0.3310360259399414,1
Lar,reservoir,2024-02,2024,2,4,0,0,2,2,11.93741157232666,0.0429268927001953,0.0035959967066653,0.040744708618164,0.040744708618164,1
Lar,reservoir,2024-03,2024,3,4,0,0,2,2,11.93741157232666,0.1469597928466796,0.0123108591805079,0.1469597928466796,0.1469597928466796,1
Lar,reservoir,2024-04,2024,4,2,0,0,1,1,11.93741157232666,9.013694976013184,0.7550795179843474,1.3371547278442384,1.7306830520629883,1
Lar,reservoir,2024-05,2024,5,4,0,0,2,2,11.93741157232666,8.231693471557618,0.6895710532960388,3.9504624769897454,4.299644297729492,1
Lar,reservoir,2024-06,2024,6,4,0,0,2,2,11.93741157232666,11.935956583312988,0.9998781152006986,5.465605924743652,6.073726710266113,1
Lar,reservoir,2024-07,2024,7,4,0,0,2,2,11.93741157232666,10.319463460205078,0.8644640756232018,3.473789304321289,3.873161026245117,1
Lar,reservoir,2024-08,2024,8,4,0,0,2,2,11.93741157232666,11.93741157232666,1.0,3.990399899353027,4.381056995544434,1
Lar,reservoir,2024-09,2024,9,4,0,0,2,2,11.93741157232666,11.93741157232666,1.0,2.9581157154541016,3.436803593444824,1
Lar,reservoir,2024-10,2024,10,3,0,0,1,2,11.93741157232666,11.925770528869627,0.999024826832308,2.415403107788086,2.7071314098510744,1
Lar,reservoir,2024-11,2024,11,4,0,0,2,2,11.93741157232666,10.72601909527588,0.8985213444546861,1.4572255195922852,1.810780553955078,1
Lar,reservoir,2024-12,2024,12,4,0,0,2,2,11.93741157232666,7.933182500244141,0.6645647133952277,1.0410994859008789,1.3218796584472656,1
Lar,reservoir,2025-01,2025,1,4,0,0,2,2,11.93741157232666,0.0276367843017578,0.0023151404418211,0.0247276923828125,0.0247276923828125,1
Lar,reservoir,2025-02,2025,2,3,0,0,2,1,11.93741157232666,0.0436535646362304,0.0036568701993511,0.0436535646362304,0.0436535646362304,1
Lar,reservoir,2025-03,2025,3,3,0,0,1,2,11.93741157232666,0.0,0.0,,,0
Lar,reservoir,2025-04,2025,4,4,0,0,2,2,11.93741157232666,9.365918147583008,0.7845853425457077,1.7438738283081054,2.264712994506836,1
Lar,reservoir,2025-05,2025,5,4,0,0,2,2,11.93741157232666,11.890122939147949,0.9960386191853906,4.7935062883911135,5.414713318176269,1
Lar,reservoir,2025-06,2025,6,4,0,0,2,2,11.93741157232666,10.35654961669922,0.8675707923741023,2.73761873828125,3.1966512079467773,1
Lar,reservoir,2025-07,2025,7,4,0,0,2,2,11.93741157232666,11.46594277319336,0.9605049389244265,3.297794551086426,3.5880538701782227,1
Lar,reservoir,2025-08,2025,8,3,0,0,1,2,11.93741157232666,11.920677415466308,0.9985981754286544,2.6111012446899413,2.9166496598510743,1
Lar,reservoir,2025-09,2025,9,4,0,0,2,2,11.93741157232666,11.93741157232666,1.0,1.8995985938720703,2.283724851257324,1
Lar,reservoir,2025-10,2025,10,4,0,0,2,2,11.93741157232666,11.93741157232666,1.0,1.36851033984375,1.6718822068481445,1
Lar,reservoir,2025-11,2025,11,4,0,0,2,2,11.93741157232666,11.93668397808838,0.9999390492458208,1.1473364794921874,1.4914479871826172,1
Lar,reservoir,2025-12,2025,12,4,0,0,2,2,11.93741157232666,8.954724526489258,0.7501395484468446,0.6052890700683594,0.7995247474975586,1
Lar,reservoir,2026-01,2026,1,4,0,0,2,2,11.93741157232666,0.1047596307983398,0.0087757408851675,0.0778386896362304,0.0887524014892578,1
Lar,reservoir,2026-02,2026,2,3,0,0,2,1,11.93741157232666,0.0101858425292968,0.0008532706162958913,0.0065478201293945,0.0065478201293945,1
Lar,reservoir,2026-03,2026,3,3,0,0,2,1,11.93741157232666,0.0007275164184570313,6.094423519279186e-05,0.0007275164184570313,0.0007275164184570313,1
Lar,reservoir,2026-04,2026,4,4,0,0,2,2,11.93741157232666,5.130991453186035,0.4298244575131106,0.8803000553588867,1.277509747009277,1
Lar,reservoir,2026-05,2026,5,4,0,0,2,2,11.93741157232666,10.6081734642334,0.8886493860046927,3.418462268981933,4.063662067687988,1
Lar,reservoir,2026-06,2026,6,3,0,0,1,2,11.93741157232666,6.966259637451172,0.5835653395414776,1.1223588516845704,1.4205784999389648,1
Mahabad,reservoir,1991-01,1991,1,3,3,0,0,0,9.7598032522583,3.442132268493652,0.3526845961466676,3.373048538696289,3.4414126887207037,1
Mahabad,reservoir,1991-02,1991,2,3,3,0,0,0,9.7598032522583,0.304473211730957,0.031196654672368,0.304473211730957,0.304473211730957,1
Mahabad,reservoir,1991-03,1991,3,2,2,0,0,0,9.7598032522583,6.949169415100098,0.712019416322982,5.443604998596191,6.422359338684082,1
Mahabad,reservoir,1991-04,1991,4,4,4,0,0,0,9.7598032522583,3.018113892150879,0.3092392145766385,2.9403541619262694,3.016673773742676,1
Mahabad,reservoir,1991-05,1991,5,4,4,0,0,0,9.7598032522583,9.7598032522583,1.0,9.297608319702148,9.637399520385742,1
Mahabad,reservoir,1991-06,1991,6,2,2,0,0,0,9.7598032522583,0.0,0.0,,,0
Mahabad,reservoir,1991-07,1991,7,4,4,0,0,0,9.7598032522583,9.7598032522583,1.0,7.565688170227051,8.294817481384277,1
Mahabad,reservoir,1991-08,1991,8,4,4,0,0,0,9.7598032522583,9.7598032522583,1.0,6.03534581604004,6.853701559875488,1
Mahabad,reservoir,1991-09,1991,9,2,2,0,0,0,9.7598032522583,9.7598032522583,1.0,5.454459825805664,6.361338179321289,1
Mahabad,reservoir,1991-10,1991,10,0,0,0,0,0,9.7598032522583,0.0,0.0,,,0
Mahabad,reservoir,1991-11,1991,11,4,4,0,0,0,9.7598032522583,9.67415022631836,0.9912238982973224,4.713816682922364,6.095836787353516,1
Mahabad,reservoir,1991-12,1991,12,4,4,0,0,0,9.7598032522583,4.153138853515625,0.4255351000599974,4.094851220825196,4.153138853515625,1
Mahabad,reservoir,1992-01,1992,1,3,3,0,0,0,9.7598032522583,0.0,0.0,,,0
Mahabad,reservoir,1992-02,1992,2,0,0,0,0,0,9.7598032522583,0.0,0.0,,,0
Mahabad,reservoir,1992-03,1992,3,4,4,0,0,0,9.7598032522583,3.050895754333496,0.3125980796413652,2.4613933009643554,3.050895754333496,1
Mahabad,reservoir,1992-04,1992,4,4,4,0,0,0,9.7598032522583,9.705806842285156,0.9944674694174136,9.223444161865237,9.48476574963379,1
Mahabad,reservoir,1992-05,1992,5,2,2,0,0,0,9.7598032522583,0.3497323089599609,0.0358339507386111,0.3454147929077148,0.3497323089599609,1
Mahabad,reservoir,1992-06,1992,6,4,4,0,0,0,9.7598032522583,9.7598032522583,1.0,9.461023880737304,9.68708050012207,1
Mahabad,reservoir,1992-07,1992,7,2,2,0,0,0,9.7598032522583,9.7598032522583,1.0,8.91176711755371,9.30910939630127,1
Mahabad,reservoir,1992-08,1992,8,4,4,0,0,0,9.7598032522583,9.7598032522583,1.0,8.058043323059081,8.692176272216797,1
Mahabad,reservoir,1992-09,1992,9,4,4,0,0,0,9.7598032522583,9.7598032522583,1.0,7.276307129760742,8.119892643066406,1
Mahabad,reservoir,1992-10,1992,10,4,4,0,0,0,9.7598032522583,9.7598032522583,1.0,6.390196391235351,7.23305225402832,1
Mahabad,reservoir,1992-11,1992,11,4,4,0,0,0,9.7598032522583,9.74900640234375,0.9988937430770388,5.930958206848144,7.353310645935059,1
Mahabad,reservoir,1992-12,1992,12,3,3,0,0,0,9.7598032522583,9.240797215026856,0.9468220799316468,7.5686612816772465,9.191856271118164,1
Mahabad,reservoir,1993-01,1993,1,4,4,0,0,0,9.7598032522583,2.1135732553100586,0.2165590023365484,2.1135732553100586,2.1135732553100586,1
Mahabad,reservoir,1993-02,1993,2,3,3,0,0,0,9.7598032522583,0.0,0.0,,,0
Mahabad,reservoir,1993-03,1993,3,2,2,0,0,0,9.7598032522583,4.566586161254882,0.4678973585044585,3.974907179321289,4.497484895324707,1
Mahabad,reservoir,1993-04,1993,4,4,4,0,0,0,9.7598032522583,7.701985597717285,0.7891537768381897,7.518396296569824,7.649422313598633,1
Mahabad,reservoir,1993-05,1993,5,2,2,0,0,0,9.7598032522583,5.2775092450561525,0.5407393067923782,5.163029330932617,5.272469054260254,1
Mahabad,reservoir,1993-06,1993,6,2,2,0,0,0,9.7598032522583,7.883997954223632,0.8078029597983309,7.838640814270019,7.87535789465332,1
Mahabad,reservoir,1993-07,1993,7,2,2,0,0,0,9.7598032522583,9.7598032522583,1.0,8.468332771362304,9.00027404888916,1
Mahabad,reservoir,1993-08,1993,8,3,3,0,0,0,9.7598032522583,9.7598032522583,1.0,7.567837854553223,8.245138905273437,1
Mahabad,reservoir,1993-09,1993,9,0,0,0,0,0,9.7598032522583,0.0,0.0,,,0
Mahabad,reservoir,1993-10,1993,10,2,2,0,0,0,9.7598032522583,2.462242470275879,0.2522840273143975,0.4103450302124023,0.7594906594848633,1
Mahabad,reservoir,1993-11,1993,11,3,3,0,0,0,9.7598032522583,9.759083662536622,0.9999262700586188,6.248404394897461,7.107132163635254,1
Mahabad,reservoir,1993-12,1993,12,4,4,0,0,0,9.7598032522583,8.108918663085937,0.8308485789618383,6.994789102416992,7.925396419433594,1
Mahabad,reservoir,1994-01,1994,1,4,4,0,0,0,9.7598032522583,9.646788291992188,0.9884203649043884,8.20991180090332,9.09467045941162,1
Mahabad,reservoir,1994-02,1994,2,3,3,0,0,0,9.7598032522583,0.0,0.0,,,0
Mahabad,reservoir,1994-03,1994,3,2,2,0,0,0,9.7598032522583,1.3170773167114258,0.134949166767954,1.2609360822753906,1.308438895751953,1
Mahabad,reservoir,1994-04,1994,4,4,4,0,0,0,9.7598032522583,9.7598032522583,1.0,9.512129446411134,9.658999053466797,1
Mahabad,reservoir,1994-05,1994,5,4,4,0,0,0,9.7598032522583,9.7598032522583,1.0,9.659736433532714,9.74036277911377,1
Mahabad,reservoir,1994-06,1994,6,4,4,0,0,0,9.7598032522583,9.657590284973145,0.9895271487914978,8.897364411071777,9.252236639221191,1
Mahabad,reservoir,1994-07,1994,7,2,2,0,0,0,9.7598032522583,9.75836330267334,0.999852461207696,8.622382414733886,9.119765498474122,1
Mahabad,reservoir,1994-08,1994,8,2,2,0,0,0,9.7598032522583,9.7598032522583,1.0,7.897505924255371,8.517946585754395,1
Mahabad,reservoir,1994-09,1994,9,4,4,0,0,0,9.7598032522583,2.678973589904785,0.2744905323050342,1.3550837868652343,1.9943006516723636,1
Mahabad,reservoir,1994-10,1994,10,2,2,0,0,0,9.7598032522583,9.7598032522583,1.0,5.919444342102051,6.659354352294922,1
Mahabad,reservoir,1994-11,1994,11,4,4,0,0,0,9.7598032522583,9.738208974365234,0.997787426925018,6.323253953002929,7.050267341796875,1
Mahabad,reservoir,1994-12,1994,12,1,1,0,0,0,9.7598032522583,0.4735460889282226,0.0485200445837522,0.4354036738891602,0.4656303758544922,1
Mahabad,reservoir,1995-01,1995,1,4,4,0,0,0,9.7598032522583,9.738924474243165,0.997860737816584,8.477704112792969,9.06294319720459,1
Mahabad,reservoir,1995-02,1995,2,0,0,0,0,0,9.7598032522583,0.0,0.0,,,0
Mahabad,reservoir,1995-03,1995,3,0,0,0,0,0,9.7598032522583,0.0,0.0,,,0
Mahabad,reservoir,1995-04,1995,4,2,2,0,0,0,9.7598032522583,9.558939476501465,0.9794192802287937,9.52437991595459,9.550299844055177,1
Mahabad,reservoir,1995-05,1995,5,4,4,0,0,0,9.7598032522583,9.758364000732422,0.9998525327315848,9.548138856262208,9.67988094152832,1
Mahabad,reservoir,1995-06,1995,6,4,4,0,0,0,9.7598032522583,9.754044074768066,0.9994099084437074,9.254414479980468,9.527245113952636,1
Mahabad,reservoir,1995-07,1995,7,4,4,0,0,0,9.7598032522583,9.7598032522583,1.0,8.376206190063476,9.028350489440918,1
Mahabad,reservoir,1995-08,1995,8,4,4,0,0,0,9.7598032522583,9.7598032522583,1.0,7.361254607788086,8.25091542590332,1
Mahabad,reservoir,1995-09,1995,9,2,2,0,0,0,9.7598032522583,9.7598032522583,1.0,6.517628908020019,7.189155389404297,1
Mahabad,reservoir,1995-10,1995,10,2,2,0,0,0,9.7598032522583,9.25075771105957,0.9478426431310546,5.301859710571289,6.863912962829589,1
Mahabad,reservoir,1995-11,1995,11,3,3,0,0,0,9.7598032522583,9.707257378723144,0.994616092950132,5.036266810546875,5.806416447265625,1
Mahabad,reservoir,1995-12,1995,12,4,4,0,0,0,9.7598032522583,9.747564460754395,0.9987460001818096,5.388945269958496,6.662316268188476,1
Mahabad,reservoir,1996-01,1996,1,4,4,0,0,0,9.7598032522583,9.71302396142578,0.9952069432524988,5.2982717463989255,6.287998913146972,1
Mahabad,reservoir,1996-02,1996,2,4,4,0,0,0,9.7598032522583,3.961543177429199,0.4059039998078389,2.9623761529541017,3.3914004140014646,1
Mahabad,reservoir,1996-03,1996,3,6,6,0,0,0,9.7598032522583,9.70726020819092,0.9946163828604614,7.544087610961914,8.304224795837403,1
Mahabad,reservoir,1996-04,1996,4,6,6,0,0,0,9.7598032522583,9.7598032522583,1.0,9.722362119262696,9.748282360229492,1
Mahabad,reservoir,1996-05,1996,5,6,6,0,0,0,9.7598032522583,9.7598032522583,1.0,9.45958185180664,9.63163668017578,1
Mahabad,reservoir,1996-06,1996,6,5,5,0,0,0,9.7598032522583,9.7598032522583,1.0,8.821762456848145,9.265189393676758,1
Mahabad,reservoir,1996-07,1996,7,5,5,0,0,0,9.7598032522583,9.7598032522583,1.0,7.559900485534668,8.25664457849121,1
Mahabad,reservoir,1996-08,1996,8,6,6,0,0,0,9.7598032522583,9.7598032522583,1.0,6.732844954040528,7.464109860412598,1
Mahabad,reservoir,1996-09,1996,9,6,6,0,0,0,9.7598032522583,9.7598032522583,1.0,5.23131413482666,6.082763073425293,1
Mahabad,reservoir,1996-10,1996,10,6,6,0,0,0,9.7598032522583,9.7598032522583,1.0,4.486380605163574,5.548718862731934,1
Mahabad,reservoir,1996-11,1996,11,3,3,0,0,0,9.7598032522583,9.755484767089843,0.9995575233376288,4.273346166870117,5.21191278692627,1
Mahabad,reservoir,1996-12,1996,12,5,5,0,0,0,9.7598032522583,9.737489565063475,0.9977137154696576,4.294938109924316,4.983742044128418,1
Mahabad,reservoir,1997-01,1997,1,4,4,0,0,0,9.7598032522583,7.620298592102051,0.7807840378686738,4.647666747009278,5.384693300292969,1
Mahabad,reservoir,1997-02,1997,2,6,6,0,0,0,9.7598032522583,3.840044977722168,0.393455162821405,3.2312278228759768,3.75081358013916,1
Mahabad,reservoir,1997-03,1997,3,5,5,0,0,0,9.7598032522583,9.156519664123536,0.9381869108892976,6.190062827392578,7.947244061462403,1
Mahabad,reservoir,1997-04,1997,4,4,4,0,0,0,9.7598032522583,4.006046695617676,0.4104638784281563,3.694323507507325,3.83684783392334,1
Mahabad,reservoir,1997-05,1997,5,6,6,0,0,0,9.7598032522583,9.7598032522583,1.0,9.692125404724122,9.747562447265626,1
Mahabad,reservoir,1997-06,1997,6,6,6,0,0,0,9.7598032522583,9.7598032522583,1.0,9.444436204528808,9.605712097106933,1
Mahabad,reservoir,1997-07,1997,7,5,5,0,0,0,9.7598032522583,9.7598032522583,1.0,8.463277841186523,8.989463315734863,1
Mahabad,reservoir,1997-08,1997,8,6,6,0,0,0,9.7598032522583,9.7598032522583,1.0,7.200728673828125,7.936332451782227,1
Mahabad,reservoir,1997-09,1997,9,4,4,0,0,0,9.7598032522583,9.7598032522583,1.0,6.160571364196778,6.93286472821045,1
Mahabad,reservoir,1997-10,1997,10,5,5,0,0,0,9.7598032522583,9.7598032522583,1.0,5.223391875427246,6.095714505737305,1
Mahabad,reservoir,1997-11,1997,11,5,5,0,0,0,9.7598032522583,9.299260216064454,0.9528122622669384,4.639796723449707,7.026005524414063,1
Mahabad,reservoir,1997-12,1997,12,6,6,0,0,0,9.7598032522583,9.7490071484375,0.9988938195226114,4.691498519836426,6.079249473999023,1
Mahabad,reservoir,1998-01,1998,1,1,1,0,0,0,9.7598032522583,2.074007043029785,0.2125050054210759,2.074007043029785,2.074007043029785,1
Mahabad,reservoir,1998-02,1998,2,2,2,0,0,0,9.7598032522583,6.054070028991699,0.6203065648470792,5.01909455090332,5.997933922058105,1
Mahabad,reservoir,1998-03,1998,3,5,5,0,0,0,9.7598032522583,9.615096608642578,0.9851732007423162,6.858094338500977,7.913344203735352,1
Mahabad,reservoir,1998-04,1998,4,5,5,0,0,0,9.7598032522583,1.9071486209106443,0.1954085109727343,1.4960299390258789,1.7588253608398436,1
Mahabad,reservoir,1998-05,1998,5,7,7,0,0,0,9.7598032522583,7.865651014770508,0.8059231125330821,7.746131437072754,7.8332490812988285,1
Mahabad,reservoir,1998-06,1998,6,3,3,0,0,0,9.7598032522583,9.754046442443848,0.9994101510383294,9.07299695263672,9.390445045715332,1
Mahabad,reservoir,1998-07,1998,7,4,4,0,0,0,9.7598032522583,9.7598032522583,1.0,8.294128406555176,8.945558950561523,1
Mahabad,reservoir,1998-08,1998,8,6,6,0,0,0,9.7598032522583,9.7598032522583,1.0,7.166885979553222,7.994633207763671,1
Mahabad,reservoir,1998-09,1998,9,5,5,0,0,0,9.7598032522583,9.7598032522583,1.0,5.517030593383789,6.579411419372558,1
Mahabad,reservoir,1998-10,1998,10,5,5,0,0,0,9.7598032522583,9.7598032522583,1.0,4.411515557067872,5.338527342407226,1
Mahabad,reservoir,1998-11,1998,11,4,4,0,0,0,9.7598032522583,9.7598032522583,1.0,4.204248280761719,5.171587744812012,1
Mahabad,reservoir,1998-12,1998,12,5,5,0,0,0,9.7598032522583,9.7598032522583,1.0,4.292776649658203,5.363069378173829,1
Mahabad,reservoir,1999-01,1999,1,2,2,0,0,0,9.7598032522583,0.0,0.0,,,0
Mahabad,reservoir,1999-02,1999,2,4,4,0,0,0,9.7598032522583,9.750447594360352,0.9990414091702328,5.054994587158203,7.275714015930176,1
Mahabad,reservoir,1999-03,1999,3,4,4,0,0,0,9.7598032522583,9.117840910583496,0.9342238439564584,5.001085372009277,6.483943683105469,1
Mahabad,reservoir,1999-04,1999,4,2,2,0,0,0,9.7598032522583,4.965013586425782,0.5087206635315048,3.4056789263916016,3.9959443997192383,1
Mahabad,reservoir,1999-05,1999,5,4,4,0,0,0,9.7598032522583,9.7598032522583,1.0,6.526228281188965,7.37052384979248,1
Mahabad,reservoir,1999-06,1999,6,4,4,0,0,0,9.7598032522583,9.7598032522583,1.0,5.484663510375976,6.614692328430176,1
Mahabad,reservoir,1999-07,1999,7,2,2,0,0,0,9.7598032522583,9.7598032522583,1.0,4.834000359252929,5.711342968383789,1
Mahabad,reservoir,1999-08,1999,8,4,2,2,0,0,9.7598032522583,9.7598032522583,1.0,4.20136355090332,4.811663425048828,1
Mahabad,reservoir,1999-09,1999,9,3,3,0,0,0,9.7598032522583,9.7598032522583,1.0,3.4658370666503906,4.882966841003418,1
Mahabad,reservoir,1999-10,1999,10,4,2,2,0,0,9.7598032522583,9.7598032522583,1.0,3.2564120834960937,3.825718976989746,1
Mahabad,reservoir,1999-11,1999,11,4,4,0,0,0,9.7598032522583,9.7598032522583,1.0,3.2830376196899413,5.2393772229614255,1
Mahabad,reservoir,1999-12,1999,12,5,3,2,0,0,9.7598032522583,9.753325801513672,0.9993363133889884,3.5054271247558595,4.338905500427246,1
Mahabad,reservoir,2000-01,2000,1,5,3,2,0,0,9.7598032522583,0.1050601532592773,0.0107645769636767,0.0921075975952148,0.1050601532592773,1
Mahabad,reservoir,2000-02,2000,2,4,1,3,0,0,9.7598032522583,7.71216561529541,0.7901968324526324,2.7850803654174805,4.439323546447754,1
Mahabad,reservoir,2000-03,2000,3,3,3,0,0,0,9.7598032522583,9.746848241577148,0.9986726155900576,4.380591923583984,6.260710618774414,1
Mahabad,reservoir,2000-04,2000,4,5,3,2,0,0,9.7598032522583,9.7598032522583,1.0,6.925750339294433,7.768623389282227,1
Mahabad,reservoir,2000-05,2000,5,6,4,2,0,0,9.7598032522583,9.7598032522583,1.0,6.952374804199219,8.027014782165528,1
Mahabad,reservoir,2000-06,2000,6,6,4,2,0,0,9.7598032522583,9.7598032522583,1.0,5.719339296875,6.66580830444336,1
Mahabad,reservoir,2000-07,2000,7,6,4,2,0,0,9.7598032522583,9.7598032522583,1.0,5.142775021728515,6.077689282043457,1
Mahabad,reservoir,2000-08,2000,8,6,4,2,0,0,9.7598032522583,9.7598032522583,1.0,4.161782213989258,4.898032348632812,1
Mahabad,reservoir,2000-09,2000,9,2,2,0,0,0,9.7598032522583,9.7598032522583,1.0,3.792580993835449,4.696516445800781,1
Mahabad,reservoir,2000-10,2000,10,6,2,4,0,0,9.7598032522583,9.7598032522583,1.0,3.578111866638184,4.32370809765625,1
Mahabad,reservoir,2000-11,2000,11,4,4,0,0,0,9.7598032522583,9.750446953125,0.9990413434685648,3.5399653188476563,4.407239043029785,1
Mahabad,reservoir,2000-12,2000,12,6,4,2,0,0,9.7598032522583,8.939048484436036,0.9159045785444137,4.062448168334961,5.8776674565429685,1
Mahabad,reservoir,2001-01,2001,1,6,4,2,0,0,9.7598032522583,8.525344560913085,0.8735160269691321,3.692608490539551,6.230682003967285,1
Mahabad,reservoir,2001-02,2001,2,2,0,2,0,0,9.7598032522583,7.361565958618164,0.7542740123285565,3.6228176954956055,4.778820244445801,1
Mahabad,reservoir,2001-03,2001,3,8,4,4,0,0,9.7598032522583,9.7598032522583,1.0,5.874828929260254,6.979731344848632,1
Mahabad,reservoir,2001-04,2001,4,8,4,4,0,0,9.7598032522583,9.7598032522583,1.0,7.148891889038086,7.9694374592895505,1
Mahabad,reservoir,2001-05,2001,5,4,2,2,0,0,9.7598032522583,9.759083520874023,0.9999262555437158,6.256310606384277,6.971766783935547,1
Mahabad,reservoir,2001-06,2001,6,2,2,0,0,0,9.7598032522583,9.7598032522583,1.0,5.987091724914551,6.779527291992188,1
Mahabad,reservoir,2001-07,2001,7,2,2,0,0,0,9.7598032522583,9.7598032522583,1.0,5.221946323486328,5.889838491333008,1
Mahabad,reservoir,2001-08,2001,8,6,4,2,0,0,9.7598032522583,9.7598032522583,1.0,4.48924899395752,5.101708327575683,1
Mahabad,reservoir,2001-09,2001,9,4,4,0,0,0,9.7598032522583,9.7598032522583,1.0,3.747240088806152,4.407903989196777,1
Mahabad,reservoir,2001-10,2001,10,8,4,4,0,0,9.7598032522583,9.7598032522583,1.0,3.7098151236572265,4.212873802734375,1
Mahabad,reservoir,2001-11,2001,11,6,4,2,0,0,9.7598032522583,9.7598032522583,1.0,3.681025051574707,4.266137467102051,1
Mahabad,reservoir,2001-12,2001,12,6,2,4,0,0,9.7598032522583,9.758363849182128,0.9998525172035778,4.125817195617676,5.132754991088867,1
Mahabad,reservoir,2002-01,2002,1,8,4,4,0,0,9.7598032522583,9.49274603302002,0.972637028397423,6.763078174743653,7.976645473510742,1
Mahabad,reservoir,2002-02,2002,2,6,4,2,0,0,9.7598032522583,9.746845223815916,0.998672306386977,7.83421389453125,8.572010849975586,1
Mahabad,reservoir,2002-03,2002,3,2,2,0,0,0,9.7598032522583,9.74036995666504,0.9980088435093438,8.267515156555175,8.812401253967286,1
Mahabad,reservoir,2002-04,2002,4,2,0,2,0,0,9.7598032522583,6.917203791015625,0.7087441838968493,6.893445588378906,6.915763501403808,1
Mahabad,reservoir,2002-05,2002,5,6,2,4,0,0,9.7598032522583,8.695820018249512,0.8909831267589747,8.633899936950684,8.679258290039062,1
Mahabad,reservoir,2002-06,2002,6,4,4,0,0,0,9.7598032522583,9.7598032522583,1.0,8.664850768432617,9.269504304748535,1
Mahabad,reservoir,2002-07,2002,7,6,4,2,0,0,9.7598032522583,9.7598032522583,1.0,7.897495104125976,8.576258176513672,1
Mahabad,reservoir,2002-08,2002,8,2,2,0,0,0,9.7598032522583,9.7598032522583,1.0,7.171906270690918,7.92334373638916,1
Mahabad,reservoir,2002-09,2002,9,2,0,2,0,0,9.7598032522583,9.7598032522583,1.0,6.110902067749024,6.710447480773926,1
Mahabad,reservoir,2002-10,2002,10,2,0,2,0,0,9.7598032522583,9.7598032522583,1.0,5.150693306640625,5.829405801940918,1
Mahabad,reservoir,2002-11,2002,11,0,0,0,0,0,9.7598032522583,0.0,0.0,,,0
Mahabad,reservoir,2002-12,2002,12,2,0,2,0,0,9.7598032522583,6.485382089416504,0.664499265178923,5.677651820617676,6.3874785491333,1
Mahabad,reservoir,2003-01,2003,1,0,0,0,0,0,9.7598032522583,0.0,0.0,,,0
Mahabad,reservoir,2003-02,2003,2,0,0,0,0,0,9.7598032522583,0.0,0.0,,,0
Mahabad,reservoir,2003-03,2003,3,4,0,4,0,0,9.7598032522583,5.326910239868164,0.5458009861659436,5.200907390197754,5.264267462219238,1
Mahabad,reservoir,2003-04,2003,4,4,0,4,0,0,9.7598032522583,9.7598032522583,1.0,9.6842078013916,9.735322474182128,1
Mahabad,reservoir,2003-05,2003,5,3,0,3,0,0,9.7598032522583,9.7598032522583,1.0,9.7490072845459,9.7598032522583,1
Mahabad,reservoir,2003-06,2003,6,0,0,0,0,0,9.7598032522583,0.0,0.0,,,0
Mahabad,reservoir,2003-07,2003,7,0,0,0,0,0,9.7598032522583,0.0,0.0,,,0
Mahabad,reservoir,2003-08,2003,8,0,0,0,0,0,9.7598032522583,0.0,0.0,,,0
Mahabad,reservoir,2003-09,2003,9,1,1,0,0,0,9.7598032522583,0.9963165150146484,0.1020836680067411,0.3678228899536133,0.4542075553588867,1
Mahabad,reservoir,2003-10,2003,10,4,2,2,0,0,9.7598032522583,8.557125315063477,0.8767723174218149,5.56397921875,6.0886798974609375,1
Mahabad,reservoir,2003-11,2003,11,1,0,1,0,0,9.7598032522583,0.0,0.0,,,0
Mahabad,reservoir,2003-12,2003,12,4,0,4,0,0,9.7598032522583,0.0,0.0,,,0
Mahabad,reservoir,2004-01,2004,1,3,1,2,0,0,9.7598032522583,7.799817298522949,0.7991777187432714,6.285962542602539,6.856797199645996,1
Mahabad,reservoir,2004-02,2004,2,3,1,2,0,0,9.7598032522583,5.378995765930176,0.55113772551568,5.234292964904785,5.317804541687011,1
Mahabad,reservoir,2004-03,2004,3,2,2,0,0,0,9.7598032522583,0.0,0.0,,,0
Mahabad,reservoir,2004-04,2004,4,0,0,0,0,0,9.7598032522583,0.0,0.0,,,0
Mahabad,reservoir,2004-05,2004,5,4,1,3,0,0,9.7598032522583,8.04673534161377,0.8244772085699424,8.022982996948242,8.038817601013184,1
Mahabad,reservoir,2004-06,2004,6,6,2,4,0,0,9.7598032522583,9.7598032522583,1.0,9.591336561096192,9.697889192077636,1
Mahabad,reservoir,2004-07,2004,7,3,1,2,0,0,9.7598032522583,8.817660976440429,0.9034670831504856,7.8162766297607424,8.225135819885255,1
Mahabad,reservoir,2004-08,2004,8,8,4,4,0,0,9.7598032522583,9.7598032522583,1.0,7.865816247375489,8.523708664123536,1
Mahabad,reservoir,2004-09,2004,9,9,5,4,0,0,9.7598032522583,9.7598032522583,1.0,6.597502376464844,7.301419022644043,1
Mahabad,reservoir,2004-10,2004,10,7,5,2,0,0,9.7598032522583,9.7598032522583,1.0,5.974131249755859,6.886769608703613,1
Mahabad,reservoir,2004-11,2004,11,9,5,4,0,0,9.7598032522583,9.7598032522583,1.0,6.664464316101074,7.815523222534179,1
Mahabad,reservoir,2004-12,2004,12,4,4,0,0,0,9.7598032522583,0.3570315030517578,0.0365818340619873,0.3318350059814453,0.3332745432128906,1
Mahabad,reservoir,2005-01,2005,1,5,1,4,0,0,9.7598032522583,8.001129433288574,0.8198043778635813,7.12440049810791,7.922677392883301,1
Mahabad,reservoir,2005-02,2005,2,7,3,4,0,0,9.7598032522583,6.2916440823364255,0.6446486593754454,5.717192359375,6.210293654296875,1
Mahabad,reservoir,2005-03,2005,3,7,5,2,0,0,9.7598032522583,9.7598032522583,1.0,9.31415794885254,9.533008678649905,1
Mahabad,reservoir,2005-04,2005,4,7,3,4,0,0,9.7598032522583,3.747371507263184,0.3839597387781446,3.5810806123046874,3.72145325769043,1
Mahabad,reservoir,2005-05,2005,5,8,4,4,0,0,9.7598032522583,9.476221519714356,0.9709439088868592,9.438066427368163,9.47046066156006,1
Mahabad,reservoir,2005-06,2005,6,9,5,4,0,0,9.7598032522583,9.7598032522583,1.0,8.968625742065429,9.369561115600586,1
Mahabad,reservoir,2005-07,2005,7,5,4,1,0,0,9.7598032522583,9.7598032522583,1.0,8.400662085205077,8.95922413885498,1
Mahabad,reservoir,2005-08,2005,8,8,4,4,0,0,9.7598032522583,9.7598032522583,1.0,6.763042573059082,7.444652695495606,1
Mahabad,reservoir,2005-09,2005,9,5,1,4,0,0,9.7598032522583,9.7598032522583,1.0,5.369500579162597,6.161954655700684,1
Mahabad,reservoir,2005-10,2005,10,4,2,2,0,0,9.7598032522583,9.758364005737304,0.9998525332443906,4.96068074798584,5.760325729858399,1
Mahabad,reservoir,2005-11,2005,11,5,3,2,0,0,9.7598032522583,7.934466794677735,0.8129740517916481,4.085531282043457,4.677891484375,1
Mahabad,reservoir,2005-12,2005,12,0,0,0,0,0,9.7598032522583,0.0,0.0,,,0
Mahabad,reservoir,2006-01,2006,1,2,1,1,0,0,9.7598032522583,0.0,0.0,,,0
Mahabad,reservoir,2006-02,2006,2,3,3,0,0,0,9.7598032522583,0.0014391098632812,0.00014745275351204002,0.0,0.0014391098632812,1
Mahabad,reservoir,2006-03,2006,3,1,1,0,0,0,9.7598032522583,0.9048182771606446,0.0927086595676281,0.4685851331787109,0.7990126069335938,1
Mahabad,reservoir,2006-04,2006,4,1,1,0,0,0,9.7598032522583,0.0028788286132812,0.00029496789421601545,0.0028788286132812,0.0028788286132812,1
Mahabad,reservoir,2006-05,2006,5,9,5,4,0,0,9.7598032522583,9.7598032522583,1.0,9.744687867858886,9.7598032522583,1
Mahabad,reservoir,2006-06,2006,6,7,3,4,0,0,9.7598032522583,9.7598032522583,1.0,9.4026874151001,9.580513329833984,1
Mahabad,reservoir,2006-07,2006,7,10,6,4,0,0,9.7598032522583,9.7598032522583,1.0,8.193360865600585,8.821727811584473,1
Mahabad,reservoir,2006-08,2006,8,5,5,0,0,0,9.7598032522583,9.7598032522583,1.0,6.898362565368652,7.856385698181152,1
Mahabad,reservoir,2006-09,2006,9,8,5,3,0,0,9.7598032522583,9.7598032522583,1.0,5.524964655639648,6.418890248779297,1
Mahabad,reservoir,2006-10,2006,10,9,5,4,0,0,9.7598032522583,9.724531693847656,0.9963860379662384,5.101740034118652,5.959669318786621,1
Mahabad,reservoir,2006-11,2006,11,6,2,4,0,0,9.7598032522583,8.92969536730957,0.914946248044841,6.301574162353516,7.222933376525879,1
Mahabad,reservoir,2006-12,2006,12,7,3,4,0,0,9.7598032522583,9.669817908630373,0.9907800043400354,6.446321282653809,7.317316030334473,1
Mahabad,reservoir,2007-01,2007,1,6,3,3,0,0,9.7598032522583,4.8641328324584965,0.4983843123408245,4.736042522766113,4.846862733520508,1
Mahabad,reservoir,2007-02,2007,2,5,1,4,0,0,9.7598032522583,6.887961985168457,0.7057480368341099,4.345491448059082,6.398497146972656,1
Mahabad,reservoir,2007-03,2007,3,2,0,2,0,0,9.7598032522583,8.076948987915038,0.8275729314570075,6.532841815917969,6.980565862792969,1
Mahabad,reservoir,2007-04,2007,4,8,4,4,0,0,9.7598032522583,9.7598032522583,1.0,9.702937128967283,9.752606405822752,1
Mahabad,reservoir,2007-05,2007,5,5,4,1,0,0,9.7598032522583,9.7598032522583,1.0,9.751883907470702,9.7598032522583,1
Mahabad,reservoir,2007-06,2007,6,4,2,2,0,0,9.7598032522583,9.7598032522583,1.0,9.083081277648926,9.44228453137207,1
Mahabad,reservoir,2007-07,2007,7,8,6,2,0,0,9.7598032522583,9.7598032522583,1.0,8.28408283203125,9.047796205078123,1
Mahabad,reservoir,2007-08,2007,8,9,6,3,0,0,9.7598032522583,9.7598032522583,1.0,7.11864169732666,7.938458366027832,1
Mahabad,reservoir,2007-09,2007,9,10,6,4,0,0,9.7598032522583,9.7598032522583,1.0,5.337099690490723,6.115137318664551,1
Mahabad,reservoir,2007-10,2007,10,3,1,2,0,0,9.7598032522583,8.129641172912597,0.8329718297376022,3.830778416320801,4.38642289465332,1
Mahabad,reservoir,2007-11,2007,11,2,0,2,0,0,9.7598032522583,0.0,0.0,,,0
Mahabad,reservoir,2007-12,2007,12,4,0,4,0,0,9.7598032522583,9.240771350158692,0.9468194297892724,4.5950647368774415,5.874855003845215,1
Mahabad,reservoir,2008-01,2008,1,3,0,3,0,0,9.7598032522583,3.982617202575684,0.4080632672235635,3.8667429852905273,3.981177965942383,1
Mahabad,reservoir,2008-02,2008,2,1,0,1,0,0,9.7598032522583,0.0,0.0,,,0
Mahabad,reservoir,2008-03,2008,3,6,3,3,0,0,9.7598032522583,9.379653389221192,0.9610494337630068,8.117736978271484,8.667668260131835,1
Mahabad,reservoir,2008-04,2008,4,3,1,2,0,0,9.7598032522583,8.284231022399902,0.8488112729611667,7.32319180291748,7.8133781789550785,1
Mahabad,reservoir,2008-05,2008,5,6,2,4,0,0,9.7598032522583,6.867349641357422,0.7036360737874916,5.54642426751709,6.325984270446777,1
Mahabad,reservoir,2008-06,2008,6,7,3,4,0,0,9.7598032522583,9.7598032522583,1.0,7.310135373901367,8.17241970703125,1
Mahabad,reservoir,2008-07,2008,7,9,4,5,0,0,9.7598032522583,9.7598032522583,1.0,6.670931631530761,7.530308268554688,1
Mahabad,reservoir,2008-08,2008,8,6,4,2,0,0,9.7598032522583,9.7598032522583,1.0,6.117387603515625,7.102704797485352,1
Mahabad,reservoir,2008-09,2008,9,6,2,4,0,0,9.7598032522583,8.164059934936523,0.8364984133309713,4.066830462402344,4.649789737243652,1
Mahabad,reservoir,2008-10,2008,10,2,0,2,0,0,9.7598032522583,0.0,0.0,,,0
Mahabad,reservoir,2008-11,2008,11,4,2,2,0,0,9.7598032522583,9.74540489416504,0.9985247286527082,5.886312227539063,6.765895355834961,1
Mahabad,reservoir,2008-12,2008,12,6,2,4,0,0,9.7598032522583,9.40926478955078,0.9640834498762656,5.738767196716308,6.499577679077149,1
Mahabad,reservoir,2009-01,2009,1,9,3,6,0,0,9.7598032522583,9.391252323181153,0.962237873085006,6.123872229309082,6.98185431414795,1
Mahabad,reservoir,2009-02,2009,2,9,6,3,0,0,9.7598032522583,7.790506518737793,0.7982237261734926,4.862951207885742,6.129804427001953,1
Mahabad,reservoir,2009-03,2009,3,7,5,2,0,0,9.7598032522583,7.901255733642578,0.8095712105481555,6.843038345275879,7.326744795471192,1
Mahabad,reservoir,2009-04,2009,4,6,4,2,0,0,9.7598032522583,8.97525489831543,0.9196143268808892,7.978931874938965,8.351794396972656,1
Mahabad,reservoir,2009-05,2009,5,9,5,4,0,0,9.7598032522583,9.744683126403809,0.9984507755470384,9.082377405029296,9.451640187194824,1
Mahabad,reservoir,2009-06,2009,6,10,6,4,0,0,9.7598032522583,9.7598032522583,1.0,8.228658066589356,8.946990955810547,1
Mahabad,reservoir,2009-07,2009,7,10,6,4,0,0,9.7598032522583,9.7598032522583,1.0,7.42962082220459,8.276791160705566,1
Mahabad,reservoir,2009-08,2009,8,5,4,1,0,0,9.7598032522583,9.7598032522583,1.0,6.609021665344239,7.347474661315918,1
Mahabad,reservoir,2009-09,2009,9,9,6,3,0,0,9.7598032522583,9.7598032522583,1.0,5.197464982421875,6.084206818786621,1
Mahabad,reservoir,2009-10,2009,10,8,6,2,0,0,9.7598032522583,9.7598032522583,1.0,4.805920101989746,5.372338858276367,1
Mahabad,reservoir,2009-11,2009,11,9,6,3,0,0,9.7598032522583,9.75836342437744,0.99985247367763,4.9167657302246095,6.072721099060058,1
Mahabad,reservoir,2009-12,2009,12,4,2,2,0,0,9.7598032522583,2.3565378842163085,0.2414534210688144,1.4380146752929688,2.285989905212402,1
Mahabad,reservoir,2010-01,2010,1,5,4,1,0,0,9.7598032522583,0.0,0.0,,,0
Mahabad,reservoir,2010-02,2010,2,5,5,0,0,0,9.7598032522583,5.5353461689453125,0.5671575569583843,3.031899519958496,4.332421564880371,1
Mahabad,reservoir,2010-03,2010,3,3,1,2,0,0,9.7598032522583,0.0,0.0,,,0
Mahabad,reservoir,2010-04,2010,4,6,4,2,0,0,9.7598032522583,3.685346590942383,0.3776045987494305,3.118014984008789,3.515418352722168,1
Mahabad,reservoir,2010-05,2010,5,9,3,6,0,0,9.7598032522583,9.7598032522583,1.0,9.45169070880127,9.728120233947754,1
Mahabad,reservoir,2010-06,2010,6,5,0,5,0,0,9.7598032522583,7.265101186035157,0.7443901273679979,6.558855643005371,6.973496774475097,1
Mahabad,reservoir,2010-07,2010,7,11,5,6,0,0,9.7598032522583,9.7598032522583,1.0,8.081765053588867,8.675594851135253,1
Mahabad,reservoir,2010-08,2010,8,6,3,3,0,0,9.7598032522583,9.70581312738037,0.9944681133950688,6.537036365417481,7.192016371459961,1
Mahabad,reservoir,2010-09,2010,9,1,1,0,0,0,9.7598032522583,6.912402623840332,0.7082522511138619,5.164324474365235,5.599730840576171,1
Mahabad,reservoir,2010-10,2010,10,4,4,0,0,0,9.7598032522583,9.7598032522583,1.0,4.454695443237305,4.966390364990234,1
Mahabad,reservoir,2010-11,2010,11,6,6,0,0,0,9.7598032522583,9.7598032522583,1.0,4.36185650970459,4.783608367797852,1
Mahabad,reservoir,2010-12,2010,12,7,4,3,0,0,9.7598032522583,9.759083384277345,0.9999262415478724,4.261822295104981,5.012519008239746,1
Mahabad,reservoir,2011-01,2011,1,8,3,5,0,0,9.7598032522583,5.498385867553711,0.5633705644918047,3.55013474798584,4.629031570190429,1
Mahabad,reservoir,2011-02,2011,2,9,4,5,0,0,9.7598032522583,8.08867003894043,0.8287738830256449,3.5306795571899414,4.495963000061035,1
Mahabad,reservoir,2011-03,2011,3,8,3,5,0,0,9.7598032522583,9.7598032522583,1.0,7.17408644128418,7.866527569458007,1
Mahabad,reservoir,2011-04,2011,4,4,3,1,0,0,9.7598032522583,9.531687564819336,0.9766270198749978,7.846493824096679,8.603702575256348,1
Mahabad,reservoir,2011-05,2011,5,10,6,4,0,0,9.7598032522583,9.505668451904295,0.9739610734165978,9.440879117248535,9.465352675476074,1
Mahabad,reservoir,2011-06,2011,6,10,6,4,0,0,9.7598032522583,9.7598032522583,1.0,9.29833387524414,9.590597620422365,1
Mahabad,reservoir,2011-07,2011,7,9,6,3,0,0,9.7598032522583,9.7598032522583,1.0,8.488502024719239,9.012514688842774,1
Mahabad,reservoir,2011-08,2011,8,8,4,4,0,0,9.7598032522583,9.7598032522583,1.0,6.644283946838379,7.425950893798828,1
Mahabad,reservoir,2011-09,2011,9,7,3,4,0,0,9.7598032522583,9.7598032522583,1.0,5.255779484619141,5.9956738224487305,1
Mahabad,reservoir,2011-10,2011,10,6,1,5,0,0,9.7598032522583,9.021177947692872,0.9243196522025666,4.78360792767334,5.940958253967285,1
Mahabad,reservoir,2011-11,2011,11,7,1,6,0,0,9.7598032522583,7.951123251037598,0.8146806903302896,4.256900691467285,5.340947224731445,1
Mahabad,reservoir,2011-12,2011,12,5,0,5,0,0,9.7598032522583,8.210157998901368,0.841221670836616,4.359755349182129,5.544600882019043,1
Mahabad,reservoir,2012-01,2012,1,5,0,5,0,0,9.7598032522583,8.125937695495605,0.8325923674348005,4.505847047424316,5.590646806762695,1
Mahabad,reservoir,2012-02,2012,2,6,0,6,0,0,9.7598032522583,8.936984489135742,0.9156930993529846,5.548037576049805,6.751576925354004,1
Mahabad,reservoir,2012-03,2012,3,4,0,4,0,0,9.7598032522583,9.677731463806152,0.9915908357647314,6.861699246643067,7.885981649475098,1
Mahabad,reservoir,2012-04,2012,4,6,0,6,0,0,9.7598032522583,3.1253484063720705,0.3202265789168345,2.4838710639038086,2.7768728225097656,1
Mahabad,reservoir,2012-05,2012,5,4,0,4,0,0,9.7598032522583,3.74830005645752,0.3840548789331596,3.411362616149902,3.717337150085449,1
Mahabad,reservoir,2012-06,2012,6,6,0,6,0,0,9.7598032522583,9.187557272888183,0.9413670578617752,8.292720738464356,8.737576436218262,1
Mahabad,reservoir,2012-07,2012,7,6,0,6,0,0,9.7598032522583,8.644172718139648,0.885691288514396,6.658812076477051,7.349090210083008,1
Mahabad,reservoir,2012-08,2012,8,4,0,4,0,0,9.7598032522583,8.517588082580566,0.8727212898077324,5.375457303283691,6.016758702636719,1
Mahabad,reservoir,2012-09,2012,9,6,0,6,0,0,9.7598032522583,9.7598032522583,1.0,4.595038569885254,5.276618527282714,1
Mahabad,reservoir,2012-10,2012,10,6,0,6,0,0,9.7598032522583,9.7598032522583,1.0,4.20279943157959,4.692196881408692,1
Mahabad,reservoir,2012-11,2012,11,5,0,5,0,0,9.7598032522583,7.790590656799316,0.7982323470503022,3.213266196044922,3.736506934692383,1
Mahabad,reservoir,2012-12,2012,12,5,0,5,0,0,9.7598032522583,2.2731341502075195,0.2329077842508294,0.9463945283813476,1.5913732144165038,1
Mahabad,reservoir,2013-01,2013,1,6,0,6,0,0,9.7598032522583,5.106939106567383,0.5232625058692345,4.017851924255371,4.366901393188477,1
Mahabad,reservoir,2013-02,2013,2,4,0,4,0,0,9.7598032522583,7.881269058410645,0.8075233541810398,6.742402577209472,7.164943370544433,1
Mahabad,reservoir,2013-03,2013,3,4,0,4,0,0,9.7598032522583,4.8889815236816405,0.5009303361264367,4.75003565411377,4.817699834716797,1
Mahabad,reservoir,2013-04,2013,4,12,0,6,6,0,9.7598032522583,9.654734987243652,0.989234591897092,9.615142534729005,9.654015168945312,1
Mahabad,reservoir,2013-05,2013,5,7,0,5,2,0,9.7598032522583,7.849210803222657,0.8042386306718267,7.440293298645019,7.717444377319336,1
Mahabad,reservoir,2013-06,2013,6,8,0,4,4,0,9.7598032522583,9.753326350708008,0.9993363696600344,9.087396272216797,9.420680254516602,1
Mahabad,reservoir,2013-07,2013,7,10,0,6,4,0,9.7598032522583,9.7598032522583,1.0,7.841357928283691,8.48268946282959,1
Mahabad,reservoir,2013-08,2013,8,10,0,6,4,0,9.7598032522583,9.7598032522583,1.0,6.315333788940429,6.998386789855957,1
Mahabad,reservoir,2013-09,2013,9,10,0,6,4,0,9.7598032522583,9.71302639794922,0.9952071929013264,4.664858404846191,5.157136144592285,1
Mahabad,reservoir,2013-10,2013,10,9,0,5,4,0,9.7598032522583,9.7598032522583,1.0,4.330186180114746,4.810945755249024,1
Mahabad,reservoir,2013-11,2013,11,7,0,5,2,0,9.7598032522583,9.7598032522583,1.0,4.380576202575684,5.009643154052735,1
Mahabad,reservoir,2013-12,2013,12,8,0,4,4,0,9.7598032522583,8.897513064941407,0.911648814527345,4.824699103759766,5.61714627923584,1
Mahabad,reservoir,2014-01,2014,1,8,0,5,3,0,9.7598032522583,1.6220380963134766,0.1661957781718762,1.466608351928711,1.49898936328125,1
Mahabad,reservoir,2014-02,2014,2,8,0,5,3,0,9.7598032522583,8.282142810974122,0.8485973125593217,5.100418534667969,5.880693872497559,1
Mahabad,reservoir,2014-03,2014,3,10,0,6,4,0,9.7598032522583,9.7598032522583,1.0,7.541271448791504,8.244466288757325,1
Mahabad,reservoir,2014-04,2014,4,8,0,4,4,0,9.7598032522583,8.69402037109375,0.890798732964423,7.595446517211914,8.071973828918457,1
Mahabad,reservoir,2014-05,2014,5,10,0,6,4,0,9.7598032522583,9.7598032522583,1.0,8.133655877807618,8.967155057434082,1
Mahabad,reservoir,2014-06,2014,6,10,0,6,4,0,9.7598032522583,9.7598032522583,1.0,7.34253201196289,7.962249622253418,1
Mahabad,reservoir,2014-07,2014,7,10,0,6,4,0,9.7598032522583,9.7598032522583,1.0,6.624148906616211,7.257533826293946,1
Mahabad,reservoir,2014-08,2014,8,10,0,6,4,0,9.7598032522583,9.7598032522583,1.0,5.135570337707519,5.774690992858886,1
Mahabad,reservoir,2014-09,2014,9,9,0,6,3,0,9.7598032522583,9.7598032522583,1.0,3.9746551341552734,4.39494905279541,1
Mahabad,reservoir,2014-10,2014,10,6,0,2,4,0,9.7598032522583,9.661935082702636,0.9899723214673392,3.81562981829834,4.489311690307617,1
Mahabad,reservoir,2014-11,2014,11,6,0,3,3,0,9.7598032522583,8.013638551391601,0.8210860756375741,3.668076785400391,4.119353938049317,1
Mahabad,reservoir,2014-12,2014,12,10,0,6,4,0,9.7598032522583,9.7598032522583,1.0,6.140826221008301,7.482368695129394,1
Mahabad,reservoir,2015-01,2015,1,12,0,6,6,0,9.7598032522583,9.758363963439942,0.9998525289105572,5.226244095275879,6.092855950378418,1
Mahabad,reservoir,2015-02,2015,2,8,0,4,4,0,9.7598032522583,9.554710171875,0.9789859411012364,6.005127537475586,6.712644937316894,1
Mahabad,reservoir,2015-03,2015,3,10,0,6,4,0,9.7598032522583,9.755485467834472,0.9995575951366816,7.1121753999633786,7.680796420593261,1
Mahabad,reservoir,2015-04,2015,4,10,0,6,4,0,9.7598032522583,9.51369105419922,0.9747830779270952,8.382752615966798,8.890940040161134,1
Mahabad,reservoir,2015-05,2015,5,9,0,5,4,0,9.7598032522583,9.01338045562744,0.9235207127297216,7.446966087219239,8.263184016967774,1
Mahabad,reservoir,2015-06,2015,6,10,0,6,4,0,9.7598032522583,9.7598032522583,1.0,7.544803472473144,8.222100829589843,1
Mahabad,reservoir,2015-07,2015,7,8,0,6,2,0,9.7598032522583,9.7598032522583,1.0,6.7357223920288085,7.324472442687989,1
Mahabad,reservoir,2015-08,2015,8,10,0,5,5,0,9.7598032522583,9.7598032522583,1.0,5.295350964050293,5.927271345336914,1
Mahabad,reservoir,2015-09,2015,9,10,0,6,4,0,9.7598032522583,9.7598032522583,1.0,4.18336994744873,4.7303358965454105,1
Mahabad,reservoir,2015-10,2015,10,8,0,4,4,0,9.7598032522583,8.730699219604492,0.8945568874643363,3.164334918701172,3.699812971313477,1
Mahabad,reservoir,2015-11,2015,11,10,0,6,4,0,9.7598032522583,9.753327039123535,0.999336440195834,4.543228524963379,5.181655894470215,1
Mahabad,reservoir,2015-12,2015,12,8,0,4,4,0,9.7598032522583,4.387864253112793,0.4495853184435346,3.943049131164551,4.022941989135743,1
Mahabad,reservoir,2016-01,2016,1,4,0,2,2,0,9.7598032522583,7.558454828674316,0.7744474589613659,5.683530981018066,7.102086948791504,1
Mahabad,reservoir,2016-02,2016,2,9,0,5,4,0,9.7598032522583,9.541757833007813,0.9776588304482432,8.62607839038086,8.93199081652832,1
Mahabad,reservoir,2016-03,2016,3,6,0,4,2,0,9.7598032522583,7.0998762775878905,0.7274610044977151,7.028599528869629,7.076834424865723,1
Mahabad,reservoir,2016-04,2016,4,9,0,5,4,0,9.7598032522583,9.643940964416505,0.9881286246405646,9.638902591552734,9.643940964416505,1
Mahabad,reservoir,2016-05,2016,5,9,0,5,4,0,9.7598032522583,9.754766059509278,0.9994838837813808,9.711576428039551,9.753326239074706,1
Mahabad,reservoir,2016-06,2016,6,7,0,3,4,0,9.7598032522583,5.643293681518554,0.5782179758810982,5.211320940856933,5.421523904113769,1
Mahabad,reservoir,2016-07,2016,7,7,0,3,4,0,9.7598032522583,9.7598032522583,1.0,8.698688321044921,9.119044747436524,1
Mahabad,reservoir,2016-08,2016,8,12,0,6,6,0,9.7598032522583,9.7598032522583,1.0,7.771545521972656,8.366067992492676,1
Mahabad,reservoir,2016-09,2016,9,11,0,6,5,0,9.7598032522583,9.7598032522583,1.0,6.676685179016113,7.245998536865234,1
Mahabad,reservoir,2016-10,2016,10,10,0,6,4,0,9.7598032522583,9.75332649975586,0.9993363849316386,6.060510272521973,6.641336839050293,1
Mahabad,reservoir,2016-11,2016,11,8,0,4,4,0,9.7598032522583,9.746847928649904,0.9986725835271936,4.755558991455078,5.649474155090332,1
Mahabad,reservoir,2016-12,2016,12,5,0,3,2,0,9.7598032522583,9.69214162335205,0.9930673163016278,4.694357562927246,5.433544823120117,1
Mahabad,reservoir,2017-01,2017,1,10,0,6,4,0,9.7598032522583,6.044964812988281,0.6193736345647695,4.003499257446289,5.002547365539551,1
Mahabad,reservoir,2017-02,2017,2,10,0,6,4,0,9.7598032522583,7.056286520812988,0.7229947508603976,4.60801572644043,5.509985716674804,1
Mahabad,reservoir,2017-03,2017,3,7,0,3,4,0,9.7598032522583,9.382724615539551,0.9613641149342332,5.816606540893555,6.550792618957519,1
Mahabad,reservoir,2017-04,2017,4,7,0,5,2,0,9.7598032522583,4.216105594360352,0.4319867404483585,3.5480532527465822,3.899345559082031,1
Mahabad,reservoir,2017-05,2017,5,11,0,6,5,0,9.7598032522583,9.669134620605467,0.9907099939097797,9.44162976348877,9.632412213256837,1
Mahabad,reservoir,2017-06,2017,6,9,0,5,4,0,9.7598032522583,9.7598032522583,1.0,8.895207604125977,9.273097546447756,1
Mahabad,reservoir,2017-07,2017,7,12,0,6,6,0,9.7598032522583,9.7598032522583,1.0,8.02133218145752,8.570507615112305,1
Mahabad,reservoir,2017-08,2017,8,10,0,6,4,0,9.7598032522583,9.7598032522583,1.0,6.8112910036621095,7.381328250610352,1
Mahabad,reservoir,2017-09,2017,9,9,0,4,5,0,9.7598032522583,9.7598032522583,1.0,5.321278684204102,6.010789411865234,1
Mahabad,reservoir,2017-10,2017,10,9,0,5,4,0,9.7598032522583,9.7598032522583,1.0,4.952749749816895,5.528512625610351,1
Mahabad,reservoir,2017-11,2017,11,8,0,4,4,0,9.7598032522583,9.757644311523435,0.9997787925966268,4.769931039489746,5.3795468619384765,1
Mahabad,reservoir,2017-12,2017,12,9,0,4,5,0,9.7598032522583,9.7598032522583,1.0,4.825349926269531,5.419137625244141,1
Mahabad,reservoir,2018-01,2018,1,9,0,5,4,0,9.7598032522583,9.690000073486328,0.9928478907855216,4.945541774841309,5.604832633422852,1
Mahabad,reservoir,2018-02,2018,2,5,0,3,2,0,9.7598032522583,8.507620665832519,0.8717000175043444,4.9163115859375,5.665597506835938,1
Mahabad,reservoir,2018-03,2018,3,10,0,6,4,0,9.7598032522583,9.364736912719726,0.9595210754430772,8.393598370544433,8.79884696508789,1
Mahabad,reservoir,2018-04,2018,4,8,0,4,4,0,9.7598032522583,8.61414791430664,0.8826149146309307,8.221046359313965,8.38085832006836,1
Mahabad,reservoir,2018-05,2018,5,8,0,4,4,0,9.7598032522583,5.149648061828613,0.5276385116305543,5.045248118408203,5.121566232971191,1
Mahabad,reservoir,2018-06,2018,6,12,0,6,6,0,9.7598032522583,9.7598032522583,1.0,9.136362413269042,9.466757813110352,1
Mahabad,reservoir,2018-07,2018,7,10,0,4,6,0,9.7598032522583,9.7598032522583,1.0,8.293417302246095,8.904522563842773,1
Mahabad,reservoir,2018-08,2018,8,11,0,6,5,0,9.7598032522583,9.7598032522583,1.0,7.340367768005371,8.020543388061524,1
Mahabad,reservoir,2018-09,2018,9,12,0,6,6,0,9.7598032522583,9.7598032522583,1.0,6.159130654602051,6.762993059631348,1
Mahabad,reservoir,2018-10,2018,10,10,0,6,4,0,9.7598032522583,9.7598032522583,1.0,5.76683597845459,6.44412668560791,1
Mahabad,reservoir,2018-11,2018,11,7,0,3,4,0,9.7598032522583,8.53904729321289,0.8749200237450543,4.8124641810913085,5.791348208557129,1
Mahabad,reservoir,2018-12,2018,12,7,0,2,5,0,9.7598032522583,9.683482501953126,0.9921800933551078,6.3088371015625,7.146665347595214,1
Mahabad,reservoir,2019-01,2019,1,9,0,5,4,0,9.7598032522583,9.451022575195312,0.968361997769623,7.521066315185547,8.476317703247071,1
Mahabad,reservoir,2019-02,2019,2,8,0,2,6,0,9.7598032522583,9.597173858337404,0.983336816356081,9.03275228100586,9.24797756616211,1
Mahabad,reservoir,2019-03,2019,3,7,0,2,5,0,9.7598032522583,8.776083248352052,0.8992069841491294,8.306675229492187,8.47872229248047,1
Mahabad,reservoir,2019-04,2019,4,8,0,4,4,0,9.7598032522583,9.00839768347168,0.9230101725039636,8.839911963195801,8.902554010925293,1
Mahabad,reservoir,2019-05,2019,5,6,0,2,4,0,9.7598032522583,9.756204967956544,0.99963131589759,9.591329684936523,9.730283631774904,1
Mahabad,reservoir,2019-06,2019,6,6,0,2,4,0,9.7598032522583,9.7598032522583,1.0,9.20616143914795,9.445150009521484,1
Mahabad,reservoir,2019-07,2019,7,9,0,4,5,0,9.7598032522583,9.7598032522583,1.0,8.715963586669922,9.153596417785645,1
Mahabad,reservoir,2019-08,2019,8,10,0,4,6,0,9.7598032522583,9.7598032522583,1.0,7.649165627380371,8.243692647460938,1
Mahabad,reservoir,2019-09,2019,9,9,0,4,5,0,9.7598032522583,9.7598032522583,1.0,6.309579486633301,6.899764130493164,1
Mahabad,reservoir,2019-10,2019,10,7,0,3,4,0,9.7598032522583,9.7598032522583,1.0,6.213838331604004,6.81050333605957,1
Mahabad,reservoir,2019-11,2019,11,7,0,4,3,0,9.7598032522583,9.7598032522583,1.0,6.030992436950684,6.637741216552734,1
Mahabad,reservoir,2019-12,2019,12,5,0,1,4,0,9.7598032522583,9.362575242919922,0.9592995884167578,5.747479809936523,6.262828589050293,1
Mahabad,reservoir,2020-01,2020,1,7,0,4,3,0,9.7598032522583,9.260390327270509,0.948829611409202,5.834600220581055,6.399619840332031,1
Mahabad,reservoir,2020-02,2020,2,6,0,4,2,0,9.7598032522583,6.255830859558105,0.6409791978245649,5.661221074951172,6.198953501281738,1
Mahabad,reservoir,2020-03,2020,3,6,0,4,2,0,9.7598032522583,7.63875284765625,0.7826748808577401,7.169349387573242,7.363714348083496,1
Mahabad,reservoir,2020-04,2020,4,6,0,2,4,0,9.7598032522583,0.0,0.0,,,0
Mahabad,reservoir,2020-05,2020,5,8,0,4,4,0,9.7598032522583,9.7598032522583,1.0,9.558202314453125,9.710121551879883,1
Mahabad,reservoir,2020-06,2020,6,9,0,4,5,0,9.7598032522583,9.7598032522583,1.0,8.943428717041016,9.377479377868651,1
Mahabad,reservoir,2020-07,2020,7,9,0,4,5,0,9.7598032522583,9.7598032522583,1.0,8.163140908996581,8.783594121276856,1
Mahabad,reservoir,2020-08,2020,8,10,0,4,6,0,9.7598032522583,9.7598032522583,1.0,6.806252035583496,7.485703409790039,1
Mahabad,reservoir,2020-09,2020,9,6,0,4,2,0,9.7598032522583,9.7598032522583,1.0,5.238507654296875,5.837318846374512,1
Mahabad,reservoir,2020-10,2020,10,8,0,4,4,0,9.7598032522583,9.7598032522583,1.0,4.962831356445313,5.514847337890625,1
Mahabad,reservoir,2020-11,2020,11,4,0,2,2,0,9.7598032522583,3.2599131223754885,0.3340142252991815,1.2112166942138671,2.082801610107422,1
Mahabad,reservoir,2020-12,2020,12,8,0,4,4,0,9.7598032522583,9.407175558349609,0.9638693849871308,5.220540039489746,5.859698151184082,1
Mahabad,reservoir,2021-01,2021,1,9,0,4,5,0,9.7598032522583,9.556125217895508,0.979130928247384,5.210447188232422,5.7380071733398434,1
Mahabad,reservoir,2021-02,2021,2,5,0,2,3,0,9.7598032522583,8.358475083129882,0.8564183997454898,6.08373523413086,6.585437155334473,1
Mahabad,reservoir,2021-03,2021,3,8,0,4,4,0,9.7598032522583,9.502895969299315,0.9736770018494442,8.726093698486329,9.051463260620118,1
Mahabad,reservoir,2021-04,2021,4,8,0,4,4,0,9.7598032522583,5.2772670222167966,0.5407144883782058,4.827294836181641,5.1044563084106445,1
Mahabad,reservoir,2021-05,2021,5,8,0,4,4,0,9.7598032522583,9.7598032522583,1.0,9.216247165466308,9.514275036132812,1
Mahabad,reservoir,2021-06,2021,6,7,0,3,4,0,9.7598032522583,9.7598032522583,1.0,8.419399693176269,8.939805293884277,1
Mahabad,reservoir,2021-07,2021,7,8,0,4,4,0,9.7598032522583,9.757644408569336,0.9997788025400548,7.44041641796875,8.048601292236327,1
Mahabad,reservoir,2021-08,2021,8,10,0,4,6,0,9.7598032522583,9.7598032522583,1.0,6.034614846557617,6.726277992004395,1
Mahabad,reservoir,2021-09,2021,9,8,0,4,4,0,9.7598032522583,9.7598032522583,1.0,4.982981651672363,5.59257827734375,1
Mahabad,reservoir,2021-10,2021,10,8,0,4,4,0,9.7598032522583,9.7598032522583,1.0,4.723871820922851,5.282354179992676,1
Mahabad,reservoir,2021-11,2021,11,12,0,4,4,4,9.7598032522583,9.7598032522583,1.0,4.687171443969727,5.257206720275879,1
Mahabad,reservoir,2021-12,2021,12,12,0,4,4,4,9.7598032522583,9.6669518772583,0.9904863476649988,4.47056227142334,5.272319407714844,1
Mahabad,reservoir,2022-01,2022,1,4,0,0,4,0,9.7598032522583,9.638165517333984,0.987536866084245,5.26295583581543,5.846710996826172,1
Mahabad,reservoir,2022-02,2022,2,12,0,4,4,4,9.7598032522583,9.725964284301758,0.9965328227340328,7.012847839599609,8.017013985229493,1
Mahabad,reservoir,2022-03,2022,3,9,0,2,4,3,9.7598032522583,9.11214267932129,0.9336399970166251,8.499511071655274,8.82486472442627,1
Mahabad,reservoir,2022-04,2022,4,10,0,2,4,4,9.7598032522583,9.7598032522583,1.0,9.630212827209473,9.75908330480957,1
Mahabad,reservoir,2022-05,2022,5,11,0,5,2,4,9.7598032522583,9.744691716369628,0.9984516556842294,9.509998085998536,9.692850361328125,1
Mahabad,reservoir,2022-06,2022,6,13,0,5,4,4,9.7598032522583,9.7598032522583,1.0,8.983751639892578,9.353725758605956,1
Mahabad,reservoir,2022-07,2022,7,13,0,4,4,5,9.7598032522583,9.7598032522583,1.0,8.00981285357666,8.584190383972167,1
Mahabad,reservoir,2022-08,2022,8,12,0,4,4,4,9.7598032522583,9.7598032522583,1.0,6.560071739013672,7.360460148376465,1
Mahabad,reservoir,2022-09,2022,9,12,0,4,4,4,9.7598032522583,9.7598032522583,1.0,5.563137060668946,6.118039672363281,1
Mahabad,reservoir,2022-10,2022,10,12,0,4,5,3,9.7598032522583,9.7598032522583,1.0,5.301846659484864,5.976939288879395,1
Mahabad,reservoir,2022-11,2022,11,12,0,6,4,2,9.7598032522583,9.7598032522583,1.0,4.664855472351074,5.316912913269043,1
Mahabad,reservoir,2022-12,2022,12,12,0,5,4,3,9.7598032522583,9.651140486938475,0.9888662955070656,5.120472781372071,5.941769699401855,1
Mahabad,reservoir,2023-01,2023,1,8,0,2,2,4,9.7598032522583,9.728846362976077,0.9968281236330186,4.965702010314941,5.6264421655883785,1
Mahabad,reservoir,2023-02,2023,2,11,0,3,4,4,9.7598032522583,9.58061708166504,0.9816403911060604,5.631536076721192,6.541352094665528,1
Mahabad,reservoir,2023-03,2023,3,9,0,3,2,4,9.7598032522583,3.170075453979492,0.3248093606032452,2.028280461303711,2.524978490112305,1
Mahabad,reservoir,2023-04,2023,4,12,0,4,4,4,9.7598032522583,9.7598032522583,1.0,9.112598635009766,9.450202534606934,1
Mahabad,reservoir,2023-05,2023,5,14,0,6,4,4,9.7598032522583,9.7598032522583,1.0,9.079483891296388,9.42571776977539,1
Mahabad,reservoir,2023-06,2023,6,13,0,5,4,4,9.7598032522583,9.7598032522583,1.0,8.27543066583252,8.782870902954102,1
Mahabad,reservoir,2023-07,2023,7,11,0,3,4,4,9.7598032522583,9.7598032522583,1.0,7.360529735534668,8.047168670898438,1
Mahabad,reservoir,2023-08,2023,8,12,0,4,4,4,9.7598032522583,9.7598032522583,1.0,6.318944808288574,6.94439310369873,1
Mahabad,reservoir,2023-09,2023,9,12,0,6,4,2,9.7598032522583,9.7598032522583,1.0,4.875015990783691,5.422711009765625,1
Mahabad,reservoir,2023-10,2023,10,15,0,7,4,4,9.7598032522583,9.7598032522583,1.0,4.488535362792969,5.440696057739258,1
Mahabad,reservoir,2023-11,2023,11,11,0,2,4,5,9.7598032522583,9.7598032522583,1.0,4.590005320068359,5.321245561401367,1
Mahabad,reservoir,2023-12,2023,12,6,0,0,2,4,9.7598032522583,9.740364571350096,0.9980082917241486,4.659813071533203,5.228406045043945,1
Mahabad,reservoir,2024-01,2024,1,8,0,0,4,4,9.7598032522583,9.214322102416991,0.9441094112511856,4.7872862817382815,5.353024732543945,1
Mahabad,reservoir,2024-02,2024,2,4,0,0,0,4,9.7598032522583,8.983333257141114,0.9204420442658492,7.068442231872559,7.961061770324707,1
Mahabad,reservoir,2024-03,2024,3,6,0,0,2,4,9.7598032522583,8.333027742004395,0.8538110376432263,8.140090040710449,8.245911044189453,1
Mahabad,reservoir,2024-04,2024,4,8,0,0,4,4,9.7598032522583,9.7598032522583,1.0,9.6935644788208,9.74972311883545,1
Mahabad,reservoir,2024-05,2024,5,7,0,0,4,3,9.7598032522583,8.3052144710083,0.8509612598068074,7.982707133422852,8.231779092285157,1
Mahabad,reservoir,2024-06,2024,6,9,0,0,5,4,9.7598032522583,9.7598032522583,1.0,8.818191133911133,9.247181618774414,1
Mahabad,reservoir,2024-07,2024,7,6,0,0,4,2,9.7598032522583,9.7598032522583,1.0,8.262480365661622,8.844773916564941,1
Mahabad,reservoir,2024-08,2024,8,8,0,0,4,4,9.7598032522583,9.7598032522583,1.0,7.230956041931153,7.808908866699219,1
Mahabad,reservoir,2024-09,2024,9,9,0,0,4,5,9.7598032522583,9.7598032522583,1.0,5.600546365539551,6.2634242620849605,1
Mahabad,reservoir,2024-10,2024,10,9,0,0,5,4,9.7598032522583,9.7598032522583,1.0,5.324154244689941,5.954644815063476,1
Mahabad,reservoir,2024-11,2024,11,8,0,0,3,5,9.7598032522583,9.7598032522583,1.0,5.029038393615723,5.65882352368164,1
Mahabad,reservoir,2024-12,2024,12,8,0,0,4,4,9.7598032522583,9.738208017211914,0.9977873288540534,5.072941196899414,5.72647891204834,1
Mahabad,reservoir,2025-01,2025,1,6,0,0,2,4,9.7598032522583,2.6110229271240235,0.2675282338831845,0.1605200102539062,0.9840196878051758,1
Mahabad,reservoir,2025-02,2025,2,8,0,0,4,4,9.7598032522583,9.597881476379394,0.9834093196662094,4.531021386901855,5.300436522399902,1
Mahabad,reservoir,2025-03,2025,3,7,0,0,3,4,9.7598032522583,9.7598032522583,1.0,5.517039127929688,6.279284633422852,1
Mahabad,reservoir,2025-04,2025,4,8,0,0,4,4,9.7598032522583,9.370481003601077,0.9601096212091016,6.290232503967285,6.924331627258301,1
Mahabad,reservoir,2025-05,2025,5,6,0,0,4,2,9.7598032522583,9.7598032522583,1.0,6.927175381103516,7.518827793945312,1
Mahabad,reservoir,2025-06,2025,6,9,0,0,4,5,9.7598032522583,9.7598032522583,1.0,6.695397300842285,7.243111670471191,1
Mahabad,reservoir,2025-07,2025,7,10,0,0,4,6,9.7598032522583,9.7598032522583,1.0,5.686927610412598,6.434021022033692,1
Mahabad,reservoir,2025-08,2025,8,8,0,0,4,4,9.7598032522583,9.7598032522583,1.0,4.795124585754395,5.347841387023926,1
Mahabad,reservoir,2025-09,2025,9,8,0,0,4,4,9.7598032522583,9.7598032522583,1.0,4.506512766967774,5.1175168110351565,1
Mahabad,reservoir,2025-10,2025,10,9,0,0,4,5,9.7598032522583,9.7598032522583,1.0,4.3776828186645504,4.941906594909668,1
Mahabad,reservoir,2025-11,2025,11,6,0,0,2,4,9.7598032522583,9.7598032522583,1.0,4.320823978637695,4.838282596618653,1
Mahabad,reservoir,2025-12,2025,12,6,0,0,4,2,9.7598032522583,9.75764403076172,0.9997787638294776,3.996279762634277,4.842601404174805,1
Mahabad,reservoir,2026-01,2026,1,6,0,0,2,4,9.7598032522583,9.653993342529295,0.989158602177301,4.753383032165528,5.784080777038574,1
Mahabad,reservoir,2026-02,2026,2,7,0,0,3,4,9.7598032522583,9.720222715515137,0.9959445353845626,7.653441248657226,8.214891265808106,1
Mahabad,reservoir,2026-03,2026,3,5,0,0,3,2,9.7598032522583,7.2499764147338865,0.7428404269375337,6.574709328063965,6.87270838684082,1
Mahabad,reservoir,2026-04,2026,4,8,0,0,4,4,9.7598032522583,9.74109335015869,0.9980829631893162,9.730295114990234,9.740373531860351,1
Mahabad,reservoir,2026-05,2026,5,8,0,0,4,4,9.7598032522583,9.7598032522583,1.0,9.70292478656006,9.758363421936036,1
Mahabad,reservoir,2026-06,2026,6,9,0,0,4,5,9.7598032522583,9.7598032522583,1.0,9.35301361291504,9.531552964355468,1
Maharloo,lake,1991-01,1991,1,6,6,0,0,0,253.59534201099325,221.42056666894217,0.8731255271216444,202.66181227234244,216.1221333168914,1
Maharloo,lake,1991-02,1991,2,6,6,0,0,0,253.59534201099325,213.6778536560602,0.8425937635983761,194.2636388894653,205.00390490522105,1
Maharloo,lake,1991-03,1991,3,6,6,0,0,0,253.59534201099325,253.59534201099328,1.0000000000000002,240.8823282277901,248.42947735504845,1
Maharloo,lake,1991-04,1991,4,6,6,0,0,0,253.59534201099325,253.52424467377404,0.999719642574444,238.68413335290884,250.09124957311843,1
Maharloo,lake,1991-05,1991,5,4,4,0,0,0,253.59534201099325,32.36028520874024,0.1276059920979835,22.11453781524658,28.50309699859619,1
Maharloo,lake,1991-06,1991,6,8,8,0,0,0,253.59534201099325,253.30301490210653,0.9988472694073616,229.865367852478,245.97293516729732,1
Maharloo,lake,1991-07,1991,7,8,8,0,0,0,253.59534201099325,253.2029712832711,0.998452768396254,223.7944660102539,241.81623360388184,1
Maharloo,lake,1991-08,1991,8,8,8,0,0,0,253.59534201099325,253.14825239844444,0.9982369959597704,219.54494658917235,242.10619136364747,1
Maharloo,lake,1991-09,1991,9,4,4,0,0,0,253.59534201099325,247.5898789666817,0.9763187170683476,209.17643652410888,232.82482872599783,1
Maharloo,lake,1991-10,1991,10,8,8,0,0,0,253.59534201099325,227.7474963665841,0.8980744463228798,198.35818404223636,217.77869067149348,1
Maharloo,lake,1991-11,1991,11,6,6,0,0,0,253.59534201099325,159.16343717566613,0.6276276051188924,120.77708434942627,149.14639021081544,1
Maharloo,lake,1991-12,1991,12,5,5,0,0,0,253.59534201099325,1.6335650054254272,0.006441620703564,1.1492183355645873,1.5944959523248412,1
Maharloo,lake,1992-01,1992,1,4,4,0,0,0,253.59534201099325,20.87215312084961,0.082304954638894,8.49435657598877,20.27811495678711,1
Maharloo,lake,1992-02,1992,2,8,8,0,0,0,253.59534201099325,236.6204013296542,0.9330628845674808,207.71386045416256,229.34344308953857,1
Maharloo,lake,1992-03,1992,3,6,6,0,0,0,253.59534201099325,146.1028510169711,0.5761259250993561,122.89056217529296,143.01902498851868,1
Maharloo,lake,1992-04,1992,4,4,4,0,0,0,253.59534201099325,251.6905354854195,0.9924887952969926,232.12627988250733,248.477386300983,1
Maharloo,lake,1992-05,1992,5,8,8,0,0,0,253.59534201099325,253.5898727452462,0.9999784330985588,226.5800505604248,249.36054770666863,1
Maharloo,lake,1992-06,1992,6,8,8,0,0,0,253.59534201099325,244.8117751624825,0.9653638478575448,213.7642875578613,238.6153769140625,1
Maharloo,lake,1992-07,1992,7,8,8,0,0,0,253.59534201099325,242.16865227558068,0.9549412475607804,206.4822763378296,233.5424907069192,1
Maharloo,lake,1992-08,1992,8,6,6,0,0,0,253.59534201099325,219.68169381623008,0.8662686470270695,178.83663914172362,199.595322268992,1
Maharloo,lake,1992-09,1992,9,6,6,0,0,0,253.59534201099325,222.08447351276328,0.8757435044021274,180.3981383466797,199.25345951563503,1
Maharloo,lake,1992-10,1992,10,6,6,0,0,0,253.59534201099325,214.367591498359,0.8453135999992707,172.73918866186523,189.24848082989504,1
Maharloo,lake,1992-11,1992,11,8,8,0,0,0,253.59534201099325,54.05610228107384,0.2131588926374307,20.203237000976564,44.68884488758329,1
Maharloo,lake,1992-12,1992,12,4,4,0,0,0,253.59534201099325,58.88173043421104,0.2321877443303298,51.502848561950685,58.66793087597345,1
Maharloo,lake,1993-01,1993,1,6,6,0,0,0,253.59534201099325,160.48494682873869,0.6328387010427886,149.12094313617277,159.71536415338468,1
Maharloo,lake,1993-02,1993,2,5,5,0,0,0,253.59534201099325,25.010357292656877,0.0986230941559355,22.75040399604133,24.947903048821424,1
Maharloo,lake,1993-03,1993,3,8,8,0,0,0,253.59534201099325,93.49305368017578,0.3686702324213939,92.362813225708,92.89750075421142,1
Maharloo,lake,1993-04,1993,4,8,8,0,0,0,253.59534201099325,253.5875287962716,0.9999691902277869,252.0099537739868,252.5908739555664,1
Maharloo,lake,1993-05,1993,5,8,8,0,0,0,253.59534201099325,253.58127868024377,0.9999445442071688,251.6781679371948,252.3308999519653,1
Maharloo,lake,1993-06,1993,6,8,8,0,0,0,253.59534201099325,253.5367446214669,0.9997689334943548,251.38535344000243,252.07088780413815,1
Maharloo,lake,1993-07,1993,7,6,6,0,0,0,253.59534201099325,253.33594661304403,0.9989771286968748,249.7365405289917,251.82638601287843,1
Maharloo,lake,1993-08,1993,8,7,7,0,0,0,253.59534201099325,252.5209588910592,0.9957633956861578,245.3247565444336,250.70860851081184,1
Maharloo,lake,1993-09,1993,9,2,2,0,0,0,253.59534201099325,235.5398697067941,0.928802034922958,227.3436008893433,232.8099770717163,1
Maharloo,lake,1993-10,1993,10,8,8,0,0,0,253.59534201099325,238.63082219324423,0.9409905572433572,227.0171376254883,234.58016766815183,1
Maharloo,lake,1993-11,1993,11,6,6,0,0,0,253.59534201099325,248.3975930219796,0.9795037679012716,233.6407040093994,241.6645014348755,1
Maharloo,lake,1993-12,1993,12,6,6,0,0,0,253.59534201099325,233.92052349811485,0.92241648305975,221.5721558937378,228.56309010876464,1
Maharloo,lake,1994-01,1994,1,6,6,0,0,0,253.59534201099325,232.5864875598214,0.9171559923594294,220.4919783911133,226.75329098376463,1
Maharloo,lake,1994-02,1994,2,8,8,0,0,0,253.59534201099325,250.48933536878133,0.9877521147763144,235.72734802825929,248.29744029248047,1
Maharloo,lake,1994-03,1994,3,6,6,0,0,0,253.59534201099325,253.54768104029012,0.9998120589663628,238.6090579436645,249.7525117582397,1
Maharloo,lake,1994-04,1994,4,8,8,0,0,0,253.59534201099325,253.59534201099328,1.0000000000000002,243.82973396362303,251.7593293404541,1
Maharloo,lake,1994-05,1994,5,6,6,0,0,0,253.59534201099325,253.59534201099328,1.0000000000000002,239.46745340319825,251.9647601635132,1
Maharloo,lake,1994-06,1994,6,8,8,0,0,0,253.59534201099325,248.4110877420724,0.9795569814973332,231.5108932876587,245.0367576954956,1
Maharloo,lake,1994-07,1994,7,6,6,0,0,0,253.59534201099325,245.8315534052804,0.9693851293002996,224.21574104797364,241.51984256744385,1
Maharloo,lake,1994-08,1994,8,8,8,0,0,0,253.59534201099325,247.2611864175485,0.975022586995426,221.87282179382325,238.52186827435304,1
Maharloo,lake,1994-09,1994,9,8,8,0,0,0,253.59534201099325,248.4332797124703,0.9796444908743664,221.62471406848144,237.07139536309813,1
Maharloo,lake,1994-10,1994,10,6,6,0,0,0,253.59534201099325,150.71312126831748,0.5943055581114898,128.7141332315674,142.3236347724609,1
Maharloo,lake,1994-11,1994,11,3,3,0,0,0,253.59534201099325,138.11322941820978,0.5446205293953019,123.66468235302736,135.74000521881317,1
Maharloo,lake,1994-12,1994,12,8,8,0,0,0,253.59534201099325,190.7080503912423,0.7520171659263961,166.47459132331687,176.40431025428612,1
Maharloo,lake,1995-01,1995,1,8,8,0,0,0,253.59534201099325,239.41304366113616,0.9440750834088968,212.0320728664651,219.3888950539041,1
Maharloo,lake,1995-02,1995,2,6,6,0,0,0,253.59534201099325,250.33302808948088,0.9871357498302514,244.3173307349344,246.6561403606754,1
Maharloo,lake,1995-03,1995,3,6,6,0,0,0,253.59534201099325,253.5929963696969,0.9999907504559123,248.48662014314107,250.83547287763813,1
Maharloo,lake,1995-04,1995,4,8,8,0,0,0,253.59534201099325,251.76875418043,0.9927972343021816,248.77622596686797,250.0287547443948,1
Maharloo,lake,1995-05,1995,5,6,6,0,0,0,253.59534201099325,249.4406964904244,0.9836170274752573,245.0649425036621,247.40407781122832,1
Maharloo,lake,1995-06,1995,6,8,8,0,0,0,253.59534201099325,253.50465439221884,0.9996423924112516,246.91340277703856,251.2239192503052,1
Maharloo,lake,1995-07,1995,7,8,8,0,0,0,253.59534201099325,253.43193536713335,0.9993556401999972,241.8730990380249,250.3944504171753,1
Maharloo,lake,1995-08,1995,8,6,6,0,0,0,253.59534201099325,228.2125579431796,0.899908319030902,213.8160026942749,224.0522841763916,1
Maharloo,lake,1995-09,1995,9,6,6,0,0,0,253.59534201099325,250.26930037525108,0.9868844529660248,231.64654025732423,244.3252820741577,1
Maharloo,lake,1995-10,1995,10,6,6,0,0,0,253.59534201099325,112.91168889014678,0.4452435442810779,107.49177518597412,111.10460245910645,1
Maharloo,lake,1995-11,1995,11,6,6,0,0,0,253.59534201099325,241.79727216059044,0.9534767880322842,224.09726072564695,239.52656562023927,1
Maharloo,lake,1995-12,1995,12,2,2,0,0,0,253.59534201099325,183.7451007458496,0.7245602355657004,177.33966221166992,181.87253919665528,1
Maharloo,lake,1996-01,1996,1,2,2,0,0,0,253.59534201099325,234.141264149472,0.923286927483558,229.072310809757,233.34314599725036,1
Maharloo,lake,1996-02,1996,2,6,6,0,0,0,253.59534201099325,253.22423164666435,0.9985366041766144,249.98746502099968,252.19791341883544,1
Maharloo,lake,1996-03,1996,3,6,6,0,0,0,253.59534201099325,253.0513323452182,0.9978548120739872,251.7318154359842,252.2370753184848,1
Maharloo,lake,1996-04,1996,4,6,6,0,0,0,253.59534201099325,253.38993781110312,0.9991900316533368,251.93602359766987,252.46559569532613,1
Maharloo,lake,1996-05,1996,5,8,8,0,0,0,253.59534201099325,253.38906826471643,0.999186602779684,251.85873421113064,252.3624867250467,1
Maharloo,lake,1996-06,1996,6,6,6,0,0,0,253.59534201099325,253.215540677192,0.998502333162788,251.69873542584227,252.05407947589111,1
Maharloo,lake,1996-07,1996,7,6,6,0,0,0,253.59534201099325,253.58284140961388,0.9999507065024136,251.95130687335205,252.3035004753418,1
Maharloo,lake,1996-08,1996,8,8,8,0,0,0,253.59534201099325,253.32813565308308,0.9989463278158376,251.23375820788573,252.03475369421383,1
Maharloo,lake,1996-09,1996,9,8,8,0,0,0,253.59534201099325,253.310920947944,0.9988784452395938,249.14217669348145,251.9301337635498,1
Maharloo,lake,1996-10,1996,10,8,8,0,0,0,253.59534201099325,251.67764800177696,0.9924379762104102,245.8163639869995,248.53420723901368,1
Maharloo,lake,1996-11,1996,11,6,6,0,0,0,253.59534201099325,242.7494647985909,0.9572315598291544,237.01834144598388,239.30188174682615,1
Maharloo,lake,1996-12,1996,12,6,6,0,0,0,253.59534201099325,246.55170095319295,0.972224879992098,240.3040698031616,243.83599862597657,1
Maharloo,lake,1997-01,1997,1,3,3,0,0,0,253.59534201099325,241.53499096875692,0.9524425372067225,235.7661773009644,238.9550612937622,1
Maharloo,lake,1997-02,1997,2,6,6,0,0,0,253.59534201099325,249.17406920050743,0.982565638724176,243.4459032741089,247.44988155999755,1
Maharloo,lake,1997-03,1997,3,6,6,0,0,0,253.59534201099325,253.553965663337,0.9998368410581672,251.5311122211404,252.74988031891877,1
Maharloo,lake,1997-04,1997,4,6,6,0,0,0,253.59534201099325,140.54875998883057,0.5542245329677146,138.7126202475586,139.65486199530028,1
Maharloo,lake,1997-05,1997,5,6,6,0,0,0,253.59534201099325,209.2832330578072,0.8252644997270292,205.88909226342773,207.9586466276245,1
Maharloo,lake,1997-06,1997,6,8,8,0,0,0,253.59534201099325,253.58283159430627,0.9999506677978084,248.4561879276733,252.01936311798096,1
Maharloo,lake,1997-07,1997,7,8,8,0,0,0,253.59534201099325,252.70480537042928,0.9964883556870482,244.457545145813,250.4707986453857,1
Maharloo,lake,1997-08,1997,8,8,8,0,0,0,253.59534201099325,252.4335346525948,0.9954186565526584,239.83100018743897,249.28781415826413,1
Maharloo,lake,1997-09,1997,9,8,8,0,0,0,253.59534201099325,245.38009488751916,0.9676048973994248,229.957155888916,242.19826312261964,1
Maharloo,lake,1997-10,1997,10,8,8,0,0,0,253.59534201099325,252.32926199310995,0.9950074792074516,236.97877715252685,248.65009605596924,1
Maharloo,lake,1997-11,1997,11,4,4,0,0,0,253.59534201099325,232.3267869112008,0.9161319173643556,216.004269637146,222.80057058972167,1
Maharloo,lake,1997-12,1997,12,8,8,0,0,0,253.59534201099325,253.49764938684777,0.9996147696429644,242.4650783308716,251.35031916584256,1
Maharloo,lake,1998-01,1998,1,8,8,0,0,0,253.59534201099325,243.08408144562105,0.9585510503386274,227.2293828473001,237.55858183265164,1
Maharloo,lake,1998-02,1998,2,4,4,0,0,0,253.59534201099325,114.08911707263184,0.4498864851692982,110.19501134558104,112.06522261309814,1
Maharloo,lake,1998-03,1998,3,5,5,0,0,0,253.59534201099325,0.0827658082885742,0.000326369591934328,0.0733956094970703,0.0819841303710937,1
Maharloo,lake,1998-04,1998,4,6,6,0,0,0,253.59534201099325,242.21750127374963,0.9551338733313548,240.75139622296143,241.1629807381592,1
Maharloo,lake,1998-05,1998,5,6,6,0,0,0,253.59534201099325,253.58127834741904,0.9999445428947444,251.86767298461916,252.5392454065552,1
Maharloo,lake,1998-06,1998,6,8,8,0,0,0,253.59534201099325,253.51721133905724,0.9996919080953284,250.36109063580324,252.2519042295532,1
Maharloo,lake,1998-07,1998,7,8,8,0,0,0,253.59534201099325,253.23495416089563,0.998578886160764,246.73983981054687,251.508289387146,1
Maharloo,lake,1998-08,1998,8,8,8,0,0,0,253.59534201099325,249.26977771063923,0.9829430451440764,238.7499567944336,246.7758937703247,1
Maharloo,lake,1998-09,1998,9,6,6,0,0,0,253.59534201099325,248.63327645441368,0.9804331360456752,234.78077793914795,245.6958685001221,1
Maharloo,lake,1998-10,1998,10,8,8,0,0,0,253.59534201099325,247.2220263400338,0.9748681674496876,232.9256054171753,243.18835973181152,1
Maharloo,lake,1998-11,1998,11,8,8,0,0,0,253.59534201099325,235.5928233749459,0.9290108465980148,223.2581862178955,231.938773335022,1
Maharloo,lake,1998-12,1998,12,8,8,0,0,0,253.59534201099325,200.18544198029255,0.7893892702950933,189.28941992889403,196.1242414354248,1
Maharloo,lake,1999-01,1999,1,8,8,0,0,0,253.59534201099325,249.15370121387411,0.9824853218442532,232.3207909246216,244.7455914909668,1
Maharloo,lake,1999-02,1999,2,6,6,0,0,0,253.59534201099325,252.4918094124215,0.9956484508358048,240.5502343983901,248.49822795765525,1
Maharloo,lake,1999-03,1999,3,8,8,0,0,0,253.59534201099325,253.46877031970908,0.9995008911035964,251.41363394349509,252.4640032221139,1
Maharloo,lake,1999-04,1999,4,8,8,0,0,0,253.59534201099325,253.11731961408165,0.9981150190176172,250.83931847521973,252.14220134473663,1
Maharloo,lake,1999-05,1999,5,4,4,0,0,0,253.59534201099325,251.72677808008507,0.992631710361513,248.6922701078491,250.65816093725587,1
Maharloo,lake,1999-06,1999,6,6,6,0,0,0,253.59534201099325,252.1663297166207,0.9943649899756022,244.81470278173828,250.33647767852784,1
Maharloo,lake,1999-07,1999,7,6,6,0,0,0,253.59534201099325,250.8643102016671,0.9892307493202784,239.51124018255612,249.2437518187256,1
Maharloo,lake,1999-08,1999,8,11,8,3,0,0,253.59534201099325,241.3171440867379,0.9515835037548792,225.5285561484375,238.4616539821167,1
Maharloo,lake,1999-09,1999,9,6,6,0,0,0,253.59534201099325,218.3805970532296,0.8611380450503814,205.40694563964843,215.5962412487793,1
Maharloo,lake,1999-10,1999,10,9,8,1,0,0,253.59534201099325,232.73291991522908,0.9177334176159284,219.6284587242432,228.05328503509523,1
Maharloo,lake,1999-11,1999,11,9,6,3,0,0,253.59534201099325,247.71595457636192,0.9768158697710764,229.58583038012696,240.46277717456056,1
Maharloo,lake,1999-12,1999,12,6,6,0,0,0,253.59534201099325,216.7079033375924,0.854542128491454,200.11192859973144,209.80397292437743,1
Maharloo,lake,2000-01,2000,1,9,7,2,0,0,253.59534201099325,244.3550045566476,0.9635626688523912,222.4154378873901,239.70422018641145,1
Maharloo,lake,2000-02,2000,2,4,2,2,0,0,253.59534201099325,249.83373603974084,0.9851668964365704,232.92312531671504,244.4447816787145,1
Maharloo,lake,2000-03,2000,3,10,6,4,0,0,253.59534201099325,253.41404049555135,0.999285075530157,238.45474655773927,250.41724086431884,1
Maharloo,lake,2000-04,2000,4,8,4,4,0,0,253.59534201099325,241.4326606853707,0.952039019213944,222.48753529821775,235.74903991516112,1
Maharloo,lake,2000-05,2000,5,10,6,4,0,0,253.59534201099325,241.27656237976765,0.9514234783117916,218.33332013293457,231.1224192142334,1
Maharloo,lake,2000-06,2000,6,7,6,1,0,0,253.59534201099325,226.88185955786824,0.8946609892701933,203.1644639545288,217.39306780262237,1
Maharloo,lake,2000-07,2000,7,10,8,2,0,0,253.59534201099325,227.9771444458688,0.8989800153189961,199.7442185662842,217.45576111901852,1
Maharloo,lake,2000-08,2000,8,11,8,3,0,0,253.59534201099325,243.88073111670616,0.9616924710948912,212.1046487364502,232.9008901283569,1
Maharloo,lake,2000-09,2000,9,10,8,2,0,0,253.59534201099325,190.50553641791467,0.7512185945815059,156.8011592364502,178.94719324353028,1
Maharloo,lake,2000-10,2000,10,9,6,3,0,0,253.59534201099325,250.2845061291573,0.986944413664773,226.0489908877564,243.5737727807007,1
Maharloo,lake,2000-11,2000,11,4,4,0,0,0,253.59534201099325,202.6460097613595,0.799092002851436,183.4979423944702,201.56001792041016,1
Maharloo,lake,2000-12,2000,12,9,5,4,0,0,253.59534201099325,222.879081074836,0.878876872530152,192.73869295532228,211.8906199892578,1
Maharloo,lake,2001-01,2001,1,10,8,2,0,0,253.59534201099325,198.339379998118,0.7821097123681399,174.17174724298096,189.630891852417,1
Maharloo,lake,2001-02,2001,2,7,7,0,0,0,253.59534201099325,231.14913775073936,0.9114881050958702,196.54602488513183,226.1351715762329,1
Maharloo,lake,2001-03,2001,3,10,6,4,0,0,253.59534201099325,251.10930789446712,0.9901968462953142,218.71539440838623,239.36369454553224,1
Maharloo,lake,2001-04,2001,4,8,8,0,0,0,253.59534201099325,239.29434411609577,0.9436070166687938,205.30573533776857,237.7413212841797,1
Maharloo,lake,2001-05,2001,5,12,8,4,0,0,253.59534201099325,229.0085970896676,0.9030473323115696,183.95633366448973,212.61272598529047,1
Maharloo,lake,2001-06,2001,6,8,8,0,0,0,253.59534201099325,189.09574611255576,0.7456593824359697,142.3885950930176,172.3659628770752,1
Maharloo,lake,2001-07,2001,7,9,8,1,0,0,253.59534201099325,116.8471562894967,0.4607622338916281,64.71823531091309,95.61537508001707,1
Maharloo,lake,2001-08,2001,8,10,6,4,0,0,253.59534201099325,188.0892041631539,0.7416902955378428,131.27623507556152,155.1546964760742,1
Maharloo,lake,2001-09,2001,9,8,8,0,0,0,253.59534201099325,252.774345673652,0.99676257327587,193.3808426324463,219.0584690239868,1
Maharloo,lake,2001-10,2001,10,7,6,1,0,0,253.59534201099325,253.3696314160836,0.9991099576470144,195.8121748206787,219.25226591290283,1
Maharloo,lake,2001-11,2001,11,9,8,1,0,0,253.59534201099325,252.63194589624715,0.9962010496442624,202.51421779327396,226.3699985963745,1
Maharloo,lake,2001-12,2001,12,8,6,2,0,0,253.59534201099325,253.00793330585407,0.99768367707198,224.7835285567828,247.1963027248061,1
Maharloo,lake,2002-01,2002,1,10,8,2,0,0,253.59534201099325,232.34991055077452,0.9162231005832208,206.0885235322876,216.675478854126,1
Maharloo,lake,2002-02,2002,2,8,6,2,0,0,253.59534201099325,253.27764996631552,0.9987472481073254,231.51574803028703,246.54887801295308,1
Maharloo,lake,2002-03,2002,3,11,7,4,0,0,253.59534201099325,250.0812256132272,0.9861428196200316,226.6184742544556,244.5738667689209,1
Maharloo,lake,2002-04,2002,4,4,1,3,0,0,253.59534201099325,31.155444108652627,0.1228549541233373,20.61007018823242,28.76547798175049,1
Maharloo,lake,2002-05,2002,5,4,4,0,0,0,253.59534201099325,247.13332665619592,0.9745183988650816,222.8815780119629,240.4726436654053,1
Maharloo,lake,2002-06,2002,6,10,6,4,0,0,253.59534201099325,249.82239233911827,0.9851221649342776,223.26662098950197,240.66871111553957,1
Maharloo,lake,2002-07,2002,7,8,6,2,0,0,253.59534201099325,239.2962663749459,0.9436145966930752,208.843169085022,227.17085104278564,1
Maharloo,lake,2002-08,2002,8,6,4,2,0,0,253.59534201099325,222.0564683624337,0.8756330719702559,189.54462688397217,206.49653603668213,1
Maharloo,lake,2002-09,2002,9,2,0,2,0,0,253.59534201099325,231.10613167371295,0.9113185196583564,200.60469925427245,213.3047902701416,1
Maharloo,lake,2002-10,2002,10,3,0,3,0,0,253.59534201099325,238.45516525586632,0.9402978909822776,203.37250296820068,218.57538588287355,1
Maharloo,lake,2002-11,2002,11,1,0,1,0,0,253.59534201099325,48.094285970581055,0.1896497214388748,32.963805045410155,38.12700745367432,1
Maharloo,lake,2002-12,2002,12,4,0,4,0,0,253.59534201099325,98.14908966175012,0.3870303329841736,71.32282402722169,87.62147394189454,1
Maharloo,lake,2003-01,2003,1,4,0,4,0,0,253.59534201099325,148.46495621893,0.5854403911428867,123.69475723724364,138.8062186439209,1
Maharloo,lake,2003-02,2003,2,5,0,5,0,0,253.59534201099325,75.34830031536865,0.2971202062224878,65.9546571418457,70.23415864196777,1
Maharloo,lake,2003-03,2003,3,4,0,4,0,0,253.59534201099325,195.79931954034424,0.7720935171272051,184.3037621951294,193.78148664733888,1
Maharloo,lake,2003-04,2003,4,5,0,5,0,0,253.59534201099325,252.30645716419147,0.9949175531514852,224.9474493856201,246.04651214007927,1
Maharloo,lake,2003-05,2003,5,3,0,3,0,0,253.59534201099325,247.1788253317941,0.9746978133418512,214.82289562475583,236.4548910258789,1
Maharloo,lake,2003-06,2003,6,0,0,0,0,0,253.59534201099325,0.0,0.0,,,0
Maharloo,lake,2003-07,2003,7,0,0,0,0,0,253.59534201099325,0.0,0.0,,,0
Maharloo,lake,2003-08,2003,8,4,0,4,0,0,253.59534201099325,190.961532289371,0.753016718584259,155.46432483148195,176.11020948791503,1
Maharloo,lake,2003-09,2003,9,0,0,0,0,0,253.59534201099325,0.0,0.0,,,0
Maharloo,lake,2003-10,2003,10,5,0,5,0,0,253.59534201099325,217.09351043213584,0.8560626891274876,177.79352119396972,196.14944548406984,1
Maharloo,lake,2003-11,2003,11,0,0,0,0,0,253.59534201099325,0.0,0.0,,,0
Maharloo,lake,2003-12,2003,12,3,0,3,0,0,253.59534201099325,169.6206046958108,0.6688632502108727,132.37617551423125,156.64151423981718,1
Maharloo,lake,2004-01,2004,1,4,0,4,0,0,253.59534201099325,171.80138289741356,0.6774626912901501,140.0130885169204,150.5957740381606,1
Maharloo,lake,2004-02,2004,2,1,0,1,0,0,253.59534201099325,40.148913526000975,0.1583188129861649,35.910010940856935,38.2437132590332,1
Maharloo,lake,2004-03,2004,3,3,0,3,0,0,253.59534201099325,192.8133017098372,0.7603187825960889,179.65908530474854,189.0949218801981,1
Maharloo,lake,2004-04,2004,4,4,0,4,0,0,253.59534201099325,190.39657811768944,0.7507889403955844,178.68275171923827,187.4223591294556,1
Maharloo,lake,2004-05,2004,5,6,0,6,0,0,253.59534201099325,201.24932593457729,0.7935844733530365,184.9474453624878,196.4376810689697,1
Maharloo,lake,2004-06,2004,6,8,0,8,0,0,253.59534201099325,253.19755510040972,0.9984314108160304,231.35724307440185,245.2584312050171,1
Maharloo,lake,2004-07,2004,7,3,0,3,0,0,253.59534201099325,189.43972195849295,0.7470157789817797,170.11559365448,181.59632588385008,1
Maharloo,lake,2004-08,2004,8,2,0,2,0,0,253.59534201099325,53.384629879211424,0.2105110821668689,35.82526587817383,44.74055314282226,1
Maharloo,lake,2004-09,2004,9,1,0,1,0,0,253.59534201099325,21.06653129595947,0.0830714441712665,10.271641293823242,15.038739589294432,1
Maharloo,lake,2004-10,2004,10,6,0,6,0,0,253.59534201099325,237.4041699581368,0.9361535116360514,204.92831114111328,222.6800744717407,1
Maharloo,lake,2004-11,2004,11,1,0,1,0,0,253.59534201099325,32.68571404284668,0.1288892523957706,23.00321854144287,26.4837106015625,1
Maharloo,lake,2004-12,2004,12,2,0,2,0,0,253.59534201099325,177.63152840029724,0.7004526462974111,169.10981656301698,173.67286585342225,1
Maharloo,lake,2005-01,2005,1,7,0,7,0,0,253.59534201099325,203.85232676684907,0.8038488607492332,198.812708383494,201.49652930458413,1
Maharloo,lake,2005-02,2005,2,5,0,5,0,0,253.59534201099325,189.21692061400697,0.7461372086471703,187.4526391748657,188.6923725871582,1
Maharloo,lake,2005-03,2005,3,4,0,4,0,0,253.59534201099325,29.351571440307616,0.1157417608996747,28.513254746032715,28.842629264282227,1
Maharloo,lake,2005-04,2005,4,7,0,7,0,0,253.59534201099325,213.7609890760467,0.8429215906764576,211.502418979187,212.60323175610355,1
Maharloo,lake,2005-05,2005,5,8,0,8,0,0,253.59534201099325,251.0060543187325,0.9897896874929648,248.3989571152344,249.58702955108643,1
Maharloo,lake,2005-06,2005,6,6,0,6,0,0,253.59534201099325,193.7248423392303,0.7639132517301221,189.71046067700195,192.0464902485962,1
Maharloo,lake,2005-07,2005,7,8,0,8,0,0,253.59534201099325,252.1959248579171,0.9944816922031026,244.5752944212036,249.54287691992187,1
Maharloo,lake,2005-08,2005,8,0,0,0,0,0,253.59534201099325,0.0,0.0,,,0
Maharloo,lake,2005-09,2005,9,3,0,3,0,0,253.59534201099325,183.84330556446008,0.724947485654096,172.3359062636719,180.4150182769165,1
Maharloo,lake,2005-10,2005,10,5,0,5,0,0,253.59534201099325,230.85602337323687,0.910332270074698,216.9806470759888,226.31128542755127,1
Maharloo,lake,2005-11,2005,11,3,0,3,0,0,253.59534201099325,37.38510068055204,0.1474202971714339,31.965381501281737,33.05737061352539,1
Maharloo,lake,2005-12,2005,12,2,0,2,0,0,253.59534201099325,185.83577871130703,0.732804385276332,166.16422301782225,174.9306327833252,1
Maharloo,lake,2006-01,2006,1,7,0,7,0,0,253.59534201099325,237.7039517354806,0.9373356381489696,220.38072112091064,226.06153077197263,1
Maharloo,lake,2006-02,2006,2,4,0,4,0,0,253.59534201099325,34.497036450683595,0.1360318221033735,30.15426988592529,32.19454265863037,1
Maharloo,lake,2006-03,2006,3,8,0,8,0,0,253.59534201099325,251.018555753608,0.989838984277268,241.1374636488037,248.4888744398804,1
Maharloo,lake,2006-04,2006,4,1,0,1,0,0,253.59534201099325,41.85379067224121,0.1650416381481757,37.93247506799317,40.64157924676514,1
Maharloo,lake,2006-05,2006,5,4,0,4,0,0,253.59534201099325,194.2681102639129,0.7660555147558328,183.3305447077637,191.9457409875488,1
Maharloo,lake,2006-06,2006,6,8,0,8,0,0,253.59534201099325,216.90739053515452,0.8553287643814519,201.1837679022217,212.57075380767824,1
Maharloo,lake,2006-07,2006,7,8,0,8,0,0,253.59534201099325,238.01555649225543,0.9385643860995584,217.04364821972652,232.9529220512085,1
Maharloo,lake,2006-08,2006,8,4,0,4,0,0,253.59534201099325,38.52515849006132,0.1519158758380951,27.67847778088379,33.66968827392578,1
Maharloo,lake,2006-09,2006,9,5,0,5,0,0,253.59534201099325,195.4548106650527,0.7707350186920224,171.09849345959472,185.612245659668,1
Maharloo,lake,2006-10,2006,10,5,0,5,0,0,253.59534201099325,238.34473157733845,0.9398624189517104,214.3622350245972,227.41790645385743,1
Maharloo,lake,2006-11,2006,11,2,0,2,0,0,253.59534201099325,25.90957281604004,0.102168961821534,17.443518231384278,22.00283909729004,1
Maharloo,lake,2006-12,2006,12,2,0,2,0,0,253.59534201099325,12.776552650756836,0.0503816535013603,7.850537795166016,10.737052227905274,1
Maharloo,lake,2007-01,2007,1,6,0,6,0,0,253.59534201099325,198.35637193524863,0.7821767165055026,172.49193309796144,187.02191165979005,1
Maharloo,lake,2007-02,2007,2,6,0,6,0,0,253.59534201099325,92.3219520123291,0.3640522388156758,84.199828859375,88.82950621386719,1
Maharloo,lake,2007-03,2007,3,6,0,6,0,0,253.59534201099325,245.54144562543416,0.9682411501658814,223.64985649279785,238.80541239556212,1
Maharloo,lake,2007-04,2007,4,2,0,2,0,0,253.59534201099325,191.9448944788244,0.7568944009646031,176.9244935213623,189.90054906005855,1
Maharloo,lake,2007-05,2007,5,7,0,7,0,0,253.59534201099325,229.57569104785847,0.9052835482991894,206.11108471081545,222.4510899761963,1
Maharloo,lake,2007-06,2007,6,6,0,6,0,0,253.59534201099325,253.4961324768746,0.999608788026894,226.73157248175048,238.79826624243165,1
Maharloo,lake,2007-07,2007,7,6,0,6,0,0,253.59534201099325,205.14582225959256,0.8089494887122161,181.2898290805664,194.78216210656737,1
Maharloo,lake,2007-08,2007,8,3,0,3,0,0,253.59534201099325,188.3985405192294,0.7429100985264249,162.34037023431395,175.32656772314454,1
Maharloo,lake,2007-09,2007,9,6,0,6,0,0,253.59534201099325,245.8973025697701,0.9696443973293112,207.69200517352292,225.17253220837404,1
Maharloo,lake,2007-10,2007,10,4,0,4,0,0,253.59534201099325,216.44990853753487,0.8535247801521209,184.6477021473389,198.2015830949097,1
Maharloo,lake,2007-11,2007,11,4,0,4,0,0,253.59534201099325,202.1490072398751,0.797132177731845,168.8485290557251,184.76051688598636,1
Maharloo,lake,2007-12,2007,12,4,0,4,0,0,253.59534201099325,50.00450422193603,0.197182266146546,28.2246053770752,45.964622296203615,1
Maharloo,lake,2008-01,2008,1,4,0,4,0,0,253.59534201099325,136.32354983728723,0.5375633036326735,111.95182796746826,130.1590200359497,1
Maharloo,lake,2008-02,2008,2,5,0,5,0,0,253.59534201099325,218.0139588756137,0.8596922843565592,185.94736127185055,210.7653175180664,1
Maharloo,lake,2008-03,2008,3,6,0,6,0,0,253.59534201099325,227.96237972833947,0.8989217937546242,195.69417613006596,221.4315581968384,1
Maharloo,lake,2008-04,2008,4,9,5,4,0,0,253.59534201099325,237.09913810053183,0.9349506825336472,187.96807426275635,220.69150587390135,1
Maharloo,lake,2008-05,2008,5,9,4,5,0,0,253.59534201099325,170.51966322888876,0.6724084988181558,115.40001146783447,148.6390410090332,1
Maharloo,lake,2008-06,2008,6,8,3,5,0,0,253.59534201099325,139.75204317969445,0.5510828474666395,82.80306785968017,117.42478144311524,1
Maharloo,lake,2008-07,2008,7,12,5,7,0,0,253.59534201099325,225.62302650904016,0.8896970453789309,159.3813897911377,195.2080274915772,1
Maharloo,lake,2008-08,2008,8,6,3,3,0,0,253.59534201099325,251.43127905194785,0.9914664719711151,185.16541290625,222.3463274035645,1
Maharloo,lake,2008-09,2008,9,8,5,3,0,0,253.59534201099325,253.5914409496529,0.9999846169834612,181.2657670496826,228.97793067236327,1
Maharloo,lake,2008-10,2008,10,8,4,4,0,0,253.59534201099325,253.57737502039265,0.9999291509439484,182.1118172756958,212.8274765032349,1
Maharloo,lake,2008-11,2008,11,3,3,0,0,0,253.59534201099325,101.31009817792444,0.3994951065525985,77.29210295812989,98.28986050788356,1
Maharloo,lake,2008-12,2008,12,6,2,4,0,0,253.59534201099325,97.4390695777047,0.3842305178203185,47.93219060632324,87.27228094189454,1
Maharloo,lake,2009-01,2009,1,3,1,2,0,0,253.59534201099325,64.95871430108643,0.2561510546131029,44.558865115722654,56.33116617614746,1
Maharloo,lake,2009-02,2009,2,11,5,6,0,0,253.59534201099325,222.26635177630305,0.8764607031570315,183.1242789086304,211.8391172446289,1
Maharloo,lake,2009-03,2009,3,12,6,6,0,0,253.59534201099325,253.5883100949166,0.9999722711149942,209.33756221850587,247.06724243408203,1
Maharloo,lake,2009-04,2009,4,6,4,2,0,0,253.59534201099325,227.7482758702428,0.8980775201319353,183.343327052063,220.1687964202881,1
Maharloo,lake,2009-05,2009,5,6,6,0,0,0,253.59534201099325,238.0701287945626,0.9387795805186452,171.04545269775392,230.03612895135495,1
Maharloo,lake,2009-06,2009,6,12,6,6,0,0,253.59534201099325,253.4376087020333,0.999378011805307,182.63819262304688,234.8147272095337,1
Maharloo,lake,2009-07,2009,7,14,6,8,0,0,253.59534201099325,253.59534201099328,1.0000000000000002,177.38904584625243,224.93118947833253,1
Maharloo,lake,2009-08,2009,8,12,5,7,0,0,253.59534201099325,253.59534201099328,1.0000000000000002,173.53426914648438,211.72743060284424,1
Maharloo,lake,2009-09,2009,9,8,5,3,0,0,253.59534201099325,253.5640973737252,0.9998767933313748,171.11827505615236,203.2020075018921,1
Maharloo,lake,2009-10,2009,10,9,5,4,0,0,253.59534201099325,253.59534201099328,1.0000000000000002,168.4596039956665,201.263933878479,1
Maharloo,lake,2009-11,2009,11,8,6,2,0,0,253.59534201099325,251.72239701526573,0.9926144345520104,185.23269541802975,222.4514266798706,1
Maharloo,lake,2009-12,2009,12,7,3,4,0,0,253.59534201099325,249.418928217109,0.9835311888587324,207.6007511291504,239.3731031635268,1
Maharloo,lake,2010-01,2010,1,11,5,6,0,0,253.59534201099325,251.70356844592976,0.9925401880410664,196.4964430130716,237.35026111090448,1
Maharloo,lake,2010-02,2010,2,9,3,6,0,0,253.59534201099325,253.45548850189903,0.9994485170429978,208.40695337023925,242.80329724659208,1
Maharloo,lake,2010-03,2010,3,5,2,3,0,0,253.59534201099325,241.9647422782662,0.954137171288332,200.09014152282717,234.96990114794923,1
Maharloo,lake,2010-04,2010,4,10,6,4,0,0,253.59534201099325,253.58987633234335,0.9999784472435238,200.31093266741945,245.34982642468265,1
Maharloo,lake,2010-05,2010,5,7,2,5,0,0,253.59534201099325,173.58177832042932,0.6844833069248749,113.55012068017578,161.31717157025147,1
Maharloo,lake,2010-06,2010,6,8,1,7,0,0,253.59534201099325,226.7451967489693,0.8941220881696638,154.69728132818602,202.46518701190183,1
Maharloo,lake,2010-07,2010,7,8,4,4,0,0,253.59534201099325,243.48345413416223,0.9601258927051086,166.8232645993042,208.0895984780273,1
Maharloo,lake,2010-08,2010,8,2,2,0,0,0,253.59534201099325,252.4064394471505,0.9953118122974386,174.9736365280151,212.48978319525148,1
Maharloo,lake,2010-09,2010,9,0,0,0,0,0,253.59534201099325,0.0,0.0,,,0
Maharloo,lake,2010-10,2010,10,8,5,3,0,0,253.59534201099325,253.3835963338692,0.99916502536898,176.8633902960205,194.6896379026489,1
Maharloo,lake,2010-11,2010,11,11,5,6,0,0,253.59534201099325,253.0679342193673,0.9979202780798588,174.99483643127442,190.0557126445923,1
Maharloo,lake,2010-12,2010,12,8,3,5,0,0,253.59534201099325,250.51992513806843,0.9878727391105177,173.84522192608642,188.77138207165527,1
Maharloo,lake,2011-01,2011,1,3,3,0,0,0,253.59534201099325,122.50094320019532,0.4830567558093592,91.50624507489012,101.03161953631592,1
Maharloo,lake,2011-02,2011,2,3,1,2,0,0,253.59534201099325,77.73762334527588,0.3065420000573433,65.31080429547119,71.49962626135255,1
Maharloo,lake,2011-03,2011,3,9,3,6,0,0,253.59534201099325,253.14290919989708,0.998215926177869,201.50232356292724,242.17054197913603,1
Maharloo,lake,2011-04,2011,4,6,1,5,0,0,253.59534201099325,222.13359593733915,0.8759372083723437,181.27878555883788,216.40791883331295,1
Maharloo,lake,2011-05,2011,5,2,0,2,0,0,253.59534201099325,179.5830406971505,0.7081480254056308,131.57209174414064,172.0180189300537,1
Maharloo,lake,2011-06,2011,6,4,1,3,0,0,253.59534201099325,164.25054183496428,0.647687534528312,113.11464890063476,152.8219824654541,1
Maharloo,lake,2011-07,2011,7,1,1,0,0,0,253.59534201099325,31.035987967163084,0.1223839039039513,6.074817092346192,20.769196515808105,1
Maharloo,lake,2011-08,2011,8,4,0,4,0,0,253.59534201099325,199.47442070422696,0.7865855071406628,140.10018713287354,165.3775099421997,1
Maharloo,lake,2011-09,2011,9,8,0,8,0,0,253.59534201099325,222.39529664581997,0.8769691701836511,153.67901471191405,172.68381436401367,1
Maharloo,lake,2011-10,2011,10,11,3,8,0,0,253.59534201099325,253.05937446112756,0.9978865244699862,177.15899535186767,203.5126741511841,1
Maharloo,lake,2011-11,2011,11,2,0,2,0,0,253.59534201099325,187.3508404040664,0.7387787130409705,143.26154752246094,172.51775530969238,1
Maharloo,lake,2011-12,2011,12,8,0,8,0,0,253.59534201099325,212.31003945398643,0.837200075405103,151.9440271930542,192.36699201794437,1
Maharloo,lake,2012-01,2012,1,8,0,8,0,0,253.59534201099325,220.57082441644985,0.8697747469150603,161.84409851123047,201.14131894921877,1
Maharloo,lake,2012-02,2012,2,6,0,6,0,0,253.59534201099325,243.66964600281452,0.9608601012563218,207.04908982105852,231.07030436085347,1
Maharloo,lake,2012-03,2012,3,8,0,8,0,0,253.59534201099325,253.0621939561837,0.9978976425569108,224.50635958601865,247.5224383671401,1
Maharloo,lake,2012-04,2012,4,6,0,6,0,0,253.59534201099325,93.69161197460936,0.3694532053768869,72.5438874060669,86.3950229821167,1
Maharloo,lake,2012-05,2012,5,8,0,8,0,0,253.59534201099325,231.0622816588204,0.911145606329015,181.85296820727535,218.0586382985229,1
Maharloo,lake,2012-06,2012,6,8,0,8,0,0,253.59534201099325,230.98603723487025,0.9108449524473408,172.80906554541016,193.92619594812007,1
Maharloo,lake,2012-07,2012,7,6,0,6,0,0,253.59534201099325,188.9234272138741,0.7449798790298143,135.25146818078613,154.00434703546142,1
Maharloo,lake,2012-08,2012,8,4,0,4,0,0,253.59534201099325,184.3149807811959,0.7268074378637678,131.81388995196534,148.71789731451415,1
Maharloo,lake,2012-09,2012,9,7,0,7,0,0,253.59534201099325,253.3539163360665,0.9990479885276587,182.8775245427246,200.3006976756592,1
Maharloo,lake,2012-10,2012,10,5,0,5,0,0,253.59534201099325,250.02193063117147,0.9859090023046762,184.5695688725586,205.9277002895508,1
Maharloo,lake,2012-11,2012,11,4,0,4,0,0,253.59534201099325,209.72404795569545,0.827002760747096,159.1191518485718,177.58164371618653,1
Maharloo,lake,2012-12,2012,12,8,0,8,0,0,253.59534201099325,247.4386135983956,0.9757222338400412,213.74895516596465,235.4377128681131,1
Maharloo,lake,2013-01,2013,1,6,0,6,0,0,253.59534201099325,201.96475510454005,0.7964056181118064,159.9518666425171,185.0384953293457,1
Maharloo,lake,2013-02,2013,2,6,0,6,0,0,253.59534201099325,222.6677645023263,0.8780435899831068,182.77701255341583,207.46374781904083,1
Maharloo,lake,2013-03,2013,3,9,0,7,2,0,253.59534201099325,221.22947109119343,0.8723719818229282,179.35915610980226,214.64353230762725,1
Maharloo,lake,2013-04,2013,4,10,0,6,4,0,253.59534201099325,253.59534201099328,1.0000000000000002,211.0474107799108,244.3935940931533,1
Maharloo,lake,2013-05,2013,5,14,0,8,6,0,253.59534201099325,253.59534201099328,1.0000000000000002,208.7843732106323,242.29915073291016,1
Maharloo,lake,2013-06,2013,6,14,0,6,8,0,253.59534201099325,253.59534201099328,1.0000000000000002,203.00906081188964,235.91138991442872,1
Maharloo,lake,2013-07,2013,7,10,0,4,6,0,253.59534201099325,253.59534201099328,1.0000000000000002,196.6854774693604,230.2877394275513,1
Maharloo,lake,2013-08,2013,8,14,0,6,8,0,253.59534201099325,253.59534201099325,1.0,196.29971450598143,229.16427871447755,1
Maharloo,lake,2013-09,2013,9,13,0,5,8,0,253.59534201099325,253.59534201099328,1.0000000000000002,193.90341688549805,226.4339047885132,1
Maharloo,lake,2013-10,2013,10,14,0,6,8,0,253.59534201099325,253.1687555674508,0.9983178459030058,194.02414518041996,224.0467493227539,1
Maharloo,lake,2013-11,2013,11,10,0,4,6,0,253.59534201099325,253.58752896680383,0.999969190900245,203.4453482230835,234.16150387286376,1
Maharloo,lake,2013-12,2013,12,16,0,8,8,0,253.59534201099325,253.44845798126917,0.9994207936606432,191.1652749651489,226.626172836792,1
Maharloo,lake,2014-01,2014,1,13,0,5,8,0,253.59534201099325,203.91227305591516,0.8040852463570708,153.43673902728273,191.0532852536621,1
Maharloo,lake,2014-02,2014,2,14,0,8,6,0,253.59534201099325,253.5094085565865,0.9996611394605072,201.9289063825073,234.97622786334227,1
Maharloo,lake,2014-03,2014,3,14,0,8,6,0,253.59534201099325,253.5789340798409,0.9999352987676264,200.1330272145996,234.20980833129883,1
Maharloo,lake,2014-04,2014,4,14,0,8,6,0,253.59534201099325,253.59534201099328,1.0000000000000002,196.1248161793213,239.85778271160888,1
Maharloo,lake,2014-05,2014,5,13,0,7,6,0,253.59534201099325,252.34143876355677,0.9950554957457296,189.28676245806884,217.4462330563965,1
Maharloo,lake,2014-06,2014,6,14,0,6,8,0,253.59534201099325,253.59534201099328,1.0000000000000002,186.64551675646973,214.8875355335083,1
Maharloo,lake,2014-07,2014,7,16,0,8,8,0,253.59534201099325,253.59534201099328,1.0000000000000002,183.1857437888184,212.2802331124268,1
Maharloo,lake,2014-08,2014,8,14,0,8,6,0,253.59534201099325,253.59534201099328,1.0000000000000002,180.48143893743892,206.88554697076412,1
Maharloo,lake,2014-09,2014,9,14,0,6,8,0,253.59534201099325,253.59534201099328,1.0000000000000002,178.287063480896,199.58051121936035,1
Maharloo,lake,2014-10,2014,10,16,0,8,8,0,253.59534201099325,253.5812785077584,0.999944543527009,180.87319086169435,202.53944308306885,1
Maharloo,lake,2014-11,2014,11,9,0,4,5,0,253.59534201099325,251.3383888454049,0.9911001789398384,186.2449898417969,227.75966522229004,1
Maharloo,lake,2014-12,2014,12,16,0,8,8,0,253.59534201099325,240.53529411072472,0.9485004424895848,167.70386000415397,213.04107075787712,1
Maharloo,lake,2015-01,2015,1,14,0,6,8,0,253.59534201099325,198.267119595588,0.7818247686386652,126.6757625435791,168.06265062988282,1
Maharloo,lake,2015-02,2015,2,13,0,6,7,0,253.59534201099325,253.50161268769003,0.9996303980879144,197.6979865645752,236.5171105518224,1
Maharloo,lake,2015-03,2015,3,14,0,8,6,0,253.59534201099325,253.3764620502999,0.9991368928192542,197.12183780744417,239.23505430261588,1
Maharloo,lake,2015-04,2015,4,14,0,6,8,0,253.59534201099325,253.59377966718225,0.9999938392251267,186.16496542663572,237.6583666849365,1
Maharloo,lake,2015-05,2015,5,16,0,8,8,0,253.59534201099325,252.7902282587349,0.9968252029162924,183.3606203995972,231.39807434936523,1
Maharloo,lake,2015-06,2015,6,14,0,6,8,0,253.59534201099325,253.59534201099328,1.0000000000000002,179.8514592401123,230.93448248065187,1
Maharloo,lake,2015-07,2015,7,16,0,8,8,0,253.59534201099325,253.59534201099328,1.0000000000000002,174.76351153460692,215.6598148856201,1
Maharloo,lake,2015-08,2015,8,16,0,8,8,0,253.59534201099325,253.59534201099328,1.0000000000000002,173.6479882138672,202.8629168979492,1
Maharloo,lake,2015-09,2015,9,12,0,6,6,0,253.59534201099325,253.59534201099325,1.0,171.51546342803954,189.19091291418457,1
Maharloo,lake,2015-10,2015,10,16,0,8,8,0,253.59534201099325,253.5617453815377,0.9998675187438808,173.03939173040771,190.4503469136353,1
Maharloo,lake,2015-11,2015,11,15,0,7,8,0,253.59534201099325,253.4226883040841,0.9993191763478776,189.78001219233545,228.21283507087543,1
Maharloo,lake,2015-12,2015,12,16,0,8,8,0,253.59534201099325,253.01177070929648,0.9976988090669604,180.1549810791016,229.14104578753663,1
Maharloo,lake,2016-01,2016,1,16,0,8,8,0,253.59534201099325,253.06103279944543,0.9978930637790474,196.7980998135513,228.0692535464004,1
Maharloo,lake,2016-02,2016,2,12,0,6,6,0,253.59534201099325,253.2007733322213,0.9984441012376528,197.400492032908,221.4142135252822,1
Maharloo,lake,2016-03,2016,3,16,0,8,8,0,253.59534201099325,253.59534201099328,1.0000000000000002,195.9441195368042,226.3815381496582,1
Maharloo,lake,2016-04,2016,4,16,0,8,8,0,253.59534201099325,251.69471502655725,0.992505276440158,189.83347952856445,234.40166390008545,1
Maharloo,lake,2016-05,2016,5,16,0,8,8,0,253.59534201099325,253.59534201099328,1.0000000000000002,185.95801499102785,234.7819002958984,1
Maharloo,lake,2016-06,2016,6,14,0,6,8,0,253.59534201099325,253.59534201099325,1.0,182.9996368364868,225.5436115203247,1
Maharloo,lake,2016-07,2016,7,14,0,6,8,0,253.59534201099325,253.59534201099328,1.0000000000000002,179.35212735723877,219.77054157128907,1
Maharloo,lake,2016-08,2016,8,14,0,8,6,0,253.59534201099325,253.59534201099328,1.0000000000000002,177.5894026149292,201.523790003479,1
Maharloo,lake,2016-09,2016,9,16,0,8,8,0,253.59534201099325,253.59534201099325,1.0,175.43029277471925,194.27949416815184,1
Maharloo,lake,2016-10,2016,10,16,0,8,8,0,253.59534201099325,253.35469237079548,0.999051048657718,175.1409532942505,193.52946424475095,1
Maharloo,lake,2016-11,2016,11,16,0,8,8,0,253.59534201099325,253.59534201099325,1.0,181.26870278460692,197.6933603936768,1
Maharloo,lake,2016-12,2016,12,15,0,8,7,0,253.59534201099325,237.79353893024376,0.9376889064466156,170.14870361639404,197.65515028521727,1
Maharloo,lake,2017-01,2017,1,14,0,8,6,0,253.59534201099325,239.1765669083932,0.943142586972378,171.7359243267212,199.93649665631105,1
Maharloo,lake,2017-02,2017,2,12,0,6,6,0,253.59534201099325,214.69637140387297,0.8466100745437429,180.30590226348207,203.1889805551791,1
Maharloo,lake,2017-03,2017,3,12,0,4,8,0,253.59534201099325,253.59534201099328,1.0000000000000002,222.15908221338583,240.0668230093453,1
Maharloo,lake,2017-04,2017,4,16,0,8,8,0,253.59534201099325,253.59534201099325,1.0,214.1671970462137,234.81426988338404,1
Maharloo,lake,2017-05,2017,5,14,0,6,8,0,253.59534201099325,253.59534201099328,1.0000000000000002,206.54691233325195,236.11418912438964,1
Maharloo,lake,2017-06,2017,6,14,0,8,6,0,253.59534201099325,253.59534201099325,1.0,201.15705946228027,232.8848694974976,1
Maharloo,lake,2017-07,2017,7,16,0,8,8,0,253.59534201099325,253.59534201099328,1.0000000000000002,195.87157496057128,226.4754091488037,1
Maharloo,lake,2017-08,2017,8,16,0,8,8,0,253.59534201099325,253.59534201099328,1.0000000000000002,191.16178155316163,217.99295568402096,1
Maharloo,lake,2017-09,2017,9,16,0,8,8,0,253.59534201099325,253.59534201099325,1.0,187.4953929036865,213.171125128479,1
Maharloo,lake,2017-10,2017,10,16,0,8,8,0,253.59534201099325,247.7293778671944,0.976868801700843,185.20788427392577,206.50691113757324,1
Maharloo,lake,2017-11,2017,11,11,0,6,5,0,253.59534201099325,251.81656292731404,0.9929857580601692,191.3060625142212,211.11557088305665,1
Maharloo,lake,2017-12,2017,12,16,0,8,8,0,253.59534201099325,253.5203414755929,0.9997042511317218,198.63537568328857,227.64783064562988,1
Maharloo,lake,2018-01,2018,1,16,0,8,8,0,253.59534201099325,156.9655413278878,0.6189606641950206,99.68087214605713,130.31751696173097,1
Maharloo,lake,2018-02,2018,2,14,0,6,8,0,253.59534201099325,252.22286308100053,0.9945879174313336,194.1774529692993,224.8063195606079,1
Maharloo,lake,2018-03,2018,3,14,0,6,8,0,253.59534201099325,253.26719573084188,0.9987060240241432,185.371077659729,226.97714339074707,1
Maharloo,lake,2018-04,2018,4,14,0,8,6,0,253.59534201099325,252.6764878083565,0.9963766913250444,180.92770183093265,217.8316525474243,1
Maharloo,lake,2018-05,2018,5,16,0,8,8,0,253.59534201099325,253.59534201099328,1.0000000000000002,178.93264506451416,233.98663138513183,1
Maharloo,lake,2018-06,2018,6,16,0,8,8,0,253.59534201099325,253.59534201099328,1.0000000000000002,162.78709072583007,192.9560047503052,1
Maharloo,lake,2018-07,2018,7,16,0,8,8,0,253.59534201099325,253.59534201099328,1.0000000000000002,154.55603875872802,184.97265672155763,1
Maharloo,lake,2018-08,2018,8,15,0,7,8,0,253.59534201099325,253.59534201099325,1.0,147.1749003704834,179.7437665187378,1
Maharloo,lake,2018-09,2018,9,12,0,6,6,0,253.59534201099325,253.59534201099328,1.0000000000000002,144.48067746856688,178.287049918396,1
Maharloo,lake,2018-10,2018,10,16,0,8,8,0,253.59534201099325,253.59534201099328,1.0000000000000002,149.1507543475952,180.76847766638184,1
Maharloo,lake,2018-11,2018,11,16,0,8,8,0,253.59534201099325,253.59534201099328,1.0000000000000002,192.04217954315183,232.8941725106201,1
Maharloo,lake,2018-12,2018,12,16,0,8,8,0,253.59534201099325,246.63613072217493,0.9725578110637512,174.85033189819336,220.9128100352783,1
Maharloo,lake,2019-01,2019,1,15,0,8,7,0,253.59534201099325,230.1326964143746,0.9074799820431972,164.76971792199706,210.36389864581295,1
Maharloo,lake,2019-02,2019,2,12,0,6,6,0,253.59534201099325,234.59348770569545,0.925070176153022,169.85471474560546,214.74086028918455,1
Maharloo,lake,2019-03,2019,3,14,0,6,8,0,253.59534201099325,253.59534201099328,1.0000000000000002,197.6295402333374,231.12111615142825,1
Maharloo,lake,2019-04,2019,4,16,0,8,8,0,253.59534201099325,253.59534201099325,1.0,206.93096918946677,237.90499786042625,1
Maharloo,lake,2019-05,2019,5,16,0,8,8,0,253.59534201099325,253.59534201099325,1.0,198.6572033918457,228.75419794262692,1
Maharloo,lake,2019-06,2019,6,14,0,8,6,0,253.59534201099325,253.59534201099325,1.0,192.1909555241699,224.017604109375,1
Maharloo,lake,2019-07,2019,7,14,0,6,8,0,253.59534201099325,253.59534201099328,1.0000000000000002,187.06098652160645,213.4762597289429,1
Maharloo,lake,2019-08,2019,8,16,0,8,8,0,253.59534201099325,253.59534201099325,1.0,181.3730652341919,202.43041763079836,1
Maharloo,lake,2019-09,2019,9,16,0,8,8,0,253.59534201099325,253.59534201099328,1.0000000000000002,177.395536387146,200.7329911712036,1
Maharloo,lake,2019-10,2019,10,16,0,8,8,0,253.59534201099325,253.59534201099328,1.0000000000000002,182.5864815799561,199.67510980249023,1
Maharloo,lake,2019-11,2019,11,16,0,8,8,0,253.59534201099325,253.51564808216023,0.9996857437198924,186.92742452624512,209.3204799013672,1
Maharloo,lake,2019-12,2019,12,12,0,4,8,0,253.59534201099325,241.94398680224947,0.954055326425362,182.54483947944985,216.8764706621891,1
Maharloo,lake,2020-01,2020,1,14,0,8,6,0,253.59534201099325,250.40421668720177,0.9874164671224396,195.16095210505517,231.9781587268289,1
Maharloo,lake,2020-02,2020,2,16,0,8,8,0,253.59534201099325,220.3721777449884,0.8689914254633091,174.48179186145882,203.2340240637293,1
Maharloo,lake,2020-03,2020,3,13,0,6,7,0,253.59534201099325,251.68440810834431,0.9924646332716708,201.61115656860352,233.76848840802003,1
Maharloo,lake,2020-04,2020,4,14,0,7,7,0,253.59534201099325,253.5898663276436,0.9999784077920904,202.8734516744995,235.72531081036377,1
Maharloo,lake,2020-05,2020,5,14,0,8,6,0,253.59534201099325,253.59534201099328,1.0000000000000002,199.8845736720581,232.25549492780544,1
Maharloo,lake,2020-06,2020,6,14,0,6,8,0,253.59534201099325,253.59534201099328,1.0000000000000002,190.35580105944825,223.36438900994872,1
Maharloo,lake,2020-07,2020,7,16,0,8,8,0,253.59534201099325,253.59534201099325,1.0,189.4020351213989,219.09958992730716,1
Maharloo,lake,2020-08,2020,8,16,0,8,8,0,253.59534201099325,253.59534201099328,1.0000000000000002,185.72441957513428,212.46244489807128,1
Maharloo,lake,2020-09,2020,9,16,0,8,8,0,253.59534201099325,253.59534201099328,1.0000000000000002,186.0216498496704,207.6202859484253,1
Maharloo,lake,2020-10,2020,10,16,0,8,8,0,253.59534201099325,253.35940496448444,0.999069631781728,184.4774703388672,206.94280893066409,1
Maharloo,lake,2020-11,2020,11,9,0,5,4,0,253.59534201099325,253.553119727546,0.9998335052879423,195.5044588859253,226.07847683758544,1
Maharloo,lake,2020-12,2020,12,16,0,8,8,0,253.59534201099325,252.7081739273751,0.9965016388842832,189.95880236767937,227.06894674781637,1
Maharloo,lake,2021-01,2021,1,16,0,8,8,0,253.59534201099325,230.18261512366416,0.9076768259950369,165.8840752808838,197.69332132470703,1
Maharloo,lake,2021-02,2021,2,16,0,8,8,0,253.59534201099325,253.51799286499715,0.9996949898788252,188.58674786602785,226.911545390564,1
Maharloo,lake,2021-03,2021,3,14,0,8,6,0,253.59534201099325,239.58696791004112,0.9447609171766852,175.72154466101074,221.45089284954835,1
Maharloo,lake,2021-04,2021,4,14,0,6,8,0,253.59534201099325,253.44692087873008,0.9994147324194278,182.5021332752075,229.4028083588257,1
Maharloo,lake,2021-05,2021,5,16,0,8,8,0,253.59534201099325,253.59534201099328,1.0000000000000002,178.1909549899292,213.9177447836304,1
Maharloo,lake,2021-06,2021,6,16,0,8,8,0,253.59534201099325,253.59534201099328,1.0000000000000002,174.53690838244628,206.29506305230717,1
Maharloo,lake,2021-07,2021,7,16,0,8,8,0,253.59534201099325,253.59534201099328,1.0000000000000002,173.45798939208984,197.7349040768433,1
Maharloo,lake,2021-08,2021,8,16,0,8,8,0,253.59534201099325,253.59534201099328,1.0000000000000002,169.50557878796386,192.9933936196289,1
Maharloo,lake,2021-09,2021,9,12,0,6,6,0,253.59534201099325,253.59534201099325,1.0,168.26439277313233,192.9330241439209,1
Maharloo,lake,2021-10,2021,10,16,0,8,8,0,253.59534201099325,253.59534201099328,1.0000000000000002,166.1408852047119,189.9631669659424,1
Maharloo,lake,2021-11,2021,11,17,0,8,8,1,253.59534201099325,253.5937794581368,0.9999938384008,173.4706667425537,197.7374532451172,1
Maharloo,lake,2021-12,2021,12,22,0,8,6,8,253.59534201099325,199.1248752409737,0.785207147978064,119.5434485189209,152.67421595483398,1
Maharloo,lake,2022-01,2022,1,24,0,8,8,8,253.59534201099325,253.51024217206503,0.9996644266481656,195.0108279234045,229.60644923934112,1
Maharloo,lake,2022-02,2022,2,18,0,6,6,6,253.59534201099325,253.59377955359585,0.9999938387772228,185.93320707422237,224.43341504266715,1
Maharloo,lake,2022-03,2022,3,22,0,8,8,6,253.59534201099325,252.63842658856896,0.9962266048940962,181.9324919016724,233.04944004699703,1
Maharloo,lake,2022-04,2022,4,18,0,2,8,8,253.59534201099325,253.57893465204552,0.9999353010239952,176.54147193743896,231.99730860266112,1
Maharloo,lake,2022-05,2022,5,20,0,4,8,8,253.59534201099325,253.59534201099325,1.0,171.2635936569214,220.17529505828855,1
Maharloo,lake,2022-06,2022,6,16,0,4,6,6,253.59534201099325,253.59534201099328,1.0000000000000002,165.8962916001587,207.40245655328368,1
Maharloo,lake,2022-07,2022,7,19,0,5,6,8,253.59534201099325,253.59534201099328,1.0000000000000002,159.13861928271484,194.4729817739868,1
Maharloo,lake,2022-08,2022,8,22,0,6,8,8,253.59534201099325,253.59534201099325,1.0,161.35389593347168,221.3214737850342,1
Maharloo,lake,2022-09,2022,9,20,0,4,8,8,253.59534201099325,253.59534201099325,1.0,157.51618853985596,218.5920619224243,1
Maharloo,lake,2022-10,2022,10,21,0,5,8,8,253.59534201099325,253.4751424124825,0.9995260181139072,155.84837664752197,207.67231319122317,1
Maharloo,lake,2022-11,2022,11,20,0,4,8,8,253.59534201099325,253.59534201099328,1.0000000000000002,167.78077036517334,222.74136926159667,1
Maharloo,lake,2022-12,2022,12,20,0,8,5,7,253.59534201099325,253.59299761206745,0.99999075535494,172.14610063923482,224.26194377973772,1
Maharloo,lake,2023-01,2023,1,17,0,5,6,6,253.59534201099325,253.3782395028756,0.9991439018303884,196.25592690443904,234.30375060449916,1
Maharloo,lake,2023-02,2023,2,19,0,5,7,7,253.59534201099325,252.82031508539512,0.9969438440018172,202.89136794696404,233.98953091408475,1
Maharloo,lake,2023-03,2023,3,17,0,3,6,8,253.59534201099325,253.59534201099328,1.0000000000000002,201.0341956065064,225.95729749450683,1
Maharloo,lake,2023-04,2023,4,18,0,6,6,6,253.59534201099325,253.59534201099328,1.0000000000000002,198.00734793103027,222.902974767334,1
Maharloo,lake,2023-05,2023,5,18,0,4,6,8,253.59534201099325,253.59534201099328,1.0000000000000002,193.58665714562989,222.72108413897703,1
Maharloo,lake,2023-06,2023,6,22,0,6,8,8,253.59534201099325,253.59534201099328,1.0000000000000002,190.74880943902588,214.20556226983643,1
Maharloo,lake,2023-07,2023,7,21,0,5,8,8,253.59534201099325,253.59534201099328,1.0000000000000002,183.95858522094727,205.5219579147949,1
Maharloo,lake,2023-08,2023,8,20,0,4,8,8,253.59534201099325,253.59534201099328,1.0000000000000002,181.50618708258057,204.48707208728027,1
Maharloo,lake,2023-09,2023,9,21,0,5,8,8,253.59534201099325,253.59534201099328,1.0000000000000002,178.1301078338623,201.9974457036133,1
Maharloo,lake,2023-10,2023,10,20,0,6,6,8,253.59534201099325,253.59534201099325,1.0,178.88281068841553,198.67630283459476,1
Maharloo,lake,2023-11,2023,11,17,0,3,8,6,253.59534201099325,253.59534201099328,1.0000000000000002,187.8347626097412,214.97975875762936,1
Maharloo,lake,2023-12,2023,12,17,0,1,8,8,253.59534201099325,251.9213365321725,0.9933989107783052,185.63502243341063,223.762718729187,1
Maharloo,lake,2024-01,2024,1,16,0,0,8,8,253.59534201099325,253.5719136798165,0.9999076152937552,186.6042772050781,218.7054793988037,1
Maharloo,lake,2024-02,2024,2,15,0,0,7,8,253.59534201099325,251.38005363935017,0.9912644753090653,186.4364497553101,218.81271131152343,1
Maharloo,lake,2024-03,2024,3,13,0,0,7,6,253.59534201099325,208.7883681779244,0.8233131039483901,154.98701253247071,185.95774901092528,1
Maharloo,lake,2024-04,2024,4,14,0,0,6,8,253.59534201099325,239.90057582618556,0.9459975641657722,181.771888866272,214.18229498706052,1
Maharloo,lake,2024-05,2024,5,14,0,0,6,8,253.59534201099325,253.59534201099325,1.0,179.4395142062378,227.12930480230716,1
Maharloo,lake,2024-06,2024,6,16,0,0,8,8,253.59534201099325,253.59534201099325,1.0,173.14100560998534,221.1859743532715,1
Maharloo,lake,2024-07,2024,7,16,0,0,8,8,253.59534201099325,253.59534201099325,1.0,166.95234291070557,212.7734811317749,1
Maharloo,lake,2024-08,2024,8,16,0,0,8,8,253.59534201099325,253.59534201099328,1.0000000000000002,164.95340502301025,205.2883221281128,1
Maharloo,lake,2024-09,2024,9,12,0,0,6,6,253.59534201099325,253.59534201099325,1.0,162.93476021862793,207.7651849420166,1
Maharloo,lake,2024-10,2024,10,16,0,0,8,8,253.59534201099325,253.59534201099325,1.0,162.55501237268066,207.27443231054687,1
Maharloo,lake,2024-11,2024,11,15,0,0,7,8,253.59534201099325,253.3507939213937,0.9990356759408106,165.34435217089845,215.443300172611,1
Maharloo,lake,2024-12,2024,12,15,0,0,7,8,253.59534201099325,253.59534201099328,1.0000000000000002,168.4338965214334,213.2128656384313,1
Maharloo,lake,2025-01,2025,1,16,0,0,8,8,253.59534201099325,230.3510456456368,0.9083409964038344,150.928111472229,192.26259488323976,1
Maharloo,lake,2025-02,2025,2,11,0,0,5,6,253.59534201099325,83.77475103210138,0.3303481458601466,55.24720718511963,68.86716349859618,1
Maharloo,lake,2025-03,2025,3,16,0,0,8,8,253.59534201099325,253.5937814796212,0.9999938463720996,203.4765253217809,224.2211469745519,1
Maharloo,lake,2025-04,2025,4,16,0,0,8,8,253.59534201099325,253.59534201099328,1.0000000000000002,196.74022988720705,224.0245230790405,1
Maharloo,lake,2025-05,2025,5,16,0,0,8,8,253.59534201099325,253.59534201099328,1.0000000000000002,183.87702484631347,223.2777226942749,1
Maharloo,lake,2025-06,2025,6,14,0,0,6,8,253.59534201099325,253.59534201099328,1.0000000000000002,186.73012726898196,224.7073740026245,1
Maharloo,lake,2025-07,2025,7,14,0,0,8,6,253.59534201099325,253.59534201099328,1.0000000000000002,182.3839535595703,221.39648108746337,1
Maharloo,lake,2025-08,2025,8,16,0,0,8,8,253.59534201099325,253.59534201099328,1.0000000000000002,178.2485298149414,215.48589597143555,1
Maharloo,lake,2025-09,2025,9,16,0,0,8,8,253.59534201099325,253.59534201099328,1.0000000000000002,175.15636130950926,207.80224156085205,1
Maharloo,lake,2025-10,2025,10,14,0,0,8,6,253.59534201099325,253.59534201099328,1.0000000000000002,175.48136025439453,208.02193133599852,1
Maharloo,lake,2025-11,2025,11,16,0,0,8,8,253.59534201099325,253.58596630438927,0.9999630288690255,175.41420437738037,206.6323855545044,1
Maharloo,lake,2025-12,2025,12,12,0,0,8,4,253.59534201099325,251.31267893384484,0.9909987973002696,187.6611822053833,229.75855398486016,1
Maharloo,lake,2026-01,2026,1,12,0,0,4,8,253.59534201099325,251.76508061628536,0.9927827483730812,179.9675139238382,215.78888008716828,1
Maharloo,lake,2026-02,2026,2,16,0,0,8,8,253.59534201099325,253.58831260840535,0.9999722810264096,191.8754142352941,226.1695337139928,1
Maharloo,lake,2026-03,2026,3,16,0,0,8,8,253.59534201099325,253.59534201099328,1.0000000000000002,207.6729006907959,234.97926879333497,1
Maharloo,lake,2026-04,2026,4,14,0,0,6,8,253.59534201099325,253.3218919610665,0.9989217071269596,213.0166822984588,229.46230081451105,1
Maharloo,lake,2026-05,2026,5,14,0,0,8,6,253.59534201099325,253.59534201099328,1.0000000000000002,194.41493753649905,227.86178162054443,1
Maharloo,lake,2026-06,2026,6,16,0,0,8,8,253.59534201099325,253.59534201099328,1.0000000000000002,190.4061688711548,226.48368216522215,1
Minab,reservoir,1991-01,1991,1,2,2,0,0,0,18.526224582580568,18.526224582580568,1.0,10.317564120056153,16.9298241741333,1
Minab,reservoir,1991-02,1991,2,2,2,0,0,0,18.526224582580568,0.0135527798461914,0.0007315456954426925,0.0111610552368164,0.0135527798461914,1
Minab,reservoir,1991-03,1991,3,2,2,0,0,0,18.526224582580568,18.526224582580568,1.0,18.454452940734864,18.52542691870117,1
Minab,reservoir,1991-04,1991,4,1,1,0,0,0,18.526224582580568,0.0,0.0,,,0
Minab,reservoir,1991-05,1991,5,2,2,0,0,0,18.526224582580568,18.526224582580568,1.0,17.755107125915526,18.52143937390137,1
Minab,reservoir,1991-06,1991,6,1,1,0,0,0,18.526224582580568,18.526224582580568,1.0,17.12762267376709,18.361980786560057,1
Minab,reservoir,1991-07,1991,7,2,2,0,0,0,18.526224582580568,18.526224582580568,1.0,17.046369289611818,18.418584005737305,1
Minab,reservoir,1991-08,1991,8,0,0,0,0,0,18.526224582580568,0.0,0.0,,,0
Minab,reservoir,1991-09,1991,9,2,2,0,0,0,18.526224582580568,17.95281788305664,0.9690489178208992,15.517743484558103,17.574883493286134,1
Minab,reservoir,1991-10,1991,10,1,1,0,0,0,18.526224582580568,13.958509660705566,0.7534459921116452,11.775469899414064,13.252912837158204,1
Minab,reservoir,1991-11,1991,11,2,2,0,0,0,18.526224582580568,18.524629514831545,0.9999139021692242,14.670321151489258,16.87504429486084,1
Minab,reservoir,1991-12,1991,12,1,1,0,0,0,18.526224582580568,0.0,0.0,,,0
Minab,reservoir,1992-01,1992,1,1,1,0,0,0,18.526224582580568,18.524629298095704,0.9999138904703572,17.487328044006347,18.485561935058595,1
Minab,reservoir,1992-02,1992,2,2,2,0,0,0,18.526224582580568,18.526224582580568,1.0,18.470398027160645,18.52542691870117,1
Minab,reservoir,1992-03,1992,3,2,2,0,0,0,18.526224582580568,12.435502822692872,0.6712378319317932,12.366117500061035,12.435502822692872,1
Minab,reservoir,1992-04,1992,4,2,2,0,0,0,18.526224582580568,18.509475860107425,0.999095945188482,18.242308900512697,18.50708290991211,1
Minab,reservoir,1992-05,1992,5,2,2,0,0,0,18.526224582580568,18.526224582580568,1.0,18.082835703735352,18.522236604248047,1
Minab,reservoir,1992-06,1992,6,1,1,0,0,0,18.526224582580568,18.526224582580568,1.0,17.70410481854248,18.49034011932373,1
Minab,reservoir,1992-07,1992,7,0,0,0,0,0,18.526224582580568,0.0,0.0,,,0
Minab,reservoir,1992-08,1992,8,2,2,0,0,0,18.526224582580568,18.526224582580568,1.0,16.914796029174806,18.383535323852534,1
Minab,reservoir,1992-09,1992,9,2,2,0,0,0,18.526224582580568,18.524630607543944,0.99991396115115,16.48744617010498,17.977758981567384,1
Minab,reservoir,1992-10,1992,10,2,2,0,0,0,18.526224582580568,18.494322730651856,0.9982780165604432,15.760273741821289,17.72104108935547,1
Minab,reservoir,1992-11,1992,11,1,1,0,0,0,18.526224582580568,18.51904672491455,0.999612556911743,14.965364246154785,17.349458006469728,1
Minab,reservoir,1992-12,1992,12,2,2,0,0,0,18.526224582580568,18.525427041137696,0.9999569506760908,18.07971073309326,18.51506127215576,1
Minab,reservoir,1993-01,1993,1,2,2,0,0,0,18.526224582580568,13.133972752929688,0.7089395194571382,13.075756910217285,13.132377425170898,1
Minab,reservoir,1993-02,1993,2,2,2,0,0,0,18.526224582580568,18.526224582580568,1.0,18.188121205322265,18.50309603833008,1
Minab,reservoir,1993-03,1993,3,2,2,0,0,0,18.526224582580568,18.519844352905277,0.9996556109072924,18.18009489520264,18.501499918762207,1
Minab,reservoir,1993-04,1993,4,0,0,0,0,0,18.526224582580568,0.0,0.0,,,0
Minab,reservoir,1993-05,1993,5,2,2,0,0,0,18.526224582580568,18.526224582580568,1.0,18.12347570092773,18.51346318701172,1
Minab,reservoir,1993-06,1993,6,2,2,0,0,0,18.526224582580568,18.526224582580568,1.0,17.793331499084474,18.487942299255373,1
Minab,reservoir,1993-07,1993,7,2,2,0,0,0,18.526224582580568,18.526224582580568,1.0,17.930520335571288,18.523831630432127,1
Minab,reservoir,1993-08,1993,8,2,2,0,0,0,18.526224582580568,18.526224582580568,1.0,17.82129705029297,18.514259559692384,1
Minab,reservoir,1993-09,1993,9,2,2,0,0,0,18.526224582580568,18.526224582580568,1.0,17.50002440777588,18.46402440576172,1
Minab,reservoir,1993-10,1993,10,1,1,0,0,0,18.526224582580568,18.16263800567627,0.9803744915601336,16.463529225280762,17.521660930419923,1
Minab,reservoir,1993-11,1993,11,1,1,0,0,0,18.526224582580568,18.51745228411865,0.9995264929223536,16.678848421020508,17.993667333251953,1
Minab,reservoir,1993-12,1993,12,2,2,0,0,0,18.526224582580568,18.526224582580568,1.0,16.48833244244385,18.10442781036377,1
Minab,reservoir,1994-01,1994,1,2,2,0,0,0,18.526224582580568,18.526224582580568,1.0,16.237164147766112,17.93778718762207,1
Minab,reservoir,1994-02,1994,2,0,0,0,0,0,18.526224582580568,0.0,0.0,,,0
Minab,reservoir,1994-03,1994,3,1,1,0,0,0,18.526224582580568,0.0,0.0,,,0
Minab,reservoir,1994-04,1994,4,2,2,0,0,0,18.526224582580568,15.791611545776368,0.8523923196215897,13.263461671264649,15.51173267980957,1
Minab,reservoir,1994-05,1994,5,2,2,0,0,0,18.526224582580568,18.526224582580568,1.0,14.853806559997558,18.259093346557616,1
Minab,reservoir,1994-06,1994,6,2,2,0,0,0,18.526224582580568,18.526224582580568,1.0,14.360267100952148,18.20408112335205,1
Minab,reservoir,1994-07,1994,7,2,2,0,0,0,18.526224582580568,13.06970402923584,0.7054704519519177,9.566376035095216,13.05933312536621,1
Minab,reservoir,1994-08,1994,8,2,2,0,0,0,18.526224582580568,15.02808986920166,0.8111792989561372,11.392331061462402,14.983431123352052,1
Minab,reservoir,1994-09,1994,9,2,2,0,0,0,18.526224582580568,18.526224582580568,1.0,12.756842822814942,16.804212760498046,1
Minab,reservoir,1994-10,1994,10,2,2,0,0,0,18.526224582580568,18.518248781799315,0.9995694859065484,12.114962067626951,14.584431091430664,1
Minab,reservoir,1994-11,1994,11,2,2,0,0,0,18.526224582580568,18.526224582580568,1.0,12.004950023132324,16.41894696838379,1
Minab,reservoir,1994-12,1994,12,2,2,0,0,0,18.526224582580568,18.525426997802736,0.9999569483369762,11.888544750610352,13.727303094604492,1
Minab,reservoir,1995-01,1995,1,2,2,0,0,0,18.526224582580568,18.52463026190185,0.9999139424942408,11.683661130493164,13.552716993530272,1
Minab,reservoir,1995-02,1995,2,1,1,0,0,0,18.526224582580568,18.526224582580568,1.0,11.35834112487793,13.441893582458496,1
Minab,reservoir,1995-03,1995,3,2,2,0,0,0,18.526224582580568,18.525427312744142,0.999956965336738,12.173190136169431,13.845350308349609,1
Minab,reservoir,1995-04,1995,4,2,2,0,0,0,18.526224582580568,8.859856510925294,0.4782332456044954,6.264817229370117,7.729462346984863,1
Minab,reservoir,1995-05,1995,5,2,2,0,0,0,18.526224582580568,18.526224582580568,1.0,11.512956842285156,13.83181077471924,1
Minab,reservoir,1995-06,1995,6,2,2,0,0,0,18.526224582580568,18.526224582580568,1.0,10.685310982055665,13.27524605090332,1
Minab,reservoir,1995-07,1995,7,2,2,0,0,0,18.526224582580568,18.515060564697265,0.9993973937952906,11.056022176818848,16.230941800720213,1
Minab,reservoir,1995-08,1995,8,2,2,0,0,0,18.526224582580568,5.061203111572266,0.2731912856292967,2.257033200012207,4.408183018432617,1
Minab,reservoir,1995-09,1995,9,1,1,0,0,0,18.526224582580568,17.913809645568847,0.9669433491814868,9.359258029418946,13.991259622253418,1
Minab,reservoir,1995-10,1995,10,2,2,0,0,0,18.526224582580568,18.525427001586912,0.9999569485412368,9.065818504089355,11.864014862182618,1
Minab,reservoir,1995-11,1995,11,1,1,0,0,0,18.526224582580568,18.52223640814209,0.9997847281608456,9.055472556274417,12.827237717895509,1
Minab,reservoir,1995-12,1995,12,0,0,0,0,0,18.526224582580568,0.0,0.0,,,0
Minab,reservoir,1996-01,1996,1,0,0,0,0,0,18.526224582580568,0.0,0.0,,,0
Minab,reservoir,1996-02,1996,2,2,2,0,0,0,18.526224582580568,18.526224582580568,1.0,18.304509750488283,18.51186822662353,1
Minab,reservoir,1996-03,1996,3,2,2,0,0,0,18.526224582580568,17.589894392700195,0.9494592011606744,17.388140087097167,17.582717240600587,1
Minab,reservoir,1996-04,1996,4,2,2,0,0,0,18.526224582580568,18.526224582580568,1.0,18.17451676324463,18.49910763861084,1
Minab,reservoir,1996-05,1996,5,2,2,0,0,0,18.526224582580568,18.52542703363037,0.9999569502708638,18.001474766845703,18.47438529437256,1
Minab,reservoir,1996-06,1996,6,2,2,0,0,0,18.526224582580568,18.526224582580568,1.0,17.85396588964844,18.49592254266357,1
Minab,reservoir,1996-07,1996,7,1,1,0,0,0,18.526224582580568,18.526224582580568,1.0,17.64749049914551,18.507880262146,1
Minab,reservoir,1996-08,1996,8,2,2,0,0,0,18.526224582580568,18.526224582580568,1.0,17.45059879168701,18.42655982543945,1
Minab,reservoir,1996-09,1996,9,2,2,0,0,0,18.526224582580568,18.526224582580568,1.0,17.12855122833252,18.484762424316408,1
Minab,reservoir,1996-10,1996,10,1,1,0,0,0,18.526224582580568,7.224344697021484,0.389952343761083,6.506694861022949,6.984341131103515,1
Minab,reservoir,1996-11,1996,11,2,2,0,0,0,18.526224582580568,18.51984738104248,0.9996557743586848,16.281814922485353,17.768037836669922,1
Minab,reservoir,1996-12,1996,12,2,2,0,0,0,18.526224582580568,18.526224582580568,1.0,15.925423653686524,17.447519311035155,1
Minab,reservoir,1997-01,1997,1,2,2,0,0,0,18.526224582580568,18.526224582580568,1.0,16.982688281555177,18.18817179620361,1
Minab,reservoir,1997-02,1997,2,2,2,0,0,0,18.526224582580568,18.526224582580568,1.0,17.643554220275877,18.424966729187013,1
Minab,reservoir,1997-03,1997,3,1,1,0,0,0,18.526224582580568,5.505623701843262,0.2971800151348682,5.0695896488647465,5.435484430603028,1
Minab,reservoir,1997-04,1997,4,2,2,0,0,0,18.526224582580568,18.52303415484619,0.9998277885642508,18.223171229431152,18.49591753417969,1
Minab,reservoir,1997-05,1997,5,1,1,0,0,0,18.526224582580568,18.526224582580568,1.0,17.83001685644531,18.416165807617187,1
Minab,reservoir,1997-06,1997,6,2,2,0,0,0,18.526224582580568,18.526224582580568,1.0,17.76945614367676,18.48395845440674,1
Minab,reservoir,1997-07,1997,7,2,2,0,0,0,18.526224582580568,18.526224582580568,1.0,17.480909430541992,18.50947465270996,1
Minab,reservoir,1997-08,1997,8,1,1,0,0,0,18.526224582580568,17.64051851635742,0.9521917667425916,16.699633467834474,17.607024836669922,1
Minab,reservoir,1997-09,1997,9,2,2,0,0,0,18.526224582580568,18.526224582580568,1.0,16.969063655273438,18.344460703308105,1
Minab,reservoir,1997-10,1997,10,2,2,0,0,0,18.526224582580568,18.526224582580568,1.0,16.78333137774658,18.16746469049072,1
Minab,reservoir,1997-11,1997,11,1,1,0,0,0,18.526224582580568,9.53073105114746,0.514445401903894,8.97401061669922,9.39034965020752,1
Minab,reservoir,1997-12,1997,12,2,2,0,0,0,18.526224582580568,18.524629612854003,0.9999139074602352,17.773591752563476,18.454467614013677,1
Minab,reservoir,1998-01,1998,1,2,2,0,0,0,18.526224582580568,18.526224582580568,1.0,18.39305525054932,18.519046801330568,1
Minab,reservoir,1998-02,1998,2,2,2,0,0,0,18.526224582580568,18.526224582580568,1.0,18.28219511138916,18.508677431640624,1
Minab,reservoir,1998-03,1998,3,1,1,0,0,0,18.526224582580568,18.51027378240967,0.9991390150702428,18.1569902767334,18.469598439819336,1
Minab,reservoir,1998-04,1998,4,2,2,0,0,0,18.526224582580568,18.523034232177736,0.9998277927384172,18.08522535241699,18.48794253063965,1
Minab,reservoir,1998-05,1998,5,2,2,0,0,0,18.526224582580568,18.526224582580568,1.0,17.60927143585205,18.4967166652832,1
Minab,reservoir,1998-06,1998,6,1,1,0,0,0,18.526224582580568,18.526224582580568,1.0,17.280022197692873,18.45923897265625,1
Minab,reservoir,1998-07,1998,7,2,2,0,0,0,18.526224582580568,18.526224582580568,1.0,17.00577226055908,18.47837142370605,1
Minab,reservoir,1998-08,1998,8,2,2,0,0,0,18.526224582580568,18.526224582580568,1.0,16.48598780834961,18.2583364541626,1
Minab,reservoir,1998-09,1998,9,2,2,0,0,0,18.526224582580568,18.526224582580568,1.0,15.674331584777832,17.03864801287842,1
Minab,reservoir,1998-10,1998,10,2,2,0,0,0,18.526224582580568,18.526224582580568,1.0,15.168832873596193,16.745238745422363,1
Minab,reservoir,1998-11,1998,11,2,2,0,0,0,18.526224582580568,18.494325211364743,0.9982781504632188,14.59719958666992,16.359334416015624,1
Minab,reservoir,1998-12,1998,12,2,2,0,0,0,18.526224582580568,18.526224582580568,1.0,13.866867098632811,16.135269930236817,1
Minab,reservoir,1999-01,1999,1,1,1,0,0,0,18.526224582580568,18.521439911499023,0.999741735232658,16.297108418395997,18.25676284667969,1
Minab,reservoir,1999-02,1999,2,2,2,0,0,0,18.526224582580568,18.51107115991211,0.9991820555450512,17.670784286010743,18.30142689898681,1
Minab,reservoir,1999-03,1999,3,1,1,0,0,0,18.526224582580568,16.71283649810791,0.9021177749201148,16.2743010045166,16.68892023095703,1
Minab,reservoir,1999-04,1999,4,1,1,0,0,0,18.526224582580568,18.47838377508545,0.9974176709732808,17.579776531799315,18.3611928671875,1
Minab,reservoir,1999-05,1999,5,2,2,0,0,0,18.526224582580568,18.526224582580568,1.0,17.206665144836425,18.41461751159668,1
Minab,reservoir,1999-06,1999,6,1,1,0,0,0,18.526224582580568,18.526224582580568,1.0,16.5720140536499,18.07419963897705,1
Minab,reservoir,1999-07,1999,7,3,2,1,0,0,18.526224582580568,18.526224582580568,1.0,15.829697880065918,17.99445005731201,1
Minab,reservoir,1999-08,1999,8,1,1,0,0,0,18.526224582580568,18.255955849243165,0.9854115590506484,14.881768017578125,17.65003540374756,1
Minab,reservoir,1999-09,1999,9,2,2,0,0,0,18.526224582580568,9.070584542663576,0.4896078260431035,7.525069131896973,8.955744701416016,1
Minab,reservoir,1999-10,1999,10,2,2,0,0,0,18.526224582580568,18.30382061920166,0.9879951815121564,13.202727174621582,15.3484043404541,1
Minab,reservoir,1999-11,1999,11,2,2,0,0,0,18.526224582580568,12.47648784411621,0.6734501025021217,8.266266370361327,11.105302610290527,1
Minab,reservoir,1999-12,1999,12,3,1,2,0,0,18.526224582580568,18.523035950561525,0.9998278854925444,12.127049350219728,14.4051062946167,1
Minab,reservoir,2000-01,2000,1,2,1,1,0,0,18.526224582580568,3.602812898071289,0.1944709717844435,1.6746056450195312,2.372148138488769,1
Minab,reservoir,2000-02,2000,2,1,0,1,0,0,18.526224582580568,18.52542693371582,0.9999569448777222,16.95947480102539,18.032736018920897,1
Minab,reservoir,2000-03,2000,3,2,2,0,0,0,18.526224582580568,18.410581987548827,0.9937578973785908,16.927586440856935,18.098096033874512,1
Minab,reservoir,2000-04,2000,4,2,1,1,0,0,18.526224582580568,18.526224582580568,1.0,16.136679122192383,17.88527336669922,1
Minab,reservoir,2000-05,2000,5,1,1,0,0,0,18.526224582580568,18.526224582580568,1.0,16.029032272338867,18.135604506286622,1
Minab,reservoir,2000-06,2000,6,3,2,1,0,0,18.526224582580568,18.526224582580568,1.0,14.888845716552735,17.78243895288086,1
Minab,reservoir,2000-07,2000,7,3,2,1,0,0,18.526224582580568,18.526224582580568,1.0,14.40493061682129,17.904448677856447,1
Minab,reservoir,2000-08,2000,8,2,2,0,0,0,18.526224582580568,18.526224582580568,1.0,13.78385497454834,17.81039716699219,1
Minab,reservoir,2000-09,2000,9,3,2,1,0,0,18.526224582580568,18.526224582580568,1.0,12.819939145019532,16.302726017883302,1
Minab,reservoir,2000-10,2000,10,2,2,0,0,0,18.526224582580568,18.525426971435547,0.9999569469137404,12.017811114746094,15.798846280090332,1
Minab,reservoir,2000-11,2000,11,3,2,1,0,0,18.526224582580568,18.5238330524292,0.9998709110892666,11.470026555175782,14.35003742919922,1
Minab,reservoir,2000-12,2000,12,3,2,1,0,0,18.526224582580568,18.526224582580568,1.0,10.79227616973877,13.972864983154295,1
Minab,reservoir,2001-01,2001,1,3,2,1,0,0,18.526224582580568,18.512671563171388,0.9992684413735368,10.593741488037107,13.777574609680176,1
Minab,reservoir,2001-02,2001,2,2,1,1,0,0,18.526224582580568,18.526224582580568,1.0,10.08898254486084,16.541890658081055,1
Minab,reservoir,2001-03,2001,3,3,2,1,0,0,18.526224582580568,18.24795237695313,0.9849795513172668,9.587433204223633,13.511295311828611,1
Minab,reservoir,2001-04,2001,4,1,1,0,0,0,18.526224582580568,18.526224582580568,1.0,9.707833516479493,15.624930634887695,1
Minab,reservoir,2001-05,2001,5,3,2,1,0,0,18.526224582580568,18.526224582580568,1.0,8.742169765563965,16.496416948791502,1
Minab,reservoir,2001-06,2001,6,1,1,0,0,0,18.526224582580568,18.526224582580568,1.0,8.687153067138672,17.19168981829834,1
Minab,reservoir,2001-07,2001,7,3,2,1,0,0,18.526224582580568,18.526224582580568,1.0,8.015734693481445,17.74824324182129,1
Minab,reservoir,2001-08,2001,8,2,2,0,0,0,18.526224582580568,18.526224582580568,1.0,7.644120026977539,16.47742656921387,1
Minab,reservoir,2001-09,2001,9,3,2,1,0,0,18.526224582580568,18.526224582580568,1.0,7.435995851440429,11.939033138244628,1
Minab,reservoir,2001-10,2001,10,1,1,0,0,0,18.526224582580568,18.510272500915526,0.9991389458983434,7.510976233825684,13.411641131469729,1
Minab,reservoir,2001-11,2001,11,1,0,1,0,0,18.526224582580568,18.286232291259765,0.9870458068641542,7.206346999938964,9.876942537170413,1
Minab,reservoir,2001-12,2001,12,3,2,1,0,0,18.526224582580568,18.526224582580568,1.0,7.601051917846679,14.877984546203614,1
Minab,reservoir,2002-01,2002,1,2,2,0,0,0,18.526224582580568,18.526224582580568,1.0,8.710232652221679,13.361483949829102,1
Minab,reservoir,2002-02,2002,2,3,2,1,0,0,18.526224582580568,18.379503433532715,0.9920803535337788,8.632979883728026,13.429328568115237,1
Minab,reservoir,2002-03,2002,3,3,2,1,0,0,18.526224582580568,18.51904724914551,0.9996125852084398,10.088986851257324,14.526252707214356,1
Minab,reservoir,2002-04,2002,4,0,0,0,0,0,18.526224582580568,0.0,0.0,,,0
Minab,reservoir,2002-05,2002,5,1,1,0,0,0,18.526224582580568,18.526224582580568,1.0,9.763650065246582,15.800523927185058,1
Minab,reservoir,2002-06,2002,6,2,1,1,0,0,18.526224582580568,18.526224582580568,1.0,9.512477824157717,17.001973652526857,1
Minab,reservoir,2002-07,2002,7,3,2,1,0,0,18.526224582580568,18.526224582580568,1.0,8.676010114074707,15.905781438415527,1
Minab,reservoir,2002-08,2002,8,0,0,0,0,0,18.526224582580568,0.0,0.0,,,0
Minab,reservoir,2002-09,2002,9,1,0,1,0,0,18.526224582580568,18.526224582580568,1.0,7.496597470703125,11.13522085583496,1
Minab,reservoir,2002-10,2002,10,0,0,0,0,0,18.526224582580568,0.0,0.0,,,0
Minab,reservoir,2002-11,2002,11,1,0,1,0,0,18.526224582580568,17.741455841247557,0.957640115079308,6.376111964050293,9.674269781066895,1
Minab,reservoir,2002-12,2002,12,1,0,1,0,0,18.526224582580568,14.231977210083008,0.7682070972768374,4.520865838378906,7.269432209777832,1
Minab,reservoir,2003-01,2003,1,0,0,0,0,0,18.526224582580568,0.0,0.0,,,0
Minab,reservoir,2003-02,2003,2,1,0,1,0,0,18.526224582580568,0.0,0.0,,,0
Minab,reservoir,2003-03,2003,3,1,0,1,0,0,18.526224582580568,18.52143869897461,0.9997416697835748,6.483854573364257,12.318631463256835,1
Minab,reservoir,2003-04,2003,4,1,0,1,0,0,18.526224582580568,18.510273846740724,0.9991390185426748,6.521339055664063,11.735731430725098,1
Minab,reservoir,2003-05,2003,5,0,0,0,0,0,18.526224582580568,0.0,0.0,,,0
Minab,reservoir,2003-06,2003,6,0,0,0,0,0,18.526224582580568,0.0,0.0,,,0
Minab,reservoir,2003-07,2003,7,1,0,1,0,0,18.526224582580568,2.30792608770752,0.1245761691714331,0.0023925281982421,2.271232088623047,1
Minab,reservoir,2003-08,2003,8,0,0,0,0,0,18.526224582580568,0.0,0.0,,,0
Minab,reservoir,2003-09,2003,9,0,0,0,0,0,18.526224582580568,0.0,0.0,,,0
Minab,reservoir,2003-10,2003,10,1,0,1,0,0,18.526224582580568,15.63566195489502,0.8439745445813378,4.470200180114746,8.05550241027832,1
Minab,reservoir,2003-11,2003,11,0,0,0,0,0,18.526224582580568,0.0,0.0,,,0
Minab,reservoir,2003-12,2003,12,1,0,1,0,0,18.526224582580568,15.536793007873536,0.8386378421905849,4.252510222961426,7.28680946282959,1
Minab,reservoir,2004-01,2004,1,1,0,1,0,0,18.526224582580568,15.567876640502927,0.8403156601664405,4.413524313415527,6.676667588317871,1
Minab,reservoir,2004-02,2004,2,1,0,1,0,0,18.526224582580568,15.874851910888673,0.8568854296312013,5.754901510986328,9.340939731262209,1
Minab,reservoir,2004-03,2004,3,1,0,1,0,0,18.526224582580568,14.839700221435546,0.8010104894976117,4.746055716125488,7.639957963745117,1
Minab,reservoir,2004-04,2004,4,0,0,0,0,0,18.526224582580568,0.0,0.0,,,0
Minab,reservoir,2004-05,2004,5,2,0,2,0,0,18.526224582580568,18.526224582580568,1.0,5.1066750161132815,9.680023232177737,1
Minab,reservoir,2004-06,2004,6,2,0,2,0,0,18.526224582580568,17.868381692626954,0.9644912601042224,4.486218383361816,8.812307895568848,1
Minab,reservoir,2004-07,2004,7,2,0,2,0,0,18.526224582580568,18.526224582580568,1.0,4.31875666015625,13.341582273376464,1
Minab,reservoir,2004-08,2004,8,2,0,2,0,0,18.526224582580568,18.526224582580568,1.0,4.16005748815918,10.904734939819337,1
Minab,reservoir,2004-09,2004,9,2,0,2,0,0,18.526224582580568,18.02859958532715,0.9731394275700774,3.818686330871582,9.460315847351074,1
Minab,reservoir,2004-10,2004,10,0,0,0,0,0,18.526224582580568,0.0,0.0,,,0
Minab,reservoir,2004-11,2004,11,0,0,0,0,0,18.526224582580568,0.0,0.0,,,0
Minab,reservoir,2004-12,2004,12,1,0,1,0,0,18.526224582580568,14.88126325854492,0.803253959931866,3.0036458966674804,4.651199027893067,1
Minab,reservoir,2005-01,2005,1,1,0,1,0,0,18.526224582580568,12.906142791503909,0.6966418189510135,7.320596886169434,9.480561447998047,1
Minab,reservoir,2005-02,2005,2,2,0,2,0,0,18.526224582580568,17.26694363092041,0.9320271139947096,14.419105903564454,16.344626593505858,1
Minab,reservoir,2005-03,2005,3,1,0,1,0,0,18.526224582580568,0.0398879989624023,0.0021530559982473,0.0374946909179687,0.0398879989624023,1
Minab,reservoir,2005-04,2005,4,2,0,2,0,0,18.526224582580568,18.43374083306885,0.9950079548534309,17.87801185321045,18.34446178869629,1
Minab,reservoir,2005-05,2005,5,2,0,2,0,0,18.526224582580568,17.524708425476074,0.9459406231075176,16.280124542175294,17.25606821734619,1
Minab,reservoir,2005-06,2005,6,1,0,1,0,0,18.526224582580568,15.57580375177002,0.8407435461197688,13.877554331604005,15.20992079937744,1
Minab,reservoir,2005-07,2005,7,2,0,2,0,0,18.526224582580568,16.176274101867676,0.8731554575386907,13.60016747918701,15.509841161376952,1
Minab,reservoir,2005-08,2005,8,2,0,2,0,0,18.526224582580568,18.107657266845703,0.9774067666151244,14.756575181518556,16.986782822875977,1
Minab,reservoir,2005-09,2005,9,1,0,1,0,0,18.526224582580568,15.728919718811037,0.8490083691201865,11.751991689025878,13.272615121887206,1
Minab,reservoir,2005-10,2005,10,2,0,2,0,0,18.526224582580568,16.149185232421875,0.8716932670462322,10.92525397491455,12.705061985351565,1
Minab,reservoir,2005-11,2005,11,1,0,1,0,0,18.526224582580568,15.842153357666016,0.8551204422169063,10.051316643737794,11.69635935913086,1
Minab,reservoir,2005-12,2005,12,2,0,2,0,0,18.526224582580568,17.03431385192871,0.9194703311513002,9.807410270141602,11.734790194274902,1
Minab,reservoir,2006-01,2006,1,1,0,1,0,0,18.526224582580568,15.4195655513916,0.8323101926492876,8.394334601623536,10.263529410888673,1
Minab,reservoir,2006-02,2006,2,1,0,1,0,0,18.526224582580568,15.830195172912598,0.8544749688394184,8.007634435180664,11.600720136535644,1
Minab,reservoir,2006-03,2006,3,1,0,1,0,0,18.526224582580568,14.822193254516602,0.8000655065173553,7.730837329223632,10.293707850585935,1
Minab,reservoir,2006-04,2006,4,1,0,1,0,0,18.526224582580568,15.619650504638672,0.8431102859092605,7.817808139709473,10.40945874847412,1
Minab,reservoir,2006-05,2006,5,0,0,0,0,0,18.526224582580568,0.0,0.0,,,0
Minab,reservoir,2006-06,2006,6,0,0,0,0,0,18.526224582580568,0.0,0.0,,,0
Minab,reservoir,2006-07,2006,7,0,0,0,0,0,18.526224582580568,0.0,0.0,,,0
Minab,reservoir,2006-08,2006,8,0,0,0,0,0,18.526224582580568,0.0,0.0,,,0
Minab,reservoir,2006-09,2006,9,1,0,1,0,0,18.526224582580568,15.89478027496338,0.8579611136695695,6.128124842773437,9.518058419067383,1
Minab,reservoir,2006-10,2006,10,1,0,1,0,0,18.526224582580568,15.852516927490234,0.855679842205718,5.740586172424316,8.132207331542968,1
Minab,reservoir,2006-11,2006,11,2,0,2,0,0,18.526224582580568,17.04955599432373,0.9202930644787018,6.55476008190918,9.476528522766111,1
Minab,reservoir,2006-12,2006,12,1,0,1,0,0,18.526224582580568,15.936228287109374,0.8601983753394387,5.780478526489258,8.110553328125,1
Minab,reservoir,2007-01,2007,1,2,0,2,0,0,18.526224582580568,15.817336045593262,0.8537808647999248,6.114405579406738,8.318481086791992,1
Minab,reservoir,2007-02,2007,2,2,0,2,0,0,18.526224582580568,18.526224582580568,1.0,7.849871434570312,11.064317791625976,1
Minab,reservoir,2007-03,2007,3,1,0,1,0,0,18.526224582580568,15.84293767114258,0.8551627775277554,6.669576674621582,9.919909787475586,1
Minab,reservoir,2007-04,2007,4,0,0,0,0,0,18.526224582580568,0.0,0.0,,,0
Minab,reservoir,2007-05,2007,5,0,0,0,0,0,18.526224582580568,0.0,0.0,,,0
Minab,reservoir,2007-06,2007,6,2,0,2,0,0,18.526224582580568,18.526224582580568,1.0,6.9934411129760745,12.358553171203614,1
Minab,reservoir,2007-07,2007,7,2,0,2,0,0,18.526224582580568,16.698523745239257,0.9013452077516204,5.7333811354370114,11.661380975646972,1
Minab,reservoir,2007-08,2007,8,2,0,2,0,0,18.526224582580568,15.860538804077148,0.8561128433577421,5.517300789367676,9.218241096923828,1
Minab,reservoir,2007-09,2007,9,1,0,1,0,0,18.526224582580568,15.910722185546875,0.8588216187612807,5.1337287282714845,8.077213920715332,1
Minab,reservoir,2007-10,2007,10,0,0,0,0,0,18.526224582580568,0.0,0.0,,,0
Minab,reservoir,2007-11,2007,11,0,0,0,0,0,18.526224582580568,0.0,0.0,,,0
Minab,reservoir,2007-12,2007,12,2,0,2,0,0,18.526224582580568,18.00553050439453,0.9718942153667066,5.275780848083496,9.37384775567627,1
Minab,reservoir,2008-01,2008,1,0,0,0,0,0,18.526224582580568,0.0,0.0,,,0
Minab,reservoir,2008-02,2008,2,2,0,2,0,0,18.526224582580568,17.51502616595459,0.945417998571778,7.75654685345459,10.865732556884764,1
Minab,reservoir,2008-03,2008,3,1,0,1,0,0,18.526224582580568,9.50777338104248,0.5132062033827572,2.985098186767578,5.663480753723144,1
Minab,reservoir,2008-04,2008,4,1,1,0,0,0,18.526224582580568,15.455908079467774,0.8342718728564004,4.431091332458496,11.03619956286621,1
Minab,reservoir,2008-05,2008,5,3,2,1,0,0,18.526224582580568,18.526224582580568,1.0,6.628237833740235,12.771669403625488,1
Minab,reservoir,2008-06,2008,6,3,2,1,0,0,18.526224582580568,18.526224582580568,1.0,5.987074263061524,13.760241560058594,1
Minab,reservoir,2008-07,2008,7,3,1,2,0,0,18.526224582580568,18.5206412366333,0.9996986247293732,5.379406550476074,16.714267964538575,1
Minab,reservoir,2008-08,2008,8,0,0,0,0,0,18.526224582580568,0.0,0.0,,,0
Minab,reservoir,2008-09,2008,9,1,0,1,0,0,18.526224582580568,16.132399163024903,0.8707871963396968,3.643267013305664,6.878621621398926,1
Minab,reservoir,2008-10,2008,10,3,1,2,0,0,18.526224582580568,18.526224582580568,1.0,4.075567176879883,7.720779505126953,1
Minab,reservoir,2008-11,2008,11,4,2,2,0,0,18.526224582580568,18.489542777771,0.9980200064699604,4.17925016027832,8.997447134094239,1
Minab,reservoir,2008-12,2008,12,4,2,2,0,0,18.526224582580568,18.526224582580568,1.0,4.201580933776856,8.703120615478516,1
Minab,reservoir,2009-01,2009,1,2,1,1,0,0,18.526224582580568,18.526224582580568,1.0,4.180828782897949,9.32029623022461,1
Minab,reservoir,2009-02,2009,2,2,1,1,0,0,18.526224582580568,14.935449199157716,0.8061787836255041,3.26367251763916,9.979750643249512,1
Minab,reservoir,2009-03,2009,3,2,1,1,0,0,18.526224582580568,16.124238056640625,0.8703466799059302,2.8489445251464844,10.484288199035644,1
Minab,reservoir,2009-04,2009,4,2,1,1,0,0,18.526224582580568,18.523034901428225,0.9998278288629112,9.08747484802246,14.824792080444336,1
Minab,reservoir,2009-05,2009,5,3,2,1,0,0,18.526224582580568,18.526224582580568,1.0,8.975028440368652,14.040924663879396,1
Minab,reservoir,2009-06,2009,6,3,2,1,0,0,18.526224582580568,18.526224582580568,1.0,8.483841327270508,14.485848382019045,1
Minab,reservoir,2009-07,2009,7,1,1,0,0,0,18.526224582580568,15.860701993164062,0.8561216519029579,6.040034798400879,15.44938341204834,1
Minab,reservoir,2009-08,2009,8,1,1,0,0,0,18.526224582580568,0.905996417602539,0.0489034564794388,0.0,0.905996417602539,1
Minab,reservoir,2009-09,2009,9,4,2,2,0,0,18.526224582580568,18.526224582580568,1.0,7.513380583984375,14.488247019775391,1
Minab,reservoir,2009-10,2009,10,4,2,2,0,0,18.526224582580568,18.526224582580568,1.0,6.900151091491699,11.314774717346191,1
Minab,reservoir,2009-11,2009,11,3,2,1,0,0,18.526224582580568,18.526224582580568,1.0,6.505417065795898,10.847461176574708,1
Minab,reservoir,2009-12,2009,12,3,1,2,0,0,18.526224582580568,16.206670651428222,0.8747961884617698,15.418197448669432,16.03524458843994,1
Minab,reservoir,2010-01,2010,1,2,1,1,0,0,18.526224582580568,16.03351209375,0.865449515754313,14.895915085327148,15.489043539367676,1
Minab,reservoir,2010-02,2010,2,4,2,2,0,0,18.526224582580568,18.526224582580568,1.0,18.129143883117678,18.515855360473637,1
Minab,reservoir,2010-03,2010,3,3,1,2,0,0,18.526224582580568,18.52383176599121,0.9998708416505104,17.830922235778807,18.48477776031494,1
Minab,reservoir,2010-04,2010,4,2,1,1,0,0,18.526224582580568,8.92829536920166,0.4819274067095441,8.088596227478027,8.887619409423829,1
Minab,reservoir,2010-05,2010,5,2,0,2,0,0,18.526224582580568,18.526224582580568,1.0,16.62627611621094,17.845461008850098,1
Minab,reservoir,2010-06,2010,6,3,1,2,0,0,18.526224582580568,18.526224582580568,1.0,15.91508826397705,18.153207558776856,1
Minab,reservoir,2010-07,2010,7,3,1,2,0,0,18.526224582580568,10.457621336547852,0.5644766579360544,7.436859912414551,9.634136302001954,1
Minab,reservoir,2010-08,2010,8,2,0,2,0,0,18.526224582580568,18.272698767822263,0.9863153005822524,13.67550940258789,15.88113818713379,1
Minab,reservoir,2010-09,2010,9,1,0,1,0,0,18.526224582580568,15.823027777160643,0.8540880904595303,10.92601972265625,12.622937313293455,1
Minab,reservoir,2010-10,2010,10,1,1,0,0,0,18.526224582580568,18.526224582580568,1.0,11.688544898498536,14.423752782836914,1
Minab,reservoir,2010-11,2010,11,0,0,0,0,0,18.526224582580568,0.0,0.0,,,0
Minab,reservoir,2010-12,2010,12,2,2,0,0,0,18.526224582580568,18.526224582580568,1.0,10.78353634033203,14.02904382507324,1
Minab,reservoir,2011-01,2011,1,3,2,1,0,0,18.526224582580568,11.18737582244873,0.6038670087680871,5.447122017822266,7.614338291137695,1
Minab,reservoir,2011-02,2011,2,2,1,1,0,0,18.526224582580568,18.526224582580568,1.0,18.35483151348877,18.525427346679688,1
Minab,reservoir,2011-03,2011,3,2,0,2,0,0,18.526224582580568,18.524629386657715,0.9999138952507164,17.94248489868164,18.48874184490967,1
Minab,reservoir,2011-04,2011,4,2,1,1,0,0,18.526224582580568,18.520641541931152,0.9996986412085996,17.845259421447754,18.475999818481444,1
Minab,reservoir,2011-05,2011,5,0,0,0,0,0,18.526224582580568,0.0,0.0,,,0
Minab,reservoir,2011-06,2011,6,0,0,0,0,0,18.526224582580568,0.0,0.0,,,0
Minab,reservoir,2011-07,2011,7,1,0,1,0,0,18.526224582580568,15.114438709777833,0.8158401968196642,12.925702178710935,14.724565243591307,1
Minab,reservoir,2011-08,2011,8,2,0,2,0,0,18.526224582580568,7.811311488769531,0.4216353663397873,5.6858929481201175,6.948011881774902,1
Minab,reservoir,2011-09,2011,9,1,0,1,0,0,18.526224582580568,15.807860518249512,0.8532693991582603,11.65791521472168,13.109235382202147,1
Minab,reservoir,2011-10,2011,10,2,0,2,0,0,18.526224582580568,17.40117297027588,0.9392724833227744,12.17965572076416,14.12445912463379,1
Minab,reservoir,2011-11,2011,11,2,0,2,0,0,18.526224582580568,17.252703830566407,0.9312584846233808,11.33033129309082,13.168346546203614,1
Minab,reservoir,2011-12,2011,12,2,0,2,0,0,18.526224582580568,18.377942308105467,0.9919960878259824,11.930163729370117,14.28968907019043,1
Minab,reservoir,2012-01,2012,1,2,0,2,0,0,18.526224582580568,16.79345854748535,0.9064695546914364,9.958140253845215,12.623920325378418,1
Minab,reservoir,2012-02,2012,2,2,0,2,0,0,18.526224582580568,14.162450802246092,0.7644542329235527,8.704661227478027,10.89598152734375,1
Minab,reservoir,2012-03,2012,3,1,0,1,0,0,18.526224582580568,1.07574218951416,0.0580659154119094,0.2025830003662109,0.6332144525146485,1
Minab,reservoir,2012-04,2012,4,1,0,1,0,0,18.526224582580568,4.95217636743164,0.2673062903538352,2.7040888869628907,3.372391543395996,1
Minab,reservoir,2012-05,2012,5,2,0,2,0,0,18.526224582580568,18.413026280944823,0.9938898343193908,9.69748240234375,13.67741305041504,1
Minab,reservoir,2012-06,2012,6,2,0,2,0,0,18.526224582580568,18.526224582580568,1.0,9.215865186584471,12.482930796875,1
Minab,reservoir,2012-07,2012,7,1,0,1,0,0,18.526224582580568,3.055848050476074,0.1649471556848857,0.925910707397461,2.9513955210571288,1
Minab,reservoir,2012-08,2012,8,2,0,2,0,0,18.526224582580568,15.570283548400878,0.8404455791300816,7.429533643188477,9.501286408325194,1
Minab,reservoir,2012-09,2012,9,2,0,2,0,0,18.526224582580568,18.526224582580568,1.0,8.12581792767334,11.199155352661132,1
Minab,reservoir,2012-10,2012,10,2,0,2,0,0,18.526224582580568,18.523832576782223,0.9998708854150138,7.651350724243164,9.797317048278808,1
Minab,reservoir,2012-11,2012,11,2,0,2,0,0,18.526224582580568,15.994400360595703,0.8633383606735809,6.367377085266114,8.97970420703125,1
Minab,reservoir,2012-12,2012,12,2,0,2,0,0,18.526224582580568,17.036663605895995,0.9195971650864504,7.21345427722168,10.335463839050291,1
Minab,reservoir,2013-01,2013,1,2,0,2,0,0,18.526224582580568,11.817954265441896,0.6379040809293558,5.300822704162598,9.290625254760744,1
Minab,reservoir,2013-02,2013,2,1,0,1,0,0,18.526224582580568,1.053992175109863,0.0568919031728076,0.8427426809082031,1.0348580219726562,1
Minab,reservoir,2013-03,2013,3,3,0,2,1,0,18.526224582580568,18.526224582580568,1.0,11.670939229858398,14.114998178588868,1
Minab,reservoir,2013-04,2013,4,2,0,1,1,0,18.526224582580568,18.52462944128418,0.9999138981993186,11.317710881469727,14.918807517578124,1
Minab,reservoir,2013-05,2013,5,2,0,1,1,0,18.526224582580568,18.526224582580568,1.0,10.762725198120116,13.983471356384277,1
Minab,reservoir,2013-06,2013,6,3,0,1,2,0,18.526224582580568,18.526224582580568,1.0,10.216519538146972,13.611113862609864,1
Minab,reservoir,2013-07,2013,7,4,0,2,2,0,18.526224582580568,18.526224582580568,1.0,9.550722192138672,13.71002036694336,1
Minab,reservoir,2013-08,2013,8,4,0,2,2,0,18.526224582580568,16.933688274658202,0.9140388101837132,8.077806735656738,12.906806563049315,1
Minab,reservoir,2013-09,2013,9,4,0,2,2,0,18.526224582580568,18.526224582580568,1.0,8.523730655517578,11.242924805358887,1
Minab,reservoir,2013-10,2013,10,3,0,1,2,0,18.526224582580568,18.35479847583008,0.9907468407291318,7.924076989929199,10.258941153320311,1
Minab,reservoir,2013-11,2013,11,3,0,2,1,0,18.526224582580568,18.526224582580568,1.0,7.578787880249023,10.160727975341796,1
Minab,reservoir,2013-12,2013,12,4,0,2,2,0,18.526224582580568,18.463234841918947,0.9965999688505964,7.323657976013184,10.433555120361328,1
Minab,reservoir,2014-01,2014,1,3,0,2,1,0,18.526224582580568,18.465613894226077,0.9967283842380124,7.0533391024169925,9.672021538635256,1
Minab,reservoir,2014-02,2014,2,3,0,2,1,0,18.526224582580568,18.52143921899414,0.9997416978529492,8.010962336791993,10.829014228393556,1
Minab,reservoir,2014-03,2014,3,3,0,1,2,0,18.526224582580568,18.52223664923096,0.9997847411742292,11.38868217376709,13.629362455566406,1
Minab,reservoir,2014-04,2014,4,4,0,2,2,0,18.526224582580568,18.526224582580568,1.0,10.893499426330566,13.65096024267578,1
Minab,reservoir,2014-05,2014,5,4,0,2,2,0,18.526224582580568,18.526224582580568,1.0,10.25239732647705,13.30007311767578,1
Minab,reservoir,2014-06,2014,6,4,0,2,2,0,18.526224582580568,18.526224582580568,1.0,9.319466973937988,13.158112451416017,1
Minab,reservoir,2014-07,2014,7,4,0,2,2,0,18.526224582580568,18.30772689154053,0.9882060324775784,8.057958468139649,13.973820773498534,1
Minab,reservoir,2014-08,2014,8,3,0,1,2,0,18.526224582580568,18.526224582580568,1.0,7.906491657958984,10.77240812524414,1
Minab,reservoir,2014-09,2014,9,1,0,0,1,0,18.526224582580568,17.229696020629884,0.9300165796775586,6.948078900878906,10.345696032775878,1
Minab,reservoir,2014-10,2014,10,3,0,1,2,0,18.526224582580568,18.465654675354003,0.9967305855029136,7.133852158325196,9.607419442199706,1
Minab,reservoir,2014-11,2014,11,4,0,2,2,0,18.526224582580568,18.464018575012208,0.9966422728337836,6.570863040283204,9.003713242919922,1
Minab,reservoir,2014-12,2014,12,4,0,2,2,0,18.526224582580568,18.52542715234375,0.9999569566787198,6.193684716430664,8.719041129699708,1
Minab,reservoir,2015-01,2015,1,4,0,2,2,0,18.526224582580568,18.52542698272705,0.9999569475232278,5.94565225994873,9.04674298510742,1
Minab,reservoir,2015-02,2015,2,3,0,1,2,0,18.526224582580568,18.526224582580568,1.0,5.393807351318359,8.48059984967041,1
Minab,reservoir,2015-03,2015,3,2,0,1,1,0,18.526224582580568,15.293488978698733,0.8255048895973418,4.311526995056153,6.926230418334961,1
Minab,reservoir,2015-04,2015,4,4,0,2,2,0,18.526224582580568,18.526224582580568,1.0,5.796586360107422,10.4448821217041,1
Minab,reservoir,2015-05,2015,5,4,0,2,2,0,18.526224582580568,18.526224582580568,1.0,5.20168225189209,8.131448998596191,1
Minab,reservoir,2015-06,2015,6,2,0,1,1,0,18.526224582580568,18.526224582580568,1.0,4.633865657470703,8.342035863708496,1
Minab,reservoir,2015-07,2015,7,3,0,1,2,0,18.526224582580568,18.526224582580568,1.0,4.07479723223877,8.114780268859864,1
Minab,reservoir,2015-08,2015,8,4,0,2,2,0,18.526224582580568,18.51825023339844,0.9995695642602958,3.7653531967163087,6.707870714660644,1
Minab,reservoir,2015-09,2015,9,3,0,1,2,0,18.526224582580568,18.526224582580568,1.0,3.652905675903321,5.919245311462403,1
Minab,reservoir,2015-10,2015,10,4,0,2,2,0,18.526224582580568,18.526224582580568,1.0,3.361014339355469,5.498955240051269,1
Minab,reservoir,2015-11,2015,11,4,0,2,2,0,18.526224582580568,18.525426958251952,0.9999569462021224,5.967102117370605,8.453539149047852,1
Minab,reservoir,2015-12,2015,12,3,0,1,2,0,18.526224582580568,18.521438928833007,0.9997416821907652,5.574055573913574,8.142569866027833,1
Minab,reservoir,2016-01,2016,1,4,0,2,2,0,18.526224582580568,18.52542696014404,0.9999569463042526,9.76688643548584,12.189405606384277,1
Minab,reservoir,2016-02,2016,2,4,0,2,2,0,18.526224582580568,18.5214392454834,0.999741699282774,9.17524557421875,11.762797928710938,1
Minab,reservoir,2016-03,2016,3,4,0,2,2,0,18.526224582580568,18.52383203753662,0.9998708563078634,10.116837579345702,12.567364390625,1
Minab,reservoir,2016-04,2016,4,4,0,2,2,0,18.526224582580568,18.50389547192383,0.9987947295706576,9.409588389648436,11.754005145263672,1
Minab,reservoir,2016-05,2016,5,2,0,1,1,0,18.526224582580568,18.526224582580568,1.0,8.655289721923829,11.632090515625,1
Minab,reservoir,2016-06,2016,6,3,0,1,2,0,18.526224582580568,18.526224582580568,1.0,7.392175314147949,10.777301862365723,1
Minab,reservoir,2016-07,2016,7,3,0,1,2,0,18.526224582580568,18.526224582580568,1.0,6.814847284301758,10.91127806048584,1
Minab,reservoir,2016-08,2016,8,4,0,2,2,0,18.526224582580568,18.526224582580568,1.0,6.204799603637695,8.936816874084473,1
Minab,reservoir,2016-09,2016,9,4,0,2,2,0,18.526224582580568,18.526224582580568,1.0,5.60515236315918,7.922462114379883,1
Minab,reservoir,2016-10,2016,10,4,0,2,2,0,18.526224582580568,18.526224582580568,1.0,5.048524449951172,6.870637738464356,1
Minab,reservoir,2016-11,2016,11,3,0,1,2,0,18.526224582580568,16.681068081359864,0.9004029939831547,4.192001380432129,5.9782592399292,1
Minab,reservoir,2016-12,2016,12,4,0,2,2,0,18.526224582580568,18.526224582580568,1.0,4.209562848083496,6.395340528625488,1
Minab,reservoir,2017-01,2017,1,4,0,2,2,0,18.526224582580568,18.395437529968262,0.9929404368370186,4.812549320129395,7.690547987609864,1
Minab,reservoir,2017-02,2017,2,4,0,2,2,0,18.526224582580568,18.526224582580568,1.0,11.676512182861329,13.867850629943849,1
Minab,reservoir,2017-03,2017,3,2,0,1,1,0,18.526224582580568,15.50167338684082,0.8367421714954484,9.46282839050293,11.597470513549805,1
Minab,reservoir,2017-04,2017,4,4,0,2,2,0,18.526224582580568,18.526224582580568,1.0,11.371936519226074,13.701151767456055,1
Minab,reservoir,2017-05,2017,5,4,0,2,2,0,18.526224582580568,18.526224582580568,1.0,10.765123365966796,13.022538165222167,1
Minab,reservoir,2017-06,2017,6,4,0,2,2,0,18.526224582580568,18.526224582580568,1.0,10.121646869689942,12.676493653320312,1
Minab,reservoir,2017-07,2017,7,3,0,1,2,0,18.526224582580568,18.526224582580568,1.0,9.399986537353517,12.296209223632813,1
Minab,reservoir,2017-08,2017,8,3,0,1,2,0,18.526224582580568,18.526224582580568,1.0,8.63449647619629,11.429425579284668,1
Minab,reservoir,2017-09,2017,9,3,0,1,2,0,18.526224582580568,18.526224582580568,1.0,8.215915397033692,10.04755516015625,1
Minab,reservoir,2017-10,2017,10,4,0,2,2,0,18.526224582580568,18.526224582580568,1.0,7.728707313720703,9.92798527783203,1
Minab,reservoir,2017-11,2017,11,4,0,2,2,0,18.526224582580568,18.52462968835449,0.999913911535566,7.0373610430908204,9.059613470458984,1
Minab,reservoir,2017-12,2017,12,4,0,2,2,0,18.526224582580568,18.52303438671875,0.9998278010801608,6.601168557312012,8.67046018774414,1
Minab,reservoir,2018-01,2018,1,4,0,2,2,0,18.526224582580568,18.29813764093017,0.9876884283339168,6.060497408508301,9.794644002746582,1
Minab,reservoir,2018-02,2018,2,3,0,2,1,0,18.526224582580568,18.37948531036377,0.99207937528973,5.423334126037598,10.818760864562988,1
Minab,reservoir,2018-03,2018,3,4,0,2,2,0,18.526224582580568,18.507086135314943,0.9989669537265774,5.101954526245117,8.335609953552247,1
Minab,reservoir,2018-04,2018,4,4,0,2,2,0,18.526224582580568,18.526224582580568,1.0,4.676102696289062,7.155359953796387,1
Minab,reservoir,2018-05,2018,5,4,0,2,2,0,18.526224582580568,18.526224582580568,1.0,4.203985159790039,7.425643501037598,1
Minab,reservoir,2018-06,2018,6,3,0,1,2,0,18.526224582580568,18.526224582580568,1.0,3.9033290848999034,6.674408365417481,1
Minab,reservoir,2018-07,2018,7,4,0,2,2,0,18.526224582580568,18.526224582580568,1.0,3.543645303710937,9.64793452532959,1
Minab,reservoir,2018-08,2018,8,4,0,2,2,0,18.526224582580568,18.526224582580568,1.0,3.214259702331543,8.60171050152588,1
Minab,reservoir,2018-09,2018,9,4,0,2,2,0,18.526224582580568,18.526224582580568,1.0,3.199908812011719,5.522040407531739,1
Minab,reservoir,2018-10,2018,10,4,0,2,2,0,18.526224582580568,18.526224582580568,1.0,3.2270293095703124,5.046763445068359,1
Minab,reservoir,2018-11,2018,11,4,0,2,2,0,18.526224582580568,18.526224582580568,1.0,3.2716961378173828,5.562718465454101,1
Minab,reservoir,2018-12,2018,12,2,0,1,1,0,18.526224582580568,18.526224582580568,1.0,3.270092702453613,5.595443709899902,1
Minab,reservoir,2019-01,2019,1,4,0,2,2,0,18.526224582580568,18.526224582580568,1.0,3.233409707885742,5.816402827270508,1
Minab,reservoir,2019-02,2019,2,4,0,2,2,0,18.526224582580568,18.526224582580568,1.0,7.449542857421875,12.234923417724607,1
Minab,reservoir,2019-03,2019,3,4,0,2,2,0,18.526224582580568,18.526224582580568,1.0,10.712535107421877,13.598350452026366,1
Minab,reservoir,2019-04,2019,4,3,0,1,2,0,18.526224582580568,18.526224582580568,1.0,11.142286567504884,14.175658603393554,1
Minab,reservoir,2019-05,2019,5,4,0,2,2,0,18.526224582580568,18.526224582580568,1.0,11.22371705517578,13.931661844421386,1
Minab,reservoir,2019-06,2019,6,2,0,0,2,0,18.526224582580568,18.526224582580568,1.0,10.45420585546875,13.998619143981934,1
Minab,reservoir,2019-07,2019,7,4,0,2,2,0,18.526224582580568,18.526224582580568,1.0,9.981367751281738,14.641262344970704,1
Minab,reservoir,2019-08,2019,8,4,0,2,2,0,18.526224582580568,18.526224582580568,1.0,9.386507033325197,13.13988929522705,1
Minab,reservoir,2019-09,2019,9,3,0,1,2,0,18.526224582580568,18.526224582580568,1.0,8.887345762512208,12.31770093878174,1
Minab,reservoir,2019-10,2019,10,3,0,2,1,0,18.526224582580568,18.526224582580568,1.0,8.589907551208496,10.929473385498047,1
Minab,reservoir,2019-11,2019,11,4,0,2,2,0,18.526224582580568,18.298973738708497,0.987733558833906,7.982334157409668,10.144090727966308,1
Minab,reservoir,2019-12,2019,12,4,0,2,2,0,18.526224582580568,18.52383190551758,0.9998708491818004,8.302850773864746,11.34009960949707,1
Minab,reservoir,2020-01,2020,1,4,0,2,2,0,18.526224582580568,18.513463927185057,0.9993112112325624,15.273419159912107,17.15823014630127,1
Minab,reservoir,2020-02,2020,2,4,0,2,2,0,18.526224582580568,18.526224582580568,1.0,15.459111094299317,17.227573819213866,1
Minab,reservoir,2020-03,2020,3,3,0,1,2,0,18.526224582580568,18.52542721838379,0.9999569602433984,15.526094734558106,17.266637338745117,1
Minab,reservoir,2020-04,2020,4,3,0,1,2,0,18.526224582580568,18.526224582580568,1.0,17.807791677246094,18.44171408172608,1
Minab,reservoir,2020-05,2020,5,4,0,2,2,0,18.526224582580568,18.526224582580568,1.0,17.287253172668457,18.22250219921875,1
Minab,reservoir,2020-06,2020,6,4,0,2,2,0,18.526224582580568,18.526224582580568,1.0,16.7084446126709,17.910820251464845,1
Minab,reservoir,2020-07,2020,7,4,0,2,2,0,18.526224582580568,18.526224582580568,1.0,15.535663246032716,17.548889783935547,1
Minab,reservoir,2020-08,2020,8,3,0,1,2,0,18.526224582580568,18.526224582580568,1.0,14.44257712249756,16.626498973144532,1
Minab,reservoir,2020-09,2020,9,2,0,1,1,0,18.526224582580568,18.526224582580568,1.0,14.439415431884768,16.26292551031494,1
Minab,reservoir,2020-10,2020,10,4,0,2,2,0,18.526224582580568,18.526224582580568,1.0,13.687556799621582,15.479238992370606,1
Minab,reservoir,2020-11,2020,11,3,0,2,1,0,18.526224582580568,16.9682185736084,0.915902670723473,12.41655740625,14.24180383935547,1
Minab,reservoir,2020-12,2020,12,4,0,2,2,0,18.526224582580568,18.52383287677002,0.9998709016076164,13.02896327746582,14.90757595904541,1
Minab,reservoir,2021-01,2021,1,4,0,2,2,0,18.526224582580568,18.526224582580568,1.0,12.556957381164551,15.008895185424803,1
Minab,reservoir,2021-02,2021,2,3,0,1,2,0,18.526224582580568,18.424163093200683,0.9944909720312984,12.367951659912109,14.407692698059082,1
Minab,reservoir,2021-03,2021,3,4,0,2,2,0,18.526224582580568,18.526224582580568,1.0,11.942910245361327,14.666080686218262,1
Minab,reservoir,2021-04,2021,4,4,0,2,2,0,18.526224582580568,18.526224582580568,1.0,11.612821871520996,14.02261963458252,1
Minab,reservoir,2021-05,2021,5,4,0,2,2,0,18.526224582580568,18.526224582580568,1.0,10.947008437805176,13.403925599975588,1
Minab,reservoir,2021-06,2021,6,2,0,1,1,0,18.526224582580568,18.526224582580568,1.0,10.340180731140135,13.322663431030271,1
Minab,reservoir,2021-07,2021,7,4,0,2,2,0,18.526224582580568,18.526224582580568,1.0,10.23894603869629,13.094626313598631,1
Minab,reservoir,2021-08,2021,8,4,0,2,2,0,18.526224582580568,16.957068871337892,0.915300837240304,8.87929623828125,12.155243028320312,1
Minab,reservoir,2021-09,2021,9,4,0,2,2,0,18.526224582580568,18.526224582580568,1.0,9.355439397583009,11.886586820373536,1
Minab,reservoir,2021-10,2021,10,4,0,2,2,0,18.526224582580568,18.526224582580568,1.0,8.773357856201171,11.267061614746094,1
Minab,reservoir,2021-11,2021,11,4,0,2,2,0,18.526224582580568,18.42416926965332,0.994491305421008,8.353122879699708,10.996741889831544,1
Minab,reservoir,2021-12,2021,12,4,0,1,2,1,18.526224582580568,17.4211463616333,0.9403505978230272,7.731953499572754,12.210281020263672,1
Minab,reservoir,2022-01,2022,1,6,0,2,2,2,18.526224582580568,18.51824846728516,0.9995694689298482,18.24239749530029,18.481571988098143,1
Minab,reservoir,2022-02,2022,2,6,0,2,2,2,18.526224582580568,18.526224582580568,1.0,18.03664727770996,18.488754944335938,1
Minab,reservoir,2022-03,2022,3,6,0,2,2,2,18.526224582580568,18.526224582580568,1.0,17.840504863830567,18.48158424401856,1
Minab,reservoir,2022-04,2022,4,3,0,0,1,2,18.526224582580568,18.526224582580568,1.0,17.32306763079834,18.2304854420166,1
Minab,reservoir,2022-05,2022,5,5,0,1,2,2,18.526224582580568,18.526224582580568,1.0,16.753050865051268,18.130859358581542,1
Minab,reservoir,2022-06,2022,6,8,0,4,2,2,18.526224582580568,18.526224582580568,1.0,15.963722084228516,17.549678951416016,1
Minab,reservoir,2022-07,2022,7,7,0,3,2,2,18.526224582580568,18.494321826293945,0.9982779677454292,15.72695706829834,17.61980749090576,1
Minab,reservoir,2022-08,2022,8,8,0,4,2,2,18.526224582580568,18.526224582580568,1.0,15.263741516296388,17.020326721862794,1
Minab,reservoir,2022-09,2022,9,7,0,3,2,2,18.526224582580568,18.526224582580568,1.0,14.93049534338379,16.47018568383789,1
Minab,reservoir,2022-10,2022,10,5,0,2,2,1,18.526224582580568,18.526224582580568,1.0,14.033542301330566,15.668942949829102,1
Minab,reservoir,2022-11,2022,11,8,0,4,2,2,18.526224582580568,18.526224582580568,1.0,13.654029934509277,15.161093129821776,1
Minab,reservoir,2022-12,2022,12,6,0,2,2,2,18.526224582580568,18.52383303161621,0.9998709099658326,13.244225119506837,14.70665536364746,1
Minab,reservoir,2023-01,2023,1,6,0,2,2,2,18.526224582580568,18.526224582580568,1.0,14.071860041381836,15.664950410705568,1
Minab,reservoir,2023-02,2023,2,5,0,2,1,2,18.526224582580568,18.526224582580568,1.0,14.09974130529785,16.054877011779784,1
Minab,reservoir,2023-03,2023,3,6,0,2,2,2,18.526224582580568,18.385058610229493,0.992380208297604,13.406801691833495,14.945768127197264,1
Minab,reservoir,2023-04,2023,4,7,0,3,2,2,18.526224582580568,18.526224582580568,1.0,12.911732224609375,14.758462145263673,1
Minab,reservoir,2023-05,2023,5,6,0,2,2,2,18.526224582580568,18.526224582580568,1.0,12.09045107824707,13.876634122314451,1
Minab,reservoir,2023-06,2023,6,6,0,2,2,2,18.526224582580568,18.526224582580568,1.0,11.431812922058104,13.328046215393066,1
Minab,reservoir,2023-07,2023,7,7,0,3,2,2,18.526224582580568,18.526224582580568,1.0,10.74923763684082,14.450096985961911,1
Minab,reservoir,2023-08,2023,8,5,0,2,2,1,18.526224582580568,18.526224582580568,1.0,10.354552577331544,12.508344133117676,1
Minab,reservoir,2023-09,2023,9,6,0,2,2,2,18.526224582580568,18.526224582580568,1.0,9.737387255615234,11.708607915466308,1
Minab,reservoir,2023-10,2023,10,7,0,3,2,2,18.526224582580568,18.526224582580568,1.0,9.147314206481932,10.597874826293946,1
Minab,reservoir,2023-11,2023,11,5,0,1,2,2,18.526224582580568,18.526224582580568,1.0,8.384984942077637,10.24694827734375,1
Minab,reservoir,2023-12,2023,12,5,0,1,2,2,18.526224582580568,18.526224582580568,1.0,7.769408219299317,9.641703887023926,1
Minab,reservoir,2024-01,2024,1,4,0,0,2,2,18.526224582580568,18.526224582580568,1.0,7.305314011230469,9.354637786132812,1
Minab,reservoir,2024-02,2024,2,3,0,0,1,2,18.526224582580568,18.342021142272948,0.9900571517155838,6.916996280090332,9.250103661621091,1
Minab,reservoir,2024-03,2024,3,4,0,0,2,2,18.526224582580568,18.14983119610596,0.97968321150395,8.330009677062987,10.136885827148438,1
Minab,reservoir,2024-04,2024,4,4,0,0,2,2,18.526224582580568,18.524629586364743,0.9999139060304104,8.113126090515136,10.174448689331054,1
Minab,reservoir,2024-05,2024,5,4,0,0,2,2,18.526224582580568,18.526224582580568,1.0,7.17298330657959,8.960828192443847,1
Minab,reservoir,2024-06,2024,6,3,0,0,2,1,18.526224582580568,18.526224582580568,1.0,6.641893794677735,8.35470360180664,1
Minab,reservoir,2024-07,2024,7,4,0,0,2,2,18.526224582580568,18.526224582580568,1.0,5.66980107800293,8.474226587036133,1
Minab,reservoir,2024-08,2024,8,4,0,0,2,2,18.526224582580568,18.526224582580568,1.0,4.529395960998535,6.351542204223633,1
Minab,reservoir,2024-09,2024,9,4,0,0,2,2,18.526224582580568,18.526224582580568,1.0,4.050890958312988,5.442444617370605,1
Minab,reservoir,2024-10,2024,10,4,0,0,2,2,18.526224582580568,18.526224582580568,1.0,3.621029591125488,4.75659985571289,1
Minab,reservoir,2024-11,2024,11,4,0,0,2,2,18.526224582580568,18.526224582580568,1.0,3.384964551818848,4.4041007734375,1
Minab,reservoir,2024-12,2024,12,3,0,0,1,2,18.526224582580568,18.526224582580568,1.0,2.9526941342163084,4.72468411920166,1
Minab,reservoir,2025-01,2025,1,4,0,0,2,2,18.526224582580568,18.51266488562012,0.9992680809357564,2.3154139641723632,6.312145573669434,1
Minab,reservoir,2025-02,2025,2,4,0,0,2,2,18.526224582580568,18.52542694689941,0.9999569455893402,3.37138196105957,5.793223097229004,1
Minab,reservoir,2025-03,2025,3,4,0,0,2,2,18.526224582580568,18.526224582580568,1.0,3.2780922775878905,4.17920271875,1
Minab,reservoir,2025-04,2025,4,3,0,0,2,1,18.526224582580568,18.526224582580568,1.0,2.9822026815795897,4.266122077514648,1
Minab,reservoir,2025-05,2025,5,4,0,0,2,2,18.526224582580568,18.526224582580568,1.0,2.5874059747924805,3.641652371826172,1
Minab,reservoir,2025-06,2025,6,4,0,0,2,2,18.526224582580568,18.526224582580568,1.0,2.250034242126465,3.411958761047363,1
Minab,reservoir,2025-07,2025,7,4,0,0,2,2,18.526224582580568,18.526224582580568,1.0,1.954936300231933,7.271524231689453,1
Minab,reservoir,2025-08,2025,8,4,0,0,2,2,18.526224582580568,18.526224582580568,1.0,1.4859579382934571,2.6047474318237303,1
Minab,reservoir,2025-09,2025,9,4,0,0,2,2,18.526224582580568,18.526224582580568,1.0,1.110285680847168,1.9069092478027343,1
Minab,reservoir,2025-10,2025,10,3,0,0,1,2,18.526224582580568,18.526224582580568,1.0,1.0815729212646483,1.6525136088256835,1
Minab,reservoir,2025-11,2025,11,4,0,0,2,2,18.526224582580568,18.526224582580568,1.0,1.0608349177856444,1.693960292175293,1
Minab,reservoir,2025-12,2025,12,3,0,0,1,2,18.526224582580568,18.52223656060791,0.9997847363905754,13.152567848876954,16.58186399963379,1
Minab,reservoir,2026-01,2026,1,4,0,0,2,2,18.526224582580568,18.508680151000977,0.9990529947695826,16.158445529724123,17.444482588623046,1
Minab,reservoir,2026-02,2026,2,3,0,0,2,1,18.526224582580568,18.526224582580568,1.0,15.146601596191406,16.85688020336914,1
Minab,reservoir,2026-03,2026,3,4,0,0,2,2,18.526224582580568,3.0668545280151367,0.1655412582496042,2.4570044196777343,2.798189404052734,1
Minab,reservoir,2026-04,2026,4,4,0,0,2,2,18.526224582580568,18.525427063781738,0.9999569518983604,15.258226380249024,16.887943292419433,1
Minab,reservoir,2026-05,2026,5,4,0,0,2,2,18.526224582580568,18.526224582580568,1.0,14.051088062438964,16.23660537701416,1
Minab,reservoir,2026-06,2026,6,4,0,0,2,2,18.526224582580568,18.526224582580568,1.0,13.345433415710447,15.182581422546386,1
Sefid Rud,reservoir,1991-01,1991,1,2,2,0,0,0,49.33955453234864,0.2096230985717773,0.0042485810939849,0.2038608068847656,0.2096230985717773,1
Sefid Rud,reservoir,1991-02,1991,2,4,4,0,0,0,49.33955453234864,0.0237746790771484,0.0004818584055427775,0.0237746790771484,0.0237746790771484,1
Sefid Rud,reservoir,1991-03,1991,3,2,2,0,0,0,49.33955453234864,0.0,0.0,,,0
Sefid Rud,reservoir,1991-04,1991,4,4,4,0,0,0,49.33955453234864,14.00984426940918,0.2839475224735534,9.172864958312989,12.132778700927734,1
Sefid Rud,reservoir,1991-05,1991,5,4,4,0,0,0,49.33955453234864,49.33667471264648,0.9999416326367466,44.03077651831055,47.611305463500976,1
Sefid Rud,reservoir,1991-06,1991,6,4,4,0,0,0,49.33955453234864,49.33955453234864,1.0,37.47179048925781,45.53863906018066,1
Sefid Rud,reservoir,1991-07,1991,7,2,2,0,0,0,49.33955453234864,28.94044811932373,0.586556737158002,11.023028914245604,25.282347932922363,1
Sefid Rud,reservoir,1991-08,1991,8,4,4,0,0,0,49.33955453234864,49.33955453234864,1.0,18.727520430541997,37.7557243269043,1
Sefid Rud,reservoir,1991-09,1991,9,4,4,0,0,0,49.33955453234864,49.33955453234864,1.0,13.271339366210938,38.9255195666504,1
Sefid Rud,reservoir,1991-10,1991,10,4,4,0,0,0,49.33955453234864,20.43485419488525,0.4141677886752604,3.5517095717163087,15.367414291503906,1
Sefid Rud,reservoir,1991-11,1991,11,4,4,0,0,0,49.33955453234864,49.33955453234864,1.0,5.986341301330566,43.09931463665772,1
Sefid Rud,reservoir,1991-12,1991,12,2,2,0,0,0,49.33955453234864,43.90171880700684,0.8897874985519666,3.5742087357788086,36.4540755222168,1
Sefid Rud,reservoir,1992-01,1992,1,0,0,0,0,0,49.33955453234864,0.0,0.0,,,0
Sefid Rud,reservoir,1992-02,1992,2,4,4,0,0,0,49.33955453234864,44.58219650146484,0.9035792261203998,15.41285737915039,42.442044801208496,1
Sefid Rud,reservoir,1992-03,1992,3,4,4,0,0,0,49.33955453234864,49.33955453234864,1.0,30.51806723852539,43.21222244476319,1
Sefid Rud,reservoir,1992-04,1992,4,2,2,0,0,0,49.33955453234864,2.858711089477539,0.0579395399203143,2.0698600589599607,2.858711089477539,1
Sefid Rud,reservoir,1992-05,1992,5,2,2,0,0,0,49.33955453234864,0.4358614723510742,0.0088339158405921,0.4351409417724609,0.4358614723510742,1
Sefid Rud,reservoir,1992-06,1992,6,0,0,0,0,0,49.33955453234864,0.0,0.0,,,0
Sefid Rud,reservoir,1992-07,1992,7,4,4,0,0,0,49.33955453234864,49.33883486560059,0.9999854139998856,47.04643153009033,49.289164148071286,1
Sefid Rud,reservoir,1992-08,1992,8,4,4,0,0,0,49.33955453234864,31.0594251149292,0.6295035577300483,14.66633324182129,28.954442936950684,1
Sefid Rud,reservoir,1992-09,1992,9,2,2,0,0,0,49.33955453234864,49.03798148193359,0.9938878035427474,17.780850154174804,45.64158020159912,1
Sefid Rud,reservoir,1992-10,1992,10,2,2,0,0,0,49.33955453234864,21.852045876892088,0.4428910249395374,12.761827320800782,21.685073010803222,1
Sefid Rud,reservoir,1992-11,1992,11,2,2,0,0,0,49.33955453234864,0.0,0.0,,,0
Sefid Rud,reservoir,1992-12,1992,12,4,4,0,0,0,49.33955453234864,32.2445514630127,0.6535233600836852,9.468427194213866,32.10992964605713,1
Sefid Rud,reservoir,1993-01,1993,1,4,4,0,0,0,49.33955453234864,46.52710678686523,0.9429981123230556,7.940856917114258,45.55683179095459,1
Sefid Rud,reservoir,1993-02,1993,2,3,3,0,0,0,49.33955453234864,3.923289983459473,0.0795161209022921,2.311736866333008,3.923289983459473,1
Sefid Rud,reservoir,1993-03,1993,3,2,2,0,0,0,49.33955453234864,49.336675189453125,0.9999416423005274,37.33934987493897,46.009597680236816,1
Sefid Rud,reservoir,1993-04,1993,4,2,2,0,0,0,49.33955453234864,7.503851922485351,0.152085927682334,7.503851922485351,7.503851922485351,1
Sefid Rud,reservoir,1993-05,1993,5,4,4,0,0,0,49.33955453234864,15.279835058654784,0.3096873330835774,15.158112878234864,15.279835058654784,1
Sefid Rud,reservoir,1993-06,1993,6,4,4,0,0,0,49.33955453234864,48.61672499407959,0.9853498973567923,47.00622242205811,48.50587578118896,1
Sefid Rud,reservoir,1993-07,1993,7,4,4,0,0,0,49.33955453234864,49.33955453234864,1.0,36.50086459515381,46.44500159887696,1
Sefid Rud,reservoir,1993-08,1993,8,4,4,0,0,0,49.33955453234864,48.36664312359619,0.9802813094286336,27.42432977233887,45.23330194439697,1
Sefid Rud,reservoir,1993-09,1993,9,2,2,0,0,0,49.33955453234864,43.98467566064453,0.8914688443692116,14.98609568890381,39.66045113311768,1
Sefid Rud,reservoir,1993-10,1993,10,2,2,0,0,0,49.33955453234864,0.0,0.0,,,0
Sefid Rud,reservoir,1993-11,1993,11,1,1,0,0,0,49.33955453234864,0.0,0.0,,,0
Sefid Rud,reservoir,1993-12,1993,12,4,4,0,0,0,49.33955453234864,45.43266958947754,0.9208163717751118,3.786544164672852,39.995796948425294,1
Sefid Rud,reservoir,1994-01,1994,1,4,4,0,0,0,49.33955453234864,46.796169463317874,0.9484513978057252,11.124957463684082,41.086367704040526,1
Sefid Rud,reservoir,1994-02,1994,2,1,1,0,0,0,49.33955453234864,0.0,0.0,,,0
Sefid Rud,reservoir,1994-03,1994,3,2,2,0,0,0,49.33955453234864,48.938657627929686,0.9918747360364571,36.97939006823731,43.62655480584717,1
Sefid Rud,reservoir,1994-04,1994,4,2,2,0,0,0,49.33955453234864,31.73069465612793,0.6431086570780497,31.474446084472657,31.71989962243652,1
Sefid Rud,reservoir,1994-05,1994,5,4,4,0,0,0,49.33955453234864,31.698499778503415,0.6424561404931379,31.448673618408204,31.698499778503415,1
Sefid Rud,reservoir,1994-06,1994,6,4,4,0,0,0,49.33955453234864,49.33955453234864,1.0,47.97376188604736,49.1437235826416,1
Sefid Rud,reservoir,1994-07,1994,7,4,4,0,0,0,49.33955453234864,49.33451543395996,0.999897868993013,39.32778609490967,47.33819664544678,1
Sefid Rud,reservoir,1994-08,1994,8,4,4,0,0,0,49.33955453234864,49.335955391052245,0.9999270536321112,32.59896028161621,45.839617767456055,1
Sefid Rud,reservoir,1994-09,1994,9,4,4,0,0,0,49.33955453234864,49.33955453234864,1.0,20.617319172851563,40.39092416271973,1
Sefid Rud,reservoir,1994-10,1994,10,4,4,0,0,0,49.33955453234864,49.32371842504883,0.9996790383000028,19.24299799053955,38.18078832452392,1
Sefid Rud,reservoir,1994-11,1994,11,4,4,0,0,0,49.33955453234864,48.12373303033447,0.9753580770329608,22.53833137701416,39.75313027471924,1
Sefid Rud,reservoir,1994-12,1994,12,2,2,0,0,0,49.33955453234864,42.30142362322998,0.8573531728077475,1.075572308959961,20.58782818444824,1
Sefid Rud,reservoir,1995-01,1995,1,2,2,0,0,0,49.33955453234864,25.129831352050783,0.5093242448221708,9.215990118286133,17.375206107788085,1
Sefid Rud,reservoir,1995-02,1995,2,1,1,0,0,0,49.33955453234864,0.0,0.0,,,0
Sefid Rud,reservoir,1995-03,1995,3,4,4,0,0,0,49.33955453234864,49.21714414575195,0.9975190212445793,38.00892708587647,42.56203945581055,1
Sefid Rud,reservoir,1995-04,1995,4,4,4,0,0,0,49.33955453234864,37.12207171337891,0.7523795475097056,33.8270567600708,35.27712962780762,1
Sefid Rud,reservoir,1995-05,1995,5,4,4,0,0,0,49.33955453234864,49.33955453234864,1.0,48.706731278015134,49.28697598638916,1
Sefid Rud,reservoir,1995-06,1995,6,4,4,0,0,0,49.33955453234864,49.33955453234864,1.0,48.21492137701416,49.09618434851074,1
Sefid Rud,reservoir,1995-07,1995,7,4,4,0,0,0,49.33955453234864,49.338115084472655,0.9999708256815526,41.2805485994873,46.43189442529297,1
Sefid Rud,reservoir,1995-08,1995,8,4,4,0,0,0,49.33955453234864,49.33955453234864,1.0,29.275130041931156,41.02034519287109,1
Sefid Rud,reservoir,1995-09,1995,9,2,2,0,0,0,49.33955453234864,5.915393689941406,0.1198915098850979,0.975485478515625,5.3247149961547855,1
Sefid Rud,reservoir,1995-10,1995,10,2,2,0,0,0,49.33955453234864,49.33739506994629,0.9999562326327668,15.048087415527345,35.05020265496826,1
Sefid Rud,reservoir,1995-11,1995,11,2,2,0,0,0,49.33955453234864,48.58518604705811,0.9847106749860108,13.57027287158203,33.85964854046631,1
Sefid Rud,reservoir,1995-12,1995,12,1,1,0,0,0,49.33955453234864,46.66534575476074,0.9457999002436352,5.013059942504883,31.128807244934084,1
Sefid Rud,reservoir,1996-01,1996,1,2,2,0,0,0,49.33955453234864,26.282203047058104,0.5326801852219121,2.084575277770996,25.433574618286134,1
Sefid Rud,reservoir,1996-02,1996,2,4,4,0,0,0,49.33955453234864,46.33541020928955,0.939112860836847,14.162032479614258,46.21806853283692,1
Sefid Rud,reservoir,1996-03,1996,3,1,1,0,0,0,49.33955453234864,0.0,0.0,,,0
Sefid Rud,reservoir,1996-04,1996,4,2,2,0,0,0,49.33955453234864,33.167273910888674,0.6722248351298575,33.1449588605957,33.16223455487061,1
Sefid Rud,reservoir,1996-05,1996,5,4,4,0,0,0,49.33955453234864,26.28406136480713,0.5327178490753182,26.07949021069336,26.27109555810547,1
Sefid Rud,reservoir,1996-06,1996,6,4,4,0,0,0,49.33955453234864,24.78474249249268,0.5023300823732201,22.03367821948242,24.53985159173584,1
Sefid Rud,reservoir,1996-07,1996,7,4,4,0,0,0,49.33955453234864,49.32659699041748,0.9997373802407832,37.66683814459228,46.1995446005249,1
Sefid Rud,reservoir,1996-08,1996,8,4,4,0,0,0,49.33955453234864,45.7187918659668,0.9266154163591416,21.19741638909912,43.06613052606201,1
Sefid Rud,reservoir,1996-09,1996,9,2,2,0,0,0,49.33955453234864,49.33955453234864,1.0,18.3660804128418,40.38537530157471,1
Sefid Rud,reservoir,1996-10,1996,10,4,4,0,0,0,49.33955453234864,49.02065764422608,0.993536688947739,15.22515155114746,40.06934665130616,1
Sefid Rud,reservoir,1996-11,1996,11,4,4,0,0,0,49.33955453234864,48.6823836605835,0.9866806484575316,10.560487401611327,35.46768361016846,1
Sefid Rud,reservoir,1996-12,1996,12,4,4,0,0,0,49.33955453234864,42.06363560961914,0.8525337532595848,1.4556595823364258,32.566877031921386,1
Sefid Rud,reservoir,1997-01,1997,1,4,4,0,0,0,49.33955453234864,47.66531460241699,0.9660669832591626,1.6003323723754883,32.96114797833252,1
Sefid Rud,reservoir,1997-02,1997,2,4,4,0,0,0,49.33955453234864,47.51768455249024,0.9630748595700448,10.158249866455078,44.67075340740967,1
Sefid Rud,reservoir,1997-03,1997,3,4,4,0,0,0,49.33955453234864,49.03868117547607,0.9939019847316356,22.057098279418945,42.39832184564209,1
Sefid Rud,reservoir,1997-04,1997,4,2,2,0,0,0,49.33955453234864,47.83018919201661,0.9694086143533696,33.25234216833496,44.143991171875,1
Sefid Rud,reservoir,1997-05,1997,5,4,4,0,0,0,49.33955453234864,49.33883466436768,0.9999854099213544,33.79424264776611,42.48048085095215,1
Sefid Rud,reservoir,1997-06,1997,6,2,2,0,0,0,49.33955453234864,0.0,0.0,,,0
Sefid Rud,reservoir,1997-07,1997,7,2,2,0,0,0,49.33955453234864,42.0658649810791,0.852578937523632,14.733462569946289,36.79725956994629,1
Sefid Rud,reservoir,1997-08,1997,8,4,4,0,0,0,49.33955453234864,49.33955453234864,1.0,13.800452768737792,43.12584551177979,1
Sefid Rud,reservoir,1997-09,1997,9,4,4,0,0,0,49.33955453234864,49.33955453234864,1.0,9.18173566644287,41.56932639178467,1
Sefid Rud,reservoir,1997-10,1997,10,4,4,0,0,0,49.33955453234864,49.33883469165039,0.9999854104743128,9.561099877990722,39.55052982910156,1
Sefid Rud,reservoir,1997-11,1997,11,4,4,0,0,0,49.33955453234864,49.33955453234864,1.0,2.9887794400634764,23.66588989111328,1
Sefid Rud,reservoir,1997-12,1997,12,4,4,0,0,0,49.33955453234864,48.69032540411377,0.9868416094472598,2.159519300109863,16.883624133361817,1
Sefid Rud,reservoir,1998-01,1998,1,1,1,0,0,0,49.33955453234864,0.0,0.0,,,0
Sefid Rud,reservoir,1998-02,1998,2,3,3,0,0,0,49.33955453234864,3.768679235595703,0.0763825144210581,0.5448900498046875,3.349814685119629,1
Sefid Rud,reservoir,1998-03,1998,3,0,0,0,0,0,49.33955453234864,0.0,0.0,,,0
Sefid Rud,reservoir,1998-04,1998,4,4,4,0,0,0,49.33955453234864,49.33955453234864,1.0,44.158846918396,46.96400431817627,1
Sefid Rud,reservoir,1998-05,1998,5,2,2,0,0,0,49.33955453234864,49.33955453234864,1.0,49.04221578253174,49.33739477978516,1
Sefid Rud,reservoir,1998-06,1998,6,4,4,0,0,0,49.33955453234864,49.33955453234864,1.0,47.54423693377686,48.940095416992186,1
Sefid Rud,reservoir,1998-07,1998,7,4,4,0,0,0,49.33955453234864,16.968917131347656,0.343921166135018,8.472746277160644,13.640601114501951,1
Sefid Rud,reservoir,1998-08,1998,8,4,4,0,0,0,49.33955453234864,49.33379632598877,0.9998832943180286,23.20420934051514,41.61054519219971,1
Sefid Rud,reservoir,1998-09,1998,9,4,4,0,0,0,49.33955453234864,49.33955453234864,1.0,17.910412618469238,42.01113114611817,1
Sefid Rud,reservoir,1998-10,1998,10,4,4,0,0,0,49.33955453234864,37.18732420410157,0.7537020663557132,10.100829753723144,30.751560567260743,1
Sefid Rud,reservoir,1998-11,1998,11,3,3,0,0,0,49.33955453234864,33.84889269818115,0.6860396900419663,1.676561128540039,25.89241962561035,1
Sefid Rud,reservoir,1998-12,1998,12,3,3,0,0,0,49.33955453234864,6.325277823303223,0.1281989244381232,3.6039741328125,6.286396399902344,1
Sefid Rud,reservoir,1999-01,1999,1,4,4,0,0,0,49.33955453234864,48.91990120281982,0.9914945861691216,10.163157342712402,34.03318445172119,1
Sefid Rud,reservoir,1999-02,1999,2,4,4,0,0,0,49.33955453234864,49.33955453234864,1.0,21.41202966119385,37.682628646484375,1
Sefid Rud,reservoir,1999-03,1999,3,0,0,0,0,0,49.33955453234864,0.0,0.0,,,0
Sefid Rud,reservoir,1999-04,1999,4,3,3,0,0,0,49.33955453234864,49.3301965144043,0.9998103343649324,32.414755850524905,41.725197306152346,1
Sefid Rud,reservoir,1999-05,1999,5,2,2,0,0,0,49.33955453234864,24.38115996411133,0.4941503869502153,16.213341328430175,22.05904844873047,1
Sefid Rud,reservoir,1999-06,1999,6,3,3,0,0,0,49.33955453234864,47.85692036840821,0.9699503942021128,10.144442790161133,38.63316174029541,1
Sefid Rud,reservoir,1999-07,1999,7,4,4,0,0,0,49.33955453234864,49.33955453234864,1.0,5.293942304016113,44.68945967828369,1
Sefid Rud,reservoir,1999-08,1999,8,6,4,2,0,0,49.33955453234864,49.33955453234864,1.0,2.5861542146606444,34.52060470684815,1
Sefid Rud,reservoir,1999-09,1999,9,4,4,0,0,0,49.33955453234864,49.33955453234864,1.0,2.758157288757324,39.24624665661621,1
Sefid Rud,reservoir,1999-10,1999,10,4,2,2,0,0,49.33955453234864,49.33955453234864,1.0,4.883688830566406,25.33484320898437,1
Sefid Rud,reservoir,1999-11,1999,11,2,1,1,0,0,49.33955453234864,49.33883471405029,0.9999854109283076,8.905478057922362,24.11070199603272,1
Sefid Rud,reservoir,1999-12,1999,12,6,4,2,0,0,49.33955453234864,49.17256214825439,0.9966154460518132,17.43029033203125,31.264381542175293,1
Sefid Rud,reservoir,2000-01,2000,1,5,3,2,0,0,49.33955453234864,48.84128736608887,0.9899012633781872,22.475375031494146,36.55685310925293,1
Sefid Rud,reservoir,2000-02,2000,2,4,2,2,0,0,49.33955453234864,49.33739489855957,0.9999562291591496,27.32739610021973,39.22319487133789,1
Sefid Rud,reservoir,2000-03,2000,3,2,1,1,0,0,49.33955453234864,49.33955453234864,1.0,35.63592989849854,43.47510564813233,1
Sefid Rud,reservoir,2000-04,2000,4,2,0,2,0,0,49.33955453234864,49.33955453234864,1.0,45.34108811187744,47.4413117421875,1
Sefid Rud,reservoir,2000-05,2000,5,6,4,2,0,0,49.33955453234864,49.33955453234864,1.0,43.49150421838379,48.23901543243408,1
Sefid Rud,reservoir,2000-06,2000,6,4,2,2,0,0,49.33955453234864,48.59166225549316,0.9848419329289824,26.22372996533203,41.3438506437378,1
Sefid Rud,reservoir,2000-07,2000,7,2,2,0,0,0,49.33955453234864,48.79430259759521,0.9889489895090978,20.658942023925785,43.628119059753416,1
Sefid Rud,reservoir,2000-08,2000,8,6,4,2,0,0,49.33955453234864,49.33955453234864,1.0,3.826353745361328,35.91920969714356,1
Sefid Rud,reservoir,2000-09,2000,9,5,4,1,0,0,49.33955453234864,49.33955453234864,1.0,4.387823718994141,39.31117198254395,1
Sefid Rud,reservoir,2000-10,2000,10,6,4,2,0,0,49.33955453234864,49.33955453234864,1.0,7.277314853881836,32.9991529664917,1
Sefid Rud,reservoir,2000-11,2000,11,6,4,2,0,0,49.33955453234864,37.57826387640381,0.761625519982477,6.106728848571778,25.938903046142578,1
Sefid Rud,reservoir,2000-12,2000,12,4,2,2,0,0,49.33955453234864,29.97214717169189,0.6074669189005582,12.722840486816406,23.976573976257324,1
Sefid Rud,reservoir,2001-01,2001,1,2,0,2,0,0,49.33955453234864,48.470510116394045,0.9823864559744896,20.10467579473877,31.39103917211914,1
Sefid Rud,reservoir,2001-02,2001,2,6,4,2,0,0,49.33955453234864,49.33955453234864,1.0,26.70103781378174,36.03077135028076,1
Sefid Rud,reservoir,2001-03,2001,3,6,4,2,0,0,49.33955453234864,49.33955453234864,1.0,32.712721110961915,40.19133542071533,1
Sefid Rud,reservoir,2001-04,2001,4,4,2,2,0,0,49.33955453234864,49.3316364440918,0.999839518448598,35.528702323974606,41.79327349108887,1
Sefid Rud,reservoir,2001-05,2001,5,3,3,0,0,0,49.33955453234864,49.33955453234864,1.0,29.78472854638672,41.11023444720459,1
Sefid Rud,reservoir,2001-06,2001,6,6,4,2,0,0,49.33955453234864,49.33955453234864,1.0,20.348624995666505,38.38749830883789,1
Sefid Rud,reservoir,2001-07,2001,7,2,2,0,0,0,49.33955453234864,43.58593285980225,0.8833872391617537,4.15378980444336,31.35727392889404,1
Sefid Rud,reservoir,2001-08,2001,8,3,2,1,0,0,49.33955453234864,49.33955453234864,1.0,3.3361457528076173,25.75738788037109,1
Sefid Rud,reservoir,2001-09,2001,9,3,3,0,0,0,49.33955453234864,49.3366758503418,0.9999416556952304,3.0475000143432616,36.6341191697998,1
Sefid Rud,reservoir,2001-10,2001,10,5,3,2,0,0,49.33955453234864,49.33955453234864,1.0,5.11330853692627,25.163885604919432,1
Sefid Rud,reservoir,2001-11,2001,11,4,2,2,0,0,49.33955453234864,49.33955453234864,1.0,8.719638297180175,28.506499129943847,1
Sefid Rud,reservoir,2001-12,2001,12,3,2,1,0,0,49.33955453234864,34.2829233883667,0.6948365001124946,7.857810978759765,20.88065978100586,1
Sefid Rud,reservoir,2002-01,2002,1,6,4,2,0,0,49.33955453234864,49.265407021118165,0.998497199418737,21.861774661376952,34.42740305255127,1
Sefid Rud,reservoir,2002-02,2002,2,6,4,2,0,0,49.33955453234864,49.28124887084961,0.9988182775046984,27.541241248840333,36.25152633636475,1
Sefid Rud,reservoir,2002-03,2002,3,2,2,0,0,0,49.33955453234864,41.992238569519046,0.8510866984416641,30.56555948095703,34.54583829998779,1
Sefid Rud,reservoir,2002-04,2002,4,0,0,0,0,0,49.33955453234864,0.0,0.0,,,0
Sefid Rud,reservoir,2002-05,2002,5,2,0,2,0,0,49.33955453234864,20.91467477758789,0.4238926552098386,20.72175250299072,20.90891729187012,1
Sefid Rud,reservoir,2002-06,2002,6,2,2,0,0,0,49.33955453234864,49.33739518914795,0.9999562350487118,44.64695846295166,48.03598576989746,1
Sefid Rud,reservoir,2002-07,2002,7,4,4,0,0,0,49.33955453234864,49.33451668371582,0.999897894322708,32.5214025201416,42.50975834143066,1
Sefid Rud,reservoir,2002-08,2002,8,2,0,2,0,0,49.33955453234864,49.334515806762695,0.9998978765488724,24.1659459206543,37.089773280212405,1
Sefid Rud,reservoir,2002-09,2002,9,0,0,0,0,0,49.33955453234864,0.0,0.0,,,0
Sefid Rud,reservoir,2002-10,2002,10,2,0,2,0,0,49.33955453234864,49.33955453234864,1.0,22.409077104187013,35.863448310913085,1
Sefid Rud,reservoir,2002-11,2002,11,1,0,1,0,0,49.33955453234864,49.335235254943846,0.9999124581191352,22.967857593505855,35.10738694049072,1
Sefid Rud,reservoir,2002-12,2002,12,2,0,2,0,0,49.33955453234864,48.510957391784665,0.9832062298004592,28.923733073181157,36.63546220214844,1
Sefid Rud,reservoir,2003-01,2003,1,2,0,2,0,0,49.33955453234864,48.86302692474365,0.990341874544235,34.02188155621338,40.01130501867676,1
Sefid Rud,reservoir,2003-02,2003,2,0,0,0,0,0,49.33955453234864,0.0,0.0,,,0
Sefid Rud,reservoir,2003-03,2003,3,0,0,0,0,0,49.33955453234864,0.0,0.0,,,0
Sefid Rud,reservoir,2003-04,2003,4,0,0,0,0,0,49.33955453234864,0.0,0.0,,,0
Sefid Rud,reservoir,2003-05,2003,5,2,0,2,0,0,49.33955453234864,48.584518428405765,0.9846971438818354,48.22601799206543,48.57804069525147,1
Sefid Rud,reservoir,2003-06,2003,6,0,0,0,0,0,49.33955453234864,0.0,0.0,,,0
Sefid Rud,reservoir,2003-07,2003,7,2,0,2,0,0,49.33955453234864,17.093298092407228,0.3464420839308612,6.176523584716797,12.97452872906494,1
Sefid Rud,reservoir,2003-08,2003,8,1,0,1,0,0,49.33955453234864,44.1032807298584,0.8938726980387072,27.57251262646484,37.26541226599121,1
Sefid Rud,reservoir,2003-09,2003,9,2,0,2,0,0,49.33955453234864,43.90097370996094,0.8897723971378382,22.07624887402344,33.87177418151855,1
Sefid Rud,reservoir,2003-10,2003,10,0,0,0,0,0,49.33955453234864,0.0,0.0,,,0
Sefid Rud,reservoir,2003-11,2003,11,0,0,0,0,0,49.33955453234864,0.0,0.0,,,0
Sefid Rud,reservoir,2003-12,2003,12,2,0,2,0,0,49.33955453234864,43.20634949182129,0.8756939518676398,22.081417174194332,32.809139941223144,1
Sefid Rud,reservoir,2004-01,2004,1,0,0,0,0,0,49.33955453234864,0.0,0.0,,,0
Sefid Rud,reservoir,2004-02,2004,2,2,0,2,0,0,49.33955453234864,44.80310614953613,0.9080565597762288,28.070742467651367,36.26087948339844,1
Sefid Rud,reservoir,2004-03,2004,3,2,0,2,0,0,49.33955453234864,44.28544771508789,0.8975648064688726,38.08402339501953,40.44269998193359,1
Sefid Rud,reservoir,2004-04,2004,4,2,0,2,0,0,49.33955453234864,43.677014558044434,0.8852332570090057,41.99677057678223,42.74982449969482,1
Sefid Rud,reservoir,2004-05,2004,5,4,0,4,0,0,49.33955453234864,47.2710118963623,0.9580753686247788,46.43743442358399,47.09034976068115,1
Sefid Rud,reservoir,2004-06,2004,6,4,0,4,0,0,49.33955453234864,49.33307567340088,0.9998686883371938,46.19484780218506,48.22232881207275,1
Sefid Rud,reservoir,2004-07,2004,7,1,0,1,0,0,49.33955453234864,43.73691959948731,0.8864473952802299,28.682026553710937,36.84569020458984,1
Sefid Rud,reservoir,2004-08,2004,8,3,0,3,0,0,49.33955453234864,49.33739547491455,0.9999562408405476,22.517293611999516,37.70583030859375,1
Sefid Rud,reservoir,2004-09,2004,9,2,0,2,0,0,49.33955453234864,44.05150937579346,0.8928234110202968,10.056527253662107,27.0591317164917,1
Sefid Rud,reservoir,2004-10,2004,10,1,0,1,0,0,49.33955453234864,44.73824231878662,0.9067419181795562,1.8198162158203128,31.335491333007813,1
Sefid Rud,reservoir,2004-11,2004,11,2,0,2,0,0,49.33955453234864,44.27247363513184,0.8973018515216903,2.593660203186035,30.12170338079834,1
Sefid Rud,reservoir,2004-12,2004,12,3,0,3,0,0,49.33955453234864,43.08187454058838,0.8731711291058066,7.80268487689209,29.69945623675537,1
Sefid Rud,reservoir,2005-01,2005,1,0,0,0,0,0,49.33955453234864,0.0,0.0,,,0
Sefid Rud,reservoir,2005-02,2005,2,0,0,0,0,0,49.33955453234864,0.0,0.0,,,0
Sefid Rud,reservoir,2005-03,2005,3,0,0,0,0,0,49.33955453234864,0.0,0.0,,,0
Sefid Rud,reservoir,2005-04,2005,4,3,0,3,0,0,49.33955453234864,44.86254589538574,0.9092612675692558,42.38125497589111,44.07627058618164,1
Sefid Rud,reservoir,2005-05,2005,5,4,0,4,0,0,49.33955453234864,47.74791664746094,0.967741137917162,46.45002628637695,47.41610724243164,1
Sefid Rud,reservoir,2005-06,2005,6,4,0,4,0,0,49.33955453234864,49.06819586859131,0.9945001801023676,44.60674751696777,47.31028602081299,1
Sefid Rud,reservoir,2005-07,2005,7,4,0,4,0,0,49.33955453234864,40.86363784906006,0.8282125413651337,26.510190442443847,34.12599423907471,1
Sefid Rud,reservoir,2005-08,2005,8,4,0,4,0,0,49.33955453234864,47.65015720135498,0.9657597773833562,17.00348419165039,32.944263947143554,1
Sefid Rud,reservoir,2005-09,2005,9,2,0,2,0,0,49.33955453234864,44.36752254571533,0.8992282756956494,12.465970447387695,27.61724026910401,1
Sefid Rud,reservoir,2005-10,2005,10,4,0,4,0,0,49.33955453234864,49.193350406982425,0.9970367765426348,14.246168436645508,31.01234031665039,1
Sefid Rud,reservoir,2005-11,2005,11,3,0,3,0,0,49.33955453234864,35.27734772821045,0.7149912086271768,12.446704915405274,24.67955199505615,1
Sefid Rud,reservoir,2005-12,2005,12,1,0,1,0,0,49.33955453234864,0.7061326423950195,0.0143116947262273,0.0914140292358398,0.6996544041748047,1
Sefid Rud,reservoir,2006-01,2006,1,1,0,1,0,0,49.33955453234864,16.874208393859863,0.3420016364922098,4.773933784606934,16.795026765686035,1
Sefid Rud,reservoir,2006-02,2006,2,2,0,2,0,0,49.33955453234864,43.34306961907959,0.8784649563599617,31.00907199450684,35.573620198425296,1
Sefid Rud,reservoir,2006-03,2006,3,2,0,2,0,0,49.33955453234864,44.448882130371096,0.900877248521345,34.64925879211426,41.58614467706299,1
Sefid Rud,reservoir,2006-04,2006,4,2,0,2,0,0,49.33955453234864,14.720439625793457,0.2983496662123743,14.376377708251953,14.671498495178223,1
Sefid Rud,reservoir,2006-05,2006,5,4,0,4,0,0,49.33955453234864,49.32299919018555,0.9996644610532056,47.65433872180176,48.70613609643555,1
Sefid Rud,reservoir,2006-06,2006,6,2,0,2,0,0,49.33955453234864,43.867222462402346,0.8890883364915982,36.94796864013672,40.89986201556396,1
Sefid Rud,reservoir,2006-07,2006,7,8,4,4,0,0,49.33955453234864,49.27548569952393,0.998701471194218,30.26588336743164,42.379488306335446,1
Sefid Rud,reservoir,2006-08,2006,8,8,4,4,0,0,49.33955453234864,49.33955453234864,1.0,17.917607943725585,37.02500395098877,1
Sefid Rud,reservoir,2006-09,2006,9,8,4,4,0,0,49.33955453234864,49.33955453234864,1.0,13.754371148376466,37.01534239178467,1
Sefid Rud,reservoir,2006-10,2006,10,5,4,1,0,0,49.33955453234864,39.340625505493165,0.7973445621544912,12.161576526000976,33.31820610644531,1
Sefid Rud,reservoir,2006-11,2006,11,2,0,2,0,0,49.33955453234864,42.693797809692384,0.8653057007578154,15.789152818481446,26.3285924934082,1
Sefid Rud,reservoir,2006-12,2006,12,2,0,2,0,0,49.33955453234864,43.05593061437988,0.8726453050189377,20.6595197701416,30.35539378704834,1
Sefid Rud,reservoir,2007-01,2007,1,3,0,3,0,0,49.33955453234864,44.35597293737793,0.8989941915324082,21.601016639892578,33.11842081243896,1
Sefid Rud,reservoir,2007-02,2007,2,0,0,0,0,0,49.33955453234864,0.0,0.0,,,0
Sefid Rud,reservoir,2007-03,2007,3,0,0,0,0,0,49.33955453234864,0.0,0.0,,,0
Sefid Rud,reservoir,2007-04,2007,4,1,0,1,0,0,49.33955453234864,0.0,0.0,,,0
Sefid Rud,reservoir,2007-05,2007,5,7,4,3,0,0,49.33955453234864,45.18618573492432,0.9158207074062408,44.66785049243164,45.12068972161865,1
Sefid Rud,reservoir,2007-06,2007,6,6,4,2,0,0,49.33955453234864,48.73096570770264,0.9876652955136233,45.359407770507815,47.67638382122803,1
Sefid Rud,reservoir,2007-07,2007,7,6,4,2,0,0,49.33955453234864,45.49342849584961,0.9220478159368588,32.74365526330566,41.78589582855225,1
Sefid Rud,reservoir,2007-08,2007,8,8,4,4,0,0,49.33955453234864,49.33955453234864,1.0,25.153675706848144,41.92199365704346,1
Sefid Rud,reservoir,2007-09,2007,9,6,2,4,0,0,49.33955453234864,49.33955453234864,1.0,17.8053642532959,35.6890831338501,1
Sefid Rud,reservoir,2007-10,2007,10,4,0,4,0,0,49.33955453234864,46.99140065661621,0.9524082878739228,14.80408885229492,31.06395977722168,1
Sefid Rud,reservoir,2007-11,2007,11,2,0,2,0,0,49.33955453234864,44.1522440336914,0.8948650722969892,14.680312950378418,28.136926275512696,1
Sefid Rud,reservoir,2007-12,2007,12,4,0,4,0,0,49.33955453234864,48.821247082946776,0.9894950926429212,22.294177459472657,36.3237688482666,1
Sefid Rud,reservoir,2008-01,2008,1,2,0,2,0,0,49.33955453234864,43.40721414013672,0.8797650191932219,23.630835964172363,34.44150380700684,1
Sefid Rud,reservoir,2008-02,2008,2,0,0,0,0,0,49.33955453234864,0.0,0.0,,,0
Sefid Rud,reservoir,2008-03,2008,3,2,0,2,0,0,49.33955453234864,45.28469645861816,0.9178172946196348,32.20252535070801,38.04514046191406,1
Sefid Rud,reservoir,2008-04,2008,4,4,4,0,0,0,49.33955453234864,40.9487980623169,0.829938544245865,35.539485224853514,39.80939361199951,1
Sefid Rud,reservoir,2008-05,2008,5,6,4,2,0,0,49.33955453234864,49.33667533856201,0.9999416453226236,35.52373835943604,44.035334479309086,1
Sefid Rud,reservoir,2008-06,2008,6,5,3,2,0,0,49.33955453234864,49.33955453234864,1.0,23.99734237634277,45.2064166496582,1
Sefid Rud,reservoir,2008-07,2008,7,8,4,4,0,0,49.33955453234864,49.33955453234864,1.0,17.382661355895998,41.462721597106935,1
Sefid Rud,reservoir,2008-08,2008,8,3,0,3,0,0,49.33955453234864,49.33955453234864,1.0,10.327756114318849,30.526594792602538,1
Sefid Rud,reservoir,2008-09,2008,9,4,2,2,0,0,49.33955453234864,48.069718438903806,0.9742633247202852,8.998303285766601,43.07994569482422,1
Sefid Rud,reservoir,2008-10,2008,10,4,2,2,0,0,49.33955453234864,49.32299053723145,0.9996642856776032,11.348419686157229,39.49122069586182,1
Sefid Rud,reservoir,2008-11,2008,11,3,1,2,0,0,49.33955453234864,19.021931544189453,0.3855310759183699,7.246508675170898,12.457403730957031,1
Sefid Rud,reservoir,2008-12,2008,12,4,0,4,0,0,49.33955453234864,39.1899283682251,0.7942902756150928,12.134736372802736,25.95117358129883,1
Sefid Rud,reservoir,2009-01,2009,1,4,2,2,0,0,49.33955453234864,45.33005751354981,0.9187366595259778,17.00630984075928,27.71193080352783,1
Sefid Rud,reservoir,2009-02,2009,2,4,2,2,0,0,49.33955453234864,49.27691733209228,0.9987304871142424,24.688044289733888,33.401635494628906,1
Sefid Rud,reservoir,2009-03,2009,3,6,4,2,0,0,49.33955453234864,49.29204232971191,0.9990370362463332,27.129570822204588,36.763478992736815,1
Sefid Rud,reservoir,2009-04,2009,4,6,4,2,0,0,49.33955453234864,46.739689382873536,0.9473066756658588,32.33558228796387,38.165863821411136,1
Sefid Rud,reservoir,2009-05,2009,5,6,4,2,0,0,49.33955453234864,49.33955453234864,1.0,38.59359604962158,43.396600812194826,1
Sefid Rud,reservoir,2009-06,2009,6,4,2,2,0,0,49.33955453234864,49.30068045178223,0.9992121112374268,34.08230456072998,43.372845386047366,1
Sefid Rud,reservoir,2009-07,2009,7,7,4,3,0,0,49.33955453234864,49.33955453234864,1.0,25.076152785583496,42.18072134301758,1
Sefid Rud,reservoir,2009-08,2009,8,6,4,2,0,0,49.33955453234864,49.33955453234864,1.0,15.179706820617676,35.58114469030762,1
Sefid Rud,reservoir,2009-09,2009,9,6,4,2,0,0,49.33955453234864,49.33955453234864,1.0,14.723330328918458,33.24662014801025,1
Sefid Rud,reservoir,2009-10,2009,10,6,4,2,0,0,49.33955453234864,49.33955453234864,1.0,15.844993992248536,28.98693993395996,1
Sefid Rud,reservoir,2009-11,2009,11,8,4,4,0,0,49.33955453234864,49.33955453234864,1.0,19.908183672729493,32.04661492907715,1
Sefid Rud,reservoir,2009-12,2009,12,2,0,2,0,0,49.33955453234864,44.88571130786133,0.9097307775333232,21.956809565307616,30.415992309875488,1
Sefid Rud,reservoir,2010-01,2010,1,0,0,0,0,0,49.33955453234864,0.0,0.0,,,0
Sefid Rud,reservoir,2010-02,2010,2,5,4,1,0,0,49.33955453234864,35.01422142547607,0.7096582398716145,20.22787876568604,27.22764991418457,1
Sefid Rud,reservoir,2010-03,2010,3,6,2,4,0,0,49.33955453234864,49.21426267480469,0.9974606204143612,40.5872191494751,44.54407821453857,1
Sefid Rud,reservoir,2010-04,2010,4,2,0,2,0,0,49.33955453234864,44.13714452685547,0.8945590398048224,40.629685865478514,42.08553217553711,1
Sefid Rud,reservoir,2010-05,2010,5,5,1,4,0,0,49.33955453234864,49.33955453234864,1.0,48.26543788787842,49.09983567199707,1
Sefid Rud,reservoir,2010-06,2010,6,4,2,2,0,0,49.33955453234864,49.33955453234864,1.0,47.15809273883057,48.93932124310303,1
Sefid Rud,reservoir,2010-07,2010,7,6,2,4,0,0,49.33955453234864,49.33811491064453,0.9999708221584538,34.85542079724121,43.67433587182617,1
Sefid Rud,reservoir,2010-08,2010,8,4,0,4,0,0,49.33955453234864,49.336675383483886,0.9999416462330876,29.825113070007323,39.15088484423829,1
Sefid Rud,reservoir,2010-09,2010,9,2,2,0,0,0,49.33955453234864,49.33955453234864,1.0,28.83590521020508,37.76503311730957,1
Sefid Rud,reservoir,2010-10,2010,10,0,0,0,0,0,49.33955453234864,0.0,0.0,,,0
Sefid Rud,reservoir,2010-11,2010,11,0,0,0,0,0,49.33955453234864,0.0,0.0,,,0
Sefid Rud,reservoir,2010-12,2010,12,6,2,4,0,0,49.33955453234864,49.29708525946045,0.9991392449062276,30.448551001098632,38.969481250671386,1
Sefid Rud,reservoir,2011-01,2011,1,3,1,2,0,0,49.33955453234864,49.20350932800293,0.997242674652514,33.14037231335449,41.27650545379639,1
Sefid Rud,reservoir,2011-02,2011,2,2,0,2,0,0,49.33955453234864,45.14647025201416,0.9150157653412668,30.66909534979248,36.210557248474124,1
Sefid Rud,reservoir,2011-03,2011,3,3,2,1,0,0,49.33955453234864,49.272599858276365,0.998642981788002,38.35740225506592,42.07819145251465,1
Sefid Rud,reservoir,2011-04,2011,4,4,2,2,0,0,49.33955453234864,45.18296260632325,0.9157553819562722,40.58334541680908,42.92551901593018,1
Sefid Rud,reservoir,2011-05,2011,5,7,3,4,0,0,49.33955453234864,49.33955453234864,1.0,47.61029102624512,49.21998206646729,1
Sefid Rud,reservoir,2011-06,2011,6,6,2,4,0,0,49.33955453234864,49.33811512677002,0.9999708265388236,43.760763220581055,47.82858219140625,1
Sefid Rud,reservoir,2011-07,2011,7,8,4,4,0,0,49.33955453234864,49.33955453234864,1.0,32.44224306494141,41.60233123455811,1
Sefid Rud,reservoir,2011-08,2011,8,2,0,2,0,0,49.33955453234864,36.87362747619629,0.7473441506655827,18.29676704486084,28.879565983825685,1
Sefid Rud,reservoir,2011-09,2011,9,6,2,4,0,0,49.33955453234864,49.33955453234864,1.0,27.76396350396729,37.03431544421387,1
Sefid Rud,reservoir,2011-10,2011,10,3,0,3,0,0,49.33955453234864,44.09824268786621,0.8937705884424626,25.110348108032227,32.47634848760986,1
Sefid Rud,reservoir,2011-11,2011,11,2,0,2,0,0,49.33955453234864,31.115209520874025,0.6306341801378419,25.88586548693848,30.912120569641115,1
Sefid Rud,reservoir,2011-12,2011,12,4,0,4,0,0,49.33955453234864,49.137273116210935,0.9959002180288214,35.955705210021975,41.14652728967285,1
Sefid Rud,reservoir,2012-01,2012,1,4,0,4,0,0,49.33955453234864,48.68797448980713,0.9867939617875086,38.41931562792968,42.47778256359863,1
Sefid Rud,reservoir,2012-02,2012,2,2,0,2,0,0,49.33955453234864,44.95500875170899,0.9111352783340394,38.65277726049805,40.77958001641846,1
Sefid Rud,reservoir,2012-03,2012,3,4,0,4,0,0,49.33955453234864,45.26449568774414,0.917407871164853,39.99695409240723,42.40945741345215,1
Sefid Rud,reservoir,2012-04,2012,4,4,0,4,0,0,49.33955453234864,43.28265590777588,0.8772405085132728,42.613892751342775,43.21714343927002,1
Sefid Rud,reservoir,2012-05,2012,5,5,0,5,0,0,49.33955453234864,47.742924981689455,0.9676399682609136,46.06258441009521,47.42982764147949,1
Sefid Rud,reservoir,2012-06,2012,6,2,0,2,0,0,49.33955453234864,40.46473368280029,0.8201276656494797,36.29850980218506,39.044382884033205,1
Sefid Rud,reservoir,2012-07,2012,7,4,0,4,0,0,49.33955453234864,13.678030961853027,0.2772224251211117,7.075063446289063,10.553016477783205,1
Sefid Rud,reservoir,2012-08,2012,8,4,0,4,0,0,49.33955453234864,46.716819802062986,0.9468431615334894,34.98505131427002,41.77351613171387,1
Sefid Rud,reservoir,2012-09,2012,9,2,0,2,0,0,49.33955453234864,46.120460335327145,0.9347563181805596,31.501217214294435,38.32929477380371,1
Sefid Rud,reservoir,2012-10,2012,10,4,0,4,0,0,49.33955453234864,38.69258066479493,0.7842101744033135,25.2767687243042,33.130893414855954,1
Sefid Rud,reservoir,2012-11,2012,11,3,0,3,0,0,49.33955453234864,46.46734833618165,0.9417869451114748,31.699832262207032,38.30687054046631,1
Sefid Rud,reservoir,2012-12,2012,12,2,0,2,0,0,49.33955453234864,44.70301635235596,0.9060279683523934,34.94212436535645,38.2596758795166,1
Sefid Rud,reservoir,2013-01,2013,1,4,0,4,0,0,49.33955453234864,41.797962970703125,0.8471491760895207,35.01043786962891,39.13964249957275,1
Sefid Rud,reservoir,2013-02,2013,2,4,0,4,0,0,49.33955453234864,24.09424861077881,0.4883353495820848,21.86292851904297,23.06460548400879,1
Sefid Rud,reservoir,2013-03,2013,3,5,0,3,2,0,49.33955453234864,0.0950349979858398,0.0019261421974033,0.0647754869995117,0.0943144624633789,1
Sefid Rud,reservoir,2013-04,2013,4,4,0,2,2,0,49.33955453234864,47.35996823590088,0.959878310308824,45.89275720428467,46.91281329003906,1
Sefid Rud,reservoir,2013-05,2013,5,6,0,4,2,0,49.33955453234864,49.33955453234864,1.0,43.824262680053714,46.48954532421875,1
Sefid Rud,reservoir,2013-06,2013,6,6,0,2,4,0,49.33955453234864,48.24607549157715,0.977837679096706,32.77423164935303,42.19359308178711,1
Sefid Rud,reservoir,2013-07,2013,7,6,0,2,4,0,49.33955453234864,49.317240743286135,0.9995477504960472,25.591907923034668,38.14145146325684,1
Sefid Rud,reservoir,2013-08,2013,8,7,0,3,4,0,49.33955453234864,49.181187492919925,0.9967902620741158,19.31935908557129,31.75081467321777,1
Sefid Rud,reservoir,2013-09,2013,9,8,0,4,4,0,49.33955453234864,49.33955453234864,1.0,18.66636223492432,32.110482999206546,1
Sefid Rud,reservoir,2013-10,2013,10,5,0,3,2,0,49.33955453234864,49.33955453234864,1.0,17.955027674194337,30.720733903808597,1
Sefid Rud,reservoir,2013-11,2013,11,6,0,2,4,0,49.33955453234864,49.33955453234864,1.0,20.03764034790039,37.30197345397949,1
Sefid Rud,reservoir,2013-12,2013,12,8,0,4,4,0,49.33955453234864,49.33955453234864,1.0,23.52593860217285,34.46209987414551,1
Sefid Rud,reservoir,2014-01,2014,1,6,0,2,4,0,49.33955453234864,47.47965433117676,0.962304073905806,20.45197617437744,36.16094127954101,1
Sefid Rud,reservoir,2014-02,2014,2,6,0,2,4,0,49.33955453234864,48.7895020668335,0.9888516937226398,29.292313012817385,38.209665645446776,1
Sefid Rud,reservoir,2014-03,2014,3,8,0,4,4,0,49.33955453234864,49.338114885742186,0.9999708216537402,34.631558208618166,41.07662868817139,1
Sefid Rud,reservoir,2014-04,2014,4,8,0,4,4,0,49.33955453234864,49.14864896508789,0.996130780484944,41.74611679595947,44.951447387023926,1
Sefid Rud,reservoir,2014-05,2014,5,7,0,3,4,0,49.33955453234864,49.33955453234864,1.0,42.5103220133667,46.07615234295654,1
Sefid Rud,reservoir,2014-06,2014,6,8,0,4,4,0,49.33955453234864,49.33739506494141,0.999956232531329,34.60695610858154,41.97297705633545,1
Sefid Rud,reservoir,2014-07,2014,7,8,0,4,4,0,49.33955453234864,49.33955453234864,1.0,20.777154967163085,36.302109936401365,1
Sefid Rud,reservoir,2014-08,2014,8,6,0,4,2,0,49.33955453234864,49.33955453234864,1.0,17.12925511138916,32.023872858337405,1
Sefid Rud,reservoir,2014-09,2014,9,8,0,4,4,0,49.33955453234864,49.33955453234864,1.0,15.165393304138185,29.923447272766115,1
Sefid Rud,reservoir,2014-10,2014,10,8,0,4,4,0,49.33955453234864,38.12485474609375,0.7727036676242759,9.152908519104004,26.10396457641601,1
Sefid Rud,reservoir,2014-11,2014,11,5,0,3,2,0,49.33955453234864,49.33955453234864,1.0,18.717365020141603,32.81357342034912,1
Sefid Rud,reservoir,2014-12,2014,12,7,0,4,3,0,49.33955453234864,49.33955453234864,1.0,23.03204528399658,34.21064573278809,1
Sefid Rud,reservoir,2015-01,2015,1,6,0,2,4,0,49.33955453234864,47.58305846685791,0.9643998393958116,23.2001161383667,32.798301895019534,1
Sefid Rud,reservoir,2015-02,2015,2,6,0,2,4,0,49.33955453234864,49.06818506610107,0.9944999611605808,30.10956020239258,36.806350754882814,1
Sefid Rud,reservoir,2015-03,2015,3,8,0,4,4,0,49.33955453234864,44.06034449511719,0.8930024786954607,27.69996861450195,33.796583390747074,1
Sefid Rud,reservoir,2015-04,2015,4,8,0,4,4,0,49.33955453234864,49.33955453234864,1.0,41.86949292907715,45.36633888775635,1
Sefid Rud,reservoir,2015-05,2015,5,8,0,4,4,0,49.33955453234864,49.14724148083496,0.9961022539960795,38.03855185058594,44.16050371362304,1
Sefid Rud,reservoir,2015-06,2015,6,6,0,4,2,0,49.33955453234864,42.72885849786377,0.8660163007724223,23.696057518371585,33.84604239581299,1
Sefid Rud,reservoir,2015-07,2015,7,8,0,4,4,0,49.33955453234864,49.33955453234864,1.0,21.94924318231201,35.71487525286865,1
Sefid Rud,reservoir,2015-08,2015,8,8,0,4,4,0,49.33955453234864,49.33955453234864,1.0,13.911289851501463,28.906015225891117,1
Sefid Rud,reservoir,2015-09,2015,9,8,0,4,4,0,49.33955453234864,49.33955453234864,1.0,14.248871737976074,27.877682417053222,1
Sefid Rud,reservoir,2015-10,2015,10,6,0,3,3,0,49.33955453234864,47.70743406744385,0.966920648547106,14.5734976852417,34.83029607434082,1
Sefid Rud,reservoir,2015-11,2015,11,5,0,2,3,0,49.33955453234864,49.33883464697266,0.9999854095687972,21.378432579223634,30.948367034729003,1
Sefid Rud,reservoir,2015-12,2015,12,7,0,3,4,0,49.33955453234864,49.03003968048096,0.9937268413790652,26.211718593811035,35.44353614190674,1
Sefid Rud,reservoir,2016-01,2016,1,8,0,4,4,0,49.33955453234864,47.63985088226318,0.9655508918514644,30.18235541906738,36.399256329040526,1
Sefid Rud,reservoir,2016-02,2016,2,8,0,4,4,0,49.33955453234864,49.33955453234864,1.0,35.83673126281738,40.58062614465332,1
Sefid Rud,reservoir,2016-03,2016,3,7,0,3,4,0,49.33955453234864,49.33955453234864,1.0,41.71394176708984,44.315929253479005,1
Sefid Rud,reservoir,2016-04,2016,4,5,0,4,1,0,49.33955453234864,48.49278859039307,0.9828379897228215,47.10257151062012,47.96502875347901,1
Sefid Rud,reservoir,2016-05,2016,5,8,0,4,4,0,49.33955453234864,48.3339792878418,0.9796192881342788,46.266421695251466,47.63849925335693,1
Sefid Rud,reservoir,2016-06,2016,6,4,0,0,4,0,49.33955453234864,48.91124794433594,0.9913192043975207,41.633424210266114,45.193598992614746,1
Sefid Rud,reservoir,2016-07,2016,7,6,0,2,4,0,49.33955453234864,49.33091503637695,0.9998248971630658,33.32146439825439,40.62047268414307,1
Sefid Rud,reservoir,2016-08,2016,8,6,0,2,4,0,49.33955453234864,49.33883463952637,0.999985409417878,28.84892980145264,37.21990430706787,1
Sefid Rud,reservoir,2016-09,2016,9,6,0,2,4,0,49.33955453234864,49.33955453234864,1.0,27.00002628405762,35.445157293395994,1
Sefid Rud,reservoir,2016-10,2016,10,4,0,0,4,0,49.33955453234864,49.33955453234864,1.0,27.110859106140136,35.56091018737793,1
Sefid Rud,reservoir,2016-11,2016,11,8,0,4,4,0,49.33955453234864,49.33955453234864,1.0,28.503977599975585,35.982708953735354,1
Sefid Rud,reservoir,2016-12,2016,12,7,0,3,4,0,49.33955453234864,49.31148074084473,0.999431008411608,30.27505317944336,36.67676842559815,1
Sefid Rud,reservoir,2017-01,2017,1,7,0,4,3,0,49.33955453234864,49.12289174603272,0.9956087405253352,32.2435221473999,37.887885526184085,1
Sefid Rud,reservoir,2017-02,2017,2,4,0,4,0,0,49.33955453234864,45.75836290716553,0.9274174309207605,33.04700418359375,37.27959138348389,1
Sefid Rud,reservoir,2017-03,2017,3,8,0,4,4,0,49.33955453234864,49.33955453234864,1.0,37.79226227630616,41.80315014068604,1
Sefid Rud,reservoir,2017-04,2017,4,8,0,4,4,0,49.33955453234864,49.33955453234864,1.0,48.26838030926514,48.96667075042725,1
Sefid Rud,reservoir,2017-05,2017,5,8,0,4,4,0,49.33955453234864,49.33955453234864,1.0,47.20627408392334,48.75346602270508,1
Sefid Rud,reservoir,2017-06,2017,6,8,0,4,4,0,49.33955453234864,49.32156031182861,0.9996352982776076,40.43738225512696,45.536159856323245,1
Sefid Rud,reservoir,2017-07,2017,7,8,0,4,4,0,49.33955453234864,49.33955453234864,1.0,29.72854602142334,39.964730450866696,1
Sefid Rud,reservoir,2017-08,2017,8,4,0,0,4,0,49.33955453234864,49.33955453234864,1.0,23.134249106811524,34.31713470031738,1
Sefid Rud,reservoir,2017-09,2017,9,8,0,4,4,0,49.33955453234864,49.33379568548584,0.999883281336498,21.502855235107425,33.43894919189453,1
Sefid Rud,reservoir,2017-10,2017,10,6,0,2,4,0,49.33955453234864,49.33955453234864,1.0,21.815334058105467,33.25535299108887,1
Sefid Rud,reservoir,2017-11,2017,11,6,0,2,4,0,49.33955453234864,49.33955453234864,1.0,23.47562623901367,32.687962053100584,1
Sefid Rud,reservoir,2017-12,2017,12,8,0,4,4,0,49.33955453234864,49.24597368847656,0.9981033301828716,24.754370218017577,33.34175472900391,1
Sefid Rud,reservoir,2018-01,2018,1,6,0,3,3,0,49.33955453234864,49.24669403552246,0.9981179299710684,26.75735389471436,36.41335353747559,1
Sefid Rud,reservoir,2018-02,2018,2,2,0,2,0,0,49.33955453234864,0.0540312315063476,0.001095089568977,0.0266555711669921,0.0540312315063476,1
Sefid Rud,reservoir,2018-03,2018,3,8,0,4,4,0,49.33955453234864,49.33955453234864,1.0,38.483468011474606,42.86018177026367,1
Sefid Rud,reservoir,2018-04,2018,4,6,0,2,4,0,49.33955453234864,41.53362775604248,0.8417917054522992,34.713046226013184,37.12997284985352,1
Sefid Rud,reservoir,2018-05,2018,5,8,0,4,4,0,49.33955453234864,42.77722396520996,0.8669965582515303,35.91988103527832,39.45860882446289,1
Sefid Rud,reservoir,2018-06,2018,6,6,0,2,4,0,49.33955453234864,49.33739546002197,0.9999562405387092,40.19909377331543,44.52032165026856,1
Sefid Rud,reservoir,2018-07,2018,7,8,0,4,4,0,49.33955453234864,47.28595515362549,0.9583782342952296,29.12398093682861,38.74427785729981,1
Sefid Rud,reservoir,2018-08,2018,8,8,0,4,4,0,49.33955453234864,48.01503178765869,0.9731549512912294,20.929822787231444,33.00991342596436,1
Sefid Rud,reservoir,2018-09,2018,9,8,0,4,4,0,49.33955453234864,49.33955453234864,1.0,20.66984563885498,31.736876083618164,1
Sefid Rud,reservoir,2018-10,2018,10,6,0,2,4,0,49.33955453234864,49.33955453234864,1.0,22.29300449853516,33.22396588049316,1
Sefid Rud,reservoir,2018-11,2018,11,3,0,2,1,0,49.33955453234864,18.55829422595215,0.3761342071660724,11.858419220214843,16.63006990020752,1
Sefid Rud,reservoir,2018-12,2018,12,5,0,2,3,0,49.33955453234864,44.447450791503904,0.9008482385539718,23.39170979559326,31.409578634033203,1
Sefid Rud,reservoir,2019-01,2019,1,8,0,4,4,0,49.33955453234864,49.31868399530029,0.9995770019156808,28.6544259498291,38.713528261657714,1
Sefid Rud,reservoir,2019-02,2019,2,5,0,3,2,0,49.33955453234864,18.52137753759765,0.3753859902698235,15.16552873815918,17.881049511413575,1
Sefid Rud,reservoir,2019-03,2019,3,5,0,1,4,0,49.33955453234864,49.31435948077392,0.9994893538903316,40.39149878112793,43.47950222918701,1
Sefid Rud,reservoir,2019-04,2019,4,5,0,2,3,0,49.33955453234864,49.33955453234864,1.0,48.96579209228516,49.27328406610108,1
Sefid Rud,reservoir,2019-05,2019,5,8,0,4,4,0,49.33955453234864,49.33955453234864,1.0,48.78654711724854,49.296333417114255,1
Sefid Rud,reservoir,2019-06,2019,6,8,0,4,4,0,49.33955453234864,49.33955453234864,1.0,46.32374600665283,48.36112288928223,1
Sefid Rud,reservoir,2019-07,2019,7,8,0,4,4,0,49.33955453234864,49.23445515032959,0.9978698757413762,37.07595248034668,43.89823506683349,1
Sefid Rud,reservoir,2019-08,2019,8,6,0,2,4,0,49.33955453234864,49.15742942272949,0.9963087402927456,29.382195232055665,38.85470896417236,1
Sefid Rud,reservoir,2019-09,2019,9,4,0,2,2,0,49.33955453234864,49.33955453234864,1.0,26.814041513183597,37.77613933795166,1
Sefid Rud,reservoir,2019-10,2019,10,8,0,4,4,0,49.33955453234864,49.33955453234864,1.0,26.747159686950685,35.37209286364746,1
Sefid Rud,reservoir,2019-11,2019,11,6,0,4,2,0,49.33955453234864,49.33955453234864,1.0,29.91571272192383,38.17270050592041,1
Sefid Rud,reservoir,2019-12,2019,12,6,0,4,2,0,49.33955453234864,49.209985585632325,0.9973739335925428,33.86705358404541,41.28825538250732,1
Sefid Rud,reservoir,2020-01,2020,1,5,0,2,3,0,49.33955453234864,48.93216466955566,0.991743138610506,36.26882679754639,41.07155072259521,1
Sefid Rud,reservoir,2020-02,2020,2,5,0,1,4,0,49.33955453234864,49.33955453234864,1.0,32.62360662219238,42.86943545678711,1
Sefid Rud,reservoir,2020-03,2020,3,8,0,4,4,0,49.33955453234864,49.33955453234864,1.0,45.72981185363769,47.14735446209717,1
Sefid Rud,reservoir,2020-04,2020,4,8,0,4,4,0,49.33955453234864,45.96530108685303,0.9316115948456052,45.18901720703125,45.796800069946286,1
Sefid Rud,reservoir,2020-05,2020,5,6,0,2,4,0,49.33955453234864,49.33955453234864,1.0,48.42856989642334,49.01323218652344,1
Sefid Rud,reservoir,2020-06,2020,6,8,0,4,4,0,49.33955453234864,49.33955453234864,1.0,43.380051139953615,46.81482394970703,1
Sefid Rud,reservoir,2020-07,2020,7,8,0,4,4,0,49.33955453234864,48.14677398010254,0.9758250644224185,33.154821542114256,41.27477939343262,1
Sefid Rud,reservoir,2020-08,2020,8,6,0,4,2,0,49.33955453234864,44.848400784667966,0.9089745785050386,20.50189690881348,32.96661750177002,1
Sefid Rud,reservoir,2020-09,2020,9,8,0,4,4,0,49.33955453234864,49.33955453234864,1.0,19.809468318115236,32.78073085528565,1
Sefid Rud,reservoir,2020-10,2020,10,8,0,4,4,0,49.33955453234864,49.33955453234864,1.0,20.936917157226564,31.515580618408205,1
Sefid Rud,reservoir,2020-11,2020,11,4,0,2,2,0,49.33955453234864,0.0,0.0,,,0
Sefid Rud,reservoir,2020-12,2020,12,6,0,4,2,0,49.33955453234864,43.17043676116944,0.8749660828993799,29.085317180847166,35.89820121282959,1
Sefid Rud,reservoir,2021-01,2021,1,9,0,5,4,0,49.33955453234864,49.329475896484375,0.999795729086738,36.07728858618164,40.8453572255249,1
Sefid Rud,reservoir,2021-02,2021,2,8,0,4,4,0,49.33955453234864,35.85267774853516,0.7266518331662066,29.794653400512697,31.72110560760498,1
Sefid Rud,reservoir,2021-03,2021,3,8,0,6,2,0,49.33955453234864,49.33955453234864,1.0,45.72630177148437,46.91855622229004,1
Sefid Rud,reservoir,2021-04,2021,4,9,0,5,4,0,49.33955453234864,49.27262129852295,0.9986434163327964,46.70895009295654,47.91480556573487,1
Sefid Rud,reservoir,2021-05,2021,5,8,0,4,4,0,49.33955453234864,49.29924464990234,0.9991830108149868,40.97461869360352,44.49310951501465,1
Sefid Rud,reservoir,2021-06,2021,6,6,0,4,2,0,49.33955453234864,49.20566462890625,0.9972863576756736,31.4393676663208,39.44015091461181,1
Sefid Rud,reservoir,2021-07,2021,7,8,0,4,4,0,49.33955453234864,49.338834853149415,0.9999854137475288,19.340923336853027,33.242384287658695,1
Sefid Rud,reservoir,2021-08,2021,8,8,0,4,4,0,49.33955453234864,49.33955453234864,1.0,16.060908889526367,28.58621291973877,1
Sefid Rud,reservoir,2021-09,2021,9,8,0,4,4,0,49.33955453234864,49.33811503479004,0.9999708246745994,14.62399514642334,28.629090288513183,1
Sefid Rud,reservoir,2021-10,2021,10,10,0,6,4,0,49.33955453234864,49.33955453234864,1.0,15.00699625958252,27.4618378303833,1
Sefid Rud,reservoir,2021-11,2021,11,8,0,4,4,0,49.33955453234864,49.33955453234864,1.0,16.864342635498048,30.557971887146,1
Sefid Rud,reservoir,2021-12,2021,12,12,0,6,4,2,49.33955453234864,47.77337631732178,0.9682571472346791,19.145756716613768,31.23447131030273,1
Sefid Rud,reservoir,2022-01,2022,1,14,0,6,4,4,49.33955453234864,49.20926407116699,0.9973593101434222,22.00764665966797,39.69042684802246,1
Sefid Rud,reservoir,2022-02,2022,2,12,0,5,3,4,49.33955453234864,49.31290558947754,0.9994598868367645,26.39802197894287,37.8112156552124,1
Sefid Rud,reservoir,2022-03,2022,3,7,0,2,4,1,49.33955453234864,49.33163588012695,0.9998395070183196,34.712206010314944,39.93190527508545,1
Sefid Rud,reservoir,2022-04,2022,4,7,0,1,2,4,49.33955453234864,44.9633500982666,0.9113043383638,39.37779296966553,42.363561469543455,1
Sefid Rud,reservoir,2022-05,2022,5,8,0,2,2,4,49.33955453234864,49.33955453234864,1.0,40.07459158215332,44.72765116015625,1
Sefid Rud,reservoir,2022-06,2022,6,14,0,6,4,4,49.33955453234864,49.33955453234864,1.0,30.622910328552248,39.35169548669434,1
Sefid Rud,reservoir,2022-07,2022,7,14,0,6,4,4,49.33955453234864,49.33955453234864,1.0,15.119369969299315,31.54171393231201,1
Sefid Rud,reservoir,2022-08,2022,8,14,0,6,4,4,49.33955453234864,49.33955453234864,1.0,12.4023539954834,24.44231410852051,1
Sefid Rud,reservoir,2022-09,2022,9,10,0,4,4,2,49.33955453234864,49.33955453234864,1.0,11.858142698364258,26.565101766052248,1
Sefid Rud,reservoir,2022-10,2022,10,13,0,5,4,4,49.33955453234864,49.33955453234864,1.0,11.781838864440918,26.652689189575195,1
Sefid Rud,reservoir,2022-11,2022,11,12,0,5,3,4,49.33955453234864,49.33955453234864,1.0,13.071838944213868,24.629505759216308,1
Sefid Rud,reservoir,2022-12,2022,12,11,0,3,4,4,49.33955453234864,49.30644034472656,0.9993288511026104,14.308597075683592,28.13701257141113,1
Sefid Rud,reservoir,2023-01,2023,1,7,0,2,3,2,49.33955453234864,49.217161118164064,0.9975193652365806,15.014175954223631,26.438082228759765,1
Sefid Rud,reservoir,2023-02,2023,2,9,0,3,2,4,49.33955453234864,49.33955453234864,1.0,17.047905051208495,28.526671916931157,1
Sefid Rud,reservoir,2023-03,2023,3,11,0,3,4,4,49.33955453234864,49.33955453234864,1.0,21.603217823364258,30.507905592163088,1
Sefid Rud,reservoir,2023-04,2023,4,17,0,9,4,4,49.33955453234864,49.33955453234864,1.0,35.872019862365725,39.98360266992187,1
Sefid Rud,reservoir,2023-05,2023,5,13,0,5,4,4,49.33955453234864,49.33955453234864,1.0,38.023444980163575,41.54114650091553,1
Sefid Rud,reservoir,2023-06,2023,6,15,0,7,4,4,49.33955453234864,49.33955453234864,1.0,30.427762249755855,38.55463307611084,1
Sefid Rud,reservoir,2023-07,2023,7,11,0,5,4,2,49.33955453234864,49.33955453234864,1.0,17.750498446655275,32.92050917242432,1
Sefid Rud,reservoir,2023-08,2023,8,13,0,5,4,4,49.33955453234864,49.33955453234864,1.0,14.050930704467774,25.271718645019533,1
Sefid Rud,reservoir,2023-09,2023,9,13,0,5,4,4,49.33955453234864,49.33955453234864,1.0,12.925009205749513,25.29062670098877,1
Sefid Rud,reservoir,2023-10,2023,10,12,0,5,3,4,49.33955453234864,49.020654729064944,0.9935366298640858,14.49491959423828,30.374393670776367,1
Sefid Rud,reservoir,2023-11,2023,11,12,0,4,4,4,49.33955453234864,49.33955453234864,1.0,13.705341157287595,23.824380890075684,1
Sefid Rud,reservoir,2023-12,2023,12,8,0,0,4,4,49.33955453234864,49.33955453234864,1.0,14.826240754333496,25.15922223907471,1
Sefid Rud,reservoir,2024-01,2024,1,5,0,0,2,3,49.33955453234864,44.12033578991699,0.8942183651250895,5.3354442979125976,21.860215936706545,1
Sefid Rud,reservoir,2024-02,2024,2,5,0,0,1,4,49.33955453234864,45.40808713598633,0.9203181416284432,16.92561231427002,29.806642624450685,1
Sefid Rud,reservoir,2024-03,2024,3,7,0,0,3,4,49.33955453234864,49.33955453234864,1.0,29.02603105078125,34.6617101843872,1
Sefid Rud,reservoir,2024-04,2024,4,8,0,0,4,4,49.33955453234864,49.33955453234864,1.0,34.19621566821289,38.84061771032715,1
Sefid Rud,reservoir,2024-05,2024,5,8,0,0,4,4,49.33955453234864,49.33955453234864,1.0,38.23801502691651,41.68516808331299,1
Sefid Rud,reservoir,2024-06,2024,6,6,0,0,4,2,49.33955453234864,49.32875718322754,0.9997811624117112,34.63449887640381,40.044320028015136,1
Sefid Rud,reservoir,2024-07,2024,7,8,0,0,4,4,49.33955453234864,48.90547416107178,0.9912021830073018,24.02439075738525,34.83908612426758,1
Sefid Rud,reservoir,2024-08,2024,8,8,0,0,4,4,49.33955453234864,49.33883486309814,0.9999854139491668,18.057285562561034,28.839096700866698,1
Sefid Rud,reservoir,2024-09,2024,9,6,0,0,2,4,49.33955453234864,49.33955453234864,1.0,17.00261350012207,27.50582479602051,1
Sefid Rud,reservoir,2024-10,2024,10,8,0,0,4,4,49.33955453234864,49.33955453234864,1.0,17.34817352368164,27.655350811157227,1
Sefid Rud,reservoir,2024-11,2024,11,6,0,0,2,4,49.33955453234864,49.33955453234864,1.0,19.499216193237302,28.129728951660155,1
Sefid Rud,reservoir,2024-12,2024,12,7,0,0,4,3,49.33955453234864,49.3337937322998,0.9998832417498812,21.620285773498534,29.614345546142577,1
Sefid Rud,reservoir,2025-01,2025,1,7,0,0,4,3,49.33955453234864,49.28843684069824,0.9989639612247232,23.078257227233888,30.328705206604003,1
Sefid Rud,reservoir,2025-02,2025,2,8,0,0,4,4,49.33955453234864,49.33955453234864,1.0,25.19141965606689,32.25402015045166,1
Sefid Rud,reservoir,2025-03,2025,3,8,0,0,4,4,49.33955453234864,49.33955453234864,1.0,29.62480196667481,35.93655902215576,1
Sefid Rud,reservoir,2025-04,2025,4,6,0,0,4,2,49.33955453234864,44.29770396209717,0.897813212582901,33.62118428448486,37.46567085736084,1
Sefid Rud,reservoir,2025-05,2025,5,8,0,0,4,4,49.33955453234864,49.33955453234864,1.0,38.79744295983887,42.22371331854248,1
Sefid Rud,reservoir,2025-06,2025,6,8,0,0,4,4,49.33955453234864,49.20925927612305,0.9973592129588408,26.10145540124512,36.19195328552246,1
Sefid Rud,reservoir,2025-07,2025,7,8,0,0,4,4,49.33955453234864,49.22728304992676,0.9977245136587468,11.612052079467771,28.116405479309083,1
Sefid Rud,reservoir,2025-08,2025,8,8,0,0,4,4,49.33955453234864,49.33955453234864,1.0,7.991803150207519,21.50001782623291,1
Sefid Rud,reservoir,2025-09,2025,9,6,0,0,2,4,49.33955453234864,49.33955453234864,1.0,7.350412101257324,21.5282997041626,1
Sefid Rud,reservoir,2025-10,2025,10,8,0,0,4,4,49.33955453234864,49.33955453234864,1.0,7.36339326361084,19.640004215576173,1
Sefid Rud,reservoir,2025-11,2025,11,8,0,0,4,4,49.33955453234864,49.33955453234864,1.0,7.666461489624023,20.014325887756343,1
Sefid Rud,reservoir,2025-12,2025,12,8,0,0,4,4,49.33955453234864,48.50454200396729,0.9830762045523964,9.48331673449707,20.74016750457764,1
Sefid Rud,reservoir,2026-01,2026,1,7,0,0,3,4,49.33955453234864,49.00191214147949,0.9931567604517432,10.208226741333007,22.80379833001709,1
Sefid Rud,reservoir,2026-02,2026,2,6,0,0,4,2,49.33955453234864,49.33955453234864,1.0,16.112131776245118,26.226315734558103,1
Sefid Rud,reservoir,2026-03,2026,3,8,0,0,4,4,49.33955453234864,21.2815068213501,0.4313275023064353,8.792151056518554,14.48218123815918,1
Sefid Rud,reservoir,2026-04,2026,4,8,0,0,4,4,49.33955453234864,49.33955453234864,1.0,35.5647395947876,40.51155854119873,1
Sefid Rud,reservoir,2026-05,2026,5,8,0,0,4,4,49.33955453234864,49.33955453234864,1.0,45.72493592327881,47.38798551879883,1
Sefid Rud,reservoir,2026-06,2026,6,8,0,0,4,4,49.33955453234864,49.33451580200195,0.999897876452383,43.43039331823731,45.59972128399658,1
Zarrineh Rud,reservoir,1991-01,1991,1,3,3,0,0,0,47.2866612197876,0.0434187192993164,0.0009182022621031952,0.0390792470092773,0.0434187192993164,1
Zarrineh Rud,reservoir,1991-02,1991,2,2,2,0,0,0,47.2866612197876,1.063325469970703,0.0224867952725269,0.9548554940795898,1.063325469970703,1
Zarrineh Rud,reservoir,1991-03,1991,3,3,3,0,0,0,47.2866612197876,39.88979782110596,0.8435739972356867,10.561026060791017,19.23747859973145,1
Zarrineh Rud,reservoir,1991-04,1991,4,4,4,0,0,0,47.2866612197876,37.745510173217774,0.7982274324206838,34.131062149658206,36.783285008911136,1
Zarrineh Rud,reservoir,1991-05,1991,5,4,4,0,0,0,47.2866612197876,47.2866612197876,1.0,40.4625197699585,42.95924183642578,1
Zarrineh Rud,reservoir,1991-06,1991,6,2,2,0,0,0,47.2866612197876,47.2866612197876,1.0,38.28197353948975,41.45295932531738,1
Zarrineh Rud,reservoir,1991-07,1991,7,4,4,0,0,0,47.2866612197876,47.2866612197876,1.0,32.23496831854248,35.4456220425415,1
Zarrineh Rud,reservoir,1991-08,1991,8,4,4,0,0,0,47.2866612197876,47.2866612197876,1.0,24.90145298944092,28.781553520202635,1
Zarrineh Rud,reservoir,1991-09,1991,9,3,3,0,0,0,47.2866612197876,47.2866612197876,1.0,18.97002417230225,22.092005560668944,1
Zarrineh Rud,reservoir,1991-10,1991,10,2,2,0,0,0,47.2866612197876,47.2866612197876,1.0,11.71946830871582,18.84056951611328,1
Zarrineh Rud,reservoir,1991-11,1991,11,4,4,0,0,0,47.2866612197876,47.215061870788574,0.9984858446937872,9.082507799377442,17.701351549560545,1
Zarrineh Rud,reservoir,1991-12,1991,12,4,4,0,0,0,47.2866612197876,43.71019409777832,0.9243662582691996,18.516089866394044,35.858715595214846,1
Zarrineh Rud,reservoir,1992-01,1992,1,2,2,0,0,0,47.2866612197876,0.0354378797607421,0.0007494265580736929,0.0354378797607421,0.0354378797607421,1
Zarrineh Rud,reservoir,1992-02,1992,2,1,1,0,0,0,47.2866612197876,0.047741909790039,0.0010096274204713,0.0470191272583007,0.047741909790039,1
Zarrineh Rud,reservoir,1992-03,1992,3,4,4,0,0,0,47.2866612197876,26.697670126159668,0.5645919893153241,12.881674534667969,26.5320520322876,1
Zarrineh Rud,reservoir,1992-04,1992,4,2,2,0,0,0,47.2866612197876,46.87037630999756,0.991196567931596,38.54658652514649,41.3397133192749,1
Zarrineh Rud,reservoir,1992-05,1992,5,1,1,0,0,0,47.2866612197876,14.794853649047852,0.3128758357516853,14.219372337402344,14.723160092773435,1
Zarrineh Rud,reservoir,1992-06,1992,6,4,4,0,0,0,47.2866612197876,47.2866612197876,1.0,41.328080949462894,44.07952150061036,1
Zarrineh Rud,reservoir,1992-07,1992,7,3,3,0,0,0,47.2866612197876,47.2866612197876,1.0,39.7654344876709,42.2286797166748,1
Zarrineh Rud,reservoir,1992-08,1992,8,4,4,0,0,0,47.2866612197876,47.2866612197876,1.0,35.540365536621096,38.91299328118897,1
Zarrineh Rud,reservoir,1992-09,1992,9,4,4,0,0,0,47.2866612197876,47.2866612197876,1.0,31.155396216186524,34.44179088085937,1
Zarrineh Rud,reservoir,1992-10,1992,10,4,4,0,0,0,47.2866612197876,47.2866612197876,1.0,25.74497413153076,29.665322847351074,1
Zarrineh Rud,reservoir,1992-11,1992,11,3,3,0,0,0,47.2866612197876,47.09928717401123,0.9960374862393974,22.561723784973143,27.460520643249517,1
Zarrineh Rud,reservoir,1992-12,1992,12,3,3,0,0,0,47.2866612197876,7.014320538635254,0.1483361344974814,0.7176531541748047,5.446270568481445,1
Zarrineh Rud,reservoir,1993-01,1993,1,4,4,0,0,0,47.2866612197876,12.657440965881348,0.2676746600283275,7.101496998535156,11.907153192077637,1
Zarrineh Rud,reservoir,1993-02,1993,2,3,3,0,0,0,47.2866612197876,33.21129945697022,0.7023397000393972,18.684224085754398,29.57437949938965,1
Zarrineh Rud,reservoir,1993-03,1993,3,3,3,0,0,0,47.2866612197876,46.60274896282959,0.9855368884307734,31.682881675231933,39.97746980932617,1
Zarrineh Rud,reservoir,1993-04,1993,4,3,3,0,0,0,47.2866612197876,25.28926049700928,0.5348074878762369,23.54715111895752,24.373913248168947,1
Zarrineh Rud,reservoir,1993-05,1993,5,2,2,0,0,0,47.2866612197876,44.86981847479248,0.948889545536707,40.619400600097656,43.637044807922365,1
Zarrineh Rud,reservoir,1993-06,1993,6,3,3,0,0,0,47.2866612197876,47.2866612197876,1.0,40.79756848492432,42.84694376824951,1
Zarrineh Rud,reservoir,1993-07,1993,7,3,3,0,0,0,47.2866612197876,47.2866612197876,1.0,35.54900391088867,38.30582014215088,1
Zarrineh Rud,reservoir,1993-08,1993,8,2,2,0,0,0,47.2866612197876,47.19991233721924,0.9981654682244292,29.651750483276366,33.37791711285401,1
Zarrineh Rud,reservoir,1993-09,1993,9,0,0,0,0,0,47.2866612197876,0.0,0.0,,,0
Zarrineh Rud,reservoir,1993-10,1993,10,2,2,0,0,0,47.2866612197876,47.2866612197876,1.0,16.797384903137207,20.059797417541503,1
Zarrineh Rud,reservoir,1993-11,1993,11,2,2,0,0,0,47.2866612197876,47.19266592657471,0.9980122239382476,26.086800517333984,34.35827325390625,1
Zarrineh Rud,reservoir,1993-12,1993,12,4,4,0,0,0,47.2866612197876,45.79496435528564,0.9684541723601806,40.22757377630615,42.37162255267334,1
Zarrineh Rud,reservoir,1994-01,1994,1,3,3,0,0,0,47.2866612197876,46.51647188537598,0.9837123342070656,43.28267108251953,45.54386782696533,1
Zarrineh Rud,reservoir,1994-02,1994,2,4,4,0,0,0,47.2866612197876,46.41624575006104,0.9815927907093952,42.11286890942383,44.16611440692139,1
Zarrineh Rud,reservoir,1994-03,1994,3,3,3,0,0,0,47.2866612197876,46.74440142584229,0.9885324998644988,43.46654610546875,45.2186429630127,1
Zarrineh Rud,reservoir,1994-04,1994,4,3,3,0,0,0,47.2866612197876,47.27220202593994,0.999694222567746,44.20060859533692,45.61313173583984,1
Zarrineh Rud,reservoir,1994-05,1994,5,4,4,0,0,0,47.2866612197876,47.2866612197876,1.0,41.523618162048336,44.22289054022217,1
Zarrineh Rud,reservoir,1994-06,1994,6,4,4,0,0,0,47.2866612197876,47.2866612197876,1.0,40.37849152893067,42.79394398144531,1
Zarrineh Rud,reservoir,1994-07,1994,7,1,1,0,0,0,47.2866612197876,47.2866612197876,1.0,37.93761206134033,40.7110545524292,1
Zarrineh Rud,reservoir,1994-08,1994,8,1,1,0,0,0,47.2866612197876,47.2866612197876,1.0,33.48842698986817,36.4976109609375,1
Zarrineh Rud,reservoir,1994-09,1994,9,4,4,0,0,0,47.2866612197876,47.2866612197876,1.0,25.855161046142577,29.49620423638916,1
Zarrineh Rud,reservoir,1994-10,1994,10,3,3,0,0,0,47.2866612197876,47.2866612197876,1.0,21.141398480896,25.10336236730957,1
Zarrineh Rud,reservoir,1994-11,1994,11,3,3,0,0,0,47.2866612197876,46.64722561157227,0.986477463375068,28.559108371704102,31.08229077984619,1
Zarrineh Rud,reservoir,1994-12,1994,12,2,2,0,0,0,47.2866612197876,34.620185922363284,0.7321342854266925,31.92138415911865,34.05625017205811,1
Zarrineh Rud,reservoir,1995-01,1995,1,4,4,0,0,0,47.2866612197876,47.25411144458008,0.9993116499586168,35.54314789483642,38.690400254821775,1
Zarrineh Rud,reservoir,1995-02,1995,2,2,2,0,0,0,47.2866612197876,43.75274033026123,0.9252660095179748,32.87367187658691,35.66581659686279,1
Zarrineh Rud,reservoir,1995-03,1995,3,2,2,0,0,0,47.2866612197876,47.01683221606445,0.9942937607189268,39.80662573339844,41.60470558886719,1
Zarrineh Rud,reservoir,1995-04,1995,4,3,3,0,0,0,47.2866612197876,46.19654975140381,0.9769467448057504,43.11771120672607,44.508590643066405,1
Zarrineh Rud,reservoir,1995-05,1995,5,4,4,0,0,0,47.2866612197876,47.2866612197876,1.0,42.15911556335449,43.99578736016846,1
Zarrineh Rud,reservoir,1995-06,1995,6,2,2,0,0,0,47.2866612197876,47.14775502197266,0.997062465519202,40.453124076782224,42.54015934051514,1
Zarrineh Rud,reservoir,1995-07,1995,7,4,4,0,0,0,47.2866612197876,47.2866612197876,1.0,37.29346494097901,39.94838758087158,1
Zarrineh Rud,reservoir,1995-08,1995,8,4,4,0,0,0,47.2866612197876,47.2866612197876,1.0,31.427493112182617,34.66333970062256,1
Zarrineh Rud,reservoir,1995-09,1995,9,2,2,0,0,0,47.2866612197876,47.2866612197876,1.0,25.96001981127929,29.12410512927246,1
Zarrineh Rud,reservoir,1995-10,1995,10,3,3,0,0,0,47.2866612197876,47.2859382746582,0.9999847114363596,12.877678261535644,17.02178781188965,1
Zarrineh Rud,reservoir,1995-11,1995,11,3,3,0,0,0,47.2866612197876,47.21723936657715,0.9985318935315018,11.785611355895997,15.087606120300292,1
Zarrineh Rud,reservoir,1995-12,1995,12,1,1,0,0,0,47.2866612197876,46.24504959594727,0.9779724007368814,14.127976889892578,19.48838156982422,1
Zarrineh Rud,reservoir,1996-01,1996,1,2,2,0,0,0,47.2866612197876,46.82954664453125,0.9903331179773576,14.547035309814452,18.03903209539795,1
Zarrineh Rud,reservoir,1996-02,1996,2,2,2,0,0,0,47.2866612197876,9.308401987548828,0.1968504806098179,1.9711339774780277,9.253461440490724,1
Zarrineh Rud,reservoir,1996-03,1996,3,4,4,0,0,0,47.2866612197876,47.12889794940185,0.996663683450763,30.97920749346924,35.24017836090088,1
Zarrineh Rud,reservoir,1996-04,1996,4,2,2,0,0,0,47.2866612197876,42.047691743896486,0.8892083022833761,34.885372168151854,37.75835750604248,1
Zarrineh Rud,reservoir,1996-05,1996,5,4,4,0,0,0,47.2866612197876,47.2866612197876,1.0,41.69351418841553,43.63790219848633,1
Zarrineh Rud,reservoir,1996-06,1996,6,4,4,0,0,0,47.2866612197876,47.28159814544678,0.9998929280644856,39.53810975927735,41.82485439813232,1
Zarrineh Rud,reservoir,1996-07,1996,7,4,4,0,0,0,47.2866612197876,47.28160040924072,0.9998929759383232,34.42010171228027,37.33171695220948,1
Zarrineh Rud,reservoir,1996-08,1996,8,4,4,0,0,0,47.2866612197876,47.2866612197876,1.0,28.702161592041016,32.16310429644776,1
Zarrineh Rud,reservoir,1996-09,1996,9,4,4,0,0,0,47.2866612197876,47.2866612197876,1.0,21.136207267944336,25.08381315789795,1
Zarrineh Rud,reservoir,1996-10,1996,10,4,4,0,0,0,47.2866612197876,47.2866612197876,1.0,15.67382515625,19.08228617956543,1
Zarrineh Rud,reservoir,1996-11,1996,11,3,3,0,0,0,47.2866612197876,47.04795692932129,0.994951974102024,15.326005851623536,18.541422807922363,1
Zarrineh Rud,reservoir,1996-12,1996,12,4,4,0,0,0,47.2866612197876,47.136258643676754,0.9968193445629038,15.63216087701416,18.30922911468506,1
Zarrineh Rud,reservoir,1997-01,1997,1,3,3,0,0,0,47.2866612197876,46.20050356048584,0.9770303584291284,17.226614462097167,25.96892920385742,1
Zarrineh Rud,reservoir,1997-02,1997,2,3,3,0,0,0,47.2866612197876,3.39815197454834,0.0718628020437684,3.333009347900391,3.396705168395996,1
Zarrineh Rud,reservoir,1997-03,1997,3,3,3,0,0,0,47.2866612197876,40.897292215270994,0.8648800985373248,23.02428105883789,27.476736444030763,1
Zarrineh Rud,reservoir,1997-04,1997,4,3,3,0,0,0,47.2866612197876,21.940959169006348,0.4639989080012467,18.06157190222168,20.23764461541748,1
Zarrineh Rud,reservoir,1997-05,1997,5,3,3,0,0,0,47.2866612197876,47.2866612197876,1.0,41.55069881402588,43.56240163018799,1
Zarrineh Rud,reservoir,1997-06,1997,6,4,4,0,0,0,47.2866612197876,47.2866612197876,1.0,39.08856651837158,41.558556303283694,1
Zarrineh Rud,reservoir,1997-07,1997,7,4,4,0,0,0,47.2866612197876,47.2866612197876,1.0,35.13353595703125,37.81299624145508,1
Zarrineh Rud,reservoir,1997-08,1997,8,3,3,0,0,0,47.2866612197876,47.2866612197876,1.0,29.05749569720459,32.03655323986816,1
Zarrineh Rud,reservoir,1997-09,1997,9,3,3,0,0,0,47.2866612197876,47.28521429302978,0.9999694009532396,25.926737072998048,28.56107313092041,1
Zarrineh Rud,reservoir,1997-10,1997,10,4,4,0,0,0,47.2866612197876,47.2866612197876,1.0,20.88886824334717,23.997000141784667,1
Zarrineh Rud,reservoir,1997-11,1997,11,3,3,0,0,0,47.2866612197876,13.877104711730958,0.2934676366180816,4.239429831420899,5.6826639238891605,1
Zarrineh Rud,reservoir,1997-12,1997,12,4,4,0,0,0,47.2866612197876,32.898406512146,0.6957227612081717,24.290770192138677,30.22328604724121,1
Zarrineh Rud,reservoir,1998-01,1998,1,3,3,0,0,0,47.2866612197876,13.342338521118164,0.2821586083040036,13.342338521118164,13.342338521118164,1
Zarrineh Rud,reservoir,1998-02,1998,2,2,2,0,0,0,47.2866612197876,18.649497208496093,0.3943923450592874,18.586601997070314,18.64299094342041,1
Zarrineh Rud,reservoir,1998-03,1998,3,4,4,0,0,0,47.2866612197876,46.50617105712891,0.9834944962802304,21.62504934362793,32.23436539312744,1
Zarrineh Rud,reservoir,1998-04,1998,4,4,4,0,0,0,47.2866612197876,15.91318143182373,0.3365257986361002,14.773890222229005,15.485737936035155,1
Zarrineh Rud,reservoir,1998-05,1998,5,4,4,0,0,0,47.2866612197876,47.00767780908203,0.994100166865052,41.92029530200195,44.34998777764893,1
Zarrineh Rud,reservoir,1998-06,1998,6,2,2,0,0,0,47.2866612197876,47.2859373470459,0.999984691819574,40.12809349328613,42.599391427124026,1
Zarrineh Rud,reservoir,1998-07,1998,7,4,4,0,0,0,47.2866612197876,47.28521347918701,0.9999693837424076,37.20257203479004,39.98971563330078,1
Zarrineh Rud,reservoir,1998-08,1998,8,4,4,0,0,0,47.2866612197876,47.2866612197876,1.0,32.69160965966797,35.903599433044434,1
Zarrineh Rud,reservoir,1998-09,1998,9,4,4,0,0,0,47.2866612197876,47.2866612197876,1.0,27.13605387176513,30.50136032775879,1
Zarrineh Rud,reservoir,1998-10,1998,10,4,4,0,0,0,47.2866612197876,47.2866612197876,1.0,22.104997699035646,25.736386516845705,1
Zarrineh Rud,reservoir,1998-11,1998,11,3,3,0,0,0,47.2866612197876,47.2866612197876,1.0,19.5888976940918,24.17026920013428,1
Zarrineh Rud,reservoir,1998-12,1998,12,4,4,0,0,0,47.2866612197876,47.06892899395752,0.9953954832036448,19.225136290405278,24.037962327392577,1
Zarrineh Rud,reservoir,1999-01,1999,1,3,3,0,0,0,47.2866612197876,45.726863920959474,0.9670140107465356,19.27602726513672,22.384058103027343,1
Zarrineh Rud,reservoir,1999-02,1999,2,4,4,0,0,0,47.2866612197876,47.28015493017578,0.999862407506811,23.970784555114747,28.62870332763672,1
Zarrineh Rud,reservoir,1999-03,1999,3,4,4,0,0,0,47.2866612197876,47.28521448492432,0.9999694050113508,26.72514478381348,30.144750374084477,1
Zarrineh Rud,reservoir,1999-04,1999,4,2,2,0,0,0,47.2866612197876,31.61984623046875,0.6686842634860651,21.00215994732666,23.327739441711422,1
Zarrineh Rud,reservoir,1999-05,1999,5,4,4,0,0,0,47.2866612197876,47.2866612197876,1.0,32.64042010852051,35.85877484448242,1
Zarrineh Rud,reservoir,1999-06,1999,6,4,4,0,0,0,47.2866612197876,47.28521347918701,0.9999693837424076,29.21979572332764,32.624158101074215,1
Zarrineh Rud,reservoir,1999-07,1999,7,3,2,1,0,0,47.2866612197876,47.2866612197876,1.0,27.120818864624024,29.573418412475583,1
Zarrineh Rud,reservoir,1999-08,1999,8,5,3,2,0,0,47.2866612197876,47.2866612197876,1.0,22.222411340209963,24.89919092779541,1
Zarrineh Rud,reservoir,1999-09,1999,9,3,3,0,0,0,47.2866612197876,47.2866612197876,1.0,19.2669435513916,22.170888158569337,1
Zarrineh Rud,reservoir,1999-10,1999,10,5,3,2,0,0,47.2866612197876,47.2866612197876,1.0,17.8125723493042,20.07696194793701,1
Zarrineh Rud,reservoir,1999-11,1999,11,3,3,0,0,0,47.2866612197876,47.2866612197876,1.0,17.34634118878174,19.608479011657717,1
Zarrineh Rud,reservoir,1999-12,1999,12,4,2,2,0,0,47.2866612197876,46.27630067443848,0.9786332864430208,17.951776893920897,23.453458002319337,1
Zarrineh Rud,reservoir,2000-01,2000,1,5,4,1,0,0,47.2866612197876,38.091124357299805,0.8055363473486298,12.511425276062011,33.462069882873536,1
Zarrineh Rud,reservoir,2000-02,2000,2,5,3,2,0,0,47.2866612197876,47.04801263812256,0.9949531522101804,22.023702726379398,27.72127213037109,1
Zarrineh Rud,reservoir,2000-03,2000,3,4,3,1,0,0,47.2866612197876,47.285213884765625,0.9999693923194272,25.333501923034667,29.28928048217773,1
Zarrineh Rud,reservoir,2000-04,2000,4,6,4,2,0,0,47.2866612197876,47.2866612197876,1.0,38.75486084423828,41.073185058105466,1
Zarrineh Rud,reservoir,2000-05,2000,5,6,4,2,0,0,47.2866612197876,47.2866612197876,1.0,39.34241818402099,42.54539925854492,1
Zarrineh Rud,reservoir,2000-06,2000,6,6,4,2,0,0,47.2866612197876,47.2866612197876,1.0,35.58725511853027,38.46499227374267,1
Zarrineh Rud,reservoir,2000-07,2000,7,5,4,1,0,0,47.2866612197876,47.2866612197876,1.0,32.61647648425293,35.462098583007815,1
Zarrineh Rud,reservoir,2000-08,2000,8,5,3,2,0,0,47.2866612197876,47.2866612197876,1.0,27.947531914733887,30.98924944873047,1
Zarrineh Rud,reservoir,2000-09,2000,9,3,3,0,0,0,47.2866612197876,47.2866612197876,1.0,25.32908107562256,28.04143951391601,1
Zarrineh Rud,reservoir,2000-10,2000,10,6,3,3,0,0,47.2866612197876,47.2866612197876,1.0,21.96034334588623,25.215463579833983,1
Zarrineh Rud,reservoir,2000-11,2000,11,4,3,1,0,0,47.2866612197876,47.28449220452881,0.9999541305052452,20.97336869329834,23.33965730999756,1
Zarrineh Rud,reservoir,2000-12,2000,12,5,4,1,0,0,47.2866612197876,46.731885388549806,0.988267815554598,20.97091106994629,28.23910879180908,1
Zarrineh Rud,reservoir,2001-01,2001,1,6,4,2,0,0,47.2866612197876,47.065362055725096,0.9953200509751808,22.159162475646973,29.229461958740234,1
Zarrineh Rud,reservoir,2001-02,2001,2,4,2,2,0,0,47.2866612197876,46.21747927319336,0.977389354227724,23.34837101104736,29.044123793762207,1
Zarrineh Rud,reservoir,2001-03,2001,3,7,4,3,0,0,47.2866612197876,47.2866612197876,1.0,28.52387649328613,31.952240221923827,1
Zarrineh Rud,reservoir,2001-04,2001,4,7,4,3,0,0,47.2866612197876,47.2866612197876,1.0,34.91620429907226,37.92683851226807,1
Zarrineh Rud,reservoir,2001-05,2001,5,4,2,2,0,0,47.2866612197876,47.2866612197876,1.0,33.0302126003418,35.31671641192627,1
Zarrineh Rud,reservoir,2001-06,2001,6,1,1,0,0,0,47.2866612197876,45.19456914654541,0.9557572469851872,28.906968414611818,31.58776379638672,1
Zarrineh Rud,reservoir,2001-07,2001,7,3,2,1,0,0,47.2866612197876,47.2866612197876,1.0,28.36530664263916,30.832333082519533,1
Zarrineh Rud,reservoir,2001-08,2001,8,6,4,2,0,0,47.2866612197876,47.2866612197876,1.0,24.5990087434082,27.23123909783936,1
Zarrineh Rud,reservoir,2001-09,2001,9,4,4,0,0,0,47.2866612197876,47.2866612197876,1.0,21.69692880407715,23.978695231933592,1
Zarrineh Rud,reservoir,2001-10,2001,10,7,4,3,0,0,47.2866612197876,47.2866612197876,1.0,19.980925033081053,21.962337775085448,1
Zarrineh Rud,reservoir,2001-11,2001,11,5,4,1,0,0,47.2866612197876,47.2866612197876,1.0,18.999020128601074,23.62414478912353,1
Zarrineh Rud,reservoir,2001-12,2001,12,6,3,3,0,0,47.2866612197876,47.181108224182125,0.9977678061237002,22.11374940350342,25.505093565734864,1
Zarrineh Rud,reservoir,2002-01,2002,1,7,4,3,0,0,47.2866612197876,45.66365432891845,0.9656772787715876,36.87315146032715,42.91926836352539,1
Zarrineh Rud,reservoir,2002-02,2002,2,6,4,2,0,0,47.2866612197876,47.18163879785156,0.9977790264902,39.61576627923584,42.80782183422851,1
Zarrineh Rud,reservoir,2002-03,2002,3,3,2,1,0,0,47.2866612197876,47.28593845697021,0.9999847152918236,40.415047533874514,42.33992083721924,1
Zarrineh Rud,reservoir,2002-04,2002,4,2,0,2,0,0,47.2866612197876,42.937501737304686,0.9080256594503872,38.99366562335205,40.401157368164064,1
Zarrineh Rud,reservoir,2002-05,2002,5,5,2,3,0,0,47.2866612197876,47.2866612197876,1.0,40.61301152386475,42.67761082891846,1
Zarrineh Rud,reservoir,2002-06,2002,6,2,2,0,0,0,47.2866612197876,44.5914159152832,0.9430019960179268,35.22540268676758,38.25298188336182,1
Zarrineh Rud,reservoir,2002-07,2002,7,4,2,2,0,0,47.2866612197876,47.2866612197876,1.0,34.529518381958006,36.938169147521975,1
Zarrineh Rud,reservoir,2002-08,2002,8,2,2,0,0,0,47.2866612197876,47.2866612197876,1.0,32.1858514909668,35.08864352166748,1
Zarrineh Rud,reservoir,2002-09,2002,9,2,0,2,0,0,47.2866612197876,47.2866612197876,1.0,27.068561835876466,29.43300662536621,1
Zarrineh Rud,reservoir,2002-10,2002,10,1,0,1,0,0,47.2866612197876,47.2866612197876,1.0,24.39211881994629,26.4106646663208,1
Zarrineh Rud,reservoir,2002-11,2002,11,1,0,1,0,0,47.2866612197876,46.85401176239014,0.9908504968158672,21.41005923425293,23.82508889086914,1
Zarrineh Rud,reservoir,2002-12,2002,12,1,0,1,0,0,47.2866612197876,4.140596295593261,0.0875637270381142,3.9388542911987305,4.140596295593261,1
Zarrineh Rud,reservoir,2003-01,2003,1,0,0,0,0,0,47.2866612197876,0.0,0.0,,,0
Zarrineh Rud,reservoir,2003-02,2003,2,2,0,2,0,0,47.2866612197876,45.90190516967773,0.9707157152907552,32.8761564876709,39.73215954742432,1
Zarrineh Rud,reservoir,2003-03,2003,3,3,0,3,0,0,47.2866612197876,46.38407124163818,0.980912376664654,36.07842090283203,40.98679940258789,1
Zarrineh Rud,reservoir,2003-04,2003,4,3,0,3,0,0,47.2866612197876,47.27581691662598,0.9997706688761294,44.067684832946775,45.42287437591553,1
Zarrineh Rud,reservoir,2003-05,2003,5,4,0,4,0,0,47.2866612197876,47.2866612197876,1.0,41.85227481280518,43.84070915997314,1
Zarrineh Rud,reservoir,2003-06,2003,6,0,0,0,0,0,47.2866612197876,0.0,0.0,,,0
Zarrineh Rud,reservoir,2003-07,2003,7,0,0,0,0,0,47.2866612197876,0.0,0.0,,,0
Zarrineh Rud,reservoir,2003-08,2003,8,1,0,1,0,0,47.2866612197876,27.8227078458252,0.5883838513466985,19.874571062377928,21.46260013494873,1
Zarrineh Rud,reservoir,2003-09,2003,9,0,0,0,0,0,47.2866612197876,0.0,0.0,,,0
Zarrineh Rud,reservoir,2003-10,2003,10,3,0,3,0,0,47.2866612197876,47.2866612197876,1.0,24.589671306518557,27.268651262390136,1
Zarrineh Rud,reservoir,2003-11,2003,11,3,0,3,0,0,47.2866612197876,40.18969544403076,0.8499161160317439,19.45828834680176,22.53452992803955,1
Zarrineh Rud,reservoir,2003-12,2003,12,2,0,2,0,0,47.2866612197876,0.0,0.0,,,0
Zarrineh Rud,reservoir,2004-01,2004,1,2,0,2,0,0,47.2866612197876,36.255807675354006,0.7667237808742222,17.026738692260743,21.548327914550782,1
Zarrineh Rud,reservoir,2004-02,2004,2,3,0,3,0,0,47.2866612197876,37.00271304772949,0.7825190464545914,23.035323309020995,27.47603100152588,1
Zarrineh Rud,reservoir,2004-03,2004,3,1,0,1,0,0,47.2866612197876,27.75825772668457,0.5870208851850347,22.53882128820801,23.784846894592285,1
Zarrineh Rud,reservoir,2004-04,2004,4,1,0,1,0,0,47.2866612197876,27.98617405505371,0.5918407714381535,24.16620008166504,25.190797947753907,1
Zarrineh Rud,reservoir,2004-05,2004,5,3,0,3,0,0,47.2866612197876,29.728362035217284,0.6286838881908021,24.893817070129398,26.89181468603516,1
Zarrineh Rud,reservoir,2004-06,2004,6,3,0,3,0,0,47.2866612197876,46.95812433355713,0.9930522291539376,38.03393531335449,40.325567790222166,1
Zarrineh Rud,reservoir,2004-07,2004,7,4,2,2,0,0,47.2866612197876,47.00937129144287,0.994135979974228,33.74729253491211,36.27170099194336,1
Zarrineh Rud,reservoir,2004-08,2004,8,5,1,4,0,0,47.2866612197876,47.2866612197876,1.0,31.80013337451172,34.50196258996582,1
Zarrineh Rud,reservoir,2004-09,2004,9,8,4,4,0,0,47.2866612197876,47.2866612197876,1.0,26.071471470703123,28.67104206903076,1
Zarrineh Rud,reservoir,2004-10,2004,10,4,2,2,0,0,47.2866612197876,47.285215704040525,0.9999694307927482,23.310531554748536,26.490945549438475,1
Zarrineh Rud,reservoir,2004-11,2004,11,5,3,2,0,0,47.2866612197876,47.2866612197876,1.0,25.82118116278076,29.38549743792725,1
Zarrineh Rud,reservoir,2004-12,2004,12,1,1,0,0,0,47.2866612197876,11.635842689941406,0.2460702952965574,11.560561023986816,11.627879590820312,1
Zarrineh Rud,reservoir,2005-01,2005,1,3,1,2,0,0,47.2866612197876,13.191546438232422,0.2789697157284659,10.825762141296387,11.85116239630127,1
Zarrineh Rud,reservoir,2005-02,2005,2,6,3,3,0,0,47.2866612197876,44.96380273669433,0.9508770883125656,28.66619219000244,34.360496106506346,1
Zarrineh Rud,reservoir,2005-03,2005,3,6,3,3,0,0,47.2866612197876,47.2866612197876,1.0,38.87779944775391,41.21647918103027,1
Zarrineh Rud,reservoir,2005-04,2005,4,3,1,2,0,0,47.2866612197876,35.14483449914551,0.743229350361467,30.232597334411626,32.393195853149415,1
Zarrineh Rud,reservoir,2005-05,2005,5,3,1,2,0,0,47.2866612197876,47.2866612197876,1.0,39.9299713392334,42.41851762280273,1
Zarrineh Rud,reservoir,2005-06,2005,6,6,2,4,0,0,47.2866612197876,47.2866612197876,1.0,36.72844974603272,39.38610548950195,1
Zarrineh Rud,reservoir,2005-07,2005,7,3,1,2,0,0,47.2866612197876,44.64138939141846,0.9440588157393064,31.9755004274292,35.043395822509765,1
Zarrineh Rud,reservoir,2005-08,2005,8,6,2,4,0,0,47.2866612197876,47.2866612197876,1.0,29.2349326260376,32.28688206506347,1
Zarrineh Rud,reservoir,2005-09,2005,9,4,1,3,0,0,47.2866612197876,47.2866612197876,1.0,24.55994513183594,27.10967561126709,1
Zarrineh Rud,reservoir,2005-10,2005,10,5,2,3,0,0,47.2866612197876,47.2866612197876,1.0,22.59277377001953,25.1604858092041,1
Zarrineh Rud,reservoir,2005-11,2005,11,6,3,3,0,0,47.2866612197876,47.16219007379151,0.9973677324051796,19.887819413635253,24.64850830773926,1
Zarrineh Rud,reservoir,2005-12,2005,12,2,0,2,0,0,47.2866612197876,28.856068922973638,0.6102369712433516,11.398197042297364,15.509338473693848,1
Zarrineh Rud,reservoir,2006-01,2006,1,2,0,2,0,0,47.2866612197876,9.697932932922363,0.2050881301990541,6.048091192443848,8.818695715942383,1
Zarrineh Rud,reservoir,2006-02,2006,2,3,3,0,0,0,47.2866612197876,42.3965498760376,0.8965858189686761,32.85556421063232,37.4268282010498,1
Zarrineh Rud,reservoir,2006-03,2006,3,3,2,1,0,0,47.2866612197876,39.141234697387695,0.8277436741718749,33.002878285827634,36.99135339703369,1
Zarrineh Rud,reservoir,2006-04,2006,4,2,1,1,0,0,47.2866612197876,0.1316174843139648,0.0027833955901899,0.0498993837890625,0.1301711654663085,1
Zarrineh Rud,reservoir,2006-05,2006,5,5,3,2,0,0,47.2866612197876,47.2866612197876,1.0,41.11745392614746,43.115538679260254,1
Zarrineh Rud,reservoir,2006-06,2006,6,5,1,4,0,0,47.2866612197876,46.55927286035156,0.9846174726514282,37.69942179772949,40.02070806188965,1
Zarrineh Rud,reservoir,2006-07,2006,7,7,3,4,0,0,47.2866612197876,47.2866612197876,1.0,34.1518902576294,37.02942671185303,1
Zarrineh Rud,reservoir,2006-08,2006,8,6,4,2,0,0,47.2866612197876,47.2866612197876,1.0,29.263232667541505,32.802076253112794,1
Zarrineh Rud,reservoir,2006-09,2006,9,8,4,4,0,0,47.2866612197876,47.2866612197876,1.0,24.92464346972656,27.57489947796631,1
Zarrineh Rud,reservoir,2006-10,2006,10,6,4,2,0,0,47.2866612197876,47.2866612197876,1.0,22.10584328771973,25.48964147869873,1
Zarrineh Rud,reservoir,2006-11,2006,11,4,1,3,0,0,47.2866612197876,6.089742993347168,0.1287835266068404,2.2052070170288087,3.6160769834594726,1
Zarrineh Rud,reservoir,2006-12,2006,12,5,2,3,0,0,47.2866612197876,43.82965543414306,0.9268925803499548,22.06969629827881,25.891961976989744,1
Zarrineh Rud,reservoir,2007-01,2007,1,5,2,3,0,0,47.2866612197876,0.1858879327392578,0.0039310860175822,0.1851651502075195,0.1858879327392578,1
Zarrineh Rud,reservoir,2007-02,2007,2,6,2,4,0,0,47.2866612197876,36.56973454492187,0.7733625847455452,21.673246321777345,26.76204962335205,1
Zarrineh Rud,reservoir,2007-03,2007,3,2,1,1,0,0,47.2866612197876,35.65652409588623,0.7540503638046111,24.534246014770503,26.559959444213867,1
Zarrineh Rud,reservoir,2007-04,2007,4,7,3,4,0,0,47.2866612197876,47.2866612197876,1.0,42.528847788757325,44.38992602551269,1
Zarrineh Rud,reservoir,2007-05,2007,5,5,3,2,0,0,47.2866612197876,47.2866612197876,1.0,43.548779535644535,45.43434157086182,1
Zarrineh Rud,reservoir,2007-06,2007,6,6,3,3,0,0,47.2866612197876,47.2866612197876,1.0,40.87376328869629,43.72823413293457,1
Zarrineh Rud,reservoir,2007-07,2007,7,6,4,2,0,0,47.2866612197876,47.2866612197876,1.0,37.86092426300049,40.6265550581665,1
Zarrineh Rud,reservoir,2007-08,2007,8,8,4,4,0,0,47.2866612197876,47.2866612197876,1.0,33.988268840026855,37.07562951782226,1
Zarrineh Rud,reservoir,2007-09,2007,9,7,3,4,0,0,47.2866612197876,47.2866612197876,1.0,29.632922507324217,32.32585217797852,1
Zarrineh Rud,reservoir,2007-10,2007,10,1,0,1,0,0,47.2866612197876,35.82149397698974,0.7575390829665907,19.69965748675537,21.47791570849609,1
Zarrineh Rud,reservoir,2007-11,2007,11,1,0,1,0,0,47.2866612197876,32.28335836053467,0.6827159610716047,15.462967055358886,17.611602985351563,1
Zarrineh Rud,reservoir,2007-12,2007,12,3,0,3,0,0,47.2866612197876,42.978296791992186,0.9088883774692782,21.41210126483154,25.14383776348877,1
Zarrineh Rud,reservoir,2008-01,2008,1,2,0,2,0,0,47.2866612197876,0.1981099885253906,0.0041895533204295,0.1973872059936523,0.1981099885253906,1
Zarrineh Rud,reservoir,2008-02,2008,2,3,0,3,0,0,47.2866612197876,0.7955745431518555,0.0168245023571031,0.646592576171875,0.7955745431518555,1
Zarrineh Rud,reservoir,2008-03,2008,3,4,1,3,0,0,47.2866612197876,40.81499324951172,0.8631396718792287,26.983596670654297,32.498886802307126,1
Zarrineh Rud,reservoir,2008-04,2008,4,4,1,3,0,0,47.2866612197876,47.2866612197876,1.0,41.620530306640624,44.41215482110596,1
Zarrineh Rud,reservoir,2008-05,2008,5,5,1,4,0,0,47.2866612197876,36.821189964111326,0.7786802665759602,31.81473017114258,34.2947584553833,1
Zarrineh Rud,reservoir,2008-06,2008,6,6,2,4,0,0,47.2866612197876,47.2866612197876,1.0,38.066384628356936,40.93706764752197,1
Zarrineh Rud,reservoir,2008-07,2008,7,6,2,4,0,0,47.2866612197876,47.2866612197876,1.0,36.282691296813965,39.208731803222655,1
Zarrineh Rud,reservoir,2008-08,2008,8,5,2,3,0,0,47.2866612197876,47.2866612197876,1.0,33.83934453234863,36.86495050567627,1
Zarrineh Rud,reservoir,2008-09,2008,9,4,1,3,0,0,47.2866612197876,47.18385566973877,0.9978259080384004,31.857444761291504,34.48576892419434,1
Zarrineh Rud,reservoir,2008-10,2008,10,2,0,2,0,0,47.2866612197876,45.63367693176269,0.9650433283851052,29.57234556628418,33.672077949035646,1
Zarrineh Rud,reservoir,2008-11,2008,11,2,0,2,0,0,47.2866612197876,35.71257952001953,0.7552358022070552,23.573554046691896,25.262435421447755,1
Zarrineh Rud,reservoir,2008-12,2008,12,4,1,3,0,0,47.2866612197876,47.19913677679443,0.9981490669728964,31.09490635003662,34.11231239294434,1
Zarrineh Rud,reservoir,2009-01,2009,1,4,1,3,0,0,47.2866612197876,44.89939572857666,0.9495150338461206,29.501975332458496,32.71254325854492,1
Zarrineh Rud,reservoir,2009-02,2009,2,3,2,1,0,0,47.2866612197876,46.85824805279541,0.9909400842448798,32.56567793109131,36.096408199768064,1
Zarrineh Rud,reservoir,2009-03,2009,3,4,2,2,0,0,47.2866612197876,45.81551553179931,0.9688887806827716,35.5771347946167,39.442629779418944,1
Zarrineh Rud,reservoir,2009-04,2009,4,4,1,3,0,0,47.2866612197876,42.157785826782224,0.8915365293149701,39.49981198028564,41.29223111505127,1
Zarrineh Rud,reservoir,2009-05,2009,5,6,2,4,0,0,47.2866612197876,47.208481093139646,0.9983466769564344,46.467991175842286,47.11141911486816,1
Zarrineh Rud,reservoir,2009-06,2009,6,5,2,3,0,0,47.2866612197876,39.80045323272705,0.8416845724788058,35.78707759448242,39.19956353356934,1
Zarrineh Rud,reservoir,2009-07,2009,7,7,4,3,0,0,47.2866612197876,47.2866612197876,1.0,39.33536804626465,44.01840945526123,1
Zarrineh Rud,reservoir,2009-08,2009,8,3,2,1,0,0,47.2866612197876,47.2866612197876,1.0,36.92322384967041,39.61413549572754,1
Zarrineh Rud,reservoir,2009-09,2009,9,7,4,3,0,0,47.2866612197876,47.2866612197876,1.0,34.22503814886475,36.700122745117184,1
Zarrineh Rud,reservoir,2009-10,2009,10,6,3,3,0,0,47.2866612197876,47.2866612197876,1.0,32.72220179785156,35.155257846008304,1
Zarrineh Rud,reservoir,2009-11,2009,11,5,4,1,0,0,47.2866612197876,47.2866612197876,1.0,31.994223630859373,34.71844874536133,1
Zarrineh Rud,reservoir,2009-12,2009,12,2,1,1,0,0,47.2866612197876,0.7547690877685547,0.015961564388325,0.5079774106445313,0.7547690877685547,1
Zarrineh Rud,reservoir,2010-01,2010,1,4,2,2,0,0,47.2866612197876,19.444213611572263,0.4111986998023796,13.367492708862304,14.901202316467286,1
Zarrineh Rud,reservoir,2010-02,2010,2,5,4,1,0,0,47.2866612197876,47.07604576989746,0.9955459860252938,39.64316806182861,43.14857498718262,1
Zarrineh Rud,reservoir,2010-03,2010,3,3,1,2,0,0,47.2866612197876,45.657401554382325,0.9655450475170472,42.26860358343506,44.43054889025879,1
Zarrineh Rud,reservoir,2010-04,2010,4,6,4,2,0,0,47.2866612197876,47.2518836640625,0.9992645377189256,46.245899504882814,47.20842606109619,1
Zarrineh Rud,reservoir,2010-05,2010,5,3,1,2,0,0,47.2866612197876,45.44516751904297,0.9610568043240484,44.58170625531006,45.41694578448487,1
Zarrineh Rud,reservoir,2010-06,2010,6,5,1,4,0,0,47.2866612197876,47.18542353900146,0.9978590647304196,44.52502879711914,46.616392420593264,1
Zarrineh Rud,reservoir,2010-07,2010,7,8,4,4,0,0,47.2866612197876,47.2866612197876,1.0,41.56030836499024,43.86786855645752,1
Zarrineh Rud,reservoir,2010-08,2010,8,6,3,3,0,0,47.2866612197876,47.2866612197876,1.0,36.7704177175293,39.08364379241944,1
Zarrineh Rud,reservoir,2010-09,2010,9,2,0,2,0,0,47.2866612197876,47.28593821307373,0.9999847101339951,33.05061137359619,35.38176906170654,1
Zarrineh Rud,reservoir,2010-10,2010,10,4,3,1,0,0,47.2866612197876,47.2866612197876,1.0,29.997828617614747,32.44967064593506,1
Zarrineh Rud,reservoir,2010-11,2010,11,3,3,0,0,0,47.2866612197876,47.2866612197876,1.0,27.413817253601074,29.31495034552002,1
Zarrineh Rud,reservoir,2010-12,2010,12,6,4,2,0,0,47.2866612197876,47.248329432128905,0.999189374198349,26.834406722961425,29.442011689086915,1
Zarrineh Rud,reservoir,2011-01,2011,1,3,1,2,0,0,47.2866612197876,37.47619923345948,0.7925321489557222,22.184798891967773,24.22595020959473,1
Zarrineh Rud,reservoir,2011-02,2011,2,5,1,4,0,0,47.2866612197876,38.050602785217286,0.8046794128339646,25.50813703668213,28.435552118408204,1
Zarrineh Rud,reservoir,2011-03,2011,3,3,1,2,0,0,47.2866612197876,47.282321791625975,0.9999082314536556,39.19491274542237,41.73640771850586,1
Zarrineh Rud,reservoir,2011-04,2011,4,3,1,2,0,0,47.2866612197876,47.2866612197876,1.0,44.03382922979736,46.190852845031735,1
Zarrineh Rud,reservoir,2011-05,2011,5,3,2,1,0,0,47.2866612197876,34.067540847229004,0.720447161386245,33.909081041748045,34.05379460394287,1
Zarrineh Rud,reservoir,2011-06,2011,6,5,3,2,0,0,47.2866612197876,47.2866612197876,1.0,45.336962752807615,46.65678818188477,1
Zarrineh Rud,reservoir,2011-07,2011,7,5,4,1,0,0,47.2866612197876,47.2866612197876,1.0,42.26020157885742,44.76076760192871,1
Zarrineh Rud,reservoir,2011-08,2011,8,5,2,3,0,0,47.2866612197876,47.2866612197876,1.0,36.19600739599609,38.64221070159912,1
Zarrineh Rud,reservoir,2011-09,2011,9,4,1,3,0,0,47.2866612197876,47.2866612197876,1.0,32.92693260205078,35.42661003076172,1
Zarrineh Rud,reservoir,2011-10,2011,10,5,1,4,0,0,47.2866612197876,47.147843448242185,0.9970643355237074,31.80746282861328,34.495339383972166,1
Zarrineh Rud,reservoir,2011-11,2011,11,4,0,4,0,0,47.2866612197876,47.26930253930664,0.9996329053472336,30.71360130480957,33.65700705133057,1
Zarrineh Rud,reservoir,2011-12,2011,12,4,0,4,0,0,47.2866612197876,39.18947759973145,0.8287638963888658,26.24642933227539,28.50890512988281,1
Zarrineh Rud,reservoir,2012-01,2012,1,4,0,4,0,0,47.2866612197876,38.6107824050293,0.8165258745075495,26.354465098693847,29.940311067626958,1
Zarrineh Rud,reservoir,2012-02,2012,2,2,0,2,0,0,47.2866612197876,44.10417203057861,0.9326979510264676,31.27664575610352,34.916107933959964,1
Zarrineh Rud,reservoir,2012-03,2012,3,4,0,4,0,0,47.2866612197876,47.21066810614013,0.9983929270604612,38.32179027203369,41.14486468914795,1
Zarrineh Rud,reservoir,2012-04,2012,4,4,0,4,0,0,47.2866612197876,43.89919211242676,0.9283631150946364,43.74063203460693,43.88470040740967,1
Zarrineh Rud,reservoir,2012-05,2012,5,4,0,4,0,0,47.2866612197876,42.439531806762695,0.8974947841951554,42.26805613238525,42.436640849182126,1
Zarrineh Rud,reservoir,2012-06,2012,6,4,0,4,0,0,47.2866612197876,45.85485548596191,0.969720726799241,44.17513957855225,45.50882395257568,1
Zarrineh Rud,reservoir,2012-07,2012,7,4,0,4,0,0,47.2866612197876,47.206312320800784,0.9983008125988564,41.9522736953125,44.327877109375,1
Zarrineh Rud,reservoir,2012-08,2012,8,3,0,3,0,0,47.2866612197876,37.57495377728272,0.794620571806391,28.759603241638185,30.9164999128418,1
Zarrineh Rud,reservoir,2012-09,2012,9,4,0,4,0,0,47.2866612197876,47.2866612197876,1.0,32.898639445617675,35.43232350036621,1
Zarrineh Rud,reservoir,2012-10,2012,10,4,0,4,0,0,47.2866612197876,45.23301787109375,0.9565703457228976,28.34693900390625,31.092842569274904,1
Zarrineh Rud,reservoir,2012-11,2012,11,3,0,3,0,0,47.2866612197876,28.014560673339844,0.5924410806491209,15.712767396728516,17.35724714025879,1
Zarrineh Rud,reservoir,2012-12,2012,12,4,0,4,0,0,47.2866612197876,41.50216368011475,0.8776716860429921,26.634566211364746,30.70217179803467,1
Zarrineh Rud,reservoir,2013-01,2013,1,3,0,3,0,0,47.2866612197876,14.750975103393555,0.311947909259892,14.715522777038574,14.748081045654295,1
Zarrineh Rud,reservoir,2013-02,2013,2,4,0,4,0,0,47.2866612197876,40.615560067260745,0.8589221361702893,33.00700165789795,35.30789408526611,1
Zarrineh Rud,reservoir,2013-03,2013,3,3,0,3,0,0,47.2866612197876,46.936763862609865,0.9926005061860592,43.71232050958252,45.58718434216309,1
Zarrineh Rud,reservoir,2013-04,2013,4,8,0,4,4,0,47.2866612197876,47.2866612197876,1.0,47.01886162835693,47.27147111956787,1
Zarrineh Rud,reservoir,2013-05,2013,5,5,0,3,2,0,47.2866612197876,47.23385114758301,0.9988831930434012,46.48976698394775,47.131031253845215,1
Zarrineh Rud,reservoir,2013-06,2013,6,7,0,3,4,0,47.2866612197876,47.2866612197876,1.0,44.55470655114746,46.40647081304932,1
Zarrineh Rud,reservoir,2013-07,2013,7,8,0,4,4,0,47.2866612197876,47.2866612197876,1.0,39.96938197283936,42.3480116918335,1
Zarrineh Rud,reservoir,2013-08,2013,8,8,0,4,4,0,47.2866612197876,47.2866612197876,1.0,34.307414328125,36.43805417834473,1
Zarrineh Rud,reservoir,2013-09,2013,9,7,0,4,3,0,47.2866612197876,47.2866612197876,1.0,28.51781532574463,30.74975071154785,1
Zarrineh Rud,reservoir,2013-10,2013,10,8,0,4,4,0,47.2866612197876,47.28593729785156,0.9999846907792312,24.61503155560303,26.765793757141115,1
Zarrineh Rud,reservoir,2013-11,2013,11,5,0,3,2,0,47.2866612197876,47.2866612197876,1.0,21.59953030682373,24.253272067382813,1
Zarrineh Rud,reservoir,2013-12,2013,12,8,0,4,4,0,47.2866612197876,46.51046469812012,0.9835852965372258,22.704791155334476,27.737356184692384,1
Zarrineh Rud,reservoir,2014-01,2014,1,6,0,3,3,0,47.2866612197876,15.588579366210938,0.3296612398527248,13.09330558544922,15.331865509338378,1
Zarrineh Rud,reservoir,2014-02,2014,2,6,0,3,3,0,47.2866612197876,36.91790685632324,0.7807255979594211,24.784668078308105,27.67056520043945,1
Zarrineh Rud,reservoir,2014-03,2014,3,7,0,4,3,0,47.2866612197876,47.2866612197876,1.0,36.44606233703613,39.01616935601807,1
Zarrineh Rud,reservoir,2014-04,2014,4,7,0,3,4,0,47.2866612197876,47.2866612197876,1.0,44.79493636499024,46.26893946679687,1
Zarrineh Rud,reservoir,2014-05,2014,5,8,0,4,4,0,47.2866612197876,47.2866612197876,1.0,45.88834455084229,46.89860444915772,1
Zarrineh Rud,reservoir,2014-06,2014,6,8,0,4,4,0,47.2866612197876,47.2866612197876,1.0,41.87200418206787,44.461315541870114,1
Zarrineh Rud,reservoir,2014-07,2014,7,8,0,4,4,0,47.2866612197876,47.2866612197876,1.0,36.96719230889892,39.28031025982666,1
Zarrineh Rud,reservoir,2014-08,2014,8,8,0,4,4,0,47.2866612197876,47.2866612197876,1.0,31.711106751403808,34.04947399786377,1
Zarrineh Rud,reservoir,2014-09,2014,9,6,0,3,3,0,47.2866612197876,47.2866612197876,1.0,25.57544974829101,27.8825980446167,1
Zarrineh Rud,reservoir,2014-10,2014,10,7,0,3,4,0,47.2866612197876,47.2866612197876,1.0,22.64499009423828,25.091595859069823,1
Zarrineh Rud,reservoir,2014-11,2014,11,5,0,2,3,0,47.2866612197876,47.205686669616696,0.9982875815698948,22.608419560180664,25.197097700561525,1
Zarrineh Rud,reservoir,2014-12,2014,12,6,0,3,3,0,47.2866612197876,47.2692928815918,0.99963270110962,25.875808710510253,36.24112061303711,1
Zarrineh Rud,reservoir,2015-01,2015,1,8,0,4,4,0,47.2866612197876,47.2866612197876,1.0,30.412723071044923,33.309147815979,1
Zarrineh Rud,reservoir,2015-02,2015,2,6,0,3,3,0,47.2866612197876,47.28232384710693,0.9999082749221708,34.65446746258545,38.07385120300293,1
Zarrineh Rud,reservoir,2015-03,2015,3,7,0,4,3,0,47.2866612197876,47.2866612197876,1.0,37.93367502545166,40.09352448193359,1
Zarrineh Rud,reservoir,2015-04,2015,4,8,0,4,4,0,47.2866612197876,47.28449293383789,0.9999541459283912,46.38202652844238,47.09551291369629,1
Zarrineh Rud,reservoir,2015-05,2015,5,8,0,4,4,0,47.2866612197876,47.2866612197876,1.0,43.61140747302246,47.03257732446289,1
Zarrineh Rud,reservoir,2015-06,2015,6,7,0,3,4,0,47.2866612197876,47.2866612197876,1.0,42.01173343408203,44.96117891815186,1
Zarrineh Rud,reservoir,2015-07,2015,7,7,0,4,3,0,47.2866612197876,47.2866612197876,1.0,37.47257107592773,40.0137942411499,1
Zarrineh Rud,reservoir,2015-08,2015,8,8,0,4,4,0,47.2866612197876,47.2866612197876,1.0,33.3690237166748,35.6718975881958,1
Zarrineh Rud,reservoir,2015-09,2015,9,8,0,4,4,0,47.2866612197876,47.2866612197876,1.0,26.573806317199708,28.83525238745117,1
Zarrineh Rud,reservoir,2015-10,2015,10,6,0,3,3,0,47.2866612197876,47.02930654534912,0.99455756300403,23.831778412109376,27.17830904034424,1
Zarrineh Rud,reservoir,2015-11,2015,11,8,0,4,4,0,47.2866612197876,47.2866612197876,1.0,25.432273257629397,28.114375370361326,1
Zarrineh Rud,reservoir,2015-12,2015,12,4,0,2,2,0,47.2866612197876,20.824070731933595,0.4403793838423835,19.95572312664795,20.426034656860352,1
Zarrineh Rud,reservoir,2016-01,2016,1,4,0,2,2,0,47.2866612197876,10.200159250793456,0.2157090178852613,4.299871572631836,5.647794744934082,1
Zarrineh Rud,reservoir,2016-02,2016,2,7,0,3,4,0,47.2866612197876,47.2866612197876,1.0,37.27729943035889,39.40958294226074,1
Zarrineh Rud,reservoir,2016-03,2016,3,7,0,4,3,0,47.2866612197876,46.76608997668457,0.98899116093895,42.60604738513184,44.51841532562256,1
Zarrineh Rud,reservoir,2016-04,2016,4,8,0,4,4,0,47.2866612197876,47.2866612197876,1.0,46.77420883770752,47.085370605773925,1
Zarrineh Rud,reservoir,2016-05,2016,5,7,0,3,4,0,47.2866612197876,47.14342499194336,0.9969708957209208,46.65636269073487,47.11446115063477,1
Zarrineh Rud,reservoir,2016-06,2016,6,5,0,2,3,0,47.2866612197876,47.2866612197876,1.0,42.6384385368042,46.21830538861084,1
Zarrineh Rud,reservoir,2016-07,2016,7,7,0,3,4,0,47.2866612197876,47.2866612197876,1.0,40.54879860394287,42.76677419665528,1
Zarrineh Rud,reservoir,2016-08,2016,8,8,0,4,4,0,47.2866612197876,47.2866612197876,1.0,34.95856211077881,37.22027002697754,1
Zarrineh Rud,reservoir,2016-09,2016,9,7,0,3,4,0,47.2866612197876,47.2866612197876,1.0,29.03390128375244,31.09361404156494,1
Zarrineh Rud,reservoir,2016-10,2016,10,8,0,4,4,0,47.2866612197876,47.2866612197876,1.0,26.829161350524902,28.927816236328123,1
Zarrineh Rud,reservoir,2016-11,2016,11,6,0,3,3,0,47.2866612197876,47.09211760839844,0.9958858670421892,22.9944116428833,25.20579387689209,1
Zarrineh Rud,reservoir,2016-12,2016,12,6,0,3,3,0,47.2866612197876,47.01250346746826,0.9942022180198968,24.399057811218263,27.23445741101074,1
Zarrineh Rud,reservoir,2017-01,2017,1,7,0,3,4,0,47.2866612197876,26.276614578857423,0.5556876696522126,19.725032055908205,22.858188197326665,1
Zarrineh Rud,reservoir,2017-02,2017,2,8,0,4,4,0,47.2866612197876,29.086113261169437,0.6151018598242256,21.738668843688966,24.89069271203613,1
Zarrineh Rud,reservoir,2017-03,2017,3,4,0,1,3,0,47.2866612197876,37.12371792987061,0.7850780108436964,26.019834391235356,28.77594697113037,1
Zarrineh Rud,reservoir,2017-04,2017,4,7,0,4,3,0,47.2866612197876,47.08244432989502,0.995681300294318,45.77669289538574,46.76610787860108,1
Zarrineh Rud,reservoir,2017-05,2017,5,7,0,3,4,0,47.2866612197876,47.2866612197876,1.0,46.07867149401856,46.98111964251709,1
Zarrineh Rud,reservoir,2017-06,2017,6,8,0,4,4,0,47.2866612197876,47.28521335876465,0.9999693811957624,43.36219705548096,45.1616928684082,1
Zarrineh Rud,reservoir,2017-07,2017,7,8,0,4,4,0,47.2866612197876,47.2866612197876,1.0,38.00201725262451,40.27042121472168,1
Zarrineh Rud,reservoir,2017-08,2017,8,8,0,4,4,0,47.2866612197876,47.2866612197876,1.0,32.85379298474121,35.11108333673096,1
Zarrineh Rud,reservoir,2017-09,2017,9,6,0,3,3,0,47.2866612197876,47.2866612197876,1.0,26.65919891796875,28.712318086791992,1
Zarrineh Rud,reservoir,2017-10,2017,10,8,0,4,4,0,47.2866612197876,47.2866612197876,1.0,24.264214685729986,26.3904024364624,1
Zarrineh Rud,reservoir,2017-11,2017,11,8,0,4,4,0,47.2866612197876,47.2866612197876,1.0,20.974909397766112,24.545152604553223,1
Zarrineh Rud,reservoir,2017-12,2017,12,8,0,4,4,0,47.2866612197876,46.817960213623046,0.9900880926232868,20.65652918939209,23.98922311315918,1
Zarrineh Rud,reservoir,2018-01,2018,1,7,0,4,3,0,47.2866612197876,47.04871827722168,0.994968074792594,21.161407707336423,24.49900812677002,1
Zarrineh Rud,reservoir,2018-02,2018,2,6,0,3,3,0,47.2866612197876,47.215045134460446,0.9984854907604012,21.634003188171388,25.35726010778809,1
Zarrineh Rud,reservoir,2018-03,2018,3,8,0,4,4,0,47.2866612197876,47.2859374576416,0.9999846941584092,37.95017162927246,40.51597620135498,1
Zarrineh Rud,reservoir,2018-04,2018,4,7,0,3,4,0,47.2866612197876,47.2866612197876,1.0,41.12551941674805,43.76683040179444,1
Zarrineh Rud,reservoir,2018-05,2018,5,8,0,4,4,0,47.2866612197876,47.2866612197876,1.0,45.974267010498046,46.976934727294925,1
Zarrineh Rud,reservoir,2018-06,2018,6,7,0,4,3,0,47.2866612197876,47.2866612197876,1.0,43.35369640075684,45.40497462969971,1
Zarrineh Rud,reservoir,2018-07,2018,7,7,0,3,4,0,47.2866612197876,47.2866612197876,1.0,38.4889164140625,40.8718855690918,1
Zarrineh Rud,reservoir,2018-08,2018,8,8,0,4,4,0,47.2866612197876,47.2866612197876,1.0,33.1889119776001,35.652468098510745,1
Zarrineh Rud,reservoir,2018-09,2018,9,8,0,4,4,0,47.2866612197876,47.2866612197876,1.0,28.08023284912109,30.370734356140137,1
Zarrineh Rud,reservoir,2018-10,2018,10,8,0,4,4,0,47.2866612197876,47.2866612197876,1.0,24.90819162084961,27.292688511657715,1
Zarrineh Rud,reservoir,2018-11,2018,11,8,0,4,4,0,47.2866612197876,37.80465417578125,0.7994781868837358,16.826582432922365,20.21092682672119,1
Zarrineh Rud,reservoir,2018-12,2018,12,5,0,2,3,0,47.2866612197876,47.2866612197876,1.0,28.935168235961918,31.57470392132568,1
Zarrineh Rud,reservoir,2019-01,2019,1,7,0,4,3,0,47.2866612197876,47.28449140515136,0.9999541136003208,32.909978762756346,36.32594353222656,1
Zarrineh Rud,reservoir,2019-02,2019,2,7,0,3,4,0,47.2866612197876,47.28593733227539,0.9999846915072128,42.44196703967285,44.170600632324216,1
Zarrineh Rud,reservoir,2019-03,2019,3,7,0,3,4,0,47.2866612197876,47.24397551721192,0.999097299291712,42.76749512866211,44.48530237908936,1
Zarrineh Rud,reservoir,2019-04,2019,4,7,0,4,3,0,47.2866612197876,47.2540878616333,0.9993111512355908,45.42752544683838,46.40064166033935,1
Zarrineh Rud,reservoir,2019-05,2019,5,7,0,3,4,0,47.2866612197876,47.2866612197876,1.0,45.32402477514648,46.49695128637696,1
Zarrineh Rud,reservoir,2019-06,2019,6,7,0,3,4,0,47.2866612197876,47.2866612197876,1.0,44.72199185900879,46.25376832403565,1
Zarrineh Rud,reservoir,2019-07,2019,7,8,0,4,4,0,47.2866612197876,47.2866612197876,1.0,40.8379374664917,43.196270195373536,1
Zarrineh Rud,reservoir,2019-08,2019,8,8,0,4,4,0,47.2866612197876,47.2866612197876,1.0,35.206123471740725,37.55753584228516,1
Zarrineh Rud,reservoir,2019-09,2019,9,8,0,4,4,0,47.2866612197876,47.2866612197876,1.0,29.498497344360352,31.773794491760253,1
Zarrineh Rud,reservoir,2019-10,2019,10,7,0,3,4,0,47.2866612197876,47.2866612197876,1.0,27.337111459777837,29.59281180596924,1
Zarrineh Rud,reservoir,2019-11,2019,11,7,0,4,3,0,47.2866612197876,47.2866612197876,1.0,25.503686247741697,28.202308110473638,1
Zarrineh Rud,reservoir,2019-12,2019,12,4,0,1,3,0,47.2866612197876,40.60653367901611,0.8587312496071066,20.733146733642577,23.733777786743165,1
Zarrineh Rud,reservoir,2020-01,2020,1,6,0,3,3,0,47.2866612197876,45.356880562316896,0.9591897459518,23.75588629888916,28.658978221435547,1
Zarrineh Rud,reservoir,2020-02,2020,2,7,0,4,3,0,47.2866612197876,46.99774482641602,0.993890107994119,31.187068146850585,37.590868292602536,1
Zarrineh Rud,reservoir,2020-03,2020,3,6,0,4,2,0,47.2866612197876,45.95090459295654,0.9717519361195224,38.23631319573975,40.80376648327637,1
Zarrineh Rud,reservoir,2020-04,2020,4,6,0,3,3,0,47.2866612197876,47.18098976550293,0.997765301005425,43.508263180847166,46.05407652172852,1
Zarrineh Rud,reservoir,2020-05,2020,5,8,0,4,4,0,47.2866612197876,47.07196711395264,0.9954597321888076,42.392715504882815,45.163408235839846,1
Zarrineh Rud,reservoir,2020-06,2020,6,8,0,4,4,0,47.2866612197876,47.2866612197876,1.0,39.34322601678467,41.9374910980835,1
Zarrineh Rud,reservoir,2020-07,2020,7,8,0,4,4,0,47.2866612197876,47.2866612197876,1.0,34.647526904724124,37.11328449804687,1
Zarrineh Rud,reservoir,2020-08,2020,8,8,0,4,4,0,47.2866612197876,47.2866612197876,1.0,28.19232687841797,30.469014679138184,1
Zarrineh Rud,reservoir,2020-09,2020,9,6,0,3,3,0,47.2866612197876,47.2866612197876,1.0,23.10512144909668,25.43962653100586,1
Zarrineh Rud,reservoir,2020-10,2020,10,8,0,4,4,0,47.2866612197876,47.2866612197876,1.0,20.79844338305664,23.02569187701416,1
Zarrineh Rud,reservoir,2020-11,2020,11,5,0,3,2,0,47.2866612197876,45.44225901611328,0.9609952964303916,15.942259663391113,24.08251792944336,1
Zarrineh Rud,reservoir,2020-12,2020,12,7,0,3,4,0,47.2866612197876,46.43696945959473,0.9820310476934814,23.59987576464844,27.94453172277832,1
Zarrineh Rud,reservoir,2021-01,2021,1,7,0,3,4,0,47.2866612197876,40.48738966986084,0.8562116382392941,22.53963230633545,25.840480633361818,1
Zarrineh Rud,reservoir,2021-02,2021,2,5,0,3,2,0,47.2866612197876,47.22297032537842,0.9986530896289516,30.518369461853027,33.428530751220705,1
Zarrineh Rud,reservoir,2021-03,2021,3,8,0,4,4,0,47.2866612197876,47.27797623016357,0.9998163332026412,37.3957970345459,39.75752591571045,1
Zarrineh Rud,reservoir,2021-04,2021,4,8,0,4,4,0,47.2866612197876,47.2866612197876,1.0,39.333518605163576,42.58903799304199,1
Zarrineh Rud,reservoir,2021-05,2021,5,8,0,4,4,0,47.2866612197876,47.2866612197876,1.0,37.09907980590821,39.777004559021,1
Zarrineh Rud,reservoir,2021-06,2021,6,7,0,3,4,0,47.2866612197876,47.2866612197876,1.0,33.68799915643311,36.147144953125,1
Zarrineh Rud,reservoir,2021-07,2021,7,7,0,4,3,0,47.2866612197876,47.2866612197876,1.0,30.65184820892334,33.01679556469727,1
Zarrineh Rud,reservoir,2021-08,2021,8,8,0,4,4,0,47.2866612197876,47.2866612197876,1.0,27.06942707598877,29.361245586669924,1
Zarrineh Rud,reservoir,2021-09,2021,9,8,0,4,4,0,47.2866612197876,47.2866612197876,1.0,22.35340044781494,24.5424179274292,1
Zarrineh Rud,reservoir,2021-10,2021,10,8,0,4,4,0,47.2866612197876,47.2866612197876,1.0,18.48771885345459,20.60365511682129,1
Zarrineh Rud,reservoir,2021-11,2021,11,11,0,4,4,3,47.2866612197876,47.212903581604,0.9984402020298966,17.082569460754396,19.96564130493164,1
Zarrineh Rud,reservoir,2021-12,2021,12,10,0,4,2,4,47.2866612197876,46.69716138391113,0.9875334857511618,15.124667080993651,19.54353513763428,1
Zarrineh Rud,reservoir,2022-01,2022,1,7,0,2,3,2,47.2866612197876,46.19506280291749,0.9769152993949736,17.21968588757324,19.742813711914064,1
Zarrineh Rud,reservoir,2022-02,2022,2,11,0,3,4,4,47.2866612197876,40.20275393847656,0.85019227201546,25.139258355041505,29.423962038757324,1
Zarrineh Rud,reservoir,2022-03,2022,3,9,0,3,3,3,47.2866612197876,47.2866612197876,1.0,42.48414333599853,44.61922266949463,1
Zarrineh Rud,reservoir,2022-04,2022,4,8,0,1,4,3,47.2866612197876,47.2866612197876,1.0,45.96508903942871,47.03035232196045,1
Zarrineh Rud,reservoir,2022-05,2022,5,10,0,3,3,4,47.2866612197876,47.2866612197876,1.0,46.41739860437012,47.1049232543335,1
Zarrineh Rud,reservoir,2022-06,2022,6,11,0,3,4,4,47.2866612197876,47.2866612197876,1.0,42.525041114868166,44.79923172900391,1
Zarrineh Rud,reservoir,2022-07,2022,7,11,0,3,4,4,47.2866612197876,47.2866612197876,1.0,38.31527079150391,40.93120433276367,1
Zarrineh Rud,reservoir,2022-08,2022,8,12,0,4,4,4,47.2866612197876,47.2866612197876,1.0,33.259795620910644,35.79780207159424,1
Zarrineh Rud,reservoir,2022-09,2022,9,12,0,4,4,4,47.2866612197876,47.2866612197876,1.0,27.814786272583007,29.899692230529784,1
Zarrineh Rud,reservoir,2022-10,2022,10,10,0,4,3,3,47.2866612197876,47.2866612197876,1.0,23.81872210736084,26.125695325866698,1
Zarrineh Rud,reservoir,2022-11,2022,11,9,0,3,3,3,47.2866612197876,47.2866612197876,1.0,20.41432651916504,24.315803538269044,1
Zarrineh Rud,reservoir,2022-12,2022,12,10,0,2,4,4,47.2866612197876,47.20062285540772,0.9981804939879352,21.160715964050294,24.589314788574217,1
Zarrineh Rud,reservoir,2023-01,2023,1,9,0,2,3,4,47.2866612197876,47.22300534570312,0.9986538302252173,21.100570245666503,25.78707684680176,1
Zarrineh Rud,reservoir,2023-02,2023,2,7,0,2,2,3,47.2866612197876,47.2084386439209,0.9983457792567948,23.45185289196777,28.35445026898193,1
Zarrineh Rud,reservoir,2023-03,2023,3,9,0,3,2,4,47.2866612197876,47.2866612197876,1.0,38.499581458496095,42.38628354992676,1
Zarrineh Rud,reservoir,2023-04,2023,4,10,0,2,4,4,47.2866612197876,47.2866612197876,1.0,46.54554607470703,47.06005850488281,1
Zarrineh Rud,reservoir,2023-05,2023,5,12,0,4,4,4,47.2866612197876,47.2866612197876,1.0,44.163547309387205,46.08302139642334,1
Zarrineh Rud,reservoir,2023-06,2023,6,10,0,2,4,4,47.2866612197876,47.2866612197876,1.0,41.79550049511719,44.01103511914062,1
Zarrineh Rud,reservoir,2023-07,2023,7,11,0,3,4,4,47.2866612197876,47.2866612197876,1.0,37.74231564959717,40.36899248565674,1
Zarrineh Rud,reservoir,2023-08,2023,8,10,0,3,3,4,47.2866612197876,47.2866612197876,1.0,32.069449331054685,34.23190104925537,1
Zarrineh Rud,reservoir,2023-09,2023,9,11,0,4,4,3,47.2866612197876,47.2866612197876,1.0,26.51012193774414,28.619631477478027,1
Zarrineh Rud,reservoir,2023-10,2023,10,12,0,4,4,4,47.2866612197876,47.2866612197876,1.0,20.604844754211427,24.495224572265624,1
Zarrineh Rud,reservoir,2023-11,2023,11,9,0,1,4,4,47.2866612197876,47.2866612197876,1.0,19.783377634765625,22.31875403601074,1
Zarrineh Rud,reservoir,2023-12,2023,12,6,0,0,2,4,47.2866612197876,47.038467103149415,0.9947512869330194,19.34896351599121,21.749605319641116,1
Zarrineh Rud,reservoir,2024-01,2024,1,8,0,0,4,4,47.2866612197876,47.13399846264648,0.9967715471297172,20.385292273986817,23.864877674743653,1
Zarrineh Rud,reservoir,2024-02,2024,2,5,0,0,2,3,47.2866612197876,47.2866612197876,1.0,26.31820203985596,28.629841715515138,1
Zarrineh Rud,reservoir,2024-03,2024,3,6,0,0,3,3,47.2866612197876,47.2866612197876,1.0,33.88955801428223,36.98940071563721,1
Zarrineh Rud,reservoir,2024-04,2024,4,8,0,0,4,4,47.2866612197876,47.2866612197876,1.0,46.0396758314209,46.88268615240479,1
Zarrineh Rud,reservoir,2024-05,2024,5,7,0,0,4,3,47.2866612197876,46.8827979085083,0.9914592550867116,44.00501642895508,45.87887001525879,1
Zarrineh Rud,reservoir,2024-06,2024,6,7,0,0,3,4,47.2866612197876,47.2866612197876,1.0,43.44491076086426,45.26819188830567,1
Zarrineh Rud,reservoir,2024-07,2024,7,7,0,0,4,3,47.2866612197876,47.2866612197876,1.0,38.975550295776365,41.25996601446533,1
Zarrineh Rud,reservoir,2024-08,2024,8,8,0,0,4,4,47.2866612197876,47.2866612197876,1.0,34.07092096820068,36.36728309057617,1
Zarrineh Rud,reservoir,2024-09,2024,9,8,0,0,4,4,47.2866612197876,47.2866612197876,1.0,27.59983202807617,30.003051997924803,1
Zarrineh Rud,reservoir,2024-10,2024,10,8,0,0,4,4,47.2866612197876,47.2866612197876,1.0,23.63345893981933,25.861431590271,1
Zarrineh Rud,reservoir,2024-11,2024,11,8,0,0,4,4,47.2866612197876,47.2866612197876,1.0,22.129377826721196,24.78890929992676,1
Zarrineh Rud,reservoir,2024-12,2024,12,7,0,0,4,3,47.2866612197876,47.15938470031738,0.997308405453313,21.280617965820312,24.295244419677733,1
Zarrineh Rud,reservoir,2025-01,2025,1,7,0,0,3,4,47.2866612197876,46.63900964453125,0.9863037152856684,19.38671427471924,22.542061665588378,1
Zarrineh Rud,reservoir,2025-02,2025,2,8,0,0,4,4,47.2866612197876,47.172412753845215,0.997583917684284,21.159147021850583,23.964147501464844,1
Zarrineh Rud,reservoir,2025-03,2025,3,7,0,0,3,4,47.2866612197876,47.2866612197876,1.0,22.73719039471436,25.99941298120117,1
Zarrineh Rud,reservoir,2025-04,2025,4,7,0,0,3,4,47.2866612197876,47.2866612197876,1.0,27.16822238983154,31.017415155456543,1
Zarrineh Rud,reservoir,2025-05,2025,5,7,0,0,4,3,47.2866612197876,47.2866612197876,1.0,28.5051739362793,31.45200652984619,1
Zarrineh Rud,reservoir,2025-06,2025,6,8,0,0,4,4,47.2866612197876,47.2866612197876,1.0,26.45800765765381,28.762131157165527,1
Zarrineh Rud,reservoir,2025-07,2025,7,8,0,0,4,4,47.2866612197876,47.2866612197876,1.0,21.647209364196776,24.254387097167967,1
Zarrineh Rud,reservoir,2025-08,2025,8,8,0,0,4,4,47.2866612197876,47.2866612197876,1.0,16.87567338647461,18.776548746398927,1
Zarrineh Rud,reservoir,2025-09,2025,9,8,0,0,4,4,47.2866612197876,47.2866612197876,1.0,13.070806107666016,15.436479994750975,1
Zarrineh Rud,reservoir,2025-10,2025,10,7,0,0,4,3,47.2866612197876,47.285938057922365,0.9999847068529142,11.286468911743164,12.923362269104004,1
Zarrineh Rud,reservoir,2025-11,2025,11,7,0,0,3,4,47.2866612197876,47.2866612197876,1.0,10.043050849975586,11.850791014709472,1
Zarrineh Rud,reservoir,2025-12,2025,12,7,0,0,4,3,47.2866612197876,47.22882448675537,0.9987768911667626,10.727539164489746,13.092262529174803,1
Zarrineh Rud,reservoir,2026-01,2026,1,7,0,0,3,4,47.2866612197876,21.774253117126467,0.4604734729720102,12.506162931091309,16.652980849060057,1
Zarrineh Rud,reservoir,2026-02,2026,2,7,0,0,3,4,47.2866612197876,47.1983425390625,0.9981322707409052,35.09138166223145,37.45523505883789,1
Zarrineh Rud,reservoir,2026-03,2026,3,7,0,0,4,3,47.2866612197876,47.22947694104004,0.9987906890173158,41.433569346618654,43.593991853515625,1
Zarrineh Rud,reservoir,2026-04,2026,4,8,0,0,4,4,47.2866612197876,47.11726954400635,0.996417770436489,46.03758977563477,46.630849613769534,1
Zarrineh Rud,reservoir,2026-05,2026,5,8,0,0,4,4,47.2866612197876,47.2866612197876,1.0,46.48549920886231,47.14910398645019,1
Zarrineh Rud,reservoir,2026-06,2026,6,8,0,0,4,4,47.2866612197876,47.2866612197876,1.0,46.279157222351074,46.9536178805542,1
Zayandeh Rud,reservoir,1991-01,1991,1,5,5,0,0,0,51.426044721435545,41.50082922839356,0.8070002165866562,31.01923877709961,36.84674876641846,1
Zayandeh Rud,reservoir,1991-02,1991,2,3,3,0,0,0,51.426044721435545,42.203930680847165,0.8206723054331185,31.118754333374024,37.230456590576175,1
Zayandeh Rud,reservoir,1991-03,1991,3,5,5,0,0,0,51.426044721435545,51.42528814471436,0.9999852880631732,36.326727114562985,40.742058020874026,1
Zayandeh Rud,reservoir,1991-04,1991,4,6,6,0,0,0,51.426044721435545,51.426044721435545,1.0,41.50359626470947,44.310642583557126,1
Zayandeh Rud,reservoir,1991-05,1991,5,4,4,0,0,0,51.426044721435545,19.59008537664795,0.380937042363718,13.180496111755373,15.126596482910156,1
Zayandeh Rud,reservoir,1991-06,1991,6,4,4,0,0,0,51.426044721435545,51.42528976159668,0.9999853195040964,38.90378715039063,42.01409036499023,1
Zayandeh Rud,reservoir,1991-07,1991,7,4,4,0,0,0,51.426044721435545,51.4192493439331,0.9998678611676388,36.08173052166748,40.68276002416992,1
Zayandeh Rud,reservoir,1991-08,1991,8,6,6,0,0,0,51.426044721435545,51.42528961608887,0.999985316674639,32.2322986184082,37.4456314274292,1
Zayandeh Rud,reservoir,1991-09,1991,9,6,6,0,0,0,51.426044721435545,51.426044721435545,1.0,28.39065723626709,34.977452058654784,1
Zayandeh Rud,reservoir,1991-10,1991,10,6,6,0,0,0,51.426044721435545,51.425289674255374,0.99998531780571,25.73155605255127,31.63415468579101,1
Zayandeh Rud,reservoir,1991-11,1991,11,6,6,0,0,0,51.426044721435545,51.423023776672366,0.9999412565212912,24.176041271728515,32.044254901000976,1
Zayandeh Rud,reservoir,1991-12,1991,12,3,3,0,0,0,51.426044721435545,3.2520508673706057,0.063237429302337,0.7889328164672852,3.2301445326538087,1
Zayandeh Rud,reservoir,1992-01,1992,1,2,2,0,0,0,51.426044721435545,0.0,0.0,,,0
Zayandeh Rud,reservoir,1992-02,1992,2,5,5,0,0,0,51.426044721435545,0.7247499985961914,0.0140930534814025,0.6522761354370117,0.7247499985961914,1
Zayandeh Rud,reservoir,1992-03,1992,3,5,5,0,0,0,51.426044721435545,45.125982755432126,0.8774927762745593,29.257900131225583,40.12807039532471,1
Zayandeh Rud,reservoir,1992-04,1992,4,3,3,0,0,0,51.426044721435545,17.940480457946776,0.348859815199219,8.961613470825196,14.356898946716308,1
Zayandeh Rud,reservoir,1992-05,1992,5,3,3,0,0,0,51.426044721435545,40.39563859082031,0.7855093427782613,37.68038385321045,39.372351455078125,1
Zayandeh Rud,reservoir,1992-06,1992,6,6,6,0,0,0,51.426044721435545,51.42151498254395,0.9999119174162404,50.41218352996826,51.18885550744629,1
Zayandeh Rud,reservoir,1992-07,1992,7,6,6,0,0,0,51.426044721435545,51.41471917974854,0.9997797703138877,50.55780050946045,51.24622614746094,1
Zayandeh Rud,reservoir,1992-08,1992,8,2,2,0,0,0,51.426044721435545,51.39055285913086,0.99930984654766,49.91506015344238,50.86409588842773,1
Zayandeh Rud,reservoir,1992-09,1992,9,5,5,0,0,0,51.426044721435545,51.426044721435545,1.0,47.451059935791015,49.53237179577637,1
Zayandeh Rud,reservoir,1992-10,1992,10,5,5,0,0,0,51.426044721435545,51.426044721435545,1.0,43.774779371765135,47.17612297680664,1
Zayandeh Rud,reservoir,1992-11,1992,11,5,5,0,0,0,51.426044721435545,9.121266672607424,0.1773666771772061,5.68249075756836,7.512250976379394,1
Zayandeh Rud,reservoir,1992-12,1992,12,6,6,0,0,0,51.426044721435545,50.39332546398926,0.9799183611525966,38.03298464709473,47.6114007265625,1
Zayandeh Rud,reservoir,1993-01,1993,1,5,5,0,0,0,51.426044721435545,1.6679191065063477,0.0324333538684751,1.6679191065063477,1.6679191065063477,1
Zayandeh Rud,reservoir,1993-02,1993,2,3,3,0,0,0,51.426044721435545,1.595257788269043,0.0310204254849897,1.5726099893798828,1.595257788269043,1
Zayandeh Rud,reservoir,1993-03,1993,3,5,5,0,0,0,51.426044721435545,50.34667987347412,0.9790113189958878,44.23794572229004,47.806960267333984,1
Zayandeh Rud,reservoir,1993-04,1993,4,6,6,0,0,0,51.426044721435545,51.38753075006103,0.9992510804285428,49.239358750549314,50.5038517633667,1
Zayandeh Rud,reservoir,1993-05,1993,5,5,5,0,0,0,51.426044721435545,8.646722685180665,0.1681389796166165,7.991467200561523,8.607443246032714,1
Zayandeh Rud,reservoir,1993-06,1993,6,6,6,0,0,0,51.426044721435545,51.42528976385498,0.9999853195480102,50.97259032904053,51.34517219360352,1
Zayandeh Rud,reservoir,1993-07,1993,7,6,6,0,0,0,51.426044721435545,51.424534801757815,0.999970639008193,50.9559012098999,51.35348349163819,1
Zayandeh Rud,reservoir,1993-08,1993,8,5,5,0,0,0,51.426044721435545,51.42528976385498,0.9999853195480102,50.248796315429686,51.12609550042725,1
Zayandeh Rud,reservoir,1993-09,1993,9,2,2,0,0,0,51.426044721435545,51.4154741484375,0.9997944509818846,45.50814388757324,47.97368236889648,1
Zayandeh Rud,reservoir,1993-10,1993,10,6,6,0,0,0,51.426044721435545,51.426044721435545,1.0,42.75248908703613,45.84701117950439,1
Zayandeh Rud,reservoir,1993-11,1993,11,5,5,0,0,0,51.426044721435545,13.802792378295898,0.268400816221874,7.5667096827392575,9.421328285888672,1
Zayandeh Rud,reservoir,1993-12,1993,12,4,4,0,0,0,51.426044721435545,50.8603970758667,0.9890007553831364,35.041276187072754,40.90930539105224,1
Zayandeh Rud,reservoir,1994-01,1994,1,6,6,0,0,0,51.426044721435545,8.527169452941894,0.1658142192177493,2.914782608581543,6.373255599365234,1
Zayandeh Rud,reservoir,1994-02,1994,2,1,1,0,0,0,51.426044721435545,9.64345196295166,0.1875207789202588,4.408808190795899,5.477246891845703,1
Zayandeh Rud,reservoir,1994-03,1994,3,5,5,0,0,0,51.426044721435545,51.03629269140625,0.9924211159512558,41.31371950421143,43.75695187567138,1
Zayandeh Rud,reservoir,1994-04,1994,4,6,6,0,0,0,51.426044721435545,51.42453482861328,0.9999706395304084,45.94822964428711,47.696722515808105,1
Zayandeh Rud,reservoir,1994-05,1994,5,6,6,0,0,0,51.426044721435545,51.426044721435545,1.0,47.17457575946045,48.619565604675294,1
Zayandeh Rud,reservoir,1994-06,1994,6,5,5,0,0,0,51.426044721435545,51.42453436968994,0.9999706306064604,45.77052340979004,47.89826768450928,1
Zayandeh Rud,reservoir,1994-07,1994,7,6,6,0,0,0,51.426044721435545,51.426044721435545,1.0,43.271351042114254,46.47845183178711,1
Zayandeh Rud,reservoir,1994-08,1994,8,6,6,0,0,0,51.426044721435545,51.426044721435545,1.0,39.08469856872559,43.19034296850586,1
Zayandeh Rud,reservoir,1994-09,1994,9,6,6,0,0,0,51.426044721435545,51.42528961157227,0.999985316586812,34.38037015997315,39.08767175408936,1
Zayandeh Rud,reservoir,1994-10,1994,10,5,5,0,0,0,51.426044721435545,51.426044721435545,1.0,32.296730257385256,36.537268577331545,1
Zayandeh Rud,reservoir,1994-11,1994,11,3,3,0,0,0,51.426044721435545,50.70769561975098,0.9860314145181548,33.067898497558595,39.63738076586914,1
Zayandeh Rud,reservoir,1994-12,1994,12,6,6,0,0,0,51.426044721435545,51.19705918505859,0.9955472846955794,38.47058536138916,42.0587797758789,1
Zayandeh Rud,reservoir,1995-01,1995,1,6,6,0,0,0,51.426044721435545,34.9169122076416,0.6789733178349499,28.583981528381347,33.22588095477295,1
Zayandeh Rud,reservoir,1995-02,1995,2,6,6,0,0,0,51.426044721435545,51.30971072796631,0.9977378389860744,42.87524048937989,45.20002456793213,1
Zayandeh Rud,reservoir,1995-03,1995,3,6,6,0,0,0,51.426044721435545,51.42528975036621,0.9999853192857155,46.34913498822021,47.94284932019043,1
Zayandeh Rud,reservoir,1995-04,1995,4,5,5,0,0,0,51.426044721435545,51.4041487319336,0.9995742237300076,48.06119930480957,49.29771114453125,1
Zayandeh Rud,reservoir,1995-05,1995,5,6,6,0,0,0,51.426044721435545,51.42377927557373,0.9999559474994804,49.69687592327881,50.52944762316895,1
Zayandeh Rud,reservoir,1995-06,1995,6,6,6,0,0,0,51.426044721435545,51.426044721435545,1.0,50.353836309082034,51.065655444519045,1
Zayandeh Rud,reservoir,1995-07,1995,7,6,6,0,0,0,51.426044721435545,51.426044721435545,1.0,49.60968366265869,50.71585558386231,1
Zayandeh Rud,reservoir,1995-08,1995,8,6,6,0,0,0,51.426044721435545,51.426044721435545,1.0,46.79769197766113,48.87288362213135,1
Zayandeh Rud,reservoir,1995-09,1995,9,2,2,0,0,0,51.426044721435545,2.744869148986816,0.0533750780145588,0.6204827413940429,1.5805310623168944,1
Zayandeh Rud,reservoir,1995-10,1995,10,4,4,0,0,0,51.426044721435545,51.39206743139648,0.9993392980108988,42.54089624438477,45.53804852227783,1
Zayandeh Rud,reservoir,1995-11,1995,11,2,2,0,0,0,51.426044721435545,30.681003237609865,0.5966043743749424,20.08968825958252,22.349973918029782,1
Zayandeh Rud,reservoir,1995-12,1995,12,4,4,0,0,0,51.426044721435545,16.585379608154298,0.3225093373988595,16.01007719622803,16.55291437866211,1
Zayandeh Rud,reservoir,1996-01,1996,1,1,1,0,0,0,51.426044721435545,9.94326896044922,0.1933508403049445,9.94326896044922,9.94326896044922,1
Zayandeh Rud,reservoir,1996-02,1996,2,4,4,0,0,0,51.426044721435545,33.898677471923826,0.659173336303542,32.7465472388916,33.810343735839844,1
Zayandeh Rud,reservoir,1996-03,1996,3,3,3,0,0,0,51.426044721435545,34.70597542657471,0.6748715677935166,30.592020377319336,32.566661514526366,1
Zayandeh Rud,reservoir,1996-04,1996,4,6,6,0,0,0,51.426044721435545,51.42528976385498,0.9999853195480102,48.346768955078126,49.88983032550049,1
Zayandeh Rud,reservoir,1996-05,1996,5,6,6,0,0,0,51.426044721435545,51.426044721435545,1.0,51.00655964428711,51.35423829260254,1
Zayandeh Rud,reservoir,1996-06,1996,6,6,6,0,0,0,51.426044721435545,51.426044721435545,1.0,50.88557980249024,51.32852387847901,1
Zayandeh Rud,reservoir,1996-07,1996,7,6,6,0,0,0,51.426044721435545,51.42075950109863,0.9998972267774908,49.60117451239014,50.75814726025391,1
Zayandeh Rud,reservoir,1996-08,1996,8,3,3,0,0,0,51.426044721435545,40.939854364196776,0.7960918360717738,37.25920055749512,38.84355892767334,1
Zayandeh Rud,reservoir,1996-09,1996,9,3,3,0,0,0,51.426044721435545,51.307507283569336,0.997694992128827,42.57027653112793,45.67551258093262,1
Zayandeh Rud,reservoir,1996-10,1996,10,6,6,0,0,0,51.426044721435545,51.426044721435545,1.0,37.78282645727539,41.37729233917237,1
Zayandeh Rud,reservoir,1996-11,1996,11,3,3,0,0,0,51.426044721435545,51.40037343444824,0.999500811561022,35.478902303771974,38.66763128582764,1
Zayandeh Rud,reservoir,1996-12,1996,12,6,6,0,0,0,51.426044721435545,51.01143853460693,0.991937816935476,33.038665284179686,36.76432717126465,1
Zayandeh Rud,reservoir,1997-01,1997,1,6,6,0,0,0,51.426044721435545,50.52125802069092,0.9824060608657408,32.95398308569336,37.96984560046387,1
Zayandeh Rud,reservoir,1997-02,1997,2,5,5,0,0,0,51.426044721435545,50.94007592651367,0.9905501424899724,34.23484366320801,38.53274148309326,1
Zayandeh Rud,reservoir,1997-03,1997,3,4,4,0,0,0,51.426044721435545,20.607263256225583,0.4007164729049444,9.671377688964844,11.292017758911133,1
Zayandeh Rud,reservoir,1997-04,1997,4,6,6,0,0,0,51.426044721435545,51.42528978619385,0.9999853199823984,36.6770937668457,39.71285519720459,1
Zayandeh Rud,reservoir,1997-05,1997,5,5,5,0,0,0,51.426044721435545,51.346011922180175,0.9984437302209632,41.30638228424072,43.91945240570068,1
Zayandeh Rud,reservoir,1997-06,1997,6,4,4,0,0,0,51.426044721435545,51.08854740454102,0.9934372297398588,41.07452994769288,43.5411602197876,1
Zayandeh Rud,reservoir,1997-07,1997,7,6,6,0,0,0,51.426044721435545,51.426044721435545,1.0,39.10328352862549,42.31464394702149,1
Zayandeh Rud,reservoir,1997-08,1997,8,6,6,0,0,0,51.426044721435545,51.426044721435545,1.0,33.66242282788086,38.3690175065918,1
Zayandeh Rud,reservoir,1997-09,1997,9,6,6,0,0,0,51.426044721435545,51.42528978173828,0.999985319895758,28.971968082824706,33.926157014709474,1
Zayandeh Rud,reservoir,1997-10,1997,10,6,6,0,0,0,51.426044721435545,51.42377988665771,0.9999559593822528,25.78346623602295,33.33828387207031,1
Zayandeh Rud,reservoir,1997-11,1997,11,4,4,0,0,0,51.426044721435545,8.894277967285156,0.172952791050987,3.6502412734375,5.727049190124512,1
Zayandeh Rud,reservoir,1997-12,1997,12,5,5,0,0,0,51.426044721435545,19.516926427856447,0.379514437355151,7.792912151855469,12.53922148223877,1
Zayandeh Rud,reservoir,1998-01,1998,1,5,5,0,0,0,51.426044721435545,17.529028868591308,0.3408589745437842,17.421073198669433,17.526763897216796,1
Zayandeh Rud,reservoir,1998-02,1998,2,6,6,0,0,0,51.426044721435545,24.97706536376953,0.4856890219550274,20.100758035583496,24.43273129986572,1
Zayandeh Rud,reservoir,1998-03,1998,3,6,6,0,0,0,51.426044721435545,42.73519424530029,0.8310029378457584,26.643103841308594,30.85664155895996,1
Zayandeh Rud,reservoir,1998-04,1998,4,4,4,0,0,0,51.426044721435545,51.34979287689209,0.998517252396981,40.23201737030029,43.06249801251221,1
Zayandeh Rud,reservoir,1998-05,1998,5,6,6,0,0,0,51.426044721435545,51.39131569091797,0.9993246801167444,43.87613086175537,45.98555033520508,1
Zayandeh Rud,reservoir,1998-06,1998,6,6,6,0,0,0,51.426044721435545,51.395845996398926,0.9994127737180606,44.15617565814209,46.36840878546143,1
Zayandeh Rud,reservoir,1998-07,1998,7,6,6,0,0,0,51.426044721435545,51.41924997772217,0.9998678734919206,42.195582986206055,45.06189670367432,1
Zayandeh Rud,reservoir,1998-08,1998,8,6,6,0,0,0,51.426044721435545,51.426044721435545,1.0,37.76964026232911,41.65685934625244,1
Zayandeh Rud,reservoir,1998-09,1998,9,6,6,0,0,0,51.426044721435545,51.426044721435545,1.0,32.28152418688965,36.911759881835934,1
Zayandeh Rud,reservoir,1998-10,1998,10,5,5,0,0,0,51.426044721435545,51.426044721435545,1.0,29.642531284851074,34.2372906225586,1
Zayandeh Rud,reservoir,1998-11,1998,11,6,6,0,0,0,51.426044721435545,51.42453483752441,0.9999706397036888,27.943746883666996,32.48789642248535,1
Zayandeh Rud,reservoir,1998-12,1998,12,6,6,0,0,0,51.426044721435545,51.23352218591309,0.9962563223252864,26.27225080749512,32.45436970977783,1
Zayandeh Rud,reservoir,1999-01,1999,1,6,6,0,0,0,51.426044721435545,49.19553965863037,0.9566269372865954,26.554840110290527,31.77238327722168,1
Zayandeh Rud,reservoir,1999-02,1999,2,4,4,0,0,0,51.426044721435545,49.44093214135742,0.9613986922223734,26.91224327038574,31.45794398724365,1
Zayandeh Rud,reservoir,1999-03,1999,3,4,4,0,0,0,51.426044721435545,51.38678539923096,0.9992365867836572,30.353257553527836,34.52024863043213,1
Zayandeh Rud,reservoir,1999-04,1999,4,5,5,0,0,0,51.426044721435545,51.3913127600708,0.9993246231252496,32.13533024420166,35.942818806030274,1
Zayandeh Rud,reservoir,1999-05,1999,5,5,5,0,0,0,51.426044721435545,51.42528959814453,0.999985316325704,31.980424028442386,35.51686233874512,1
Zayandeh Rud,reservoir,1999-06,1999,6,7,5,2,0,0,51.426044721435545,51.426044721435545,1.0,28.61310527819824,32.717634713684085,1
Zayandeh Rud,reservoir,1999-07,1999,7,7,6,1,0,0,51.426044721435545,51.38074381060791,0.9991191056774243,26.81637575708008,32.341501390808105,1
Zayandeh Rud,reservoir,1999-08,1999,8,5,3,2,0,0,51.426044721435545,51.42000436425781,0.9998825428397138,23.99251862744141,28.832668185424804,1
Zayandeh Rud,reservoir,1999-09,1999,9,5,4,1,0,0,51.426044721435545,51.426044721435545,1.0,18.53214529107666,24.19292460583496,1
Zayandeh Rud,reservoir,1999-10,1999,10,8,6,2,0,0,51.426044721435545,51.426044721435545,1.0,16.949640364624024,21.99273883349609,1
Zayandeh Rud,reservoir,1999-11,1999,11,8,6,2,0,0,51.426044721435545,51.33770480328369,0.998282194972793,16.64807533935547,21.381593950927734,1
Zayandeh Rud,reservoir,1999-12,1999,12,7,6,1,0,0,51.426044721435545,51.27123769555664,0.9969897154891562,15.283564189575197,20.884051613464354,1
Zayandeh Rud,reservoir,2000-01,2000,1,7,4,3,0,0,51.426044721435545,38.24431286553955,0.7436759539393168,11.769180182556152,21.270981521484376,1
Zayandeh Rud,reservoir,2000-02,2000,2,4,4,0,0,0,51.426044721435545,4.621532677429199,0.0898675506246514,0.4789690229492187,4.243897579345703,1
Zayandeh Rud,reservoir,2000-03,2000,3,7,5,2,0,0,51.426044721435545,51.42377994268799,0.9999559604717838,18.04643176257324,24.82184305230713,1
Zayandeh Rud,reservoir,2000-04,2000,4,9,5,4,0,0,51.426044721435545,40.46483397723389,0.7868548747317373,11.695320653442383,19.31111085870361,1
Zayandeh Rud,reservoir,2000-05,2000,5,10,6,4,0,0,51.426044721435545,51.40943372186279,0.9996769924721464,20.74302865924072,25.38862766973877,1
Zayandeh Rud,reservoir,2000-06,2000,6,3,3,0,0,0,51.426044721435545,51.383764390930175,0.999177842069434,18.801490581359865,24.008299022094725,1
Zayandeh Rud,reservoir,2000-07,2000,7,9,6,3,0,0,51.426044721435545,51.426044721435545,1.0,16.17209926928711,22.31912157415772,1
Zayandeh Rud,reservoir,2000-08,2000,8,6,6,0,0,0,51.426044721435545,51.426044721435545,1.0,13.603381599487305,22.652729637145995,1
Zayandeh Rud,reservoir,2000-09,2000,9,9,6,3,0,0,51.426044721435545,51.424534806274416,0.99997063909602,12.158176732055663,18.86918506756592,1
Zayandeh Rud,reservoir,2000-10,2000,10,7,4,3,0,0,51.426044721435545,51.426044721435545,1.0,11.742443333557128,15.897504882263185,1
Zayandeh Rud,reservoir,2000-11,2000,11,6,4,2,0,0,51.426044721435545,51.28783757128906,0.9973125067094868,11.980242385681152,16.27656173248291,1
Zayandeh Rud,reservoir,2000-12,2000,12,7,4,3,0,0,51.426044721435545,30.612095285583496,0.5952644316980434,8.82464474029541,16.795510734924317,1
Zayandeh Rud,reservoir,2001-01,2001,1,8,5,3,0,0,51.426044721435545,44.84048735430908,0.8719412040572225,8.16339780444336,17.25054877758789,1
Zayandeh Rud,reservoir,2001-02,2001,2,6,3,3,0,0,51.426044721435545,28.335455287658693,0.5509942567262582,4.706892731628418,19.490672628112797,1
Zayandeh Rud,reservoir,2001-03,2001,3,9,6,3,0,0,51.426044721435545,51.426044721435545,1.0,14.987835389892576,19.65969907354736,1
Zayandeh Rud,reservoir,2001-04,2001,4,8,5,3,0,0,51.426044721435545,27.187575883483888,0.5286732827841121,4.464519457336426,10.357834270568848,1
Zayandeh Rud,reservoir,2001-05,2001,5,9,5,4,0,0,51.426044721435545,51.03420544885254,0.9923805286853088,20.64330917364502,26.33773619909668,1
Zayandeh Rud,reservoir,2001-06,2001,6,6,6,0,0,0,51.426044721435545,51.426044721435545,1.0,21.55652512658692,26.665287840576173,1
Zayandeh Rud,reservoir,2001-07,2001,7,9,6,3,0,0,51.426044721435545,51.426044721435545,1.0,20.52322793939209,25.61554360876465,1
Zayandeh Rud,reservoir,2001-08,2001,8,6,6,0,0,0,51.426044721435545,51.426044721435545,1.0,18.841684982299803,23.3570716774292,1
Zayandeh Rud,reservoir,2001-09,2001,9,6,3,3,0,0,51.426044721435545,51.426044721435545,1.0,17.85103747705078,22.043991393554688,1
Zayandeh Rud,reservoir,2001-10,2001,10,7,6,1,0,0,51.426044721435545,50.84156702624512,0.988634597539896,17.12466926586914,22.199638784729004,1
Zayandeh Rud,reservoir,2001-11,2001,11,3,3,0,0,0,51.426044721435545,51.38225381274414,0.9991484682726698,17.19312637652588,21.740903145446776,1
Zayandeh Rud,reservoir,2001-12,2001,12,4,2,2,0,0,51.426044721435545,51.42302432696533,0.9999412672219578,21.153884838439943,26.32550740478516,1
Zayandeh Rud,reservoir,2002-01,2002,1,5,4,1,0,0,51.426044721435545,50.4509899284668,0.9810396697189055,20.880449147644043,26.94325331665039,1
Zayandeh Rud,reservoir,2002-02,2002,2,7,5,2,0,0,51.426044721435545,45.31467186566162,0.8811619114618285,33.79623116491699,38.72878082849121,1
Zayandeh Rud,reservoir,2002-03,2002,3,9,5,4,0,0,51.426044721435545,51.42528974145508,0.999985319112435,23.475722010009765,27.28463730419922,1
Zayandeh Rud,reservoir,2002-04,2002,4,1,0,1,0,0,51.426044721435545,0.252615641418457,0.0049122121443876,0.1119338203125,0.2503466064453125,1
Zayandeh Rud,reservoir,2002-05,2002,5,7,3,4,0,0,51.426044721435545,51.407923063354495,0.9996476171134838,35.3640524196167,38.69802682574463,1
Zayandeh Rud,reservoir,2002-06,2002,6,5,5,0,0,0,51.426044721435545,51.42528965185547,0.9999853173701349,37.983905308898926,41.07196196386719,1
Zayandeh Rud,reservoir,2002-07,2002,7,4,3,1,0,0,51.426044721435545,51.30751063006592,0.997695057202791,37.6287199276123,40.889868947753904,1
Zayandeh Rud,reservoir,2002-08,2002,8,6,3,3,0,0,51.426044721435545,51.426044721435545,1.0,35.83143145916748,39.2473371161499,1
Zayandeh Rud,reservoir,2002-09,2002,9,1,0,1,0,0,51.426044721435545,10.204653985046386,0.1984335766112857,1.3001158041381835,2.865657023925781,1
Zayandeh Rud,reservoir,2002-10,2002,10,2,0,2,0,0,51.426044721435545,51.42528983325195,0.999985320897462,28.79545298022461,32.41295011749268,1
Zayandeh Rud,reservoir,2002-11,2002,11,3,0,3,0,0,51.426044721435545,51.4200040779419,0.9998825372721863,27.12243988800049,30.74075051806641,1
Zayandeh Rud,reservoir,2002-12,2002,12,3,0,3,0,0,51.426044721435545,49.40692491174316,0.9607374080462624,26.976798287719728,30.37580001538086,1
Zayandeh Rud,reservoir,2003-01,2003,1,1,0,1,0,0,51.426044721435545,10.920303615600586,0.2123496697977387,3.877399921142578,6.6063795083007815,1
Zayandeh Rud,reservoir,2003-02,2003,2,3,0,3,0,0,51.426044721435545,6.195367822753906,0.120471404252708,6.173469320678711,6.195367822753906,1
Zayandeh Rud,reservoir,2003-03,2003,3,5,0,5,0,0,51.426044721435545,51.41546985681153,0.9997943675295018,30.32982199243164,34.23779384490967,1
Zayandeh Rud,reservoir,2003-04,2003,4,1,0,1,0,0,51.426044721435545,9.733463942749024,0.1892710978546614,4.699517246520996,5.374132704895019,1
Zayandeh Rud,reservoir,2003-05,2003,5,2,0,2,0,0,51.426044721435545,49.85186903479004,0.9693895244098104,39.85761216992187,42.31963205126953,1
Zayandeh Rud,reservoir,2003-06,2003,6,0,0,0,0,0,51.426044721435545,0.0,0.0,,,0
Zayandeh Rud,reservoir,2003-07,2003,7,1,0,1,0,0,51.426044721435545,4.628319808044433,0.0899995290929937,1.3848205330200196,1.930420279296875,1
Zayandeh Rud,reservoir,2003-08,2003,8,3,0,3,0,0,51.426044721435545,41.85758273162842,0.8139374310889056,27.743504237731933,30.402845385559083,1
Zayandeh Rud,reservoir,2003-09,2003,9,0,0,0,0,0,51.426044721435545,0.0,0.0,,,0
Zayandeh Rud,reservoir,2003-10,2003,10,1,0,1,0,0,51.426044721435545,4.7710315860595705,0.0927746166733856,0.306109903930664,0.8819872033691406,1
Zayandeh Rud,reservoir,2003-11,2003,11,3,0,3,0,0,51.426044721435545,41.8461381137085,0.8137148859178368,21.101018652893067,24.17561860870361,1
Zayandeh Rud,reservoir,2003-12,2003,12,2,0,2,0,0,51.426044721435545,6.647030401245117,0.1292541636684433,1.0049612478027343,2.0128502879638672,1
Zayandeh Rud,reservoir,2004-01,2004,1,2,0,2,0,0,51.426044721435545,19.10151652404785,0.3714366256926212,17.143182746154785,18.65307579589844,1
Zayandeh Rud,reservoir,2004-02,2004,2,5,0,5,0,0,51.426044721435545,37.13461582800293,0.7220974513819527,23.27913495123291,29.170504760864254,1
Zayandeh Rud,reservoir,2004-03,2004,3,2,0,2,0,0,51.426044721435545,39.10868968365479,0.760484106749773,23.72125597705078,26.040330323242188,1
Zayandeh Rud,reservoir,2004-04,2004,4,3,0,3,0,0,51.426044721435545,42.07382211157226,0.8181422922855067,26.283068005859374,28.85591082397461,1
Zayandeh Rud,reservoir,2004-05,2004,5,5,0,5,0,0,51.426044721435545,51.31807294128418,0.9979004455672952,37.83910388006592,40.2209538460083,1
Zayandeh Rud,reservoir,2004-06,2004,6,5,0,5,0,0,51.426044721435545,44.89125640148926,0.8729284284773619,32.58795555871582,35.0234721953125,1
Zayandeh Rud,reservoir,2004-07,2004,7,6,0,6,0,0,51.426044721435545,51.27424150488281,0.9970481257624416,35.820254075500486,39.528308361572265,1
Zayandeh Rud,reservoir,2004-08,2004,8,5,0,5,0,0,51.426044721435545,51.423779694152834,0.9999559556389184,31.33937147918701,35.41525375024414,1
Zayandeh Rud,reservoir,2004-09,2004,9,4,0,4,0,0,51.426044721435545,41.62123523773193,0.8093415595771699,22.309099896118163,26.01662120410156,1
Zayandeh Rud,reservoir,2004-10,2004,10,6,0,6,0,0,51.426044721435545,47.315929500854494,0.9200771662910358,24.382112243103027,28.05699599084473,1
Zayandeh Rud,reservoir,2004-11,2004,11,1,0,1,0,0,51.426044721435545,5.710753458374024,0.1110478841860776,0.6241082880249024,1.3485692358398438,1
Zayandeh Rud,reservoir,2004-12,2004,12,5,0,5,0,0,51.426044721435545,31.04580462744141,0.6036980832496497,14.707566136291504,20.681474487854004,1
Zayandeh Rud,reservoir,2005-01,2005,1,6,0,6,0,0,51.426044721435545,9.023364540283204,0.175462931072396,9.01807937347412,9.023364540283204,1
Zayandeh Rud,reservoir,2005-02,2005,2,0,0,0,0,0,51.426044721435545,0.0,0.0,,,0
Zayandeh Rud,reservoir,2005-03,2005,3,4,0,4,0,0,51.426044721435545,40.91694078344727,0.7956462723331347,26.256944596435545,28.50596342211914,1
Zayandeh Rud,reservoir,2005-04,2005,4,5,0,5,0,0,51.426044721435545,44.56354181402588,0.8665558873021939,32.23313845080566,34.52967818658447,1
Zayandeh Rud,reservoir,2005-05,2005,5,4,0,4,0,0,51.426044721435545,41.11688239282226,0.7995342168650938,30.28815456237793,32.194408589416504,1
Zayandeh Rud,reservoir,2005-06,2005,6,6,0,6,0,0,51.426044721435545,43.01811722528076,0.8365044883055109,30.925980310302734,33.30420270397949,1
Zayandeh Rud,reservoir,2005-07,2005,7,2,0,2,0,0,51.426044721435545,5.610478793640136,0.1090980032400112,1.2913306861572265,2.140751297668457,1
Zayandeh Rud,reservoir,2005-08,2005,8,6,0,6,0,0,51.426044721435545,51.40112841381836,0.9995154924367186,32.16463965930176,36.16051682849121,1
Zayandeh Rud,reservoir,2005-09,2005,9,6,0,6,0,0,51.426044721435545,51.42302481707764,0.9999412767523876,27.80024999908447,31.7485913737793,1
Zayandeh Rud,reservoir,2005-10,2005,10,6,0,6,0,0,51.426044721435545,49.08774897357178,0.9545309043203722,23.590205771118164,27.47429173944092,1
Zayandeh Rud,reservoir,2005-11,2005,11,2,0,2,0,0,51.426044721435545,5.199596496948242,0.1011082327080257,0.9820499630737304,2.140802392944336,1
Zayandeh Rud,reservoir,2005-12,2005,12,0,0,0,0,0,51.426044721435545,0.0,0.0,,,0
Zayandeh Rud,reservoir,2006-01,2006,1,3,0,3,0,0,51.426044721435545,0.0173817787475585,0.0003379956370689631,0.0173817787475585,0.0173817787475585,1
Zayandeh Rud,reservoir,2006-02,2006,2,2,0,2,0,0,51.426044721435545,37.51266548028565,0.7294487780167452,22.286114967956543,26.33639798626709,1
Zayandeh Rud,reservoir,2006-03,2006,3,3,0,3,0,0,51.426044721435545,39.9794447944336,0.7774162880111457,25.505902387939454,28.02805634197998,1
Zayandeh Rud,reservoir,2006-04,2006,4,3,0,3,0,0,51.426044721435545,41.71641170477295,0.8111923040308134,33.74993336999512,35.96112918334961,1
Zayandeh Rud,reservoir,2006-05,2006,5,2,0,2,0,0,51.426044721435545,39.74689351361084,0.7728942353803739,37.45763162475586,38.29754525421143,1
Zayandeh Rud,reservoir,2006-06,2006,6,6,0,6,0,0,51.426044721435545,49.78833567126465,0.9681540927551004,47.26010287463379,48.40308816656494,1
Zayandeh Rud,reservoir,2006-07,2006,7,6,0,6,0,0,51.426044721435545,48.92051946337891,0.9512790596354715,44.93890339440918,46.81693175341797,1
Zayandeh Rud,reservoir,2006-08,2006,8,4,0,4,0,0,51.426044721435545,49.29361050427246,0.9585339640893238,41.178863113830566,43.93887658361817,1
Zayandeh Rud,reservoir,2006-09,2006,9,6,0,6,0,0,51.426044721435545,43.49880915325928,0.8458517350281071,31.329372346557616,34.175156476623535,1
Zayandeh Rud,reservoir,2006-10,2006,10,2,0,2,0,0,51.426044721435545,38.13537515905762,0.741557616682932,26.281980562683103,28.633060124816893,1
Zayandeh Rud,reservoir,2006-11,2006,11,1,0,1,0,0,51.426044721435545,0.0913679847412109,0.0017766869926733,0.0913679847412109,0.0913679847412109,1
Zayandeh Rud,reservoir,2006-12,2006,12,2,0,2,0,0,51.426044721435545,0.1192916119384765,0.0023196730875309,0.1192916119384765,0.1192916119384765,1
Zayandeh Rud,reservoir,2007-01,2007,1,6,0,6,0,0,51.426044721435545,6.663424513977051,0.1295729537449646,6.663424513977051,6.663424513977051,1
Zayandeh Rud,reservoir,2007-02,2007,2,4,0,4,0,0,51.426044721435545,23.293770134521484,0.4529566732323886,20.164556553466795,21.23433043554688,1
Zayandeh Rud,reservoir,2007-03,2007,3,3,0,3,0,0,51.426044721435545,3.881481097778321,0.0754769517819913,0.874753744934082,3.286351408874512,1
Zayandeh Rud,reservoir,2007-04,2007,4,3,0,3,0,0,51.426044721435545,39.76406472491455,0.7732281364493113,34.92689638397217,36.15043755957032,1
Zayandeh Rud,reservoir,2007-05,2007,5,5,0,5,0,0,51.426044721435545,46.022207515625,0.8949202250516827,43.87763873364258,45.15433611914062,1
Zayandeh Rud,reservoir,2007-06,2007,6,6,0,6,0,0,51.426044721435545,44.8612715526123,0.8723453611028558,43.16197877612305,44.2327320612793,1
Zayandeh Rud,reservoir,2007-07,2007,7,5,0,5,0,0,51.426044721435545,51.2115855692749,0.9958297560443872,47.00175800994873,49.01352271081543,1
Zayandeh Rud,reservoir,2007-08,2007,8,6,0,6,0,0,51.426044721435545,44.26446992474365,0.8607403148446533,34.29504849407959,37.6357218302002,1
Zayandeh Rud,reservoir,2007-09,2007,9,5,0,5,0,0,51.426044721435545,44.04998675408935,0.8565696038398286,28.723129010986327,32.13761849200439,1
Zayandeh Rud,reservoir,2007-10,2007,10,6,0,6,0,0,51.426044721435545,47.7656966552124,0.9288230684266988,28.20805138470459,31.37188755114746,1
Zayandeh Rud,reservoir,2007-11,2007,11,5,0,5,0,0,51.426044721435545,51.07410587823486,0.9931564084870408,29.251438917785645,32.660583854797366,1
Zayandeh Rud,reservoir,2007-12,2007,12,5,0,5,0,0,51.426044721435545,45.45554968939209,0.883901337067931,26.59457574584961,29.512452419006348,1
Zayandeh Rud,reservoir,2008-01,2008,1,2,0,2,0,0,51.426044721435545,11.973002723388673,0.2328198248230833,7.806833760070801,10.535726512329102,1
Zayandeh Rud,reservoir,2008-02,2008,2,2,0,2,0,0,51.426044721435545,8.368308573059082,0.1627251058950481,2.4782735841674803,3.368086847595215,1
Zayandeh Rud,reservoir,2008-03,2008,3,4,0,4,0,0,51.426044721435545,15.56573512097168,0.3026819426865921,4.994026675048828,6.70640426373291,1
Zayandeh Rud,reservoir,2008-04,2008,4,11,5,6,0,0,51.426044721435545,51.426044721435545,1.0,30.7669759576416,34.39933763000488,1
Zayandeh Rud,reservoir,2008-05,2008,5,9,6,3,0,0,51.426044721435545,51.29013585223389,0.9973571977013234,29.209619869384767,33.03332253448486,1
Zayandeh Rud,reservoir,2008-06,2008,6,9,3,6,0,0,51.426044721435545,50.54488657983399,0.9828655276450948,26.397414028320316,30.866853767578124,1
Zayandeh Rud,reservoir,2008-07,2008,7,7,3,4,0,0,51.426044721435545,48.63094118670654,0.945648094270724,22.41594229510498,27.138387448669437,1
Zayandeh Rud,reservoir,2008-08,2008,8,5,2,3,0,0,51.426044721435545,51.426044721435545,1.0,21.84877035772705,26.521938260375972,1
Zayandeh Rud,reservoir,2008-09,2008,9,4,0,4,0,0,51.426044721435545,33.215088981994626,0.6458806848147476,8.932042973876953,12.398079344726565,1
Zayandeh Rud,reservoir,2008-10,2008,10,9,5,4,0,0,51.426044721435545,51.426044721435545,1.0,17.36785226147461,24.889840667785645,1
Zayandeh Rud,reservoir,2008-11,2008,11,7,2,5,0,0,51.426044721435545,43.63327354815674,0.8484664489464304,13.21392284399414,16.116350786621094,1
Zayandeh Rud,reservoir,2008-12,2008,12,4,0,4,0,0,51.426044721435545,45.65546678192138,0.8877888048600235,14.669420204406736,21.45214342614746,1
Zayandeh Rud,reservoir,2009-01,2009,1,7,3,4,0,0,51.426044721435545,37.62910336315918,0.7317129592016731,13.101291392700196,19.671422324401856,1
Zayandeh Rud,reservoir,2009-02,2009,2,6,3,3,0,0,51.426044721435545,33.80238439111328,0.6573008788487222,7.630396031311035,10.264800585510256,1
Zayandeh Rud,reservoir,2009-03,2009,3,12,6,6,0,0,51.426044721435545,51.426044721435545,1.0,17.93287877758789,21.74863228741455,1
Zayandeh Rud,reservoir,2009-04,2009,4,11,6,5,0,0,51.426044721435545,51.41622747021484,0.999809099625027,20.340089750427246,24.198110622253417,1
Zayandeh Rud,reservoir,2009-05,2009,5,6,4,2,0,0,51.426044721435545,37.14493195678711,0.7222980526306014,14.053803605407715,18.41188510736084,1
Zayandeh Rud,reservoir,2009-06,2009,6,11,6,5,0,0,51.426044721435545,51.42453492712402,0.999970641445989,28.121674985534668,32.09180288140869,1
Zayandeh Rud,reservoir,2009-07,2009,7,12,6,6,0,0,51.426044721435545,51.40112863562012,0.9995154967497424,27.49083849804688,32.062207780944824,1
Zayandeh Rud,reservoir,2009-08,2009,8,7,3,4,0,0,51.426044721435545,51.401130197937015,0.9995155271296192,25.01467302423096,30.005174718444824,1
Zayandeh Rud,reservoir,2009-09,2009,9,5,2,3,0,0,51.426044721435545,51.426044721435545,1.0,22.878101199707032,27.527042580810548,1
Zayandeh Rud,reservoir,2009-10,2009,10,5,2,3,0,0,51.426044721435545,51.426044721435545,1.0,21.28793309832764,25.46948681567383,1
Zayandeh Rud,reservoir,2009-11,2009,11,9,5,4,0,0,51.426044721435545,51.41471369134521,0.9997796635896906,20.0094589319458,24.082216140319822,1
Zayandeh Rud,reservoir,2009-12,2009,12,5,3,2,0,0,51.426044721435545,42.26964932775879,0.8219502307969612,14.691771667114258,28.93912894915772,1
Zayandeh Rud,reservoir,2010-01,2010,1,8,2,6,0,0,51.426044721435545,50.92487629626465,0.9902545796028914,18.423088061645508,24.045886697753907,1
Zayandeh Rud,reservoir,2010-02,2010,2,5,3,2,0,0,51.426044721435545,50.88604462823486,0.9894994822929558,19.076434640625,22.766272571716307,1
Zayandeh Rud,reservoir,2010-03,2010,3,4,3,1,0,0,51.426044721435545,13.742433505676267,0.2672271138120041,0.9746030340576172,2.2034024927368163,1
Zayandeh Rud,reservoir,2010-04,2010,4,5,2,3,0,0,51.426044721435545,51.426044721435545,1.0,25.66458991113281,29.22355734472656,1
Zayandeh Rud,reservoir,2010-05,2010,5,5,1,4,0,0,51.426044721435545,51.08775396099853,0.9934218009129524,27.26895269085693,30.52975375628662,1
Zayandeh Rud,reservoir,2010-06,2010,6,6,1,5,0,0,51.426044721435545,51.41245505029297,0.9997357434114136,26.92418913513184,30.70470965002441,1
Zayandeh Rud,reservoir,2010-07,2010,7,6,0,6,0,0,51.426044721435545,49.18125438189697,0.9563491543691888,22.91003093475342,27.098530838256835,1
Zayandeh Rud,reservoir,2010-08,2010,8,5,1,4,0,0,51.426044721435545,51.40715015936279,0.9996325876863542,20.846273144836427,25.41066888964844,1
Zayandeh Rud,reservoir,2010-09,2010,9,4,0,4,0,0,51.426044721435545,40.8889376237793,0.7951017396975867,13.97392049291992,17.309657541015625,1
Zayandeh Rud,reservoir,2010-10,2010,10,7,1,6,0,0,51.426044721435545,51.426044721435545,1.0,15.53899795587158,19.39126095251465,1
Zayandeh Rud,reservoir,2010-11,2010,11,4,1,3,0,0,51.426044721435545,51.425289663085934,0.9999853175885156,15.071004454223631,18.73679556634521,1
Zayandeh Rud,reservoir,2010-12,2010,12,7,2,5,0,0,51.426044721435545,51.38297660888672,0.9991625233326398,14.20571393988037,17.626173741149902,1
Zayandeh Rud,reservoir,2011-01,2011,1,5,1,4,0,0,51.426044721435545,30.561009262512208,0.594271043554973,9.734930700012209,12.513940702941897,1
Zayandeh Rud,reservoir,2011-02,2011,2,5,0,5,0,0,51.426044721435545,8.119229403015137,0.1578816618504369,7.787051545227051,8.03543149572754,1
Zayandeh Rud,reservoir,2011-03,2011,3,8,4,4,0,0,51.426044721435545,51.426044721435545,1.0,16.721052828735353,20.93401657897949,1
Zayandeh Rud,reservoir,2011-04,2011,4,6,0,6,0,0,51.426044721435545,51.38977192089844,0.9992946608915076,20.53172142425537,24.407081346557614,1
Zayandeh Rud,reservoir,2011-05,2011,5,1,0,1,0,0,51.426044721435545,10.575645694458007,0.2056476587251486,1.4264886341552734,2.3979776416015626,1
Zayandeh Rud,reservoir,2011-06,2011,6,0,0,0,0,0,51.426044721435545,0.0,0.0,,,0
Zayandeh Rud,reservoir,2011-07,2011,7,1,1,0,0,0,51.426044721435545,50.795605968566896,0.9877408663978804,25.794255916564943,29.599859589172365,1
Zayandeh Rud,reservoir,2011-08,2011,8,6,0,6,0,0,51.426044721435545,51.41925012988281,0.9998678764507452,23.78392618933105,27.816824495544434,1
Zayandeh Rud,reservoir,2011-09,2011,9,6,0,6,0,0,51.426044721435545,51.42453477038574,0.9999706383981504,20.9865880736084,24.862277299865724,1
Zayandeh Rud,reservoir,2011-10,2011,10,6,2,4,0,0,51.426044721435545,44.665146998413086,0.8685316407348674,16.188419908630372,19.637457928344727,1
Zayandeh Rud,reservoir,2011-11,2011,11,3,0,3,0,0,51.426044721435545,20.887779030700685,0.4061712142912321,3.0565429478759767,8.368023673339843,1
Zayandeh Rud,reservoir,2011-12,2011,12,5,0,5,0,0,51.426044721435545,51.13220137322998,0.9942860986140922,15.317386448669431,18.99823733654785,1
Zayandeh Rud,reservoir,2012-01,2012,1,5,0,5,0,0,51.426044721435545,44.9886419487915,0.8748221293798862,12.093519608215331,15.37935078601074,1
Zayandeh Rud,reservoir,2012-02,2012,2,4,0,4,0,0,51.426044721435545,25.83035066748047,0.5022814958334486,10.652255857177732,22.881337731262207,1
Zayandeh Rud,reservoir,2012-03,2012,3,6,0,6,0,0,51.426044721435545,37.530216866210935,0.7297900717331949,7.807494696289062,11.712754360473632,1
Zayandeh Rud,reservoir,2012-04,2012,4,4,0,4,0,0,51.426044721435545,10.614209664916991,0.2063975505487932,0.9964166994628906,2.2049351149902345,1
Zayandeh Rud,reservoir,2012-05,2012,5,1,0,1,0,0,51.426044721435545,0.0,0.0,,,0
Zayandeh Rud,reservoir,2012-06,2012,6,5,0,5,0,0,51.426044721435545,46.01305769152832,0.894742303063977,14.551253523010256,18.152233926086424,1
Zayandeh Rud,reservoir,2012-07,2012,7,6,0,6,0,0,51.426044721435545,51.34374819158936,0.9983997110745736,16.223336109680176,19.971572549682616,1
Zayandeh Rud,reservoir,2012-08,2012,8,6,0,6,0,0,51.426044721435545,49.471241053222656,0.9619880611312484,13.645466804626464,17.79151559301758,1
Zayandeh Rud,reservoir,2012-09,2012,9,6,0,6,0,0,51.426044721435545,51.426044721435545,1.0,13.206008002990725,17.165542298095705,1
Zayandeh Rud,reservoir,2012-10,2012,10,6,0,6,0,0,51.426044721435545,46.34942554290772,0.9012831104156104,9.99061266680908,13.291833454101562,1
Zayandeh Rud,reservoir,2012-11,2012,11,3,0,3,0,0,51.426044721435545,39.176245414123535,0.7617977549378591,8.69333617956543,10.876748678100586,1
Zayandeh Rud,reservoir,2012-12,2012,12,4,0,4,0,0,51.426044721435545,43.71759474786377,0.8501061083867739,9.411932068481445,12.660918617370603,1
Zayandeh Rud,reservoir,2013-01,2013,1,5,0,5,0,0,51.426044721435545,26.462395595703125,0.5145718621574837,9.596005374084474,14.226167979736328,1
Zayandeh Rud,reservoir,2013-02,2013,2,6,0,6,0,0,51.426044721435545,34.340037924316405,0.6677557667584475,7.3361365780639645,14.233640608825684,1
Zayandeh Rud,reservoir,2013-03,2013,3,4,0,4,0,0,51.426044721435545,39.66962144952392,0.7713916492004435,13.378571251159668,16.373502437438965,1
Zayandeh Rud,reservoir,2013-04,2013,4,8,0,6,2,0,51.426044721435545,50.95569193414307,0.9908538020016844,19.5629993883667,23.29723284008789,1
Zayandeh Rud,reservoir,2013-05,2013,5,11,0,6,5,0,51.426044721435545,51.30222910217285,0.9975923557813288,20.04380517034912,23.32205468902588,1
Zayandeh Rud,reservoir,2013-06,2013,6,12,0,6,6,0,51.426044721435545,51.41849515649414,0.9998531956913602,18.419153425231933,22.169596067504884,1
Zayandeh Rud,reservoir,2013-07,2013,7,12,0,6,6,0,51.426044721435545,51.426044721435545,1.0,15.275702058654783,19.10468884429932,1
Zayandeh Rud,reservoir,2013-08,2013,8,8,0,2,6,0,51.426044721435545,51.426044721435545,1.0,12.728796119018554,16.5720362421875,1
Zayandeh Rud,reservoir,2013-09,2013,9,9,0,5,4,0,51.426044721435545,51.426044721435545,1.0,10.698600450317382,14.435327964904785,1
Zayandeh Rud,reservoir,2013-10,2013,10,12,0,6,6,0,51.426044721435545,51.426044721435545,1.0,9.149284520080569,13.13815929547119,1
Zayandeh Rud,reservoir,2013-11,2013,11,5,0,4,1,0,51.426044721435545,46.11611793731689,0.8967463507473412,6.385986888244629,9.116226130676267,1
Zayandeh Rud,reservoir,2013-12,2013,12,11,0,6,5,0,51.426044721435545,45.363217723205565,0.8821059050706489,8.132715567565919,12.55256941796875,1
Zayandeh Rud,reservoir,2014-01,2014,1,10,0,6,4,0,51.426044721435545,4.577617531799317,0.089013603060382,3.9736512010498046,4.354149166564941,1
Zayandeh Rud,reservoir,2014-02,2014,2,9,0,4,5,0,51.426044721435545,10.692943139343262,0.2079285544370516,2.562741359558105,5.385835183349609,1
Zayandeh Rud,reservoir,2014-03,2014,3,10,0,4,6,0,51.426044721435545,51.42453313806153,0.9999706066569536,14.252219425964356,18.18874518713379,1
Zayandeh Rud,reservoir,2014-04,2014,4,12,0,6,6,0,51.426044721435545,51.41774045428467,0.9998385202051634,18.71922411328125,22.956141973083497,1
Zayandeh Rud,reservoir,2014-05,2014,5,12,0,6,6,0,51.426044721435545,51.36262268762207,0.9987667331960484,23.917883055114743,27.84085743847656,1
Zayandeh Rud,reservoir,2014-06,2014,6,10,0,6,4,0,51.426044721435545,43.001014767333984,0.8361719241730871,18.358208324646,21.54780652947998,1
Zayandeh Rud,reservoir,2014-07,2014,7,11,0,5,6,0,51.426044721435545,51.08701908435059,0.9934075109427258,24.355615321411133,27.867582100524903,1
Zayandeh Rud,reservoir,2014-08,2014,8,12,0,6,6,0,51.426044721435545,51.42151498706055,0.9999119175040676,21.934825774841308,25.528207872253414,1
Zayandeh Rud,reservoir,2014-09,2014,9,12,0,6,6,0,51.426044721435545,51.426044721435545,1.0,19.835865593200683,23.324933926818847,1
Zayandeh Rud,reservoir,2014-10,2014,10,12,0,6,6,0,51.426044721435545,51.42528979742432,0.9999853202007792,18.85884597479248,23.14677905126953,1
Zayandeh Rud,reservoir,2014-11,2014,11,12,0,6,6,0,51.426044721435545,51.426044721435545,1.0,18.25261909838867,22.697409475891117,1
Zayandeh Rud,reservoir,2014-12,2014,12,9,0,3,6,0,51.426044721435545,51.42377974560547,0.9999559566394356,14.862837302001951,18.180478616271973,1
Zayandeh Rud,reservoir,2015-01,2015,1,10,0,5,5,0,51.426044721435545,51.42226814569092,0.9999265629747518,14.893061764465331,18.364010438964844,1
Zayandeh Rud,reservoir,2015-02,2015,2,11,0,5,6,0,51.426044721435545,45.77107495068359,0.8900368519223327,12.941335975280762,15.946224068847656,1
Zayandeh Rud,reservoir,2015-03,2015,3,10,0,6,4,0,51.426044721435545,51.421514962341305,0.999911917023392,16.77927999609375,19.897275777160644,1
Zayandeh Rud,reservoir,2015-04,2015,4,10,0,6,4,0,51.426044721435545,51.191998194824215,0.9954488717170624,22.48746518640137,25.779106307006835,1
Zayandeh Rud,reservoir,2015-05,2015,5,11,0,5,6,0,51.426044721435545,51.42528965637207,0.999985317457962,26.12971282800293,29.07936088092041,1
Zayandeh Rud,reservoir,2015-06,2015,6,12,0,6,6,0,51.426044721435545,51.41773995263672,0.9998385104504184,26.036265281860352,29.503432446533203,1
Zayandeh Rud,reservoir,2015-07,2015,7,11,0,5,6,0,51.426044721435545,51.41849483184814,0.9998531893784892,25.571515987976078,29.139257096862792,1
Zayandeh Rud,reservoir,2015-08,2015,8,12,0,6,6,0,51.426044721435545,51.426044721435545,1.0,22.46803959277344,25.97609650592041,1
Zayandeh Rud,reservoir,2015-09,2015,9,9,0,3,6,0,51.426044721435545,51.426044721435545,1.0,20.18777659362793,23.91245968823242,1
Zayandeh Rud,reservoir,2015-10,2015,10,10,0,4,6,0,51.426044721435545,49.85253841992188,0.9694025408713224,18.94326921917725,23.18503910913086,1
Zayandeh Rud,reservoir,2015-11,2015,11,11,0,6,5,0,51.426044721435545,51.426044721435545,1.0,17.82284739581299,21.893844708435054,1
Zayandeh Rud,reservoir,2015-12,2015,12,12,0,6,6,0,51.426044721435545,51.414719237854,0.9997797714437716,15.56465944189453,20.709617356140136,1
Zayandeh Rud,reservoir,2016-01,2016,1,12,0,6,6,0,51.426044721435545,19.140197732421875,0.3721887972543959,12.007920831970214,14.46990895147705,1
Zayandeh Rud,reservoir,2016-02,2016,2,12,0,6,6,0,51.426044721435545,50.29048743817139,0.9779186346254074,16.087576797180176,20.55939641876221,1
Zayandeh Rud,reservoir,2016-03,2016,3,10,0,6,4,0,51.426044721435545,51.426044721435545,1.0,15.24431778076172,18.36233834259033,1
Zayandeh Rud,reservoir,2016-04,2016,4,11,0,5,6,0,51.426044721435545,51.426044721435545,1.0,17.924758908325195,20.75356420965576,1
Zayandeh Rud,reservoir,2016-05,2016,5,12,0,6,6,0,51.426044721435545,51.42453490252686,0.9999706409676874,18.84961613848877,22.03109046624756,1
Zayandeh Rud,reservoir,2016-06,2016,6,9,0,3,6,0,51.426044721435545,51.425289795166016,0.9999853201568656,18.12634480908203,21.803430561279296,1
Zayandeh Rud,reservoir,2016-07,2016,7,12,0,6,6,0,51.426044721435545,51.426044721435545,1.0,17.3980653381958,21.33283408764649,1
Zayandeh Rud,reservoir,2016-08,2016,8,12,0,6,6,0,51.426044721435545,51.426044721435545,1.0,15.540636592712405,19.22155740283203,1
Zayandeh Rud,reservoir,2016-09,2016,9,7,0,2,5,0,51.426044721435545,51.42528971008301,0.9999853185023926,13.274764805480958,17.202486429443358,1
Zayandeh Rud,reservoir,2016-10,2016,10,12,0,6,6,0,51.426044721435545,51.36413414202881,0.9987961240312746,11.85534282836914,15.7732760178833,1
Zayandeh Rud,reservoir,2016-11,2016,11,12,0,6,6,0,51.426044721435545,51.426044721435545,1.0,11.613809716125488,15.031847140563965,1
Zayandeh Rud,reservoir,2016-12,2016,12,12,0,6,6,0,51.426044721435545,40.326458622436526,0.7841641106345388,12.307018586608889,19.71913724822998,1
Zayandeh Rud,reservoir,2017-01,2017,1,12,0,6,6,0,51.426044721435545,51.4252885079956,0.9999852951273224,16.660516977600096,19.810385762145994,1
Zayandeh Rud,reservoir,2017-02,2017,2,8,0,4,4,0,51.426044721435545,51.28484129748535,0.9972542429674484,14.907130339416504,19.709001358581546,1
Zayandeh Rud,reservoir,2017-03,2017,3,8,0,3,5,0,51.426044721435545,51.421515166137695,0.9999119209862944,16.296569638793944,19.771072653564453,1
Zayandeh Rud,reservoir,2017-04,2017,4,12,0,6,6,0,51.426044721435545,51.42453483752441,0.9999706397036888,19.459043247924804,22.63289045013428,1
Zayandeh Rud,reservoir,2017-05,2017,5,12,0,6,6,0,51.426044721435545,51.426044721435545,1.0,21.7193965748291,24.71890194128418,1
Zayandeh Rud,reservoir,2017-06,2017,6,10,0,4,6,0,51.426044721435545,51.42377976574707,0.999955957031097,20.30704553613281,23.610249083129883,1
Zayandeh Rud,reservoir,2017-07,2017,7,11,0,6,5,0,51.426044721435545,51.42000530688477,0.9998825611694718,18.798869120239257,22.413313810180664,1
Zayandeh Rud,reservoir,2017-08,2017,8,12,0,6,6,0,51.426044721435545,51.426044721435545,1.0,16.41801569415283,20.1729338760376,1
Zayandeh Rud,reservoir,2017-09,2017,9,12,0,6,6,0,51.426044721435545,51.426044721435545,1.0,13.91954500732422,17.641208398010253,1
Zayandeh Rud,reservoir,2017-10,2017,10,12,0,6,6,0,51.426044721435545,51.426044721435545,1.0,12.608816210632323,16.261698667602538,1
Zayandeh Rud,reservoir,2017-11,2017,11,11,0,6,5,0,51.426044721435545,51.42226933563232,0.999926586113638,11.826632906066894,15.2687520836792,1
Zayandeh Rud,reservoir,2017-12,2017,12,10,0,6,4,0,51.426044721435545,51.1693336418457,0.995008150422993,11.14925740423584,15.392572504211426,1
Zayandeh Rud,reservoir,2018-01,2018,1,11,0,5,6,0,51.426044721435545,51.41698118255615,0.9998237558628416,11.094288245300293,14.615905936035157,1
Zayandeh Rud,reservoir,2018-02,2018,2,12,0,6,6,0,51.426044721435545,51.39886353393555,0.9994714509418868,10.821839893554689,15.33178006652832,1
Zayandeh Rud,reservoir,2018-03,2018,3,12,0,6,6,0,51.426044721435545,51.426044721435545,1.0,10.97296141998291,14.807179107543943,1
Zayandeh Rud,reservoir,2018-04,2018,4,9,0,3,6,0,51.426044721435545,48.89196451550293,0.950723797257611,12.12483866534424,15.139505834594727,1
Zayandeh Rud,reservoir,2018-05,2018,5,10,0,5,5,0,51.426044721435545,49.720515075378415,0.9668352941530768,14.04573622052002,18.83267016314697,1
Zayandeh Rud,reservoir,2018-06,2018,6,12,0,6,6,0,51.426044721435545,50.99344775238037,0.9915879789822752,17.148294970275877,20.8376159954834,1
Zayandeh Rud,reservoir,2018-07,2018,7,12,0,6,6,0,51.426044721435545,51.30450270526123,0.9976365669023802,16.476801327270508,20.211354549621586,1
Zayandeh Rud,reservoir,2018-08,2018,8,12,0,6,6,0,51.426044721435545,51.426044721435545,1.0,14.138382556335449,17.88339720019531,1
Zayandeh Rud,reservoir,2018-09,2018,9,12,0,6,6,0,51.426044721435545,51.426044721435545,1.0,12.067334936279297,15.581311182006836,1
Zayandeh Rud,reservoir,2018-10,2018,10,10,0,6,4,0,51.426044721435545,51.426044721435545,1.0,10.70154949798584,14.059943540283204,1
Zayandeh Rud,reservoir,2018-11,2018,11,7,0,2,5,0,51.426044721435545,51.39428262133789,0.9993823732649536,11.076784903808594,14.478872711975098,1
Zayandeh Rud,reservoir,2018-12,2018,12,12,0,6,6,0,51.426044721435545,51.41924936639404,0.9998678616044008,11.00456439050293,14.043595059082032,1
Zayandeh Rud,reservoir,2019-01,2019,1,9,0,3,6,0,51.426044721435545,50.924353791503904,0.9902444192889188,14.513293358398435,31.547810935668945,1
Zayandeh Rud,reservoir,2019-02,2019,2,10,0,4,6,0,51.426044721435545,51.41924333441162,0.999867744310091,13.282445203979492,16.833252606384278,1
Zayandeh Rud,reservoir,2019-03,2019,3,10,0,5,5,0,51.426044721435545,18.39855960772705,0.3577673474090476,1.840585191467285,3.2230013927001955,1
Zayandeh Rud,reservoir,2019-04,2019,4,11,0,6,5,0,51.426044721435545,51.41849492370606,0.999853191164703,22.68711398742676,25.703046839599608,1
Zayandeh Rud,reservoir,2019-05,2019,5,11,0,5,6,0,51.426044721435545,51.42528961383056,0.9999853166307252,29.783494504211426,32.92560940472412,1
Zayandeh Rud,reservoir,2019-06,2019,6,12,0,6,6,0,51.426044721435545,51.426044721435545,1.0,32.238701062561034,34.86520414886475,1
Zayandeh Rud,reservoir,2019-07,2019,7,12,0,6,6,0,51.426044721435545,51.426044721435545,1.0,32.82643714898682,35.948482979736326,1
Zayandeh Rud,reservoir,2019-08,2019,8,10,0,6,4,0,51.426044721435545,51.426044721435545,1.0,29.675206612304688,32.84042964202881,1
Zayandeh Rud,reservoir,2019-09,2019,9,10,0,4,6,0,51.426044721435545,51.426044721435545,1.0,24.88657067126465,28.59015708355713,1
Zayandeh Rud,reservoir,2019-10,2019,10,12,0,6,6,0,51.426044721435545,51.42528967651367,0.9999853178496234,21.303851783203125,24.60346931665039,1
Zayandeh Rud,reservoir,2019-11,2019,11,12,0,6,6,0,51.426044721435545,46.39460300335693,0.9021616041962218,16.48313173779297,20.062830058654782,1
Zayandeh Rud,reservoir,2019-12,2019,12,11,0,6,5,0,51.426044721435545,51.24840311285401,0.9965456878991222,17.01032147393799,20.736279497436524,1
Zayandeh Rud,reservoir,2020-01,2020,1,11,0,5,6,0,51.426044721435545,15.862067927368164,0.3084442525823203,13.551063829956057,14.463849353271485,1
Zayandeh Rud,reservoir,2020-02,2020,2,9,0,4,5,0,51.426044721435545,36.93863541571045,0.7182865339109695,10.248907994262696,14.508007336303711,1
Zayandeh Rud,reservoir,2020-03,2020,3,11,0,6,5,0,51.426044721435545,51.42453488238525,0.9999706405760258,19.99794524609375,23.3462801807251,1
Zayandeh Rud,reservoir,2020-04,2020,4,12,0,6,6,0,51.426044721435545,51.426044721435545,1.0,25.34750940350342,28.420932490112303,1
Zayandeh Rud,reservoir,2020-05,2020,5,12,0,6,6,0,51.426044721435545,51.42453474578858,0.9999706379198487,28.421888645812988,31.07485279138184,1
Zayandeh Rud,reservoir,2020-06,2020,6,10,0,6,4,0,51.426044721435545,51.426044721435545,1.0,28.016760706909174,31.08220164251709,1
Zayandeh Rud,reservoir,2020-07,2020,7,11,0,5,6,0,51.426044721435545,51.426044721435545,1.0,25.13509661175537,29.110531456848143,1
Zayandeh Rud,reservoir,2020-08,2020,8,12,0,6,6,0,51.426044721435545,51.426044721435545,1.0,19.18518169488525,23.41657761523437,1
Zayandeh Rud,reservoir,2020-09,2020,9,12,0,6,6,0,51.426044721435545,51.426044721435545,1.0,14.249665999816894,18.263528129272466,1
Zayandeh Rud,reservoir,2020-10,2020,10,12,0,6,6,0,51.426044721435545,51.426044721435545,1.0,13.07208383404541,16.823102082092284,1
Zayandeh Rud,reservoir,2020-11,2020,11,7,0,5,2,0,51.426044721435545,42.4469734977417,0.825398370177375,12.069526453979492,16.837727703674318,1
Zayandeh Rud,reservoir,2020-12,2020,12,10,0,4,6,0,51.426044721435545,49.44855015148926,0.9615468274751058,12.050808503173828,19.638013840515136,1
Zayandeh Rud,reservoir,2021-01,2021,1,11,0,6,5,0,51.426044721435545,47.53130246618653,0.9242651797091134,13.097919307739256,15.907416018493652,1
Zayandeh Rud,reservoir,2021-02,2021,2,11,0,5,6,0,51.426044721435545,49.55975935296631,0.963709334859826,12.802787411987303,16.23296430847168,1
Zayandeh Rud,reservoir,2021-03,2021,3,12,0,6,6,0,51.426044721435545,51.426044721435545,1.0,16.83435598876953,20.074687937927248,1
Zayandeh Rud,reservoir,2021-04,2021,4,10,0,6,4,0,51.426044721435545,51.42528977728272,0.9999853198091178,19.57191210577393,22.80927681689453,1
Zayandeh Rud,reservoir,2021-05,2021,5,11,0,5,6,0,51.426044721435545,51.42151510345459,0.9999119197673962,20.911829248657227,24.108525111694338,1
Zayandeh Rud,reservoir,2021-06,2021,6,12,0,6,6,0,51.426044721435545,51.426044721435545,1.0,21.064556911376958,24.68667167382813,1
Zayandeh Rud,reservoir,2021-07,2021,7,12,0,6,6,0,51.426044721435545,51.16106164294433,0.994847298097169,18.53277633752441,22.812518616577147,1
Zayandeh Rud,reservoir,2021-08,2021,8,12,0,6,6,0,51.426044721435545,51.42453469873047,0.9999706370047852,16.162689786499023,19.83001139251709,1
Zayandeh Rud,reservoir,2021-09,2021,9,12,0,6,6,0,51.426044721435545,51.426044721435545,1.0,14.393640999084472,18.208158097595216,1
Zayandeh Rud,reservoir,2021-10,2021,10,10,0,4,6,0,51.426044721435545,51.426044721435545,1.0,13.523252143859864,17.417795068176268,1
Zayandeh Rud,reservoir,2021-11,2021,11,15,0,6,5,4,51.426044721435545,51.4252896451416,0.999985317239581,13.185164855529786,19.137169329284667,1
Zayandeh Rud,reservoir,2021-12,2021,12,14,0,5,6,3,51.426044721435545,51.41622878820801,0.9998091252539312,12.56530512677002,15.993232285888672,1
Zayandeh Rud,reservoir,2022-01,2022,1,15,0,4,6,5,51.426044721435545,51.42226806060791,0.9999265613202788,12.895380226013184,17.241695628234865,1
Zayandeh Rud,reservoir,2022-02,2022,2,16,0,6,4,6,51.426044721435545,51.3180734888916,0.9979004562157404,11.807390279907226,17.119637316833497,1
Zayandeh Rud,reservoir,2022-03,2022,3,15,0,5,6,4,51.426044721435545,51.426044721435545,1.0,17.167396512145995,20.80261585083008,1
Zayandeh Rud,reservoir,2022-04,2022,4,13,0,1,6,6,51.426044721435545,51.40717068499756,0.9996329868155286,19.110742678588867,22.475679725097656,1
Zayandeh Rud,reservoir,2022-05,2022,5,17,0,5,6,6,51.426044721435545,51.426044721435545,1.0,19.85310702929688,23.51811012878418,1
Zayandeh Rud,reservoir,2022-06,2022,6,15,0,3,6,6,51.426044721435545,51.426044721435545,1.0,18.77544156213379,22.497930315673827,1
Zayandeh Rud,reservoir,2022-07,2022,7,16,0,4,6,6,51.426044721435545,51.426044721435545,1.0,17.24400903326416,21.38186885668945,1
Zayandeh Rud,reservoir,2022-08,2022,8,14,0,4,6,4,51.426044721435545,51.426044721435545,1.0,15.64817645916748,19.193106036499024,1
Zayandeh Rud,reservoir,2022-09,2022,9,15,0,4,5,6,51.426044721435545,51.426044721435545,1.0,12.914690905517578,16.406745287536623,1
Zayandeh Rud,reservoir,2022-10,2022,10,16,0,4,6,6,51.426044721435545,51.426044721435545,1.0,11.132725548339844,14.568863164001463,1
Zayandeh Rud,reservoir,2022-11,2022,11,13,0,3,4,6,51.426044721435545,51.426044721435545,1.0,12.111461869750975,15.110226867004394,1
Zayandeh Rud,reservoir,2022-12,2022,12,16,0,6,4,6,51.426044721435545,50.005188553283695,0.9723708837448352,11.24949795361328,22.45999857946777,1
Zayandeh Rud,reservoir,2023-01,2023,1,16,0,7,4,5,51.426044721435545,6.739214657287597,0.1310467233829192,5.895900634094239,6.376059167907715,1
Zayandeh Rud,reservoir,2023-02,2023,2,9,0,1,4,4,51.426044721435545,3.997823244873047,0.0777392713464246,3.801515525817871,3.877016034118652,1
Zayandeh Rud,reservoir,2023-03,2023,3,19,0,7,6,6,51.426044721435545,51.426044721435545,1.0,20.68149400140381,23.72090866949463,1
Zayandeh Rud,reservoir,2023-04,2023,4,17,0,5,6,6,51.426044721435545,51.42528982653808,0.999985320766908,23.635010391418454,26.50379816845703,1
Zayandeh Rud,reservoir,2023-05,2023,5,20,0,8,6,6,51.426044721435545,51.426044721435545,1.0,26.912622710083006,29.560255445983888,1
Zayandeh Rud,reservoir,2023-06,2023,6,15,0,6,5,4,51.426044721435545,51.426044721435545,1.0,27.620578518981933,30.549987225585937,1
Zayandeh Rud,reservoir,2023-07,2023,7,15,0,3,6,6,51.426044721435545,51.426044721435545,1.0,27.079691662719725,30.12017965716553,1
Zayandeh Rud,reservoir,2023-08,2023,8,17,0,5,6,6,51.426044721435545,51.426044721435545,1.0,24.384426549621583,27.803366989135743,1
Zayandeh Rud,reservoir,2023-09,2023,9,18,0,6,6,6,51.426044721435545,51.426044721435545,1.0,20.888445805419924,24.3911765612793,1
Zayandeh Rud,reservoir,2023-10,2023,10,16,0,4,6,6,51.426044721435545,51.426044721435545,1.0,20.02247836627197,23.57276147131348,1
Zayandeh Rud,reservoir,2023-11,2023,11,14,0,4,4,6,51.426044721435545,51.426044721435545,1.0,18.884781517822265,22.85246026696777,1
Zayandeh Rud,reservoir,2023-12,2023,12,11,0,0,6,5,51.426044721435545,51.426044721435545,1.0,16.653662977233886,19.73948644567871,1
Zayandeh Rud,reservoir,2024-01,2024,1,10,0,0,6,4,51.426044721435545,51.39962067004394,0.9994861737562216,16.214218762390136,19.53943550463867,1
Zayandeh Rud,reservoir,2024-02,2024,2,10,0,0,5,5,51.426044721435545,51.404118317443846,0.9995736323080948,17.442833512268066,20.61898646887207,1
Zayandeh Rud,reservoir,2024-03,2024,3,12,0,0,6,6,51.426044721435545,51.42528971008301,0.9999853185023926,18.129106561035154,21.196587514892578,1
Zayandeh Rud,reservoir,2024-04,2024,4,10,0,0,6,4,51.426044721435545,46.68997555944824,0.9079052416408528,16.13454646624756,19.1400545479126,1
Zayandeh Rud,reservoir,2024-05,2024,5,11,0,0,5,6,51.426044721435545,51.426044721435545,1.0,22.087923038208007,24.835180776672363,1
Zayandeh Rud,reservoir,2024-06,2024,6,12,0,0,6,6,51.426044721435545,51.426044721435545,1.0,22.612336852478027,25.563599957336425,1
Zayandeh Rud,reservoir,2024-07,2024,7,12,0,0,6,6,51.426044721435545,51.426044721435545,1.0,21.478494113098144,25.05215561022949,1
Zayandeh Rud,reservoir,2024-08,2024,8,12,0,0,6,6,51.426044721435545,51.426044721435545,1.0,18.74268485797119,22.456840237243654,1
Zayandeh Rud,reservoir,2024-09,2024,9,12,0,0,6,6,51.426044721435545,51.426044721435545,1.0,16.641506440307616,20.179631225891114,1
Zayandeh Rud,reservoir,2024-10,2024,10,10,0,0,4,6,51.426044721435545,51.42227013043213,0.9999266015688382,15.69627546887207,19.24947524621582,1
Zayandeh Rud,reservoir,2024-11,2024,11,10,0,0,6,4,51.426044721435545,51.426044721435545,1.0,15.708864809082032,18.82239487854004,1
Zayandeh Rud,reservoir,2024-12,2024,12,12,0,0,6,6,51.426044721435545,51.42377948815918,0.9999559516332892,13.10153694970703,16.2816885357666,1
Zayandeh Rud,reservoir,2025-01,2025,1,10,0,0,5,5,51.426044721435545,49.97714131597901,0.9718254940020188,11.360252509521484,15.488964311401368,1
Zayandeh Rud,reservoir,2025-02,2025,2,10,0,0,6,4,51.426044721435545,51.40490437713623,0.9995889175530838,11.45463199975586,14.696013455993652,1
Zayandeh Rud,reservoir,2025-03,2025,3,10,0,0,5,5,51.426044721435545,51.426044721435545,1.0,12.300992749450684,16.160475957458495,1
Zayandeh Rud,reservoir,2025-04,2025,4,12,0,0,6,6,51.426044721435545,51.42000511657715,0.999882557468864,17.608372722595213,20.83658345458984,1
Zayandeh Rud,reservoir,2025-05,2025,5,12,0,0,6,6,51.426044721435545,51.42075992858887,0.9998972350902096,19.56866852972412,22.79936408874512,1
Zayandeh Rud,reservoir,2025-06,2025,6,12,0,0,6,6,51.426044721435545,51.426044721435545,1.0,19.41813251763916,22.766672749084474,1
Zayandeh Rud,reservoir,2025-07,2025,7,12,0,0,6,6,51.426044721435545,51.42453466741944,0.9999706363959296,16.79771794250488,20.580712428588868,1
Zayandeh Rud,reservoir,2025-08,2025,8,10,0,0,4,6,51.426044721435545,51.426044721435545,1.0,15.404707278320313,19.092371252990723,1
Zayandeh Rud,reservoir,2025-09,2025,9,11,0,0,6,5,51.426044721435545,51.426044721435545,1.0,13.502016295166015,17.34973726800537,1
Zayandeh Rud,reservoir,2025-10,2025,10,11,0,0,6,5,51.426044721435545,51.426044721435545,1.0,11.90674706176758,15.623813614807128,1
Zayandeh Rud,reservoir,2025-11,2025,11,12,0,0,6,6,51.426044721435545,51.42000522167969,0.999882559512625,10.432143503601074,14.211093887207031,1
Zayandeh Rud,reservoir,2025-12,2025,12,12,0,0,6,6,51.426044721435545,51.20330861254883,0.9956688073116796,9.935442594055177,13.431229239807127,1
Zayandeh Rud,reservoir,2026-01,2026,1,12,0,0,6,6,51.426044721435545,7.309158308532715,0.1421295055477228,5.220200095397949,6.5156858515625,1
Zayandeh Rud,reservoir,2026-02,2026,2,8,0,0,5,3,51.426044721435545,50.698946253967286,0.9858612796024504,10.57748740032959,14.86524134161377,1
Zayandeh Rud,reservoir,2026-03,2026,3,12,0,0,6,6,51.426044721435545,43.97173347192383,0.8550479374820636,13.445649709228515,17.491832431518553,1
Zayandeh Rud,reservoir,2026-04,2026,4,11,0,0,6,5,51.426044721435545,51.426044721435545,1.0,19.08759919506836,22.460730174804688,1
Zayandeh Rud,reservoir,2026-05,2026,5,12,0,0,6,6,51.426044721435545,51.426044721435545,1.0,26.788025279907227,29.545132290649413,1
Zayandeh Rud,reservoir,2026-06,2026,6,9,0,0,4,5,51.426044721435545,51.42528975708008,0.9999853194162694,27.35260020166016,30.065997231018063,1
